ID,MSSUBCLASS,MSZONING,LOTFRONTAGE,LOTAREA,STREET,ALLEY,LOTSHAPE,LANDCONTOUR,UTILITIES,LOTCONFIG,LANDSLOPE,NEIGHBORHOOD,CONDITION1,CONDITION2,BLDGTYPE,HOUSESTYLE,OVERALLQUAL,OVERALLCOND,YEARBUILT,YEARREMODADD,ROOFSTYLE,ROOFMATL,EXTERIOR1ST,EXTERIOR2ND,MASVNRTYPE,MASVNRAREA,EXTERQUAL,EXTERCOND,FOUNDATION,BSMTQUAL,BSMTCOND,BSMTEXPOSURE,BSMTFINTYPE1,BSMTFINSF1,BSMTFINTYPE2,BSMTFINSF2,BSMTUNFSF,TOTALBSMTSF,HEATING,HEATINGQC,CENTRALAIR,ELECTRICAL,1STFLRSF,2NDFLRSF,LOWQUALFINSF,GRLIVAREA,BSMTFULLBATH,BSMTHALFBATH,FULLBATH,HALFBATH,BEDROOMABVGR,KITCHENABVGR,KITCHENQUAL,TOTRMSABVGRD,FUNCTIONAL,FIREPLACES,FIREPLACEQU,GARAGETYPE,GARAGEFINISH,GARAGECARS,GARAGEAREA,GARAGEQUAL,GARAGECOND,PAVEDDRIVE,WOODDECKSF,OPENPORCHSF,ENCLOSEDPORCH,3SSNPORCH,SCREENPORCH,FENCE,MISCFEATURE,MISCVAL,MOSOLD,YRSOLD,SALETYPE,SALECONDITION,SALEPRICE,HASGARAGE,HASPOOL
1,60,RL,65.0,8450.0,PAVE,NA,REG,LVL,ALLPUB,INSIDE,GTL,COLLGCR,NORM,NORM,1FAM,2STORY,7,5,2003,2003,GABLE,COMPSHG,VINYLSD,VINYLSD,BRKFACE,196.0,GD,TA,PCONC,GD,TA,GD,GLQ,706.0,TA,0.0,150.0,856.0,GASA,EX,Y,SBRKR,856.0,854.0,0.0,1710.0,1,0,2,1,3,1,GD,8,TYP,0,NA,ATTCHD,ATTCHD,2,548.0,ATTCHD,ATTCHD,Y,0.0,61.0,0.0,0.0,0.0,NA,NA,0,2,2008,WD,NORMAL,208500,True,False
2,20,RL,80.0,9600.0,PAVE,NA,REG,LVL,ALLPUB,FR2,GTL,VEENKER,FEEDR,NORM,1FAM,1STORY,6,8,1976,1976,GABLE,COMPSHG,METALSD,METALSD,None,0.0,TA,TA,CBLOCK,GD,TA,GD,ALQ,978.0,TA,0.0,284.0,1262.0,GASA,EX,Y,SBRKR,1262.0,0.0,0.0,1262.0,0,1,2,0,3,1,TA,6,TYP,1,TA,ATTCHD,ATTCHD,2,460.0,ATTCHD,ATTCHD,Y,298.0,0.0,0.0,0.0,0.0,NA,NA,0,5,2007,WD,NORMAL,181500,True,False
3,60,RL,68.0,11250.0,PAVE,NA,IR1,LVL,ALLPUB,INSIDE,GTL,COLLGCR,NORM,NORM,1FAM,2STORY,7,5,2001,2002,GABLE,COMPSHG,VINYLSD,VINYLSD,BRKFACE,162.0,GD,TA,PCONC,GD,TA,GD,GLQ,486.0,TA,0.0,434.0,920.0,GASA,EX,Y,SBRKR,920.0,866.0,0.0,1786.0,1,0,2,1,3,1,GD,6,TYP,1,TA,ATTCHD,ATTCHD,2,608.0,ATTCHD,ATTCHD,Y,0.0,42.0,0.0,0.0,0.0,NA,NA,0,9,2008,WD,NORMAL,223500,True,False
4,70,RL,60.0,9550.0,PAVE,NA,IR1,LVL,ALLPUB,CORNER,GTL,CRAWFOR,NORM,NORM,1FAM,2STORY,7,5,1915,1970,GABLE,COMPSHG,WD SDNG,WD SHNG,None,0.0,TA,TA,BRKTIL,TA,GD,TA,ALQ,216.0,GD,0.0,540.0,756.0,GASA,GD,Y,SBRKR,961.0,756.0,0.0,1717.0,1,0,1,0,3,1,GD,7,TYP,1,GD,DETCHD,DETCHD,3,642.0,DETCHD,DETCHD,Y,0.0,35.0,272.0,0.0,0.0,NA,NA,0,2,2006,WD,ABNORML,140000,True,False
5,60,RL,84.0,14260.0,PAVE,NA,IR1,LVL,ALLPUB,FR2,GTL,NORIDGE,NORM,NORM,1FAM,2STORY,8,5,2000,2000,GABLE,COMPSHG,VINYLSD,VINYLSD,BRKFACE,350.0,GD,TA,PCONC,GD,TA,GD,GLQ,655.0,TA,0.0,490.0,1145.0,GASA,EX,Y,SBRKR,1145.0,1053.0,0.0,2198.0,1,0,2,1,4,1,GD,9,TYP,1,TA,ATTCHD,ATTCHD,3,836.0,ATTCHD,ATTCHD,Y,192.0,84.0,0.0,0.0,0.0,NA,NA,0,12,2008,WD,NORMAL,250000,True,False
6,50,RL,85.0,14115.0,PAVE,SHED,IR1,LVL,ALLPUB,INSIDE,GTL,MITCHEL,NORM,NORM,1FAM,1.5FIN,5,5,1993,1995,GABLE,COMPSHG,VINYLSD,VINYLSD,None,0.0,TA,TA,WOOD,GD,TA,GD,GLQ,732.0,TA,0.0,64.0,796.0,GASA,EX,Y,SBRKR,796.0,566.0,0.0,1362.0,1,0,1,1,1,1,TA,5,TYP,0,NA,ATTCHD,ATTCHD,2,480.0,ATTCHD,ATTCHD,Y,40.0,30.0,0.0,320.0,0.0,SHED,SHED,700,10,2009,WD,NORMAL,143000,True,False
7,20,RL,75.0,10084.0,PAVE,NA,REG,LVL,ALLPUB,INSIDE,GTL,SOMERST,NORM,NORM,1FAM,1STORY,8,5,2004,2005,GABLE,COMPSHG,VINYLSD,VINYLSD,STONE,186.0,GD,TA,PCONC,EX,TA,EX,GLQ,1369.0,TA,0.0,317.0,1686.0,GASA,EX,Y,SBRKR,1694.0,0.0,0.0,1694.0,1,0,2,0,3,1,GD,7,TYP,1,GD,ATTCHD,ATTCHD,2,636.0,ATTCHD,ATTCHD,Y,255.0,57.0,0.0,0.0,0.0,NA,NA,0,8,2007,WD,NORMAL,307000,True,False
8,60,RL,0.0,10382.0,PAVE,SHED,IR1,LVL,ALLPUB,CORNER,GTL,NWAMES,POSN,NORM,1FAM,2STORY,7,6,1973,1973,GABLE,COMPSHG,HDBOARD,HDBOARD,STONE,240.0,TA,TA,CBLOCK,GD,TA,GD,ALQ,859.0,TA,32.0,216.0,1107.0,GASA,EX,Y,SBRKR,1107.0,983.0,0.0,2090.0,1,0,2,1,3,1,TA,7,TYP,2,TA,ATTCHD,ATTCHD,2,484.0,ATTCHD,ATTCHD,Y,235.0,204.0,228.0,0.0,0.0,SHED,SHED,350,11,2009,WD,NORMAL,200000,True,False
9,50,RM,51.0,6120.0,PAVE,NA,REG,LVL,ALLPUB,INSIDE,GTL,OLDTOWN,ARTERY,NORM,1FAM,1.5FIN,7,5,1931,1950,GABLE,COMPSHG,BRKFACE,WD SHNG,None,0.0,TA,TA,BRKTIL,TA,TA,TA,UNF,0.0,TA,0.0,952.0,952.0,GASA,GD,Y,FUSEF,1022.0,752.0,0.0,1774.0,0,0,2,0,2,2,TA,8,MIN1,2,TA,DETCHD,DETCHD,2,468.0,DETCHD,DETCHD,Y,90.0,0.0,205.0,0.0,0.0,NA,NA,0,4,2008,WD,ABNORML,129900,True,False
10,190,RL,50.0,7420.0,PAVE,NA,REG,LVL,ALLPUB,CORNER,GTL,BRKSIDE,ARTERY,ARTERY,2FMCON,1.5UNF,5,6,1939,1950,GABLE,COMPSHG,METALSD,METALSD,None,0.0,TA,TA,BRKTIL,TA,TA,TA,GLQ,851.0,TA,0.0,140.0,991.0,GASA,EX,Y,SBRKR,1077.0,0.0,0.0,1077.0,1,0,1,0,2,2,TA,5,TYP,2,TA,ATTCHD,ATTCHD,1,205.0,ATTCHD,ATTCHD,Y,0.0,4.0,0.0,0.0,0.0,NA,NA,0,1,2008,WD,NORMAL,118000,True,False
11,20,RL,70.0,11200.0,PAVE,NA,REG,LVL,ALLPUB,INSIDE,GTL,SAWYER,NORM,NORM,1FAM,1STORY,5,5,1965,1965,HIP,COMPSHG,HDBOARD,HDBOARD,None,0.0,TA,TA,CBLOCK,TA,TA,TA,REC,906.0,TA,0.0,134.0,1040.0,GASA,EX,Y,SBRKR,1040.0,0.0,0.0,1040.0,1,0,1,0,3,1,TA,5,TYP,0,NA,DETCHD,DETCHD,1,384.0,DETCHD,DETCHD,Y,0.0,0.0,0.0,0.0,0.0,NA,NA,0,2,2008,WD,NORMAL,129500,True,False
12,60,RL,85.0,11924.0,PAVE,NA,IR1,LVL,ALLPUB,INSIDE,GTL,NRIDGHT,NORM,NORM,1FAM,2STORY,9,5,2005,2006,HIP,COMPSHG,WDSHING,WD SHNG,STONE,286.0,EX,TA,PCONC,EX,TA,EX,GLQ,998.0,TA,0.0,177.0,1175.0,GASA,EX,Y,SBRKR,1182.0,1142.0,0.0,2324.0,1,0,3,0,4,1,EX,11,TYP,2,GD,BUILTIN,BUILTIN,3,736.0,BUILTIN,BUILTIN,Y,147.0,21.0,0.0,0.0,0.0,NA,NA,0,7,2006,NEW,PARTIAL,345000,True,False
13,20,RL,0.0,12968.0,PAVE,NA,IR2,LVL,ALLPUB,INSIDE,GTL,SAWYER,NORM,NORM,1FAM,1STORY,5,6,1962,1962,HIP,COMPSHG,HDBOARD,PLYWOOD,None,0.0,TA,TA,CBLOCK,TA,TA,TA,ALQ,737.0,TA,0.0,175.0,912.0,GASA,TA,Y,SBRKR,912.0,0.0,0.0,912.0,1,0,1,0,2,1,TA,4,TYP,0,NA,DETCHD,DETCHD,1,352.0,DETCHD,DETCHD,Y,140.0,0.0,0.0,0.0,176.0,NA,NA,0,9,2008,WD,NORMAL,144000,True,False
14,20,RL,91.0,10652.0,PAVE,NA,IR1,LVL,ALLPUB,INSIDE,GTL,COLLGCR,NORM,NORM,1FAM,1STORY,7,5,2006,2007,GABLE,COMPSHG,VINYLSD,VINYLSD,STONE,306.0,GD,TA,PCONC,GD,TA,GD,UNF,0.0,TA,0.0,1494.0,1494.0,GASA,EX,Y,SBRKR,1494.0,0.0,0.0,1494.0,0,0,2,0,3,1,GD,7,TYP,1,GD,ATTCHD,ATTCHD,3,840.0,ATTCHD,ATTCHD,Y,160.0,33.0,0.0,0.0,0.0,NA,NA,0,8,2007,NEW,PARTIAL,279500,True,False
15,20,RL,0.0,10920.0,PAVE,NA,IR1,LVL,ALLPUB,CORNER,GTL,NAMES,NORM,NORM,1FAM,1STORY,6,5,1960,1960,HIP,COMPSHG,METALSD,METALSD,BRKFACE,212.0,TA,TA,CBLOCK,TA,TA,TA,BLQ,733.0,TA,0.0,520.0,1253.0,GASA,TA,Y,SBRKR,1253.0,0.0,0.0,1253.0,1,0,1,1,2,1,TA,5,TYP,1,FA,ATTCHD,ATTCHD,1,352.0,ATTCHD,ATTCHD,Y,0.0,213.0,176.0,0.0,0.0,NA,NA,0,5,2008,WD,NORMAL,157000,True,False
16,45,RM,51.0,6120.0,PAVE,NA,REG,LVL,ALLPUB,CORNER,GTL,BRKSIDE,NORM,NORM,1FAM,1.5UNF,7,8,1929,2001,GABLE,COMPSHG,WD SDNG,WD SDNG,None,0.0,TA,TA,BRKTIL,TA,TA,TA,UNF,0.0,TA,0.0,832.0,832.0,GASA,EX,Y,FUSEA,854.0,0.0,0.0,854.0,0,0,1,0,2,1,TA,5,TYP,0,NA,DETCHD,DETCHD,2,576.0,DETCHD,DETCHD,Y,48.0,112.0,0.0,0.0,0.0,NA,NA,0,7,2007,WD,NORMAL,132000,True,False
17,20,RL,0.0,11241.0,PAVE,SHED,IR1,LVL,ALLPUB,CULDSAC,GTL,NAMES,NORM,NORM,1FAM,1STORY,6,7,1970,1970,GABLE,COMPSHG,WD SDNG,WD SDNG,BRKFACE,180.0,TA,TA,CBLOCK,TA,TA,TA,ALQ,578.0,TA,0.0,426.0,1004.0,GASA,EX,Y,SBRKR,1004.0,0.0,0.0,1004.0,1,0,1,0,2,1,TA,5,TYP,1,TA,ATTCHD,ATTCHD,2,480.0,ATTCHD,ATTCHD,Y,0.0,0.0,0.0,0.0,0.0,SHED,SHED,700,3,2010,WD,NORMAL,149000,True,False
18,90,RL,72.0,10791.0,PAVE,SHED,REG,LVL,ALLPUB,INSIDE,GTL,SAWYER,NORM,NORM,DUPLEX,1STORY,4,5,1967,1967,GABLE,COMPSHG,METALSD,METALSD,None,0.0,TA,TA,SLAB,NA,NA,NA,NA,0.0,NA,0.0,0.0,0.0,GASA,TA,Y,SBRKR,1296.0,0.0,0.0,1296.0,0,0,2,0,2,2,TA,6,TYP,0,NA,CARPORT,CARPORT,2,516.0,CARPORT,CARPORT,Y,0.0,0.0,0.0,0.0,0.0,SHED,SHED,500,10,2006,WD,NORMAL,90000,True,False
19,20,RL,66.0,13695.0,PAVE,NA,REG,LVL,ALLPUB,INSIDE,GTL,SAWYERW,RRAE,NORM,1FAM,1STORY,5,5,2004,2004,GABLE,COMPSHG,VINYLSD,VINYLSD,None,0.0,TA,TA,PCONC,TA,TA,TA,GLQ,646.0,TA,0.0,468.0,1114.0,GASA,EX,Y,SBRKR,1114.0,0.0,0.0,1114.0,1,0,1,1,3,1,GD,6,TYP,0,NA,DETCHD,DETCHD,2,576.0,DETCHD,DETCHD,Y,0.0,102.0,0.0,0.0,0.0,NA,NA,0,6,2008,WD,NORMAL,159000,True,False
20,20,RL,70.0,7560.0,PAVE,NA,REG,LVL,ALLPUB,INSIDE,GTL,NAMES,NORM,NORM,1FAM,1STORY,5,6,1958,1965,HIP,COMPSHG,BRKFACE,PLYWOOD,None,0.0,TA,TA,CBLOCK,TA,TA,TA,LWQ,504.0,TA,0.0,525.0,1029.0,GASA,TA,Y,SBRKR,1339.0,0.0,0.0,1339.0,0,0,1,0,3,1,TA,6,MIN1,0,NA,ATTCHD,ATTCHD,1,294.0,ATTCHD,ATTCHD,Y,0.0,0.0,0.0,0.0,0.0,NA,NA,0,5,2009,COD,ABNORML,139000,True,False
21,60,RL,101.0,14215.0,PAVE,NA,IR1,LVL,ALLPUB,CORNER,GTL,NRIDGHT,NORM,NORM,1FAM,2STORY,8,5,2005,2006,GABLE,COMPSHG,VINYLSD,VINYLSD,BRKFACE,380.0,GD,TA,PCONC,EX,TA,EX,UNF,0.0,TA,0.0,1158.0,1158.0,GASA,EX,Y,SBRKR,1158.0,1218.0,0.0,2376.0,0,0,3,1,4,1,GD,9,TYP,1,GD,BUILTIN,BUILTIN,3,853.0,BUILTIN,BUILTIN,Y,240.0,154.0,0.0,0.0,0.0,NA,NA,0,11,2006,NEW,PARTIAL,325300,True,False
22,45,RM,57.0,7449.0,PAVE,NA,REG,BNK,ALLPUB,INSIDE,GTL,IDOTRR,NORM,NORM,1FAM,1.5UNF,7,7,1930,1950,GABLE,COMPSHG,WD SDNG,WD SDNG,None,0.0,TA,TA,PCONC,TA,TA,TA,UNF,0.0,TA,0.0,637.0,637.0,GASA,EX,Y,FUSEF,1108.0,0.0,0.0,1108.0,0,0,1,0,3,1,GD,6,TYP,1,GD,ATTCHD,ATTCHD,1,280.0,ATTCHD,ATTCHD,N,0.0,0.0,205.0,0.0,0.0,NA,NA,0,6,2007,WD,NORMAL,139400,True,False
23,20,RL,75.0,9742.0,PAVE,NA,REG,LVL,ALLPUB,INSIDE,GTL,COLLGCR,NORM,NORM,1FAM,1STORY,8,5,2002,2002,HIP,COMPSHG,VINYLSD,VINYLSD,BRKFACE,281.0,GD,TA,PCONC,GD,TA,GD,UNF,0.0,TA,0.0,1777.0,1777.0,GASA,EX,Y,SBRKR,1795.0,0.0,0.0,1795.0,0,0,2,0,3,1,GD,7,TYP,1,GD,ATTCHD,ATTCHD,2,534.0,ATTCHD,ATTCHD,Y,171.0,159.0,0.0,0.0,0.0,NA,NA,0,9,2008,WD,NORMAL,230000,True,False
24,120,RM,44.0,4224.0,PAVE,NA,REG,LVL,ALLPUB,INSIDE,GTL,MEADOWV,NORM,NORM,TWNHSE,1STORY,5,7,1976,1976,GABLE,COMPSHG,CEMNTBD,CMENTBD,None,0.0,TA,TA,PCONC,GD,TA,GD,GLQ,840.0,TA,0.0,200.0,1040.0,GASA,TA,Y,SBRKR,1060.0,0.0,0.0,1060.0,1,0,1,0,3,1,TA,6,TYP,1,TA,ATTCHD,ATTCHD,2,572.0,ATTCHD,ATTCHD,Y,100.0,110.0,0.0,0.0,0.0,NA,NA,0,6,2007,WD,NORMAL,129900,True,False
25,20,RL,0.0,8246.0,PAVE,NA,IR1,LVL,ALLPUB,INSIDE,GTL,SAWYER,NORM,NORM,1FAM,1STORY,5,8,1968,2001,GABLE,COMPSHG,PLYWOOD,PLYWOOD,None,0.0,TA,GD,CBLOCK,TA,TA,TA,REC,188.0,TA,668.0,204.0,1060.0,GASA,EX,Y,SBRKR,1060.0,0.0,0.0,1060.0,1,0,1,0,3,1,GD,6,TYP,1,TA,ATTCHD,ATTCHD,1,270.0,ATTCHD,ATTCHD,Y,406.0,90.0,0.0,0.0,0.0,NA,NA,0,5,2010,WD,NORMAL,154000,True,False
26,20,RL,110.0,14230.0,PAVE,NA,REG,LVL,ALLPUB,CORNER,GTL,NRIDGHT,NORM,NORM,1FAM,1STORY,8,5,2007,2007,GABLE,COMPSHG,VINYLSD,VINYLSD,STONE,640.0,GD,TA,PCONC,GD,TA,GD,UNF,0.0,TA,0.0,1566.0,1566.0,GASA,EX,Y,SBRKR,1600.0,0.0,0.0,1600.0,0,0,2,0,3,1,GD,7,TYP,1,GD,ATTCHD,ATTCHD,3,890.0,ATTCHD,ATTCHD,Y,0.0,56.0,0.0,0.0,0.0,NA,NA,0,7,2009,WD,NORMAL,256300,True,False
27,20,RL,60.0,7200.0,PAVE,NA,REG,LVL,ALLPUB,CORNER,GTL,NAMES,NORM,NORM,1FAM,1STORY,5,7,1951,2000,GABLE,COMPSHG,WD SDNG,WD SDNG,None,0.0,TA,TA,CBLOCK,TA,TA,TA,BLQ,234.0,TA,486.0,180.0,900.0,GASA,TA,Y,SBRKR,900.0,0.0,0.0,900.0,0,1,1,0,3,1,GD,5,TYP,0,NA,DETCHD,DETCHD,2,576.0,DETCHD,DETCHD,Y,222.0,32.0,0.0,0.0,0.0,NA,NA,0,5,2010,WD,NORMAL,134800,True,False
28,20,RL,98.0,11478.0,PAVE,NA,REG,LVL,ALLPUB,INSIDE,GTL,NRIDGHT,NORM,NORM,1FAM,1STORY,8,5,2007,2008,GABLE,COMPSHG,VINYLSD,VINYLSD,STONE,200.0,GD,TA,PCONC,EX,TA,EX,GLQ,1218.0,TA,0.0,486.0,1704.0,GASA,EX,Y,SBRKR,1704.0,0.0,0.0,1704.0,1,0,2,0,3,1,GD,7,TYP,1,GD,ATTCHD,ATTCHD,3,772.0,ATTCHD,ATTCHD,Y,0.0,50.0,0.0,0.0,0.0,NA,NA,0,5,2010,WD,NORMAL,306000,True,False
29,20,RL,47.0,16321.0,PAVE,NA,IR1,LVL,ALLPUB,CULDSAC,GTL,NAMES,NORM,NORM,1FAM,1STORY,5,6,1957,1997,GABLE,COMPSHG,METALSD,METALSD,None,0.0,TA,TA,CBLOCK,TA,TA,TA,BLQ,1277.0,TA,0.0,207.0,1484.0,GASA,TA,Y,SBRKR,1600.0,0.0,0.0,1600.0,1,0,1,0,2,1,TA,6,TYP,2,GD,ATTCHD,ATTCHD,1,319.0,ATTCHD,ATTCHD,Y,288.0,258.0,0.0,0.0,0.0,NA,NA,0,12,2006,WD,NORMAL,207500,True,False
30,30,RM,60.0,6324.0,PAVE,NA,IR1,LVL,ALLPUB,INSIDE,GTL,BRKSIDE,FEEDR,RRNN,1FAM,1STORY,4,6,1927,1950,GABLE,COMPSHG,METALSD,METALSD,None,0.0,TA,TA,BRKTIL,TA,TA,TA,UNF,0.0,TA,0.0,520.0,520.0,GASA,FA,N,SBRKR,520.0,0.0,0.0,520.0,0,0,1,0,1,1,FA,4,TYP,0,NA,DETCHD,DETCHD,1,240.0,DETCHD,DETCHD,Y,49.0,0.0,87.0,0.0,0.0,NA,NA,0,5,2008,WD,NORMAL,68500,True,False
31,70,C (ALL),50.0,8500.0,PAVE,NA,REG,LVL,ALLPUB,INSIDE,GTL,IDOTRR,FEEDR,NORM,1FAM,2STORY,4,4,1920,1950,GAMBREL,COMPSHG,BRKFACE,BRKFACE,None,0.0,TA,FA,BRKTIL,TA,TA,TA,UNF,0.0,TA,0.0,649.0,649.0,GASA,TA,N,SBRKR,649.0,668.0,0.0,1317.0,0,0,1,0,3,1,TA,6,TYP,0,NA,DETCHD,DETCHD,1,250.0,DETCHD,DETCHD,N,0.0,54.0,172.0,0.0,0.0,NA,NA,0,7,2008,WD,NORMAL,40000,True,False
32,20,RL,0.0,8544.0,PAVE,NA,IR1,LVL,ALLPUB,CULDSAC,GTL,SAWYER,NORM,NORM,1FAM,1STORY,5,6,1966,2006,GABLE,COMPSHG,HDBOARD,HDBOARD,None,0.0,TA,TA,CBLOCK,TA,TA,TA,UNF,0.0,TA,0.0,1228.0,1228.0,GASA,GD,Y,SBRKR,1228.0,0.0,0.0,1228.0,0,0,1,1,3,1,GD,6,TYP,0,NA,ATTCHD,ATTCHD,1,271.0,ATTCHD,ATTCHD,Y,0.0,65.0,0.0,0.0,0.0,NA,NA,0,6,2008,WD,NORMAL,149350,True,False
33,20,RL,85.0,11049.0,PAVE,NA,REG,LVL,ALLPUB,CORNER,GTL,COLLGCR,NORM,NORM,1FAM,1STORY,8,5,2007,2007,GABLE,COMPSHG,VINYLSD,VINYLSD,None,0.0,GD,TA,PCONC,EX,TA,EX,UNF,0.0,TA,0.0,1234.0,1234.0,GASA,EX,Y,SBRKR,1234.0,0.0,0.0,1234.0,0,0,2,0,3,1,GD,7,TYP,0,NA,ATTCHD,ATTCHD,2,484.0,ATTCHD,ATTCHD,Y,0.0,30.0,0.0,0.0,0.0,NA,NA,0,1,2008,WD,NORMAL,179900,True,False
34,20,RL,70.0,10552.0,PAVE,NA,IR1,LVL,ALLPUB,INSIDE,GTL,NAMES,NORM,NORM,1FAM,1STORY,5,5,1959,1959,HIP,COMPSHG,BRKFACE,BRKFACE,None,0.0,TA,TA,CBLOCK,TA,TA,TA,REC,1018.0,TA,0.0,380.0,1398.0,GASA,GD,Y,SBRKR,1700.0,0.0,0.0,1700.0,0,1,1,1,4,1,GD,6,TYP,1,GD,ATTCHD,ATTCHD,2,447.0,ATTCHD,ATTCHD,Y,0.0,38.0,0.0,0.0,0.0,NA,NA,0,4,2010,WD,NORMAL,165500,True,False
35,120,RL,60.0,7313.0,PAVE,NA,REG,LVL,ALLPUB,INSIDE,GTL,NRIDGHT,NORM,NORM,TWNHSE,1STORY,9,5,2005,2005,HIP,COMPSHG,METALSD,METALSD,BRKFACE,246.0,EX,TA,PCONC,EX,TA,EX,GLQ,1153.0,TA,0.0,408.0,1561.0,GASA,EX,Y,SBRKR,1561.0,0.0,0.0,1561.0,1,0,2,0,2,1,EX,6,TYP,1,GD,ATTCHD,ATTCHD,2,556.0,ATTCHD,ATTCHD,Y,203.0,47.0,0.0,0.0,0.0,NA,NA,0,8,2007,WD,NORMAL,277500,True,False
36,60,RL,108.0,13418.0,PAVE,NA,REG,LVL,ALLPUB,INSIDE,GTL,NRIDGHT,NORM,NORM,1FAM,2STORY,8,5,2004,2005,GABLE,COMPSHG,VINYLSD,VINYLSD,STONE,132.0,GD,TA,PCONC,EX,TA,EX,UNF,0.0,TA,0.0,1117.0,1117.0,GASA,EX,Y,SBRKR,1132.0,1320.0,0.0,2452.0,0,0,3,1,4,1,GD,9,TYP,1,GD,BUILTIN,BUILTIN,3,691.0,BUILTIN,BUILTIN,Y,113.0,32.0,0.0,0.0,0.0,NA,NA,0,9,2006,WD,NORMAL,309000,True,False
37,20,RL,112.0,10859.0,PAVE,NA,REG,LVL,ALLPUB,CORNER,GTL,COLLGCR,NORM,NORM,1FAM,1STORY,5,5,1994,1995,GABLE,COMPSHG,VINYLSD,VINYLSD,None,0.0,TA,TA,PCONC,GD,TA,GD,UNF,0.0,TA,0.0,1097.0,1097.0,GASA,EX,Y,SBRKR,1097.0,0.0,0.0,1097.0,0,0,1,1,3,1,TA,6,TYP,0,NA,ATTCHD,ATTCHD,2,672.0,ATTCHD,ATTCHD,Y,392.0,64.0,0.0,0.0,0.0,NA,NA,0,6,2009,WD,NORMAL,145000,True,False
38,20,RL,74.0,8532.0,PAVE,NA,REG,LVL,ALLPUB,INSIDE,GTL,NAMES,NORM,NORM,1FAM,1STORY,5,6,1954,1990,HIP,COMPSHG,WD SDNG,WD SDNG,BRKFACE,650.0,TA,TA,CBLOCK,TA,TA,TA,REC,1213.0,TA,0.0,84.0,1297.0,GASA,GD,Y,SBRKR,1297.0,0.0,0.0,1297.0,0,1,1,0,3,1,TA,5,TYP,1,TA,ATTCHD,ATTCHD,2,498.0,ATTCHD,ATTCHD,Y,0.0,0.0,0.0,0.0,0.0,NA,NA,0,10,2009,WD,NORMAL,153000,True,False
39,20,RL,68.0,7922.0,PAVE,NA,REG,LVL,ALLPUB,INSIDE,GTL,NAMES,NORM,NORM,1FAM,1STORY,5,7,1953,2007,GABLE,COMPSHG,VINYLSD,VINYLSD,None,0.0,TA,GD,CBLOCK,TA,TA,TA,GLQ,731.0,TA,0.0,326.0,1057.0,GASA,TA,Y,SBRKR,1057.0,0.0,0.0,1057.0,1,0,1,0,3,1,GD,5,TYP,0,NA,DETCHD,DETCHD,1,246.0,DETCHD,DETCHD,Y,0.0,52.0,0.0,0.0,0.0,NA,NA,0,1,2010,WD,ABNORML,109000,True,False
40,90,RL,65.0,6040.0,PAVE,NA,REG,LVL,ALLPUB,INSIDE,GTL,EDWARDS,NORM,NORM,DUPLEX,1STORY,4,5,1955,1955,GABLE,COMPSHG,ASBSHNG,PLYWOOD,None,0.0,TA,TA,PCONC,NA,NA,NA,NA,0.0,NA,0.0,0.0,0.0,GASA,TA,N,FUSEP,1152.0,0.0,0.0,1152.0,0,0,2,0,2,2,FA,6,TYP,0,NA,NA,NA,0,0.0,NA,NA,N,0.0,0.0,0.0,0.0,0.0,NA,NA,0,6,2008,WD,ADJLAND,82000,False,False
41,20,RL,84.0,8658.0,PAVE,NA,REG,LVL,ALLPUB,INSIDE,GTL,NAMES,NORM,NORM,1FAM,1STORY,6,5,1965,1965,GABLE,COMPSHG,WD SDNG,WD SDNG,BRKFACE,101.0,TA,TA,CBLOCK,TA,TA,TA,REC,643.0,TA,0.0,445.0,1088.0,GASA,EX,Y,SBRKR,1324.0,0.0,0.0,1324.0,0,0,2,0,3,1,TA,6,TYP,1,TA,ATTCHD,ATTCHD,2,440.0,ATTCHD,ATTCHD,Y,0.0,138.0,0.0,0.0,0.0,NA,NA,0,12,2006,WD,ABNORML,160000,True,False
42,20,RL,115.0,16905.0,PAVE,NA,REG,LVL,ALLPUB,INSIDE,GTL,TIMBER,NORM,NORM,1FAM,1STORY,5,6,1959,1959,GABLE,COMPSHG,VINYLSD,VINYLSD,None,0.0,TA,GD,CBLOCK,TA,TA,TA,BLQ,967.0,TA,0.0,383.0,1350.0,GASA,GD,Y,SBRKR,1328.0,0.0,0.0,1328.0,0,1,1,1,2,1,TA,5,TYP,2,GD,ATTCHD,ATTCHD,1,308.0,ATTCHD,ATTCHD,P,0.0,104.0,0.0,0.0,0.0,NA,NA,0,7,2007,WD,NORMAL,170000,True,False
43,85,RL,0.0,9180.0,PAVE,NA,IR1,LVL,ALLPUB,CULDSAC,GTL,SAWYERW,NORM,NORM,1FAM,SFOYER,5,7,1983,1983,GABLE,COMPSHG,HDBOARD,HDBOARD,None,0.0,TA,TA,CBLOCK,GD,TA,GD,ALQ,747.0,TA,93.0,0.0,840.0,GASA,GD,Y,SBRKR,884.0,0.0,0.0,884.0,1,0,1,0,2,1,GD,5,TYP,0,NA,ATTCHD,ATTCHD,2,504.0,ATTCHD,ATTCHD,Y,240.0,0.0,0.0,0.0,0.0,NA,NA,0,12,2007,WD,NORMAL,144000,True,False
44,20,RL,0.0,9200.0,PAVE,NA,IR1,LVL,ALLPUB,CULDSAC,GTL,COLLGCR,NORM,NORM,1FAM,1STORY,5,6,1975,1980,HIP,COMPSHG,VINYLSD,VINYLSD,None,0.0,TA,TA,CBLOCK,GD,TA,GD,LWQ,280.0,TA,491.0,167.0,938.0,GASA,TA,Y,SBRKR,938.0,0.0,0.0,938.0,1,0,1,0,3,1,TA,5,TYP,0,NA,DETCHD,DETCHD,1,308.0,DETCHD,DETCHD,Y,145.0,0.0,0.0,0.0,0.0,NA,NA,0,7,2008,WD,NORMAL,130250,True,False
45,20,RL,70.0,7945.0,PAVE,NA,REG,LVL,ALLPUB,INSIDE,GTL,NAMES,NORM,NORM,1FAM,1STORY,5,6,1959,1959,GABLE,COMPSHG,BRKFACE,WD SDNG,None,0.0,TA,TA,CBLOCK,TA,TA,TA,ALQ,179.0,TA,506.0,465.0,1150.0,GASA,EX,Y,FUSEA,1150.0,0.0,0.0,1150.0,1,0,1,0,3,1,TA,6,TYP,0,NA,ATTCHD,ATTCHD,1,300.0,ATTCHD,ATTCHD,Y,0.0,0.0,0.0,0.0,0.0,NA,NA,0,5,2006,WD,NORMAL,141000,True,False
46,120,RL,61.0,7658.0,PAVE,NA,REG,LVL,ALLPUB,INSIDE,GTL,NRIDGHT,NORM,NORM,TWNHSE,1STORY,9,5,2005,2005,HIP,COMPSHG,METALSD,METALSD,BRKFACE,412.0,EX,TA,PCONC,EX,TA,EX,GLQ,456.0,TA,0.0,1296.0,1752.0,GASA,EX,Y,SBRKR,1752.0,0.0,0.0,1752.0,1,0,2,0,2,1,EX,6,TYP,1,GD,ATTCHD,ATTCHD,2,576.0,ATTCHD,ATTCHD,Y,196.0,82.0,0.0,0.0,0.0,NA,NA,0,2,2010,WD,NORMAL,319900,True,False
47,50,RL,48.0,12822.0,PAVE,NA,IR1,LVL,ALLPUB,CULDSAC,GTL,MITCHEL,NORM,NORM,1FAM,1.5FIN,7,5,2003,2003,GABLE,COMPSHG,VINYLSD,VINYLSD,None,0.0,GD,TA,PCONC,EX,TA,EX,GLQ,1351.0,TA,0.0,83.0,1434.0,GASA,EX,Y,SBRKR,1518.0,631.0,0.0,2149.0,1,0,1,1,1,1,GD,6,TYP,1,EX,ATTCHD,ATTCHD,2,670.0,ATTCHD,ATTCHD,Y,168.0,43.0,0.0,0.0,198.0,NA,NA,0,8,2009,WD,ABNORML,239686,True,False
48,20,FV,84.0,11096.0,PAVE,NA,REG,LVL,ALLPUB,INSIDE,GTL,SOMERST,NORM,NORM,1FAM,1STORY,8,5,2006,2006,GABLE,COMPSHG,VINYLSD,VINYLSD,None,0.0,GD,TA,PCONC,GD,TA,GD,GLQ,24.0,TA,0.0,1632.0,1656.0,GASA,EX,Y,SBRKR,1656.0,0.0,0.0,1656.0,0,0,2,0,3,1,GD,7,TYP,0,NA,ATTCHD,ATTCHD,3,826.0,ATTCHD,ATTCHD,Y,0.0,146.0,0.0,0.0,0.0,NA,NA,0,7,2007,WD,NORMAL,249700,True,False
49,190,RM,33.0,4456.0,PAVE,NA,REG,LVL,ALLPUB,INSIDE,GTL,OLDTOWN,NORM,NORM,2FMCON,2STORY,4,5,1920,2008,GABLE,COMPSHG,METALSD,METALSD,None,0.0,TA,TA,BRKTIL,TA,TA,TA,UNF,0.0,TA,0.0,736.0,736.0,GASA,GD,Y,SBRKR,736.0,716.0,0.0,1452.0,0,0,2,0,2,3,TA,8,TYP,0,NA,NA,NA,0,0.0,NA,NA,N,0.0,0.0,102.0,0.0,0.0,NA,NA,0,6,2009,NEW,PARTIAL,113000,False,False
50,20,RL,66.0,7742.0,PAVE,NA,REG,LVL,ALLPUB,INSIDE,GTL,SAWYER,NORM,NORM,1FAM,1STORY,5,7,1966,1966,GABLE,COMPSHG,HDBOARD,HDBOARD,None,0.0,TA,TA,CBLOCK,TA,TA,TA,BLQ,763.0,TA,0.0,192.0,955.0,GASA,EX,Y,SBRKR,955.0,0.0,0.0,955.0,1,0,1,0,3,1,TA,6,TYP,0,NA,ATTCHD,ATTCHD,1,386.0,ATTCHD,ATTCHD,Y,0.0,0.0,0.0,0.0,0.0,NA,NA,0,1,2007,WD,NORMAL,127000,True,False
51,60,RL,0.0,13869.0,PAVE,NA,IR2,LVL,ALLPUB,CORNER,GTL,GILBERT,NORM,NORM,1FAM,2STORY,6,6,1997,1997,GABLE,COMPSHG,VINYLSD,VINYLSD,None,0.0,TA,TA,PCONC,GD,TA,GD,GLQ,182.0,TA,0.0,612.0,794.0,GASA,GD,Y,SBRKR,794.0,676.0,0.0,1470.0,0,1,2,0,3,1,TA,6,TYP,0,NA,ATTCHD,ATTCHD,2,388.0,ATTCHD,ATTCHD,Y,0.0,75.0,0.0,0.0,0.0,NA,NA,0,7,2007,WD,NORMAL,177000,True,False
52,50,RM,52.0,6240.0,PAVE,SHED,REG,LVL,ALLPUB,INSIDE,GTL,BRKSIDE,NORM,NORM,1FAM,1.5FIN,6,6,1934,1950,GABLE,COMPSHG,WD SDNG,WD SDNG,None,0.0,TA,TA,PCONC,TA,TA,TA,UNF,0.0,TA,0.0,816.0,816.0,GASA,TA,Y,SBRKR,816.0,0.0,360.0,1176.0,0,0,1,0,3,1,TA,6,TYP,1,GD,DETCHD,DETCHD,2,528.0,DETCHD,DETCHD,Y,112.0,0.0,0.0,0.0,0.0,SHED,SHED,400,9,2006,WD,NORMAL,114500,True,False
53,90,RM,110.0,8472.0,GRVL,NA,IR2,BNK,ALLPUB,CORNER,MOD,IDOTRR,RRNN,NORM,DUPLEX,1STORY,5,5,1963,1963,GABLE,COMPSHG,WD SDNG,WD SDNG,None,0.0,FA,TA,CBLOCK,GD,TA,GD,LWQ,104.0,TA,712.0,0.0,816.0,GASA,TA,N,SBRKR,816.0,0.0,0.0,816.0,1,0,1,0,2,1,TA,5,TYP,0,NA,CARPORT,CARPORT,2,516.0,CARPORT,CARPORT,Y,106.0,0.0,0.0,0.0,0.0,NA,NA,0,5,2010,WD,NORMAL,110000,True,False
54,20,RL,68.0,50271.0,PAVE,NA,IR1,LOW,ALLPUB,INSIDE,GTL,VEENKER,NORM,NORM,1FAM,1STORY,9,5,1981,1987,GABLE,WDSHNGL,WDSHING,WD SHNG,None,0.0,GD,TA,CBLOCK,EX,TA,EX,GLQ,1810.0,TA,0.0,32.0,1842.0,GASA,GD,Y,SBRKR,1842.0,0.0,0.0,1842.0,2,0,0,1,0,1,GD,5,TYP,1,GD,ATTCHD,ATTCHD,3,894.0,ATTCHD,ATTCHD,Y,857.0,72.0,0.0,0.0,0.0,NA,NA,0,11,2006,WD,NORMAL,385000,True,False
55,80,RL,60.0,7134.0,PAVE,NA,REG,BNK,ALLPUB,INSIDE,MOD,NAMES,NORM,NORM,1FAM,SLVL,5,5,1955,1955,GABLE,COMPSHG,METALSD,METALSD,None,0.0,TA,TA,CBLOCK,TA,TA,TA,ALQ,384.0,TA,0.0,0.0,384.0,GASA,TA,Y,SBRKR,1360.0,0.0,0.0,1360.0,0,0,1,0,3,1,TA,6,MIN1,1,TA,DETCHD,DETCHD,2,572.0,DETCHD,DETCHD,Y,0.0,50.0,0.0,0.0,0.0,NA,NA,0,2,2007,WD,NORMAL,130000,True,False
56,20,RL,100.0,10175.0,PAVE,NA,IR1,LVL,ALLPUB,INSIDE,GTL,NAMES,NORM,NORM,1FAM,1STORY,6,5,1964,1964,GABLE,COMPSHG,HDBOARD,PLYWOOD,BRKFACE,272.0,TA,TA,CBLOCK,TA,TA,TA,BLQ,490.0,TA,0.0,935.0,1425.0,GASA,GD,Y,SBRKR,1425.0,0.0,0.0,1425.0,0,0,2,0,3,1,TA,7,TYP,1,GD,ATTCHD,ATTCHD,2,576.0,ATTCHD,ATTCHD,Y,0.0,0.0,0.0,407.0,0.0,NA,NA,0,7,2008,WD,NORMAL,180500,True,False
57,160,FV,24.0,2645.0,PAVE,NA,REG,LVL,ALLPUB,INSIDE,GTL,SOMERST,NORM,NORM,TWNHS,2STORY,8,5,1999,2000,GABLE,COMPSHG,METALSD,METALSD,BRKFACE,456.0,GD,TA,PCONC,GD,TA,GD,GLQ,649.0,TA,0.0,321.0,970.0,GASA,EX,Y,SBRKR,983.0,756.0,0.0,1739.0,1,0,2,1,3,1,GD,7,TYP,0,NA,ATTCHD,ATTCHD,2,480.0,ATTCHD,ATTCHD,Y,115.0,0.0,0.0,0.0,0.0,NA,NA,0,8,2009,WD,ABNORML,172500,True,False
58,60,RL,89.0,11645.0,PAVE,NA,IR1,LVL,ALLPUB,CORNER,GTL,COLLGCR,NORM,NORM,1FAM,2STORY,7,5,2004,2004,GABLE,COMPSHG,VINYLSD,VINYLSD,None,0.0,GD,TA,PCONC,GD,TA,GD,UNF,0.0,TA,0.0,860.0,860.0,GASA,EX,Y,SBRKR,860.0,860.0,0.0,1720.0,0,0,2,1,3,1,GD,7,TYP,0,NA,ATTCHD,ATTCHD,2,565.0,ATTCHD,ATTCHD,Y,0.0,70.0,0.0,0.0,0.0,NA,NA,0,8,2006,WD,NORMAL,196500,True,False
59,60,RL,66.0,13682.0,PAVE,NA,IR2,HLS,ALLPUB,CULDSAC,GTL,STONEBR,NORM,NORM,1FAM,2STORY,10,5,2006,2006,HIP,COMPSHG,VINYLSD,VINYLSD,BRKFACE,1031.0,EX,TA,PCONC,EX,TA,EX,UNF,0.0,TA,0.0,1410.0,1410.0,GASA,EX,Y,SBRKR,1426.0,1519.0,0.0,2945.0,0,0,3,1,3,1,GD,10,TYP,1,GD,BUILTIN,BUILTIN,3,641.0,BUILTIN,BUILTIN,Y,192.0,0.0,37.0,0.0,0.0,NA,NA,0,10,2006,NEW,PARTIAL,438780,True,False
60,20,RL,60.0,7200.0,PAVE,NA,REG,BNK,ALLPUB,INSIDE,GTL,COLLGCR,NORM,NORM,1FAM,1STORY,5,7,1972,1972,GABLE,COMPSHG,HDBOARD,HDBOARD,None,0.0,TA,TA,CBLOCK,TA,TA,TA,ALQ,632.0,TA,0.0,148.0,780.0,GASA,EX,Y,SBRKR,780.0,0.0,0.0,780.0,0,0,1,0,2,1,TA,4,TYP,0,NA,DETCHD,DETCHD,1,352.0,DETCHD,DETCHD,Y,196.0,0.0,0.0,0.0,0.0,NA,NA,0,1,2008,WD,NORMAL,124900,True,False
61,20,RL,63.0,13072.0,PAVE,NA,REG,LVL,ALLPUB,INSIDE,GTL,SAWYERW,RRAE,NORM,1FAM,1STORY,6,5,2004,2004,GABLE,COMPSHG,VINYLSD,VINYLSD,None,0.0,TA,TA,PCONC,GD,TA,GD,ALQ,941.0,TA,0.0,217.0,1158.0,GASA,EX,Y,SBRKR,1158.0,0.0,0.0,1158.0,1,0,1,1,3,1,GD,5,TYP,0,NA,DETCHD,DETCHD,2,576.0,DETCHD,DETCHD,Y,0.0,50.0,0.0,0.0,0.0,NA,NA,0,5,2006,NEW,PARTIAL,158000,True,False
62,75,RM,60.0,7200.0,PAVE,NA,REG,LVL,ALLPUB,INSIDE,GTL,IDOTRR,NORM,NORM,1FAM,2.5UNF,5,7,1920,1996,GABLE,COMPSHG,METALSD,METALSD,None,0.0,TA,TA,BRKTIL,TA,FA,TA,UNF,0.0,FA,0.0,530.0,530.0,GASA,TA,N,SBRKR,581.0,530.0,0.0,1111.0,0,0,1,0,3,1,FA,6,TYP,0,NA,DETCHD,DETCHD,1,288.0,DETCHD,DETCHD,N,0.0,0.0,144.0,0.0,0.0,NA,NA,0,3,2007,WD,NORMAL,101000,True,False
63,120,RL,44.0,6442.0,PAVE,NA,IR1,LVL,ALLPUB,INSIDE,GTL,NRIDGHT,NORM,NORM,TWNHSE,1STORY,8,5,2006,2006,GABLE,COMPSHG,VINYLSD,VINYLSD,STONE,178.0,GD,TA,PCONC,GD,GD,GD,GLQ,24.0,GD,0.0,1346.0,1370.0,GASA,EX,Y,SBRKR,1370.0,0.0,0.0,1370.0,0,0,2,0,2,1,GD,6,TYP,1,GD,ATTCHD,ATTCHD,2,484.0,ATTCHD,ATTCHD,Y,120.0,49.0,0.0,0.0,0.0,NA,NA,0,10,2007,WD,NORMAL,202500,True,False
64,70,RM,50.0,10300.0,PAVE,NA,IR1,BNK,ALLPUB,INSIDE,GTL,OLDTOWN,RRAN,FEEDR,1FAM,2STORY,7,6,1921,1950,GABLE,COMPSHG,STUCCO,STUCCO,None,0.0,TA,TA,BRKTIL,TA,TA,TA,UNF,0.0,TA,0.0,576.0,576.0,GASA,GD,Y,SBRKR,902.0,808.0,0.0,1710.0,0,0,2,0,3,1,TA,9,TYP,0,NA,DETCHD,DETCHD,2,480.0,DETCHD,DETCHD,Y,12.0,11.0,64.0,0.0,0.0,NA,NA,0,4,2010,WD,NORMAL,140000,True,False
65,60,RL,0.0,9375.0,PAVE,NA,REG,LVL,ALLPUB,INSIDE,GTL,COLLGCR,NORM,NORM,1FAM,2STORY,7,5,1997,1998,GABLE,COMPSHG,VINYLSD,VINYLSD,BRKFACE,573.0,TA,TA,PCONC,GD,TA,GD,GLQ,739.0,TA,0.0,318.0,1057.0,GASA,EX,Y,SBRKR,1057.0,977.0,0.0,2034.0,1,0,2,1,3,1,GD,8,TYP,0,NA,ATTCHD,ATTCHD,2,645.0,ATTCHD,ATTCHD,Y,576.0,36.0,0.0,0.0,0.0,NA,NA,0,2,2009,WD,NORMAL,219500,True,False
66,60,RL,76.0,9591.0,PAVE,NA,REG,LVL,ALLPUB,INSIDE,GTL,NRIDGHT,NORM,NORM,1FAM,2STORY,8,5,2004,2005,GABLE,COMPSHG,VINYLSD,VINYLSD,BRKFACE,344.0,GD,TA,PCONC,EX,TA,EX,UNF,0.0,TA,0.0,1143.0,1143.0,GASA,EX,Y,SBRKR,1143.0,1330.0,0.0,2473.0,0,0,2,1,4,1,GD,9,TYP,1,GD,BUILTIN,BUILTIN,3,852.0,BUILTIN,BUILTIN,Y,192.0,151.0,0.0,0.0,0.0,NA,NA,0,10,2007,WD,NORMAL,317000,True,False
67,20,RL,0.0,19900.0,PAVE,NA,REG,LVL,ALLPUB,INSIDE,GTL,NAMES,POSA,NORM,1FAM,1STORY,7,5,1970,1989,GABLE,COMPSHG,PLYWOOD,PLYWOOD,BRKFACE,287.0,TA,TA,CBLOCK,GD,TA,GD,GLQ,912.0,TA,0.0,1035.0,1947.0,GASA,TA,Y,SBRKR,2207.0,0.0,0.0,2207.0,1,0,2,0,3,1,TA,7,MIN1,1,GD,ATTCHD,ATTCHD,2,576.0,ATTCHD,ATTCHD,Y,301.0,0.0,0.0,0.0,0.0,NA,NA,0,7,2010,WD,NORMAL,180000,True,False
68,20,RL,72.0,10665.0,PAVE,NA,IR1,LVL,ALLPUB,INSIDE,GTL,COLLGCR,NORM,NORM,1FAM,1STORY,7,5,2003,2003,GABLE,COMPSHG,VINYLSD,VINYLSD,BRKFACE,167.0,GD,TA,PCONC,GD,TA,GD,GLQ,1013.0,TA,0.0,440.0,1453.0,GASA,EX,Y,SBRKR,1479.0,0.0,0.0,1479.0,1,0,2,0,3,1,GD,7,TYP,0,NA,ATTCHD,ATTCHD,2,558.0,ATTCHD,ATTCHD,Y,144.0,29.0,0.0,0.0,0.0,NA,NA,0,6,2007,WD,NORMAL,226000,True,False
69,30,RM,47.0,4608.0,PAVE,NA,REG,LVL,ALLPUB,CORNER,GTL,OLDTOWN,ARTERY,NORM,1FAM,1STORY,4,6,1945,1950,GABLE,COMPSHG,METALSD,METALSD,None,0.0,TA,GD,CBLOCK,TA,TA,TA,UNF,0.0,TA,0.0,747.0,747.0,GASA,TA,Y,SBRKR,747.0,0.0,0.0,747.0,0,0,1,0,2,1,TA,4,TYP,0,NA,ATTCHD,ATTCHD,1,220.0,ATTCHD,ATTCHD,Y,0.0,0.0,0.0,0.0,0.0,NA,NA,0,6,2010,WD,NORMAL,80000,True,False
70,50,RL,81.0,15593.0,PAVE,NA,REG,LVL,ALLPUB,CORNER,GTL,CLEARCR,NORM,NORM,1FAM,1.5FIN,7,4,1953,1953,GABLE,COMPSHG,BRKFACE,ASBSHNG,None,0.0,GD,TA,CBLOCK,TA,TA,TA,BLQ,603.0,TA,0.0,701.0,1304.0,GASW,TA,Y,SBRKR,1304.0,983.0,0.0,2287.0,0,0,2,0,3,1,TA,7,TYP,1,TA,ATTCHD,ATTCHD,2,667.0,ATTCHD,ATTCHD,Y,0.0,21.0,114.0,0.0,0.0,NA,NA,0,7,2006,WD,NORMAL,225000,True,False
71,20,RL,95.0,13651.0,PAVE,NA,IR1,LVL,ALLPUB,INSIDE,GTL,NAMES,NORM,NORM,1FAM,1STORY,7,6,1973,1973,GABLE,COMPSHG,PLYWOOD,PLYWOOD,BRKFACE,1115.0,TA,GD,CBLOCK,GD,TA,GD,ALQ,1880.0,TA,0.0,343.0,2223.0,GASA,EX,Y,SBRKR,2223.0,0.0,0.0,2223.0,1,0,2,0,3,1,TA,8,TYP,2,GD,ATTCHD,ATTCHD,2,516.0,ATTCHD,ATTCHD,Y,300.0,0.0,0.0,0.0,0.0,NA,NA,0,2,2007,WD,NORMAL,244000,True,False
72,20,RL,69.0,7599.0,PAVE,NA,REG,LVL,ALLPUB,CORNER,GTL,MITCHEL,NORM,NORM,1FAM,1STORY,4,6,1982,2006,GABLE,COMPSHG,HDBOARD,PLYWOOD,None,0.0,TA,TA,CBLOCK,TA,TA,TA,ALQ,565.0,TA,0.0,280.0,845.0,GASA,TA,Y,SBRKR,845.0,0.0,0.0,845.0,1,0,1,0,2,1,TA,4,TYP,0,NA,DETCHD,DETCHD,2,360.0,DETCHD,DETCHD,Y,0.0,0.0,0.0,0.0,0.0,NA,NA,0,6,2007,WD,NORMAL,129500,True,False
73,60,RL,74.0,10141.0,PAVE,NA,IR1,LVL,ALLPUB,CORNER,GTL,GILBERT,NORM,NORM,1FAM,2STORY,7,5,1998,1998,GABLE,COMPSHG,VINYLSD,VINYLSD,BRKFACE,40.0,TA,TA,PCONC,GD,TA,GD,UNF,0.0,TA,0.0,832.0,832.0,GASA,GD,Y,SBRKR,885.0,833.0,0.0,1718.0,0,0,2,1,3,1,TA,7,TYP,1,TA,ATTCHD,ATTCHD,2,427.0,ATTCHD,ATTCHD,Y,0.0,94.0,0.0,0.0,291.0,NA,NA,0,12,2009,WD,NORMAL,185000,True,False
74,20,RL,85.0,10200.0,PAVE,NA,REG,LVL,ALLPUB,INSIDE,GTL,NAMES,NORM,NORM,1FAM,1STORY,5,7,1954,2003,GABLE,COMPSHG,WD SDNG,WD SDNG,BRKFACE,104.0,TA,TA,CBLOCK,TA,TA,TA,ALQ,320.0,TA,362.0,404.0,1086.0,GASA,GD,Y,SBRKR,1086.0,0.0,0.0,1086.0,1,0,1,0,3,1,TA,6,TYP,0,NA,ATTCHD,ATTCHD,2,490.0,ATTCHD,ATTCHD,Y,0.0,0.0,0.0,0.0,0.0,NA,NA,0,5,2010,WD,NORMAL,144900,True,False
75,50,RM,60.0,5790.0,PAVE,NA,REG,LVL,ALLPUB,CORNER,GTL,OLDTOWN,NORM,NORM,1FAM,2STORY,3,6,1915,1950,GAMBREL,COMPSHG,VINYLSD,VINYLSD,None,0.0,GD,GD,CBLOCK,FA,TA,FA,UNF,0.0,TA,0.0,840.0,840.0,GASA,GD,N,SBRKR,840.0,765.0,0.0,1605.0,0,0,2,0,3,2,TA,8,TYP,0,NA,DETCHD,DETCHD,1,379.0,DETCHD,DETCHD,Y,0.0,0.0,202.0,0.0,0.0,NA,NA,0,5,2010,WD,NORMAL,107400,True,False
76,180,RM,21.0,1596.0,PAVE,NA,REG,LVL,ALLPUB,INSIDE,GTL,MEADOWV,NORM,NORM,TWNHS,SLVL,4,5,1973,1973,GABLE,COMPSHG,CEMNTBD,CMENTBD,None,0.0,TA,TA,CBLOCK,GD,TA,GD,GLQ,462.0,TA,0.0,0.0,462.0,GASA,TA,Y,SBRKR,526.0,462.0,0.0,988.0,1,0,1,0,2,1,TA,5,TYP,0,NA,BUILTIN,BUILTIN,1,297.0,BUILTIN,BUILTIN,Y,120.0,101.0,0.0,0.0,0.0,NA,NA,0,11,2009,WD,NORMAL,91000,True,False
77,20,RL,0.0,8475.0,PAVE,NA,IR1,LVL,ALLPUB,INSIDE,GTL,NAMES,NORM,NORM,1FAM,1STORY,4,7,1956,1956,GABLE,COMPSHG,VINYLSD,VINYLSD,None,0.0,TA,TA,CBLOCK,TA,TA,TA,ALQ,228.0,TA,0.0,724.0,952.0,GASA,EX,Y,FUSEA,952.0,0.0,0.0,952.0,0,0,1,0,2,1,TA,4,TYP,0,NA,DETCHD,DETCHD,1,283.0,DETCHD,DETCHD,Y,0.0,0.0,0.0,0.0,0.0,NA,NA,0,4,2008,WD,NORMAL,135750,True,False
78,50,RM,50.0,8635.0,PAVE,NA,REG,LVL,ALLPUB,INSIDE,GTL,BRKSIDE,NORM,NORM,1FAM,1.5FIN,5,5,1948,2001,GABLE,COMPSHG,WD SDNG,WD SDNG,None,0.0,TA,TA,CBLOCK,TA,TA,TA,BLQ,336.0,TA,41.0,295.0,672.0,GASA,TA,Y,SBRKR,1072.0,213.0,0.0,1285.0,1,0,1,0,2,1,TA,6,MIN1,0,NA,DETCHD,DETCHD,1,240.0,DETCHD,DETCHD,Y,0.0,0.0,0.0,0.0,0.0,NA,NA,0,1,2008,WD,NORMAL,127000,True,False
79,90,RL,72.0,10778.0,PAVE,NA,REG,LVL,ALLPUB,INSIDE,GTL,SAWYER,NORM,NORM,DUPLEX,1STORY,4,5,1968,1968,HIP,COMPSHG,HDBOARD,HDBOARD,None,0.0,TA,TA,CBLOCK,TA,TA,TA,UNF,0.0,TA,0.0,1768.0,1768.0,GASA,TA,N,SBRKR,1768.0,0.0,0.0,1768.0,0,0,2,0,4,2,TA,8,TYP,0,NA,NA,NA,0,0.0,NA,NA,Y,0.0,0.0,0.0,0.0,0.0,NA,NA,0,4,2010,WD,NORMAL,136500,False,False
80,50,RM,60.0,10440.0,PAVE,NA,REG,LVL,ALLPUB,CORNER,GTL,OLDTOWN,NORM,NORM,1FAM,2STORY,5,6,1910,1981,GABLE,COMPSHG,WD SDNG,WD SDNG,None,0.0,TA,TA,PCONC,TA,TA,TA,UNF,0.0,TA,0.0,440.0,440.0,GASA,GD,Y,SBRKR,682.0,548.0,0.0,1230.0,0,0,1,1,2,1,TA,5,TYP,0,NA,DETCHD,DETCHD,2,440.0,DETCHD,DETCHD,Y,74.0,0.0,128.0,0.0,0.0,NA,NA,0,5,2009,WD,NORMAL,110000,True,False
81,60,RL,100.0,13000.0,PAVE,NA,REG,LVL,ALLPUB,CORNER,GTL,NAMES,NORM,NORM,1FAM,2STORY,6,6,1968,1968,GABLE,COMPSHG,VINYLSD,VINYLSD,BRKFACE,576.0,TA,GD,CBLOCK,GD,TA,GD,REC,448.0,TA,0.0,448.0,896.0,GASA,TA,Y,SBRKR,1182.0,960.0,0.0,2142.0,0,0,2,1,4,1,GD,8,TYP,1,GD,ATTCHD,ATTCHD,1,509.0,ATTCHD,ATTCHD,Y,0.0,72.0,0.0,0.0,252.0,NA,NA,0,6,2009,WD,NORMAL,193500,True,False
82,120,RM,32.0,4500.0,PAVE,NA,REG,LVL,ALLPUB,FR2,GTL,MITCHEL,NORM,NORM,TWNHSE,1STORY,6,5,1998,1998,HIP,COMPSHG,VINYLSD,VINYLSD,BRKFACE,443.0,TA,GD,PCONC,EX,GD,EX,GLQ,1201.0,GD,0.0,36.0,1237.0,GASA,EX,Y,SBRKR,1337.0,0.0,0.0,1337.0,1,0,2,0,2,1,TA,5,TYP,0,NA,ATTCHD,ATTCHD,2,405.0,ATTCHD,ATTCHD,Y,0.0,199.0,0.0,0.0,0.0,NA,NA,0,3,2006,WD,NORMAL,153500,True,False
83,20,RL,78.0,10206.0,PAVE,NA,REG,LVL,ALLPUB,INSIDE,GTL,SOMERST,NORM,NORM,1FAM,1STORY,8,5,2007,2007,GABLE,COMPSHG,VINYLSD,VINYLSD,STONE,468.0,TA,TA,PCONC,GD,TA,GD,GLQ,33.0,TA,0.0,1530.0,1563.0,GASA,EX,Y,SBRKR,1563.0,0.0,0.0,1563.0,0,0,2,0,3,1,GD,6,TYP,1,GD,ATTCHD,ATTCHD,3,758.0,ATTCHD,ATTCHD,Y,144.0,99.0,0.0,0.0,0.0,NA,NA,0,10,2008,WD,NORMAL,245000,True,False
84,20,RL,80.0,8892.0,PAVE,NA,IR1,LVL,ALLPUB,INSIDE,GTL,NAMES,NORM,NORM,1FAM,1STORY,5,5,1960,1960,GABLE,COMPSHG,METALSD,METALSD,BRKCMN,66.0,TA,TA,CBLOCK,TA,TA,TA,UNF,0.0,TA,0.0,1065.0,1065.0,GASA,GD,Y,SBRKR,1065.0,0.0,0.0,1065.0,0,0,1,1,3,1,TA,6,TYP,0,NA,DETCHD,DETCHD,2,461.0,DETCHD,DETCHD,Y,74.0,0.0,0.0,0.0,0.0,NA,NA,0,7,2007,COD,NORMAL,126500,True,False
85,80,RL,0.0,8530.0,PAVE,SHED,IR1,LVL,ALLPUB,INSIDE,GTL,GILBERT,NORM,NORM,1FAM,SLVL,7,5,1995,1996,GABLE,COMPSHG,HDBOARD,HDBOARD,BRKFACE,22.0,TA,TA,PCONC,GD,TA,GD,UNF,0.0,TA,0.0,384.0,384.0,GASA,GD,Y,SBRKR,804.0,670.0,0.0,1474.0,0,0,2,1,3,1,TA,7,TYP,1,TA,BUILTIN,BUILTIN,2,400.0,BUILTIN,BUILTIN,Y,120.0,72.0,0.0,0.0,0.0,SHED,SHED,700,5,2009,WD,NORMAL,168500,True,False
86,60,RL,121.0,16059.0,PAVE,NA,REG,LVL,ALLPUB,CORNER,GTL,NORIDGE,NORM,NORM,1FAM,2STORY,8,5,1991,1992,HIP,COMPSHG,HDBOARD,HDBOARD,BRKFACE,284.0,GD,TA,CBLOCK,GD,TA,GD,UNF,0.0,TA,0.0,1288.0,1288.0,GASA,EX,Y,SBRKR,1301.0,1116.0,0.0,2417.0,0,0,2,1,4,1,GD,9,TYP,1,TA,ATTCHD,ATTCHD,2,462.0,ATTCHD,ATTCHD,Y,127.0,82.0,0.0,0.0,0.0,NA,NA,0,4,2006,WD,NORMAL,260000,True,False
87,60,RL,122.0,11911.0,PAVE,NA,IR2,LVL,ALLPUB,INSIDE,GTL,GILBERT,NORM,NORM,1FAM,2STORY,6,5,2005,2005,GABLE,COMPSHG,VINYLSD,VINYLSD,None,0.0,GD,TA,PCONC,GD,TA,GD,UNF,0.0,TA,0.0,684.0,684.0,GASA,EX,Y,SBRKR,684.0,876.0,0.0,1560.0,0,0,2,1,3,1,GD,6,TYP,1,GD,BUILTIN,BUILTIN,2,400.0,BUILTIN,BUILTIN,Y,100.0,38.0,0.0,0.0,0.0,NA,NA,0,3,2009,WD,NORMAL,174000,True,False
88,160,FV,40.0,3951.0,PAVE,NA,REG,LVL,ALLPUB,CORNER,GTL,SOMERST,NORM,NORM,TWNHSE,2STORY,6,5,2009,2009,GABLE,COMPSHG,VINYLSD,VINYLSD,STONE,76.0,GD,TA,PCONC,GD,TA,GD,UNF,0.0,TA,0.0,612.0,612.0,GASA,EX,Y,SBRKR,612.0,612.0,0.0,1224.0,0,0,2,1,2,1,GD,4,TYP,0,NA,DETCHD,DETCHD,2,528.0,DETCHD,DETCHD,Y,0.0,234.0,0.0,0.0,0.0,NA,NA,0,6,2009,NEW,PARTIAL,164500,True,False
89,50,C (ALL),105.0,8470.0,PAVE,NA,IR1,LVL,ALLPUB,CORNER,GTL,IDOTRR,FEEDR,FEEDR,1FAM,1.5FIN,3,2,1915,1982,HIP,COMPSHG,PLYWOOD,PLYWOOD,None,0.0,FA,FA,CBLOCK,TA,FA,TA,UNF,0.0,FA,0.0,1013.0,1013.0,GASA,TA,N,SBRKR,1013.0,0.0,513.0,1526.0,0,0,1,0,2,1,FA,6,TYP,0,NA,NA,NA,0,0.0,NA,NA,N,0.0,0.0,156.0,0.0,0.0,NA,NA,0,10,2009,CONLD,ABNORML,85000,False,False
90,20,RL,60.0,8070.0,PAVE,NA,REG,LVL,ALLPUB,INSIDE,GTL,COLLGCR,NORM,NORM,1FAM,1STORY,4,5,1994,1995,GABLE,COMPSHG,VINYLSD,VINYLSD,None,0.0,TA,TA,PCONC,GD,TA,GD,GLQ,588.0,TA,0.0,402.0,990.0,GASA,EX,Y,SBRKR,990.0,0.0,0.0,990.0,1,0,1,0,3,1,TA,5,TYP,0,NA,NA,NA,0,0.0,NA,NA,Y,0.0,0.0,0.0,0.0,0.0,NA,NA,0,8,2007,WD,NORMAL,123600,False,False
91,20,RL,60.0,7200.0,PAVE,NA,REG,LVL,ALLPUB,INSIDE,GTL,NAMES,NORM,NORM,1FAM,1STORY,4,5,1950,1950,GABLE,COMPSHG,BRKFACE,WD SDNG,None,0.0,TA,TA,SLAB,NA,NA,NA,NA,0.0,NA,0.0,0.0,0.0,GASA,TA,Y,FUSEA,1040.0,0.0,0.0,1040.0,0,0,1,0,2,1,TA,4,TYP,0,NA,DETCHD,DETCHD,2,420.0,DETCHD,DETCHD,Y,0.0,29.0,0.0,0.0,0.0,NA,NA,0,7,2006,WD,NORMAL,109900,True,False
92,20,RL,85.0,8500.0,PAVE,NA,REG,LVL,ALLPUB,INSIDE,GTL,NAMES,NORM,NORM,1FAM,1STORY,5,3,1961,1961,HIP,COMPSHG,HDBOARD,HDBOARD,BRKCMN,203.0,TA,TA,CBLOCK,TA,TA,TA,REC,600.0,TA,0.0,635.0,1235.0,GASA,TA,Y,SBRKR,1235.0,0.0,0.0,1235.0,0,0,1,0,2,1,TA,6,TYP,0,NA,ATTCHD,ATTCHD,2,480.0,ATTCHD,ATTCHD,Y,0.0,0.0,0.0,0.0,0.0,NA,NA,0,12,2006,WD,ABNORML,98600,True,False
93,30,RL,80.0,13360.0,PAVE,NA,IR1,HLS,ALLPUB,INSIDE,GTL,CRAWFOR,NORM,NORM,1FAM,1STORY,5,7,1921,2006,GABLE,COMPSHG,WD SDNG,WD SDNG,None,0.0,TA,GD,BRKTIL,GD,TA,GD,ALQ,713.0,TA,0.0,163.0,876.0,GASA,EX,Y,SBRKR,964.0,0.0,0.0,964.0,1,0,1,0,2,1,TA,5,TYP,0,NA,DETCHD,DETCHD,2,432.0,DETCHD,DETCHD,Y,0.0,0.0,44.0,0.0,0.0,NA,NA,0,8,2009,WD,NORMAL,163500,True,False
94,190,C (ALL),60.0,7200.0,PAVE,NA,REG,LVL,ALLPUB,CORNER,GTL,OLDTOWN,NORM,NORM,2FMCON,2.5UNF,6,6,1910,1998,HIP,COMPSHG,METALSD,METALSD,None,0.0,TA,TA,BRKTIL,TA,FA,TA,REC,1046.0,FA,0.0,168.0,1214.0,GASW,EX,N,SBRKR,1260.0,1031.0,0.0,2291.0,0,1,2,0,4,2,TA,9,TYP,1,GD,DETCHD,DETCHD,2,506.0,DETCHD,DETCHD,Y,0.0,0.0,0.0,0.0,99.0,NA,NA,0,11,2007,WD,NORMAL,133900,True,False
95,60,RL,69.0,9337.0,PAVE,NA,IR1,LVL,ALLPUB,INSIDE,GTL,COLLGCR,NORM,NORM,1FAM,2STORY,6,5,1997,1997,GABLE,COMPSHG,VINYLSD,VINYLSD,None,0.0,TA,GD,PCONC,GD,TA,GD,GLQ,648.0,TA,0.0,176.0,824.0,GASA,EX,Y,SBRKR,905.0,881.0,0.0,1786.0,1,0,2,1,3,1,GD,7,TYP,0,NA,ATTCHD,ATTCHD,2,684.0,ATTCHD,ATTCHD,Y,0.0,162.0,0.0,0.0,0.0,NA,NA,0,5,2007,WD,NORMAL,204750,True,False
96,60,RL,0.0,9765.0,PAVE,SHED,IR2,LVL,ALLPUB,CORNER,GTL,GILBERT,NORM,NORM,1FAM,2STORY,6,8,1993,1993,GABLE,COMPSHG,VINYLSD,VINYLSD,BRKFACE,68.0,EX,GD,PCONC,GD,GD,GD,ALQ,310.0,GD,0.0,370.0,680.0,GASA,GD,Y,SBRKR,680.0,790.0,0.0,1470.0,0,0,2,1,3,1,TA,6,TYP,1,TA,BUILTIN,BUILTIN,2,420.0,BUILTIN,BUILTIN,Y,232.0,63.0,0.0,0.0,0.0,SHED,SHED,480,4,2009,WD,NORMAL,185000,True,False
97,20,RL,78.0,10264.0,PAVE,NA,IR1,LVL,ALLPUB,INSIDE,GTL,COLLGCR,NORM,NORM,1FAM,1STORY,7,5,1999,1999,GABLE,COMPSHG,VINYLSD,VINYLSD,BRKFACE,183.0,GD,TA,PCONC,GD,TA,GD,ALQ,1162.0,TA,0.0,426.0,1588.0,GASA,EX,Y,SBRKR,1588.0,0.0,0.0,1588.0,0,0,2,0,3,1,GD,6,TYP,0,NA,ATTCHD,ATTCHD,2,472.0,ATTCHD,ATTCHD,Y,158.0,29.0,0.0,0.0,0.0,NA,NA,0,8,2006,WD,NORMAL,214000,True,False
98,20,RL,73.0,10921.0,PAVE,NA,REG,HLS,ALLPUB,INSIDE,GTL,EDWARDS,NORM,NORM,1FAM,1STORY,4,5,1965,1965,HIP,COMPSHG,HDBOARD,HDBOARD,BRKFACE,48.0,TA,TA,CBLOCK,TA,TA,TA,REC,520.0,TA,0.0,440.0,960.0,GASA,TA,Y,FUSEF,960.0,0.0,0.0,960.0,1,0,1,0,3,1,TA,6,TYP,0,NA,ATTCHD,ATTCHD,1,432.0,ATTCHD,ATTCHD,P,120.0,0.0,0.0,0.0,0.0,NA,NA,0,5,2007,WD,NORMAL,94750,True,False
99,30,RL,85.0,10625.0,PAVE,SHED,REG,LVL,ALLPUB,CORNER,GTL,EDWARDS,NORM,NORM,1FAM,1STORY,5,5,1920,1950,GABLE,COMPSHG,WD SDNG,WD SDNG,None,0.0,TA,TA,BRKTIL,TA,TA,TA,ALQ,108.0,TA,0.0,350.0,458.0,GASA,FA,N,SBRKR,835.0,0.0,0.0,835.0,0,0,1,0,2,1,TA,5,TYP,0,NA,BASMENT,BASMENT,1,366.0,BASMENT,BASMENT,Y,0.0,0.0,77.0,0.0,0.0,SHED,SHED,400,5,2010,COD,ABNORML,83000,True,False
100,20,RL,77.0,9320.0,PAVE,SHED,IR1,LVL,ALLPUB,INSIDE,GTL,NAMES,NORM,NORM,1FAM,1STORY,4,5,1959,1959,GABLE,COMPSHG,PLYWOOD,PLYWOOD,None,0.0,TA,TA,CBLOCK,TA,TA,TA,ALQ,569.0,TA,0.0,381.0,950.0,GASA,FA,Y,SBRKR,1225.0,0.0,0.0,1225.0,1,0,1,1,3,1,TA,6,TYP,0,NA,NA,NA,0,0.0,NA,NA,Y,352.0,0.0,0.0,0.0,0.0,SHED,SHED,400,1,2010,WD,NORMAL,128950,False,False
101,20,RL,0.0,10603.0,PAVE,NA,IR1,LVL,ALLPUB,INSIDE,GTL,NWAMES,NORM,NORM,1FAM,1STORY,6,7,1977,2001,GABLE,COMPSHG,PLYWOOD,PLYWOOD,BRKFACE,28.0,TA,TA,PCONC,TA,TA,TA,ALQ,1200.0,TA,0.0,410.0,1610.0,GASA,GD,Y,SBRKR,1610.0,0.0,0.0,1610.0,1,0,2,0,3,1,GD,6,TYP,2,TA,ATTCHD,ATTCHD,2,480.0,ATTCHD,ATTCHD,Y,168.0,68.0,0.0,0.0,0.0,NA,NA,0,2,2010,WD,NORMAL,205000,True,False
102,60,RL,77.0,9206.0,PAVE,NA,REG,LVL,ALLPUB,INSIDE,GTL,SAWYERW,NORM,NORM,1FAM,2STORY,6,5,1985,1985,GABLE,COMPSHG,HDBOARD,HDBOARD,BRKFACE,336.0,GD,TA,CBLOCK,GD,TA,GD,UNF,0.0,TA,0.0,741.0,741.0,GASA,TA,Y,SBRKR,977.0,755.0,0.0,1732.0,0,0,2,1,3,1,GD,7,TYP,1,TA,ATTCHD,ATTCHD,2,476.0,ATTCHD,ATTCHD,Y,192.0,46.0,0.0,0.0,0.0,NA,NA,0,6,2010,WD,NORMAL,178000,True,False
103,90,RL,64.0,7018.0,PAVE,NA,REG,BNK,ALLPUB,INSIDE,GTL,SAWYERW,NORM,NORM,DUPLEX,1STORY,5,5,1979,1979,GABLE,COMPSHG,HDBOARD,HDBOARD,None,0.0,TA,FA,SLAB,NA,NA,NA,NA,0.0,NA,0.0,0.0,0.0,GASA,TA,Y,SBRKR,1535.0,0.0,0.0,1535.0,0,0,2,0,4,2,TA,8,TYP,0,NA,ATTCHD,ATTCHD,2,410.0,ATTCHD,ATTCHD,Y,0.0,0.0,0.0,0.0,0.0,NA,NA,0,6,2009,WD,ALLOCA,118964,True,False
104,20,RL,94.0,10402.0,PAVE,NA,IR1,LVL,ALLPUB,CORNER,GTL,COLLGCR,NORM,NORM,1FAM,1STORY,7,5,2009,2009,GABLE,COMPSHG,VINYLSD,VINYLSD,None,0.0,TA,TA,PCONC,GD,TA,GD,UNF,0.0,TA,0.0,1226.0,1226.0,GASA,EX,Y,SBRKR,1226.0,0.0,0.0,1226.0,0,0,2,0,3,1,GD,6,TYP,0,NA,ATTCHD,ATTCHD,3,740.0,ATTCHD,ATTCHD,Y,0.0,36.0,0.0,0.0,0.0,NA,NA,0,5,2010,WD,NORMAL,198900,True,False
105,50,RM,0.0,7758.0,PAVE,NA,REG,LVL,ALLPUB,CORNER,GTL,IDOTRR,NORM,NORM,1FAM,1.5FIN,7,4,1931,1950,GABLE,COMPSHG,STUCCO,STUCCO,BRKFACE,600.0,TA,FA,PCONC,TA,TA,TA,LWQ,224.0,TA,0.0,816.0,1040.0,GASA,EX,Y,FUSEF,1226.0,592.0,0.0,1818.0,0,0,1,1,4,1,TA,7,TYP,2,TA,DETCHD,DETCHD,1,240.0,DETCHD,DETCHD,Y,0.0,0.0,0.0,0.0,184.0,NA,NA,0,6,2007,WD,NORMAL,169500,True,False
106,60,FV,75.0,9375.0,PAVE,NA,REG,LVL,ALLPUB,INSIDE,GTL,SOMERST,NORM,NORM,1FAM,2STORY,8,5,2003,2004,HIP,COMPSHG,VINYLSD,VINYLSD,BRKFACE,768.0,GD,TA,PCONC,EX,TA,EX,UNF,0.0,TA,0.0,1053.0,1053.0,GASA,EX,Y,SBRKR,1053.0,939.0,0.0,1992.0,0,0,2,1,3,1,GD,9,TYP,1,GD,ATTCHD,ATTCHD,2,648.0,ATTCHD,ATTCHD,Y,140.0,45.0,0.0,0.0,0.0,NA,NA,0,8,2008,WD,NORMAL,250000,True,False
107,30,RM,60.0,10800.0,PAVE,SHED,REG,LVL,ALLPUB,INSIDE,GTL,OLDTOWN,NORM,NORM,1FAM,1STORY,4,7,1885,1995,MANSARD,COMPSHG,VINYLSD,VINYLSD,None,0.0,TA,TA,BRKTIL,FA,TA,FA,UNF,0.0,TA,0.0,641.0,641.0,GASA,GD,Y,SBRKR,1047.0,0.0,0.0,1047.0,0,0,1,0,2,1,TA,6,TYP,0,NA,DETCHD,DETCHD,1,273.0,DETCHD,DETCHD,N,0.0,0.0,0.0,0.0,0.0,SHED,SHED,450,8,2007,WD,NORMAL,100000,True,False
108,20,RM,50.0,6000.0,PAVE,NA,REG,LVL,ALLPUB,INSIDE,GTL,OLDTOWN,NORM,NORM,1FAM,1STORY,5,5,1948,1950,GABLE,COMPSHG,VINYLSD,VINYLSD,None,0.0,TA,TA,CBLOCK,TA,TA,TA,ALQ,104.0,TA,169.0,516.0,789.0,GASA,EX,Y,SBRKR,789.0,0.0,0.0,789.0,0,0,1,0,2,1,TA,5,TYP,0,NA,DETCHD,DETCHD,1,250.0,DETCHD,DETCHD,Y,0.0,0.0,0.0,0.0,0.0,NA,NA,0,4,2008,WD,PARTIAL,115000,True,False
109,50,RM,85.0,8500.0,PAVE,NA,REG,LVL,ALLPUB,CORNER,GTL,IDOTRR,ARTERY,NORM,1FAM,1.5FIN,5,7,1919,2005,GABLE,COMPSHG,CEMNTBD,CMENTBD,None,0.0,TA,TA,CBLOCK,TA,TA,TA,UNF,0.0,TA,0.0,793.0,793.0,GASW,TA,N,FUSEF,997.0,520.0,0.0,1517.0,0,0,2,0,3,1,FA,7,TYP,0,NA,NA,NA,0,0.0,NA,NA,N,0.0,0.0,144.0,0.0,0.0,NA,NA,0,8,2007,WD,NORMAL,115000,False,False
110,20,RL,105.0,11751.0,PAVE,NA,IR1,LVL,ALLPUB,INSIDE,GTL,NWAMES,NORM,NORM,1FAM,1STORY,6,6,1977,1977,HIP,COMPSHG,PLYWOOD,PLYWOOD,BRKFACE,480.0,TA,TA,CBLOCK,GD,TA,GD,BLQ,705.0,TA,0.0,1139.0,1844.0,GASA,EX,Y,SBRKR,1844.0,0.0,0.0,1844.0,0,0,2,0,3,1,TA,7,TYP,1,TA,ATTCHD,ATTCHD,2,546.0,ATTCHD,ATTCHD,Y,0.0,122.0,0.0,0.0,0.0,NA,NA,0,1,2010,COD,NORMAL,190000,True,False
111,50,RL,75.0,9525.0,PAVE,NA,REG,LVL,ALLPUB,INSIDE,GTL,EDWARDS,NORM,NORM,1FAM,1.5FIN,6,4,1954,1972,GABLE,COMPSHG,WD SDNG,WD SDNG,None,0.0,TA,TA,CBLOCK,TA,FA,TA,REC,444.0,FA,0.0,550.0,994.0,GASA,GD,Y,SBRKR,1216.0,639.0,0.0,1855.0,0,0,2,0,4,1,TA,7,TYP,0,NA,ATTCHD,ATTCHD,1,325.0,ATTCHD,ATTCHD,Y,182.0,0.0,0.0,0.0,0.0,NA,NA,0,10,2006,WD,NORMAL,136900,True,False
112,80,RL,0.0,7750.0,PAVE,NA,IR1,LVL,ALLPUB,INSIDE,GTL,GILBERT,NORM,NORM,1FAM,SLVL,7,5,2000,2000,GABLE,COMPSHG,VINYLSD,VINYLSD,None,0.0,TA,TA,PCONC,GD,TA,GD,GLQ,250.0,TA,0.0,134.0,384.0,GASA,EX,Y,SBRKR,774.0,656.0,0.0,1430.0,0,0,2,1,3,1,TA,7,TYP,1,TA,BUILTIN,BUILTIN,2,400.0,BUILTIN,BUILTIN,Y,180.0,0.0,0.0,0.0,0.0,NA,NA,0,4,2010,WD,NORMAL,180000,True,False
113,60,RL,77.0,9965.0,PAVE,NA,REG,LVL,ALLPUB,INSIDE,GTL,COLLGCR,NORM,NORM,1FAM,2STORY,7,5,2007,2007,GABLE,COMPSHG,VINYLSD,VINYLSD,STONE,220.0,GD,TA,PCONC,EX,TA,EX,GLQ,984.0,TA,0.0,280.0,1264.0,GASA,EX,Y,SBRKR,1282.0,1414.0,0.0,2696.0,1,0,2,1,4,1,EX,10,TYP,1,GD,BUILTIN,BUILTIN,3,792.0,BUILTIN,BUILTIN,Y,120.0,184.0,0.0,0.0,168.0,NA,NA,0,10,2007,NEW,PARTIAL,383970,True,False
114,20,RL,0.0,21000.0,PAVE,NA,REG,BNK,ALLPUB,CORNER,GTL,CRAWFOR,NORM,NORM,1FAM,1STORY,6,5,1953,1953,HIP,COMPSHG,WD SDNG,WD SDNG,BRKFACE,184.0,TA,GD,CBLOCK,GD,TA,GD,ALQ,35.0,TA,869.0,905.0,1809.0,GASA,TA,Y,SBRKR,2259.0,0.0,0.0,2259.0,1,0,2,0,3,1,GD,7,TYP,2,GD,BASMENT,BASMENT,2,450.0,BASMENT,BASMENT,Y,166.0,120.0,192.0,0.0,0.0,NA,NA,0,10,2007,COD,ABNORML,217000,True,False
115,70,RL,61.0,7259.0,PAVE,NA,IR1,LVL,ALLPUB,INSIDE,MOD,CRAWFOR,NORM,NORM,1FAM,2STORY,6,8,1945,2002,GAMBREL,COMPSHG,WD SDNG,WD SDNG,None,0.0,TA,TA,CBLOCK,TA,TA,TA,ALQ,774.0,TA,150.0,104.0,1028.0,GASA,EX,Y,SBRKR,1436.0,884.0,0.0,2320.0,1,0,2,1,3,1,GD,9,TYP,1,TA,DETCHD,DETCHD,1,180.0,DETCHD,DETCHD,Y,224.0,0.0,0.0,0.0,0.0,NA,NA,0,7,2007,WD,NORMAL,259500,True,False
116,160,FV,34.0,3230.0,PAVE,NA,REG,LVL,ALLPUB,CORNER,GTL,SOMERST,NORM,NORM,TWNHSE,2STORY,6,5,1999,1999,GABLE,COMPSHG,METALSD,METALSD,BRKFACE,1129.0,TA,TA,PCONC,GD,TA,GD,GLQ,419.0,TA,0.0,310.0,729.0,GASA,GD,Y,SBRKR,729.0,729.0,0.0,1458.0,0,0,2,1,2,1,TA,5,TYP,1,FA,DETCHD,DETCHD,2,440.0,DETCHD,DETCHD,Y,0.0,32.0,0.0,0.0,0.0,NA,NA,0,6,2007,WD,NORMAL,176000,True,False
117,20,RL,0.0,11616.0,PAVE,NA,REG,LVL,ALLPUB,INSIDE,GTL,SAWYER,NORM,NORM,1FAM,1STORY,5,5,1962,1962,GABLE,COMPSHG,WD SDNG,WD SDNG,BRKFACE,116.0,TA,TA,CBLOCK,TA,TA,TA,LWQ,170.0,TA,670.0,252.0,1092.0,GASA,TA,Y,SBRKR,1092.0,0.0,0.0,1092.0,0,1,1,0,3,1,TA,6,TYP,1,PO,ATTCHD,ATTCHD,1,288.0,ATTCHD,ATTCHD,Y,0.0,20.0,144.0,0.0,0.0,NA,NA,0,9,2009,WD,NORMAL,139000,True,False
118,20,RL,74.0,8536.0,PAVE,NA,REG,LVL,ALLPUB,CORNER,GTL,EDWARDS,NORM,NORM,1FAM,1STORY,5,5,2006,2007,GABLE,COMPSHG,VINYLSD,VINYLSD,None,0.0,TA,TA,PCONC,GD,TA,GD,UNF,0.0,TA,0.0,1125.0,1125.0,GASA,GD,Y,SBRKR,1125.0,0.0,0.0,1125.0,0,0,1,1,2,1,TA,5,TYP,0,NA,ATTCHD,ATTCHD,2,430.0,ATTCHD,ATTCHD,Y,80.0,64.0,0.0,0.0,0.0,NA,NA,0,4,2007,NEW,PARTIAL,155000,True,False
119,60,RL,90.0,12376.0,PAVE,NA,REG,LVL,ALLPUB,CORNER,GTL,SAWYERW,NORM,NORM,1FAM,2STORY,7,5,1990,1990,HIP,COMPSHG,PLYWOOD,PLYWOOD,None,0.0,TA,TA,PCONC,GD,TA,GD,GLQ,1470.0,TA,0.0,203.0,1673.0,GASA,GD,Y,SBRKR,1699.0,1523.0,0.0,3222.0,1,0,3,0,5,1,GD,11,TYP,2,TA,ATTCHD,ATTCHD,3,594.0,ATTCHD,ATTCHD,Y,367.0,0.0,0.0,0.0,0.0,NA,NA,0,5,2010,WD,NORMAL,320000,True,False
120,60,RL,65.0,8461.0,PAVE,NA,REG,LVL,ALLPUB,INSIDE,GTL,COLLGCR,NORM,NORM,1FAM,2STORY,6,5,2005,2006,GABLE,COMPSHG,VINYLSD,VINYLSD,None,0.0,GD,TA,PCONC,GD,TA,GD,UNF,0.0,TA,0.0,728.0,728.0,GASA,EX,Y,SBRKR,728.0,728.0,0.0,1456.0,0,0,2,1,3,1,GD,8,TYP,1,GD,ATTCHD,ATTCHD,2,390.0,ATTCHD,ATTCHD,Y,0.0,24.0,0.0,0.0,0.0,NA,NA,0,7,2006,NEW,PARTIAL,163990,True,False
121,80,RL,0.0,21453.0,PAVE,NA,IR1,LOW,ALLPUB,CULDSAC,SEV,CLEARCR,NORM,NORM,1FAM,SLVL,6,5,1969,1969,FLAT,METAL,PLYWOOD,PLYWOOD,None,0.0,TA,TA,CBLOCK,TA,TA,TA,ALQ,938.0,TA,0.0,0.0,938.0,GASA,EX,Y,SBRKR,988.0,0.0,0.0,988.0,1,0,1,0,1,1,TA,4,TYP,2,TA,ATTCHD,ATTCHD,2,540.0,ATTCHD,ATTCHD,Y,0.0,130.0,0.0,130.0,0.0,NA,NA,0,10,2006,WD,NORMAL,180000,True,False
122,50,RM,50.0,6060.0,PAVE,NA,REG,LVL,ALLPUB,INSIDE,GTL,IDOTRR,NORM,NORM,1FAM,1.5FIN,4,5,1939,1950,GABLE,COMPSHG,ASBSHNG,ASBSHNG,None,0.0,TA,TA,PCONC,TA,TA,TA,UNF,0.0,TA,0.0,732.0,732.0,GASA,GD,Y,SBRKR,772.0,351.0,0.0,1123.0,0,0,1,0,3,1,TA,4,TYP,0,NA,DETCHD,DETCHD,1,264.0,DETCHD,DETCHD,P,0.0,0.0,140.0,0.0,0.0,NA,NA,0,6,2007,WD,NORMAL,100000,True,False
123,20,RL,75.0,9464.0,PAVE,NA,REG,LVL,ALLPUB,CORNER,GTL,NAMES,NORM,NORM,1FAM,1STORY,6,7,1958,1958,HIP,COMPSHG,METALSD,METALSD,BRKFACE,135.0,TA,GD,CBLOCK,TA,TA,TA,BLQ,570.0,TA,0.0,510.0,1080.0,GASA,GD,Y,SBRKR,1080.0,0.0,0.0,1080.0,0,0,1,0,3,1,TA,5,TYP,0,NA,ATTCHD,ATTCHD,1,288.0,ATTCHD,ATTCHD,Y,0.0,0.0,0.0,0.0,130.0,NA,NA,0,6,2008,WD,NORMAL,136000,True,False
124,120,RL,55.0,7892.0,PAVE,NA,REG,LVL,ALLPUB,INSIDE,GTL,SAWYERW,NORM,NORM,TWNHSE,1STORY,6,5,1993,1993,GABLE,COMPSHG,PLYWOOD,PLYWOOD,None,0.0,GD,TA,PCONC,GD,TA,GD,GLQ,300.0,TA,0.0,899.0,1199.0,GASA,EX,Y,SBRKR,1199.0,0.0,0.0,1199.0,0,0,2,0,2,1,GD,5,TYP,0,NA,ATTCHD,ATTCHD,2,530.0,ATTCHD,ATTCHD,Y,0.0,63.0,0.0,0.0,0.0,NA,NA,0,3,2008,WD,NORMAL,153900,True,False
125,20,RL,48.0,17043.0,PAVE,NA,IR1,LVL,ALLPUB,CULDSAC,GTL,NWAMES,NORM,NORM,1FAM,1STORY,6,5,1979,1998,GABLE,COMPSHG,HDBOARD,HDBOARD,None,0.0,TA,GD,CBLOCK,GD,FA,GD,UNF,0.0,FA,0.0,1362.0,1362.0,GASA,TA,Y,SBRKR,1586.0,0.0,0.0,1586.0,0,0,2,0,3,1,TA,7,TYP,1,TA,ATTCHD,ATTCHD,2,435.0,ATTCHD,ATTCHD,Y,192.0,0.0,0.0,0.0,0.0,NA,NA,0,1,2009,WD,NORMAL,181000,True,False
126,190,RM,60.0,6780.0,PAVE,NA,REG,LVL,ALLPUB,INSIDE,GTL,IDOTRR,NORM,NORM,2FMCON,1.5FIN,6,8,1935,1982,GABLE,COMPSHG,WD SDNG,WD SDNG,None,0.0,TA,FA,CBLOCK,TA,TA,TA,GLQ,490.0,TA,0.0,30.0,520.0,GASA,GD,N,SBRKR,520.0,0.0,234.0,754.0,1,0,1,0,2,1,TA,5,TYP,0,NA,NA,NA,0,0.0,NA,NA,N,53.0,0.0,0.0,0.0,0.0,NA,NA,0,6,2006,WD,NORMAL,84500,False,False
127,120,RL,0.0,4928.0,PAVE,NA,IR1,LVL,ALLPUB,INSIDE,GTL,NPKVILL,NORM,NORM,TWNHSE,1STORY,6,5,1976,1976,GABLE,COMPSHG,PLYWOOD,PLYWOOD,None,0.0,TA,TA,CBLOCK,GD,TA,GD,ALQ,120.0,TA,0.0,958.0,1078.0,GASA,TA,Y,SBRKR,958.0,0.0,0.0,958.0,0,0,2,0,2,1,TA,5,TYP,1,TA,ATTCHD,ATTCHD,2,440.0,ATTCHD,ATTCHD,Y,0.0,205.0,0.0,0.0,0.0,NA,NA,0,2,2007,WD,NORMAL,128000,True,False
128,45,RM,55.0,4388.0,PAVE,NA,IR1,BNK,ALLPUB,INSIDE,GTL,OLDTOWN,FEEDR,NORM,1FAM,1.5UNF,5,7,1930,1950,GABLE,COMPSHG,WDSHING,WD SDNG,None,0.0,TA,GD,BRKTIL,TA,TA,TA,LWQ,116.0,TA,0.0,556.0,672.0,GASA,EX,Y,SBRKR,840.0,0.0,0.0,840.0,0,0,1,0,3,1,TA,5,TYP,1,TA,NA,NA,0,0.0,NA,NA,N,0.0,0.0,0.0,0.0,0.0,NA,NA,0,6,2007,WD,NORMAL,87000,False,False
129,60,RL,69.0,7590.0,PAVE,NA,REG,LVL,ALLPUB,INSIDE,GTL,NAMES,POSN,NORM,1FAM,2STORY,6,5,1966,1966,GABLE,COMPSHG,VINYLSD,VINYLSD,BRKFACE,266.0,TA,TA,CBLOCK,TA,TA,TA,BLQ,512.0,TA,0.0,148.0,660.0,GASA,TA,Y,SBRKR,660.0,688.0,0.0,1348.0,0,0,1,1,3,1,TA,6,TYP,1,FA,ATTCHD,ATTCHD,2,453.0,ATTCHD,ATTCHD,Y,188.0,108.0,0.0,0.0,0.0,NA,NA,0,7,2006,WD,NORMAL,155000,True,False
130,20,RL,69.0,8973.0,PAVE,NA,REG,LVL,ALLPUB,INSIDE,GTL,NAMES,NORM,NORM,1FAM,1STORY,5,7,1958,1991,GABLE,COMPSHG,PLYWOOD,PLYWOOD,BRKFACE,85.0,TA,TA,CBLOCK,TA,TA,TA,REC,567.0,TA,28.0,413.0,1008.0,GASA,TA,Y,FUSEA,1053.0,0.0,0.0,1053.0,0,1,1,1,3,1,EX,6,TYP,0,NA,2TYPES,2TYPES,2,750.0,2TYPES,2TYPES,Y,0.0,80.0,0.0,180.0,0.0,NA,NA,0,7,2006,WD,ABNORML,150000,True,False
131,60,RL,88.0,14200.0,PAVE,NA,REG,LVL,ALLPUB,CORNER,GTL,NAMES,NORM,NORM,1FAM,2STORY,7,6,1966,1966,GABLE,COMPSHG,METALSD,METALSD,BRKFACE,309.0,TA,TA,CBLOCK,TA,TA,TA,REC,445.0,TA,0.0,479.0,924.0,GASA,EX,Y,SBRKR,1216.0,941.0,0.0,2157.0,0,0,2,1,4,1,GD,8,TYP,2,GD,ATTCHD,ATTCHD,2,487.0,ATTCHD,ATTCHD,Y,105.0,66.0,0.0,0.0,0.0,NA,NA,0,5,2006,WD,NORMAL,226000,True,False
132,60,RL,0.0,12224.0,PAVE,NA,IR1,LVL,ALLPUB,CORNER,GTL,GILBERT,NORM,NORM,1FAM,2STORY,6,5,2000,2000,GABLE,COMPSHG,VINYLSD,VINYLSD,BRKFACE,40.0,GD,TA,PCONC,GD,TA,GD,GLQ,695.0,TA,0.0,297.0,992.0,GASA,EX,Y,SBRKR,1022.0,1032.0,0.0,2054.0,1,0,2,1,3,1,GD,7,TYP,1,TA,BUILTIN,BUILTIN,2,390.0,BUILTIN,BUILTIN,Y,24.0,48.0,0.0,0.0,0.0,NA,NA,0,7,2009,WD,NORMAL,244000,True,False
133,20,RL,75.0,7388.0,PAVE,NA,REG,LVL,ALLPUB,CORNER,GTL,NAMES,NORM,NORM,1FAM,1STORY,5,6,1959,2002,GABLE,COMPSHG,METALSD,METALSD,None,0.0,TA,TA,CBLOCK,TA,TA,TA,REC,405.0,TA,0.0,658.0,1063.0,GASA,GD,Y,SBRKR,1327.0,0.0,0.0,1327.0,1,0,1,0,3,1,GD,7,TYP,0,NA,DETCHD,DETCHD,2,624.0,DETCHD,DETCHD,Y,0.0,0.0,0.0,0.0,0.0,NA,NA,0,7,2007,WD,NORMAL,150750,True,False
134,20,RL,0.0,6853.0,PAVE,NA,IR1,LVL,ALLPUB,INSIDE,GTL,TIMBER,NORM,NORM,1FAM,1STORY,8,5,2001,2002,GABLE,COMPSHG,VINYLSD,VINYLSD,BRKFACE,136.0,GD,TA,PCONC,EX,TA,EX,GLQ,1005.0,TA,0.0,262.0,1267.0,GASA,EX,Y,SBRKR,1296.0,0.0,0.0,1296.0,1,0,2,0,2,1,GD,6,TYP,0,NA,ATTCHD,ATTCHD,2,471.0,ATTCHD,ATTCHD,Y,192.0,25.0,0.0,0.0,0.0,NA,NA,0,6,2009,WD,NORMAL,220000,True,False
135,20,RL,78.0,10335.0,PAVE,NA,IR1,LVL,ALLPUB,INSIDE,GTL,SAWYER,NORM,NORM,1FAM,1STORY,5,6,1968,1993,GABLE,COMPSHG,PLYWOOD,PLYWOOD,None,0.0,TA,TA,CBLOCK,TA,TA,TA,REC,570.0,TA,0.0,891.0,1461.0,GASA,GD,Y,SBRKR,1721.0,0.0,0.0,1721.0,0,0,2,1,3,1,TA,7,MIN1,1,TA,ATTCHD,ATTCHD,2,440.0,ATTCHD,ATTCHD,Y,0.0,96.0,180.0,0.0,0.0,NA,NA,0,7,2006,WD,NORMAL,180000,True,False
136,20,RL,80.0,10400.0,PAVE,NA,REG,LVL,ALLPUB,INSIDE,GTL,NWAMES,NORM,NORM,1FAM,1STORY,7,6,1970,1970,HIP,COMPSHG,PLYWOOD,PLYWOOD,BRKFACE,288.0,TA,TA,PCONC,TA,TA,TA,UNF,0.0,TA,0.0,1304.0,1304.0,GASA,GD,Y,SBRKR,1682.0,0.0,0.0,1682.0,0,0,2,0,3,1,TA,7,TYP,1,GD,ATTCHD,ATTCHD,2,530.0,ATTCHD,ATTCHD,Y,98.0,0.0,0.0,0.0,0.0,NA,NA,0,5,2008,WD,NORMAL,174000,True,False
137,20,RL,0.0,10355.0,PAVE,NA,IR1,LVL,ALLPUB,CORNER,GTL,NAMES,NORM,NORM,1FAM,1STORY,5,5,1967,1967,GABLE,COMPSHG,METALSD,METALSD,BRKFACE,196.0,TA,TA,CBLOCK,TA,TA,TA,BLQ,695.0,TA,0.0,519.0,1214.0,GASA,TA,Y,SBRKR,1214.0,0.0,0.0,1214.0,0,0,2,0,3,1,TA,5,TYP,1,FA,ATTCHD,ATTCHD,1,318.0,ATTCHD,ATTCHD,Y,0.0,111.0,0.0,0.0,0.0,NA,NA,0,7,2007,WD,NORMAL,143000,True,False
138,90,RL,82.0,11070.0,PAVE,NA,REG,LVL,ALLPUB,INSIDE,GTL,MITCHEL,NORM,NORM,DUPLEX,1STORY,7,5,1988,1989,GABLE,COMPSHG,VINYLSD,VINYLSD,BRKFACE,70.0,TA,TA,CBLOCK,TA,TA,TA,UNF,0.0,TA,0.0,1907.0,1907.0,GASA,GD,Y,SBRKR,1959.0,0.0,0.0,1959.0,0,0,3,0,5,2,TA,9,TYP,0,NA,2TYPES,2TYPES,3,766.0,2TYPES,2TYPES,Y,0.0,0.0,0.0,0.0,0.0,NA,NA,0,7,2006,WD,FAMILY,171000,True,False
139,60,RL,73.0,9066.0,PAVE,NA,IR1,LVL,ALLPUB,INSIDE,GTL,COLLGCR,NORM,NORM,1FAM,2STORY,8,5,1999,2000,GABLE,COMPSHG,VINYLSD,VINYLSD,BRKFACE,320.0,GD,TA,PCONC,GD,TA,GD,GLQ,668.0,TA,0.0,336.0,1004.0,GASA,EX,Y,SBRKR,1004.0,848.0,0.0,1852.0,0,0,2,1,3,1,GD,7,TYP,2,TA,ATTCHD,ATTCHD,3,660.0,ATTCHD,ATTCHD,Y,224.0,106.0,0.0,0.0,0.0,NA,NA,0,12,2008,WD,NORMAL,230000,True,False
140,60,RL,65.0,15426.0,PAVE,NA,IR1,LVL,ALLPUB,INSIDE,GTL,COLLGCR,NORM,NORM,1FAM,2STORY,6,5,1997,1997,GABLE,COMPSHG,VINYLSD,VINYLSD,None,0.0,TA,TA,PCONC,GD,TA,GD,GLQ,821.0,TA,0.0,107.0,928.0,GASA,EX,Y,SBRKR,928.0,836.0,0.0,1764.0,1,0,2,1,3,1,GD,7,TYP,0,NA,ATTCHD,ATTCHD,2,470.0,ATTCHD,ATTCHD,Y,276.0,99.0,0.0,0.0,0.0,NA,NA,0,8,2009,WD,NORMAL,231500,True,False
141,20,RL,70.0,10500.0,PAVE,NA,REG,LVL,ALLPUB,FR2,GTL,NAMES,NORM,NORM,1FAM,1STORY,4,5,1971,1971,GABLE,COMPSHG,HDBOARD,HDBOARD,None,0.0,TA,TA,CBLOCK,TA,TA,TA,ALQ,432.0,TA,0.0,432.0,864.0,GASA,TA,Y,SBRKR,864.0,0.0,0.0,864.0,0,0,1,0,3,1,TA,5,TYP,1,PO,NA,NA,0,0.0,NA,NA,Y,0.0,0.0,0.0,0.0,0.0,NA,NA,0,4,2010,CONLI,NORMAL,115000,False,False
142,20,RL,78.0,11645.0,PAVE,NA,REG,LVL,ALLPUB,INSIDE,GTL,COLLGCR,NORM,NORM,1FAM,1STORY,7,5,2005,2005,GABLE,COMPSHG,VINYLSD,VINYLSD,None,0.0,GD,TA,PCONC,GD,TA,GD,GLQ,1300.0,TA,0.0,434.0,1734.0,GASA,EX,Y,SBRKR,1734.0,0.0,0.0,1734.0,1,0,2,0,3,1,GD,7,TYP,0,NA,ATTCHD,ATTCHD,2,660.0,ATTCHD,ATTCHD,Y,160.0,24.0,0.0,0.0,0.0,NA,NA,0,1,2006,WD,NORMAL,260000,True,False
143,50,RL,71.0,8520.0,PAVE,NA,REG,LVL,ALLPUB,CORNER,GTL,NAMES,ARTERY,NORM,1FAM,1.5FIN,5,4,1952,1952,GABLE,COMPSHG,BRKFACE,WD SDNG,None,0.0,TA,FA,CBLOCK,TA,TA,TA,REC,507.0,TA,0.0,403.0,910.0,GASA,FA,Y,SBRKR,910.0,475.0,0.0,1385.0,0,0,2,0,4,1,TA,6,TYP,0,NA,DETCHD,DETCHD,2,720.0,DETCHD,DETCHD,Y,0.0,0.0,0.0,0.0,0.0,NA,NA,0,6,2010,WD,NORMAL,166000,True,False
144,20,RL,78.0,10335.0,PAVE,NA,IR1,LVL,ALLPUB,INSIDE,GTL,COLLGCR,NORM,NORM,1FAM,1STORY,7,5,1999,1999,GABLE,COMPSHG,VINYLSD,VINYLSD,BRKFACE,183.0,GD,TA,PCONC,GD,TA,GD,GLQ,679.0,TA,0.0,811.0,1490.0,GASA,EX,Y,SBRKR,1501.0,0.0,0.0,1501.0,1,0,2,0,3,1,GD,6,TYP,0,NA,ATTCHD,ATTCHD,2,577.0,ATTCHD,ATTCHD,Y,144.0,29.0,0.0,0.0,0.0,NA,NA,0,6,2009,WD,NORMAL,204000,True,False
145,90,RM,70.0,9100.0,PAVE,NA,REG,LVL,ALLPUB,INSIDE,GTL,SAWYER,RRAE,NORM,DUPLEX,1STORY,5,5,1963,1963,GABLE,COMPSHG,HDBOARD,HDBOARD,BRKFACE,336.0,TA,TA,CBLOCK,TA,TA,TA,REC,1332.0,TA,0.0,396.0,1728.0,GASA,TA,Y,SBRKR,1728.0,0.0,0.0,1728.0,1,0,2,0,6,2,TA,10,TYP,0,NA,DETCHD,DETCHD,2,504.0,DETCHD,DETCHD,Y,0.0,0.0,0.0,0.0,0.0,NA,NA,0,11,2006,CONLI,ABNORML,125000,True,False
146,160,RM,24.0,2522.0,PAVE,NA,REG,LVL,ALLPUB,INSIDE,GTL,EDWARDS,NORM,NORM,TWNHS,2STORY,6,5,2004,2006,GABLE,COMPSHG,VINYLSD,VINYLSD,STONE,50.0,GD,TA,PCONC,GD,TA,GD,UNF,0.0,TA,0.0,970.0,970.0,GASA,EX,Y,SBRKR,970.0,739.0,0.0,1709.0,0,0,2,0,3,1,GD,7,MAJ1,0,NA,DETCHD,DETCHD,2,380.0,DETCHD,DETCHD,Y,0.0,40.0,0.0,0.0,0.0,NA,NA,0,4,2006,WD,NORMAL,130000,True,False
147,30,RM,51.0,6120.0,PAVE,NA,REG,LVL,ALLPUB,CORNER,GTL,BRKSIDE,NORM,NORM,1FAM,1STORY,5,7,1931,1993,GABLE,COMPSHG,WD SDNG,WD SDNG,None,0.0,TA,TA,BRKTIL,TA,TA,TA,BLQ,209.0,TA,0.0,506.0,715.0,GASA,TA,Y,FUSEA,875.0,0.0,0.0,875.0,1,0,1,0,2,1,TA,5,TYP,0,NA,DETCHD,DETCHD,1,180.0,DETCHD,DETCHD,Y,48.0,0.0,0.0,0.0,0.0,NA,NA,0,11,2009,WD,NORMAL,105000,True,False
148,60,RL,0.0,9505.0,PAVE,NA,IR1,LVL,ALLPUB,CULDSAC,GTL,GILBERT,NORM,NORM,1FAM,2STORY,7,5,2001,2001,GABLE,COMPSHG,VINYLSD,VINYLSD,BRKFACE,180.0,GD,TA,PCONC,GD,TA,GD,UNF,0.0,TA,0.0,884.0,884.0,GASA,EX,Y,SBRKR,884.0,1151.0,0.0,2035.0,0,0,2,1,3,1,GD,8,TYP,1,GD,BUILTIN,BUILTIN,2,434.0,BUILTIN,BUILTIN,Y,144.0,48.0,0.0,0.0,0.0,NA,NA,0,5,2010,WD,NORMAL,222500,True,False
149,20,RL,63.0,7500.0,PAVE,NA,REG,LVL,ALLPUB,INSIDE,GTL,SAWYERW,NORM,NORM,1FAM,1STORY,7,5,2004,2005,GABLE,COMPSHG,VINYLSD,VINYLSD,BRKFACE,120.0,TA,TA,PCONC,GD,TA,GD,GLQ,680.0,TA,0.0,400.0,1080.0,GASA,EX,Y,SBRKR,1080.0,0.0,0.0,1080.0,1,0,1,0,3,1,GD,6,TYP,0,NA,NA,NA,0,0.0,NA,NA,Y,0.0,0.0,0.0,0.0,0.0,NA,NA,0,4,2008,WD,NORMAL,141000,False,False
150,50,RM,0.0,6240.0,PAVE,NA,REG,LVL,ALLPUB,INSIDE,GTL,BRKSIDE,NORM,NORM,1FAM,1.5FIN,5,4,1936,1950,GABLE,COMPSHG,METALSD,METALSD,None,0.0,TA,TA,BRKTIL,GD,TA,GD,UNF,0.0,TA,0.0,896.0,896.0,GASA,GD,Y,FUSEA,896.0,448.0,0.0,1344.0,0,0,1,0,3,1,TA,7,TYP,0,NA,DETCHD,DETCHD,1,240.0,DETCHD,DETCHD,Y,200.0,114.0,0.0,0.0,0.0,NA,NA,0,4,2006,WD,NORMAL,115000,True,False
151,20,RL,120.0,10356.0,PAVE,NA,REG,LVL,ALLPUB,CORNER,GTL,COLLGCR,NORM,NORM,1FAM,1STORY,5,6,1975,1975,GABLE,COMPSHG,HDBOARD,HDBOARD,None,0.0,TA,TA,CBLOCK,TA,TA,TA,BLQ,716.0,TA,0.0,253.0,969.0,GASA,TA,Y,SBRKR,969.0,0.0,0.0,969.0,0,0,1,1,3,1,TA,5,TYP,0,NA,ATTCHD,ATTCHD,2,440.0,ATTCHD,ATTCHD,Y,0.0,0.0,0.0,0.0,0.0,NA,NA,0,1,2007,WD,NORMAL,122000,True,False
152,20,RL,107.0,13891.0,PAVE,NA,REG,LVL,ALLPUB,INSIDE,GTL,NRIDGHT,NORM,NORM,1FAM,1STORY,8,5,2007,2008,HIP,COMPSHG,VINYLSD,VINYLSD,STONE,436.0,GD,TA,PCONC,EX,TA,EX,GLQ,1400.0,TA,0.0,310.0,1710.0,GASA,EX,Y,SBRKR,1710.0,0.0,0.0,1710.0,1,0,2,0,2,1,GD,6,TYP,1,GD,ATTCHD,ATTCHD,3,866.0,ATTCHD,ATTCHD,Y,0.0,102.0,0.0,0.0,0.0,NA,NA,0,1,2008,NEW,PARTIAL,372402,True,False
153,60,RL,0.0,14803.0,PAVE,NA,IR1,LVL,ALLPUB,CULDSAC,GTL,NWAMES,NORM,NORM,1FAM,2STORY,6,5,1971,1971,GABLE,COMPSHG,HDBOARD,HDBOARD,BRKFACE,252.0,TA,TA,CBLOCK,TA,TA,TA,REC,416.0,TA,0.0,409.0,825.0,GASA,GD,Y,SBRKR,1097.0,896.0,0.0,1993.0,0,0,2,1,4,1,TA,8,TYP,1,GD,ATTCHD,ATTCHD,2,495.0,ATTCHD,ATTCHD,Y,0.0,66.0,0.0,0.0,0.0,NA,NA,0,6,2006,WD,NORMAL,190000,True,False
154,20,RL,0.0,13500.0,PAVE,NA,REG,LVL,ALLPUB,INSIDE,GTL,CLEARCR,NORM,NORM,1FAM,1STORY,6,7,1960,1975,FLAT,COMPSHG,BRKFACE,PLYWOOD,None,0.0,TA,TA,CBLOCK,GD,TA,GD,BLQ,429.0,TA,1080.0,93.0,1602.0,GASA,GD,Y,SBRKR,1252.0,0.0,0.0,1252.0,1,0,1,0,1,1,TA,4,TYP,1,GD,ATTCHD,ATTCHD,2,564.0,ATTCHD,ATTCHD,Y,409.0,0.0,0.0,0.0,0.0,NA,NA,0,3,2008,WD,NORMAL,235000,True,False
155,30,RM,84.0,11340.0,PAVE,NA,REG,LVL,ALLPUB,CORNER,GTL,OLDTOWN,NORM,NORM,1FAM,1STORY,6,5,1923,1950,GABLE,COMPSHG,WD SDNG,WD SDNG,None,0.0,TA,TA,BRKTIL,TA,TA,TA,UNF,0.0,TA,0.0,1200.0,1200.0,GASA,TA,Y,FUSEA,1200.0,0.0,0.0,1200.0,0,0,1,0,4,1,TA,7,TYP,0,NA,DETCHD,DETCHD,1,312.0,DETCHD,DETCHD,Y,0.0,0.0,228.0,0.0,0.0,NA,NA,0,3,2006,WD,FAMILY,125000,True,False
156,50,RL,60.0,9600.0,PAVE,NA,REG,LVL,ALLPUB,CORNER,GTL,EDWARDS,ARTERY,NORM,1FAM,1.5FIN,6,5,1924,1950,GABLE,COMPSHG,WD SDNG,WD SDNG,None,0.0,TA,TA,BRKTIL,TA,TA,TA,UNF,0.0,TA,0.0,572.0,572.0,GRAV,FA,N,FUSEF,572.0,524.0,0.0,1096.0,0,0,1,0,2,1,TA,5,TYP,0,NA,NA,NA,0,0.0,NA,NA,N,0.0,8.0,128.0,0.0,0.0,NA,NA,0,4,2008,WD,NORMAL,79000,False,False
157,20,RL,60.0,7200.0,PAVE,NA,REG,LVL,ALLPUB,INSIDE,GTL,NAMES,NORM,NORM,1FAM,1STORY,5,7,1950,1950,HIP,COMPSHG,WD SDNG,WD SDNG,None,0.0,TA,TA,CBLOCK,NA,NA,NA,NA,0.0,NA,0.0,0.0,0.0,GASA,TA,Y,FUSEF,1040.0,0.0,0.0,1040.0,0,0,1,0,2,1,TA,5,TYP,0,NA,DETCHD,DETCHD,2,625.0,DETCHD,DETCHD,Y,0.0,0.0,0.0,0.0,0.0,NA,NA,0,6,2006,WD,NORMAL,109500,True,False
158,60,RL,92.0,12003.0,PAVE,NA,REG,LVL,ALLPUB,CORNER,GTL,TIMBER,NORM,NORM,1FAM,2STORY,8,5,2009,2010,GABLE,COMPSHG,VINYLSD,VINYLSD,BRKFACE,84.0,GD,TA,PCONC,EX,TA,EX,UNF,0.0,TA,0.0,774.0,774.0,GASA,EX,Y,SBRKR,774.0,1194.0,0.0,1968.0,0,0,2,1,4,1,EX,8,TYP,1,GD,BUILTIN,BUILTIN,3,680.0,BUILTIN,BUILTIN,Y,0.0,75.0,0.0,0.0,0.0,NA,NA,0,5,2010,NEW,PARTIAL,269500,True,False
159,60,FV,100.0,12552.0,PAVE,NA,REG,LVL,ALLPUB,CORNER,GTL,SOMERST,NORM,NORM,1FAM,2STORY,7,5,2004,2005,GABLE,COMPSHG,VINYLSD,VINYLSD,None,0.0,GD,TA,PCONC,GD,TA,GD,GLQ,222.0,TA,0.0,769.0,991.0,GASA,EX,Y,SBRKR,991.0,956.0,0.0,1947.0,0,0,2,1,3,1,GD,8,TYP,1,GD,ATTCHD,ATTCHD,2,678.0,ATTCHD,ATTCHD,Y,0.0,136.0,0.0,0.0,0.0,NA,NA,0,5,2010,WD,NORMAL,254900,True,False
160,60,RL,134.0,19378.0,PAVE,NA,IR1,HLS,ALLPUB,CORNER,GTL,GILBERT,NORM,NORM,1FAM,2STORY,7,5,2005,2006,GABLE,COMPSHG,VINYLSD,VINYLSD,BRKFACE,456.0,GD,TA,PCONC,GD,TA,GD,GLQ,57.0,TA,0.0,1335.0,1392.0,GASA,EX,Y,SBRKR,1392.0,1070.0,0.0,2462.0,1,0,2,1,4,1,GD,9,TYP,1,GD,ATTCHD,ATTCHD,2,576.0,ATTCHD,ATTCHD,Y,239.0,132.0,0.0,168.0,0.0,NA,NA,0,3,2006,NEW,PARTIAL,320000,True,False
161,20,RL,0.0,11120.0,PAVE,NA,IR1,LVL,ALLPUB,CULDSAC,GTL,VEENKER,NORM,NORM,1FAM,1STORY,6,6,1984,1984,GABLE,COMPSHG,PLYWOOD,PLYWOOD,None,0.0,TA,TA,PCONC,GD,TA,GD,BLQ,660.0,TA,0.0,572.0,1232.0,GASA,TA,Y,SBRKR,1232.0,0.0,0.0,1232.0,0,0,2,0,3,1,TA,6,TYP,0,NA,ATTCHD,ATTCHD,2,516.0,ATTCHD,ATTCHD,Y,0.0,0.0,0.0,0.0,0.0,NA,NA,0,6,2008,WD,NORMAL,162500,True,False
162,60,RL,110.0,13688.0,PAVE,NA,IR1,LVL,ALLPUB,INSIDE,GTL,NRIDGHT,NORM,NORM,1FAM,2STORY,9,5,2003,2004,GABLE,COMPSHG,VINYLSD,VINYLSD,BRKFACE,664.0,GD,TA,PCONC,EX,TA,EX,GLQ,1016.0,TA,0.0,556.0,1572.0,GASA,EX,Y,SBRKR,1572.0,1096.0,0.0,2668.0,1,0,2,1,3,1,EX,10,TYP,2,GD,BUILTIN,BUILTIN,3,726.0,BUILTIN,BUILTIN,Y,400.0,0.0,0.0,0.0,0.0,NA,NA,0,3,2008,WD,NORMAL,412500,True,False
163,20,RL,95.0,12182.0,PAVE,NA,REG,LVL,ALLPUB,CORNER,GTL,NRIDGHT,NORM,NORM,1FAM,1STORY,7,5,2005,2005,GABLE,COMPSHG,VINYLSD,VINYLSD,BRKFACE,226.0,GD,TA,PCONC,GD,TA,GD,BLQ,1201.0,TA,0.0,340.0,1541.0,GASA,EX,Y,SBRKR,1541.0,0.0,0.0,1541.0,0,0,2,0,3,1,GD,7,TYP,1,GD,ATTCHD,ATTCHD,2,532.0,ATTCHD,ATTCHD,Y,0.0,70.0,0.0,0.0,0.0,NA,NA,0,5,2010,NEW,PARTIAL,220000,True,False
164,45,RL,55.0,5500.0,PAVE,NA,REG,LVL,ALLPUB,INSIDE,GTL,OLDTOWN,NORM,NORM,1FAM,1.5UNF,4,6,1956,1956,GABLE,COMPSHG,METALSD,METALSD,None,0.0,TA,TA,CBLOCK,TA,TA,TA,UNF,0.0,TA,0.0,882.0,882.0,GASA,EX,Y,SBRKR,882.0,0.0,0.0,882.0,0,0,1,0,1,1,TA,4,TYP,0,NA,NA,NA,0,0.0,NA,NA,Y,0.0,0.0,0.0,0.0,0.0,NA,NA,0,4,2007,WD,NORMAL,103200,False,False
165,40,RM,40.0,5400.0,PAVE,NA,REG,LVL,ALLPUB,CORNER,GTL,OLDTOWN,NORM,NORM,1FAM,1STORY,6,7,1926,2004,GABLE,COMPSHG,METALSD,METALSD,None,0.0,TA,GD,BRKTIL,TA,TA,TA,LWQ,370.0,TA,0.0,779.0,1149.0,GASA,GD,Y,FUSEA,1149.0,467.0,0.0,1616.0,0,0,2,0,3,1,GD,5,TYP,0,NA,DETCHD,DETCHD,1,216.0,DETCHD,DETCHD,Y,0.0,0.0,183.0,0.0,0.0,NA,NA,0,10,2007,WD,NORMAL,152000,True,False
166,190,RL,62.0,10106.0,PAVE,NA,REG,LVL,ALLPUB,INSIDE,GTL,EDWARDS,NORM,NORM,2FMCON,1.5FIN,5,7,1940,1999,GABLE,COMPSHG,WD SDNG,WD SDNG,None,0.0,TA,GD,BRKTIL,TA,TA,TA,ALQ,351.0,TA,181.0,112.0,644.0,GASA,GD,Y,SBRKR,808.0,547.0,0.0,1355.0,1,0,2,0,4,2,TA,6,TYP,0,NA,NA,NA,0,0.0,NA,NA,Y,140.0,0.0,0.0,0.0,0.0,NA,NA,0,9,2008,WD,NORMAL,127500,False,False
167,20,RL,0.0,10708.0,PAVE,NA,IR1,LVL,ALLPUB,INSIDE,GTL,CLEARCR,NORM,NORM,1FAM,1STORY,5,5,1955,1993,HIP,COMPSHG,WD SDNG,WD SDNG,None,0.0,GD,TA,CBLOCK,TA,TA,TA,LWQ,379.0,TA,768.0,470.0,1617.0,GASA,EX,Y,FUSEA,1867.0,0.0,0.0,1867.0,1,0,1,0,2,1,TA,7,TYP,3,GD,ATTCHD,ATTCHD,1,303.0,ATTCHD,ATTCHD,Y,476.0,0.0,0.0,0.0,142.0,NA,NA,0,11,2009,COD,NORMAL,190000,True,False
168,60,RL,86.0,10562.0,PAVE,NA,REG,LVL,ALLPUB,INSIDE,GTL,NRIDGHT,NORM,NORM,1FAM,2STORY,8,5,2007,2007,GABLE,COMPSHG,VINYLSD,VINYLSD,STONE,300.0,GD,TA,PCONC,EX,TA,EX,GLQ,1288.0,TA,0.0,294.0,1582.0,GASA,EX,Y,SBRKR,1610.0,551.0,0.0,2161.0,1,0,1,1,3,1,EX,8,TYP,1,GD,ATTCHD,ATTCHD,3,789.0,ATTCHD,ATTCHD,Y,178.0,120.0,0.0,0.0,0.0,NA,NA,0,11,2007,NEW,PARTIAL,325624,True,False
169,60,RL,62.0,8244.0,PAVE,NA,IR1,LVL,ALLPUB,INSIDE,GTL,GILBERT,NORM,NORM,1FAM,2STORY,7,5,2004,2004,GABLE,COMPSHG,VINYLSD,VINYLSD,None,0.0,GD,TA,PCONC,GD,TA,GD,UNF,0.0,TA,0.0,840.0,840.0,GASA,EX,Y,SBRKR,840.0,880.0,0.0,1720.0,0,0,2,1,3,1,GD,7,TYP,1,GD,ATTCHD,ATTCHD,2,440.0,ATTCHD,ATTCHD,Y,100.0,48.0,0.0,0.0,0.0,NA,NA,0,5,2007,WD,NORMAL,183500,True,False
170,20,RL,0.0,16669.0,PAVE,NA,IR1,LVL,ALLPUB,CORNER,GTL,TIMBER,NORM,NORM,1FAM,1STORY,8,6,1981,1981,HIP,WDSHAKE,PLYWOOD,PLYWOOD,BRKFACE,653.0,GD,TA,CBLOCK,GD,TA,GD,UNF,0.0,TA,0.0,1686.0,1686.0,GASA,TA,Y,SBRKR,1707.0,0.0,0.0,1707.0,0,0,2,1,2,1,TA,6,TYP,1,TA,ATTCHD,ATTCHD,2,511.0,ATTCHD,ATTCHD,Y,574.0,64.0,0.0,0.0,0.0,NA,NA,0,1,2006,WD,NORMAL,228000,True,False
171,50,RM,0.0,12358.0,PAVE,NA,IR1,LVL,ALLPUB,INSIDE,GTL,OLDTOWN,FEEDR,NORM,1FAM,1.5FIN,5,6,1941,1950,GABLE,COMPSHG,METALSD,METALSD,None,0.0,TA,TA,CBLOCK,TA,TA,TA,REC,360.0,TA,0.0,360.0,720.0,GASA,TA,Y,SBRKR,854.0,0.0,528.0,1382.0,0,0,1,1,2,1,TA,7,TYP,0,NA,DETCHD,DETCHD,2,660.0,DETCHD,DETCHD,Y,237.0,0.0,0.0,0.0,0.0,NA,NA,0,5,2007,WD,NORMAL,128500,True,False
172,20,RL,141.0,31770.0,PAVE,NA,IR1,LVL,ALLPUB,CORNER,GTL,NAMES,NORM,NORM,1FAM,1STORY,6,5,1960,1960,HIP,COMPSHG,BRKFACE,PLYWOOD,STONE,112.0,TA,TA,CBLOCK,TA,GD,TA,BLQ,639.0,GD,0.0,441.0,1080.0,GASA,FA,Y,SBRKR,1656.0,0.0,0.0,1656.0,1,0,1,0,3,1,TA,7,TYP,2,GD,ATTCHD,ATTCHD,2,528.0,ATTCHD,ATTCHD,P,210.0,62.0,0.0,0.0,0.0,NA,NA,0,5,2010,WD,NORMAL,215000,True,False
173,160,RL,44.0,5306.0,PAVE,NA,IR1,LVL,ALLPUB,INSIDE,GTL,STONEBR,NORM,NORM,TWNHSE,2STORY,7,7,1987,1987,GABLE,COMPSHG,HDBOARD,HDBOARD,None,0.0,GD,GD,PCONC,GD,GD,GD,GLQ,495.0,GD,215.0,354.0,1064.0,GASA,GD,Y,SBRKR,1064.0,703.0,0.0,1767.0,1,0,2,0,2,1,GD,5,TYP,1,TA,ATTCHD,ATTCHD,2,504.0,ATTCHD,ATTCHD,Y,441.0,35.0,0.0,0.0,0.0,NA,NA,0,6,2006,WD,NORMAL,239000,True,False
174,20,RL,80.0,10197.0,PAVE,NA,IR1,LVL,ALLPUB,INSIDE,GTL,NAMES,NORM,NORM,1FAM,1STORY,6,5,1961,1961,GABLE,COMPSHG,WDSHING,WD SHNG,BRKCMN,491.0,TA,TA,CBLOCK,TA,TA,TA,ALQ,288.0,TA,374.0,700.0,1362.0,GASA,TA,Y,SBRKR,1362.0,0.0,0.0,1362.0,1,0,1,1,3,1,TA,6,TYP,1,TA,ATTCHD,ATTCHD,2,504.0,ATTCHD,ATTCHD,Y,0.0,20.0,0.0,0.0,0.0,NA,NA,0,6,2008,COD,NORMAL,163000,True,False
175,20,RL,47.0,12416.0,PAVE,NA,IR1,LVL,ALLPUB,INSIDE,GTL,TIMBER,NORM,NORM,1FAM,1STORY,6,5,1986,1986,GABLE,COMPSHG,VINYLSD,PLYWOOD,STONE,132.0,TA,TA,CBLOCK,GD,FA,GD,ALQ,1398.0,FA,208.0,0.0,1606.0,GASA,TA,Y,SBRKR,1651.0,0.0,0.0,1651.0,1,0,2,0,3,1,TA,7,MIN2,1,TA,ATTCHD,ATTCHD,2,616.0,ATTCHD,ATTCHD,Y,192.0,0.0,0.0,0.0,0.0,NA,NA,0,11,2008,WD,NORMAL,184000,True,False
176,20,RL,84.0,12615.0,PAVE,NA,REG,LVL,ALLPUB,CORNER,GTL,EDWARDS,NORM,NORM,1FAM,1STORY,6,7,1950,2001,GABLE,COMPSHG,WDSHING,WD SHNG,None,0.0,TA,TA,CBLOCK,TA,GD,TA,ALQ,477.0,GD,0.0,725.0,1202.0,GASA,TA,Y,SBRKR,2158.0,0.0,0.0,2158.0,1,0,2,0,4,1,GD,7,TYP,1,GD,ATTCHD,ATTCHD,2,576.0,ATTCHD,ATTCHD,Y,0.0,29.0,39.0,0.0,0.0,NA,NA,0,6,2007,WD,NORMAL,243000,True,False
177,60,RL,97.0,10029.0,PAVE,NA,IR1,LVL,ALLPUB,CORNER,GTL,CLEARCR,NORM,NORM,1FAM,2STORY,6,5,1988,1989,GABLE,COMPSHG,PLYWOOD,PLYWOOD,BRKFACE,268.0,GD,TA,PCONC,GD,TA,GD,GLQ,831.0,TA,0.0,320.0,1151.0,GASA,TA,Y,SBRKR,1164.0,896.0,0.0,2060.0,0,1,2,1,4,1,TA,8,TYP,1,TA,ATTCHD,ATTCHD,2,521.0,ATTCHD,ATTCHD,Y,0.0,228.0,0.0,0.0,192.0,NA,NA,0,9,2007,WD,NORMAL,211000,True,False
178,50,RL,0.0,13650.0,PAVE,NA,REG,LVL,ALLPUB,INSIDE,GTL,SAWYER,NORM,NORM,1FAM,1.5FIN,5,5,1958,1958,GABLE,COMPSHG,METALSD,METALSD,None,0.0,GD,GD,CBLOCK,TA,TA,TA,ALQ,57.0,TA,441.0,554.0,1052.0,GASA,EX,Y,SBRKR,1252.0,668.0,0.0,1920.0,1,0,2,0,4,1,GD,8,TYP,1,GD,ATTCHD,ATTCHD,2,451.0,ATTCHD,ATTCHD,Y,0.0,0.0,0.0,0.0,0.0,NA,NA,0,7,2006,WD,NORMAL,172500,True,False
179,20,RL,63.0,17423.0,PAVE,NA,IR1,LVL,ALLPUB,CULDSAC,GTL,STONEBR,NORM,NORM,1FAM,1STORY,9,5,2008,2009,HIP,COMPSHG,VINYLSD,VINYLSD,STONE,748.0,EX,TA,PCONC,EX,TA,EX,GLQ,1904.0,TA,0.0,312.0,2216.0,GASA,EX,Y,SBRKR,2234.0,0.0,0.0,2234.0,1,0,2,0,1,1,EX,9,TYP,1,GD,ATTCHD,ATTCHD,3,1166.0,ATTCHD,ATTCHD,Y,0.0,60.0,0.0,0.0,0.0,NA,NA,0,7,2009,NEW,PARTIAL,501837,True,False
180,30,RM,60.0,8520.0,PAVE,NA,REG,LVL,ALLPUB,INSIDE,GTL,OLDTOWN,NORM,NORM,1FAM,1STORY,5,6,1923,2006,GABLE,COMPSHG,WD SDNG,WD SDNG,None,0.0,GD,TA,CBLOCK,TA,TA,TA,UNF,0.0,TA,0.0,968.0,968.0,GASA,TA,Y,SBRKR,968.0,0.0,0.0,968.0,0,0,1,0,2,1,TA,5,TYP,0,NA,DETCHD,DETCHD,2,480.0,DETCHD,DETCHD,N,0.0,0.0,184.0,0.0,0.0,NA,NA,0,7,2007,WD,NORMAL,100000,True,False
181,160,FV,0.0,2117.0,PAVE,NA,REG,LVL,ALLPUB,INSIDE,GTL,SOMERST,NORM,NORM,TWNHS,2STORY,6,5,2000,2000,GABLE,COMPSHG,METALSD,METALSD,BRKFACE,456.0,GD,TA,PCONC,GD,TA,GD,GLQ,436.0,TA,0.0,320.0,756.0,GASA,EX,Y,SBRKR,769.0,756.0,0.0,1525.0,0,0,2,1,3,1,GD,5,TYP,1,TA,DETCHD,DETCHD,2,440.0,DETCHD,DETCHD,Y,0.0,0.0,0.0,0.0,0.0,NA,NA,0,6,2007,WD,NORMAL,177000,True,False
182,70,RL,54.0,7588.0,PAVE,NA,REG,LVL,ALLPUB,INSIDE,GTL,CRAWFOR,NORM,NORM,1FAM,2STORY,7,6,1920,1950,GABLE,COMPSHG,STUCCO,STUCCO,None,0.0,TA,TA,BRKTIL,FA,TA,FA,LWQ,352.0,TA,0.0,441.0,793.0,GASA,GD,Y,SBRKR,901.0,901.0,0.0,1802.0,0,0,1,1,4,1,TA,9,TYP,1,GD,DETCHD,DETCHD,1,216.0,DETCHD,DETCHD,Y,0.0,0.0,40.0,0.0,0.0,NA,NA,0,7,2006,WD,NORMAL,200100,True,False
183,20,RL,60.0,9060.0,PAVE,NA,REG,LVL,ALLPUB,INSIDE,GTL,EDWARDS,ARTERY,NORM,1FAM,1STORY,5,6,1957,2006,HIP,COMPSHG,WD SDNG,WD SDNG,BRKFACE,98.0,TA,TA,PCONC,NA,NA,NA,NA,0.0,NA,0.0,0.0,0.0,GASA,EX,Y,SBRKR,1340.0,0.0,0.0,1340.0,0,0,1,0,3,1,TA,7,TYP,1,GD,ATTCHD,ATTCHD,1,252.0,ATTCHD,ATTCHD,Y,116.0,0.0,0.0,180.0,0.0,NA,NA,0,6,2007,WD,NORMAL,120000,True,False
184,50,RM,63.0,11426.0,PAVE,NA,REG,LVL,ALLPUB,INSIDE,GTL,OLDTOWN,NORM,NORM,1FAM,1.5FIN,7,5,2003,2003,GABLE,COMPSHG,VINYLSD,VINYLSD,None,0.0,TA,TA,PCONC,GD,TA,GD,UNF,0.0,TA,0.0,1362.0,1362.0,GASA,EX,Y,SBRKR,1362.0,720.0,0.0,2082.0,0,0,2,1,3,1,GD,6,MOD,0,NA,DETCHD,DETCHD,2,484.0,DETCHD,DETCHD,N,280.0,238.0,0.0,0.0,0.0,NA,NA,0,6,2008,WD,NORMAL,200000,True,False
185,50,RL,92.0,7438.0,PAVE,NA,IR1,LVL,ALLPUB,INSIDE,GTL,BRKSIDE,RRAN,FEEDR,1FAM,1.5FIN,5,8,1908,1991,GABLE,COMPSHG,ASBSHNG,PLYWOOD,None,0.0,TA,TA,PCONC,FA,TA,FA,UNF,0.0,TA,0.0,504.0,504.0,GASA,GD,Y,SBRKR,936.0,316.0,0.0,1252.0,0,0,1,0,3,1,TA,5,TYP,0,NA,ATTCHD,ATTCHD,2,576.0,ATTCHD,ATTCHD,Y,104.0,0.0,0.0,0.0,0.0,NA,NA,0,6,2006,WD,NORMAL,127000,True,False
186,75,RM,90.0,22950.0,PAVE,NA,IR2,LVL,ALLPUB,INSIDE,GTL,OLDTOWN,ARTERY,NORM,1FAM,2.5FIN,10,9,1892,1993,GABLE,WDSHNGL,WD SDNG,WD SDNG,None,0.0,GD,GD,BRKTIL,TA,TA,TA,UNF,0.0,TA,0.0,1107.0,1107.0,GASA,EX,Y,SBRKR,1518.0,1518.0,572.0,3608.0,0,0,2,1,4,1,EX,12,TYP,2,TA,DETCHD,DETCHD,3,840.0,DETCHD,DETCHD,Y,0.0,260.0,0.0,0.0,410.0,NA,NA,0,6,2006,WD,NORMAL,475000,True,False
187,80,RL,0.0,9947.0,PAVE,NA,IR1,LVL,ALLPUB,CULDSAC,GTL,MITCHEL,NORM,NORM,1FAM,SLVL,7,5,1990,1991,GABLE,COMPSHG,HDBOARD,HDBOARD,None,0.0,TA,TA,PCONC,GD,TA,GD,GLQ,611.0,TA,0.0,577.0,1188.0,GASA,EX,Y,SBRKR,1217.0,0.0,0.0,1217.0,1,0,2,0,3,1,GD,6,TYP,0,NA,ATTCHD,ATTCHD,2,497.0,ATTCHD,ATTCHD,Y,168.0,27.0,0.0,0.0,0.0,NA,NA,0,6,2009,WD,NORMAL,173000,True,False
188,50,RL,60.0,10410.0,PAVE,NA,REG,LVL,ALLPUB,INSIDE,GTL,OLDTOWN,NORM,NORM,1FAM,1.5FIN,5,7,1916,1987,GABLE,COMPSHG,HDBOARD,HDBOARD,None,0.0,TA,TA,CBLOCK,FA,TA,FA,UNF,0.0,TA,0.0,660.0,660.0,GASA,EX,Y,SBRKR,808.0,704.0,144.0,1656.0,0,0,2,1,3,1,TA,8,MIN2,0,NA,DETCHD,DETCHD,1,180.0,DETCHD,DETCHD,N,0.0,0.0,0.0,140.0,0.0,NA,NA,0,8,2009,WD,NORMAL,135000,True,False
189,90,RL,64.0,7018.0,PAVE,NA,REG,BNK,ALLPUB,INSIDE,GTL,SAWYERW,FEEDR,NORM,DUPLEX,SFOYER,5,5,1979,1979,GABLE,COMPSHG,PLYWOOD,PLYWOOD,STONE,275.0,TA,TA,CBLOCK,GD,TA,GD,GLQ,1086.0,TA,0.0,0.0,1086.0,GASA,TA,Y,SBRKR,1224.0,0.0,0.0,1224.0,2,0,0,2,2,2,TA,6,TYP,2,TA,DETCHD,DETCHD,2,528.0,DETCHD,DETCHD,Y,120.0,0.0,0.0,0.0,0.0,NA,NA,0,6,2009,WD,ALLOCA,153337,True,False
190,120,RL,41.0,4923.0,PAVE,NA,REG,LVL,ALLPUB,INSIDE,GTL,STONEBR,NORM,NORM,TWNHSE,1STORY,8,5,2001,2002,GABLE,COMPSHG,CEMNTBD,CMENTBD,None,0.0,GD,TA,PCONC,EX,TA,EX,GLQ,1153.0,TA,0.0,440.0,1593.0,GASA,EX,Y,SBRKR,1593.0,0.0,0.0,1593.0,1,0,1,1,0,1,EX,5,TYP,1,GD,ATTCHD,ATTCHD,2,682.0,ATTCHD,ATTCHD,Y,0.0,120.0,0.0,0.0,224.0,NA,NA,0,8,2008,WD,NORMAL,286000,True,False
191,70,RL,70.0,10570.0,PAVE,NA,REG,BNK,ALLPUB,INSIDE,MOD,CRAWFOR,NORM,NORM,1FAM,2STORY,8,8,1932,1994,HIP,COMPSHG,BRKFACE,BRKFACE,None,0.0,GD,TA,CBLOCK,GD,GD,GD,REC,297.0,GD,0.0,556.0,853.0,GASA,TA,Y,SBRKR,1549.0,1178.0,0.0,2727.0,0,0,2,1,3,1,GD,10,MAJ1,2,TA,DETCHD,DETCHD,2,440.0,DETCHD,DETCHD,Y,0.0,74.0,0.0,0.0,0.0,NA,NA,0,12,2007,WD,NORMAL,315000,True,False
192,60,RL,0.0,7472.0,PAVE,NA,IR1,LVL,ALLPUB,CULDSAC,GTL,NAMES,NORM,NORM,1FAM,2STORY,7,9,1972,2004,GABLE,COMPSHG,HDBOARD,HDBOARD,BRKFACE,138.0,TA,TA,CBLOCK,TA,TA,TA,ALQ,626.0,TA,0.0,99.0,725.0,GASA,GD,Y,SBRKR,725.0,754.0,0.0,1479.0,1,0,1,1,4,1,GD,7,TYP,0,NA,ATTCHD,ATTCHD,2,484.0,ATTCHD,ATTCHD,Y,0.0,32.0,0.0,0.0,0.0,NA,NA,0,6,2007,WD,NORMAL,184000,True,False
193,20,RL,68.0,9017.0,PAVE,NA,IR1,LVL,ALLPUB,INSIDE,GTL,COLLGCR,NORM,NORM,1FAM,1STORY,7,5,1999,1999,GABLE,COMPSHG,VINYLSD,VINYLSD,None,0.0,GD,TA,PCONC,GD,TA,GD,GLQ,560.0,TA,0.0,871.0,1431.0,GASA,EX,Y,SBRKR,1431.0,0.0,0.0,1431.0,1,0,2,0,3,1,GD,6,TYP,0,NA,ATTCHD,ATTCHD,2,666.0,ATTCHD,ATTCHD,Y,0.0,35.0,0.0,0.0,0.0,NA,NA,0,9,2009,WD,NORMAL,192000,True,False
194,160,RM,24.0,2522.0,PAVE,NA,REG,LVL,ALLPUB,INSIDE,GTL,EDWARDS,NORM,NORM,TWNHS,2STORY,7,5,2004,2004,GABLE,COMPSHG,VINYLSD,VINYLSD,STONE,50.0,GD,TA,PCONC,GD,TA,GD,UNF,0.0,TA,0.0,970.0,970.0,GASA,EX,Y,SBRKR,970.0,739.0,0.0,1709.0,0,0,2,0,3,1,GD,7,MAJ1,0,NA,DETCHD,DETCHD,2,380.0,DETCHD,DETCHD,Y,0.0,40.0,0.0,0.0,0.0,NA,NA,0,5,2006,WD,NORMAL,130000,True,False
195,20,RL,60.0,7180.0,PAVE,NA,IR1,LVL,ALLPUB,INSIDE,GTL,COLLGCR,NORM,NORM,1FAM,1STORY,5,7,1972,1972,HIP,COMPSHG,HDBOARD,HDBOARD,None,0.0,TA,TA,CBLOCK,TA,TA,TA,ALQ,390.0,TA,0.0,474.0,864.0,GASA,TA,Y,SBRKR,864.0,0.0,0.0,864.0,0,0,1,0,3,1,TA,5,TYP,0,NA,DETCHD,DETCHD,1,352.0,DETCHD,DETCHD,Y,0.0,0.0,0.0,0.0,0.0,NA,NA,0,5,2008,WD,NORMAL,127000,True,False
196,160,RL,24.0,2280.0,PAVE,NA,REG,LVL,ALLPUB,FR2,GTL,NPKVILL,NORM,NORM,TWNHS,2STORY,6,6,1976,1976,GABLE,COMPSHG,PLYWOOD,BRK CMN,None,0.0,TA,TA,CBLOCK,GD,TA,GD,ALQ,566.0,TA,0.0,289.0,855.0,GASA,TA,Y,SBRKR,855.0,601.0,0.0,1456.0,0,0,2,1,3,1,TA,7,TYP,1,TA,ATTCHD,ATTCHD,2,440.0,ATTCHD,ATTCHD,Y,87.0,0.0,0.0,0.0,0.0,NA,NA,0,7,2009,WD,NORMAL,148500,True,False
197,20,RL,79.0,9416.0,PAVE,NA,REG,LVL,ALLPUB,INSIDE,GTL,SOMERST,NORM,NORM,1FAM,1STORY,7,5,2007,2007,HIP,COMPSHG,CEMNTBD,CMENTBD,STONE,205.0,EX,TA,PCONC,EX,TA,EX,GLQ,1126.0,TA,0.0,600.0,1726.0,GASA,EX,Y,SBRKR,1726.0,0.0,0.0,1726.0,1,0,2,0,3,1,EX,8,TYP,1,GD,ATTCHD,ATTCHD,3,786.0,ATTCHD,ATTCHD,Y,171.0,138.0,0.0,0.0,266.0,NA,NA,0,9,2007,NEW,PARTIAL,311872,True,False
198,75,RL,174.0,25419.0,PAVE,NA,REG,LVL,ALLPUB,CORNER,GTL,NAMES,ARTERY,NORM,1FAM,2STORY,8,4,1918,1990,GABLE,COMPSHG,STUCCO,STUCCO,None,0.0,GD,GD,PCONC,TA,TA,TA,GLQ,1036.0,TA,184.0,140.0,1360.0,GASA,GD,Y,SBRKR,1360.0,1360.0,392.0,3112.0,1,1,2,0,4,1,GD,8,TYP,1,EX,DETCHD,DETCHD,2,795.0,DETCHD,DETCHD,Y,0.0,16.0,552.0,0.0,0.0,NA,NA,0,3,2006,WD,ABNORML,235000,True,True
199,75,RM,92.0,5520.0,PAVE,NA,REG,LVL,ALLPUB,CORNER,GTL,OLDTOWN,NORM,NORM,1FAM,2.5FIN,6,6,1912,1950,GABLE,COMPSHG,WD SDNG,WD SDNG,None,0.0,TA,TA,CBLOCK,TA,TA,TA,UNF,0.0,TA,0.0,755.0,755.0,GASA,EX,Y,SBRKR,929.0,929.0,371.0,2229.0,0,0,1,0,5,1,TA,8,TYP,0,NA,NA,NA,0,0.0,NA,NA,Y,0.0,198.0,30.0,0.0,0.0,NA,NA,0,7,2009,WD,ABNORML,104000,False,False
200,20,RL,76.0,9591.0,PAVE,NA,REG,LVL,ALLPUB,INSIDE,GTL,NRIDGHT,NORM,NORM,1FAM,1STORY,8,5,2004,2005,HIP,COMPSHG,VINYLSD,VINYLSD,BRKFACE,262.0,GD,TA,PCONC,EX,TA,EX,GLQ,1088.0,TA,0.0,625.0,1713.0,GASA,EX,Y,SBRKR,1713.0,0.0,0.0,1713.0,1,0,2,0,3,1,EX,7,TYP,1,GD,ATTCHD,ATTCHD,3,856.0,ATTCHD,ATTCHD,Y,0.0,26.0,0.0,0.0,170.0,NA,NA,0,1,2009,WD,NORMAL,274900,True,False
201,20,RM,80.0,8546.0,PAVE,NA,REG,LVL,ALLPUB,CORNER,GTL,EDWARDS,NORM,NORM,1FAM,1STORY,4,5,2003,2004,GABLE,COMPSHG,VINYLSD,VINYLSD,None,0.0,TA,TA,PCONC,GD,TA,GD,UNF,0.0,TA,0.0,1121.0,1121.0,GASA,EX,Y,SBRKR,1121.0,0.0,0.0,1121.0,0,0,2,0,2,1,TA,5,TYP,0,NA,ATTCHD,ATTCHD,2,440.0,ATTCHD,ATTCHD,Y,132.0,64.0,0.0,0.0,0.0,NA,NA,0,3,2010,WD,NORMAL,140000,True,False
202,20,RL,75.0,10125.0,PAVE,NA,REG,LVL,ALLPUB,INSIDE,GTL,MITCHEL,NORM,NORM,1FAM,1STORY,6,6,1977,1977,GABLE,COMPSHG,PLYWOOD,PLYWOOD,None,0.0,TA,TA,CBLOCK,TA,TA,TA,ALQ,641.0,TA,279.0,276.0,1196.0,GASA,TA,Y,SBRKR,1279.0,0.0,0.0,1279.0,0,1,2,0,3,1,TA,6,TYP,2,FA,DETCHD,DETCHD,2,473.0,DETCHD,DETCHD,Y,238.0,83.0,0.0,0.0,0.0,NA,NA,0,2,2008,WD,NORMAL,171500,True,False
203,50,RL,50.0,7000.0,PAVE,NA,REG,LVL,ALLPUB,CORNER,GTL,OLDTOWN,ARTERY,NORM,1FAM,1.5FIN,6,6,1924,1950,GABLE,COMPSHG,METALSD,METALSD,None,0.0,TA,GD,BRKTIL,FA,TA,FA,LWQ,617.0,TA,0.0,0.0,617.0,GASA,GD,Y,SBRKR,865.0,445.0,0.0,1310.0,0,0,2,0,2,1,TA,6,MIN1,0,NA,ATTCHD,ATTCHD,1,398.0,ATTCHD,ATTCHD,Y,0.0,0.0,126.0,0.0,0.0,NA,NA,0,5,2006,COD,NORMAL,112000,True,False
204,120,RM,0.0,4438.0,PAVE,NA,REG,LVL,ALLPUB,INSIDE,GTL,COLLGCR,NORM,NORM,TWNHSE,1STORY,6,5,2004,2004,GABLE,COMPSHG,VINYLSD,VINYLSD,BRKFACE,205.0,GD,TA,PCONC,GD,TA,GD,GLQ,662.0,TA,0.0,186.0,848.0,GASA,EX,Y,SBRKR,848.0,0.0,0.0,848.0,1,0,1,0,1,1,GD,3,TYP,1,GD,ATTCHD,ATTCHD,2,420.0,ATTCHD,ATTCHD,Y,149.0,0.0,0.0,0.0,0.0,NA,NA,0,1,2008,WD,NORMAL,149000,True,False
205,50,RM,50.0,3500.0,PAVE,NA,REG,LVL,ALLPUB,INSIDE,GTL,OLDTOWN,NORM,NORM,1FAM,1.5FIN,5,7,1947,1950,GABLE,COMPSHG,ASBSHNG,ASBSHNG,None,0.0,TA,TA,CBLOCK,TA,TA,TA,LWQ,312.0,TA,0.0,408.0,720.0,GASA,TA,Y,SBRKR,720.0,564.0,0.0,1284.0,0,0,1,1,2,1,TA,5,TYP,0,NA,DETCHD,DETCHD,1,240.0,DETCHD,DETCHD,Y,0.0,35.0,0.0,0.0,0.0,NA,NA,0,4,2009,WD,NORMAL,110000,True,False
206,20,RL,99.0,11851.0,PAVE,NA,REG,LVL,ALLPUB,CORNER,GTL,GILBERT,NORM,NORM,1FAM,1STORY,7,5,1990,1990,GABLE,COMPSHG,HDBOARD,HDBOARD,None,0.0,TA,TA,PCONC,GD,TA,GD,UNF,0.0,TA,0.0,1424.0,1424.0,GASA,EX,Y,SBRKR,1442.0,0.0,0.0,1442.0,0,0,2,0,3,1,TA,5,TYP,0,NA,ATTCHD,ATTCHD,2,500.0,ATTCHD,ATTCHD,Y,0.0,34.0,0.0,508.0,0.0,NA,NA,0,5,2009,WD,NORMAL,180500,True,False
207,20,RL,40.0,13673.0,PAVE,NA,IR1,LVL,ALLPUB,CULDSAC,GTL,SAWYER,RRAE,NORM,1FAM,1STORY,5,5,1962,1962,GABLE,COMPSHG,HDBOARD,HDBOARD,None,0.0,TA,GD,CBLOCK,TA,TA,TA,UNF,0.0,TA,0.0,1140.0,1140.0,GASA,TA,Y,SBRKR,1696.0,0.0,0.0,1696.0,0,0,1,1,3,1,TA,8,MIN2,1,TA,ATTCHD,ATTCHD,1,349.0,ATTCHD,ATTCHD,Y,0.0,30.0,0.0,0.0,0.0,NA,NA,0,3,2007,WD,NORMAL,143900,True,False
208,20,RL,0.0,12493.0,PAVE,NA,IR1,LVL,ALLPUB,INSIDE,GTL,NAMES,NORM,NORM,1FAM,1STORY,4,5,1960,1960,GABLE,COMPSHG,WD SDNG,WD SDNG,None,0.0,TA,TA,PCONC,TA,TA,TA,ALQ,419.0,TA,306.0,375.0,1100.0,GASA,TA,Y,SBRKR,1100.0,0.0,0.0,1100.0,1,0,1,0,3,1,TA,6,TYP,1,PO,ATTCHD,ATTCHD,1,312.0,ATTCHD,ATTCHD,Y,355.0,0.0,0.0,0.0,0.0,NA,NA,0,4,2008,WD,NORMAL,141000,True,False
209,60,RL,0.0,14364.0,PAVE,NA,IR1,LOW,ALLPUB,INSIDE,MOD,SAWYERW,NORM,NORM,1FAM,2STORY,7,5,1988,1989,GABLE,COMPSHG,PLYWOOD,PLYWOOD,BRKFACE,128.0,GD,TA,CBLOCK,GD,TA,GD,GLQ,1065.0,TA,0.0,92.0,1157.0,GASA,EX,Y,SBRKR,1180.0,882.0,0.0,2062.0,1,0,2,1,3,1,TA,7,TYP,1,GD,ATTCHD,ATTCHD,2,454.0,ATTCHD,ATTCHD,Y,60.0,55.0,0.0,0.0,154.0,NA,NA,0,4,2007,WD,NORMAL,277000,True,False
210,20,RL,75.0,8250.0,PAVE,NA,REG,LVL,ALLPUB,INSIDE,GTL,NAMES,NORM,NORM,1FAM,1STORY,6,7,1964,1964,HIP,COMPSHG,HDBOARD,HDBOARD,STONE,260.0,TA,TA,CBLOCK,GD,TA,GD,REC,787.0,TA,0.0,305.0,1092.0,GASA,EX,Y,SBRKR,1092.0,0.0,0.0,1092.0,1,0,1,0,3,1,TA,6,TYP,0,NA,ATTCHD,ATTCHD,2,504.0,ATTCHD,ATTCHD,Y,0.0,0.0,0.0,0.0,0.0,NA,NA,0,7,2008,WD,NORMAL,145000,True,False
211,30,RL,67.0,5604.0,PAVE,NA,REG,LVL,ALLPUB,INSIDE,GTL,EDWARDS,NORM,NORM,1FAM,1STORY,5,6,1925,1950,GABLE,COMPSHG,STUCCO,STUCCO,None,0.0,TA,TA,CBLOCK,TA,TA,TA,REC,468.0,TA,0.0,396.0,864.0,GASA,TA,N,FUSEA,864.0,0.0,0.0,864.0,1,0,1,0,2,1,TA,5,TYP,0,NA,NA,NA,0,0.0,NA,NA,Y,0.0,0.0,96.0,0.0,0.0,NA,NA,0,4,2008,WD,NORMAL,98000,False,False
212,20,RL,83.0,10420.0,PAVE,NA,REG,LVL,ALLPUB,CORNER,GTL,EDWARDS,NORM,NORM,1FAM,1STORY,6,5,2009,2009,GABLE,COMPSHG,VINYLSD,VINYLSD,None,0.0,TA,TA,PCONC,GD,TA,GD,GLQ,36.0,TA,0.0,1176.0,1212.0,GASA,EX,Y,SBRKR,1212.0,0.0,0.0,1212.0,0,0,2,0,3,1,GD,6,TYP,0,NA,ATTCHD,ATTCHD,2,460.0,ATTCHD,ATTCHD,Y,100.0,22.0,0.0,0.0,0.0,NA,NA,0,3,2010,WD,NORMAL,186000,True,False
213,60,FV,72.0,8640.0,PAVE,NA,REG,LVL,ALLPUB,INSIDE,GTL,SOMERST,NORM,NORM,1FAM,2STORY,7,5,2009,2009,GABLE,COMPSHG,VINYLSD,VINYLSD,None,0.0,TA,TA,PCONC,GD,TA,GD,GLQ,822.0,TA,0.0,78.0,900.0,GASA,EX,Y,SBRKR,932.0,920.0,0.0,1852.0,1,0,2,1,3,1,GD,7,TYP,1,TA,ATTCHD,ATTCHD,2,644.0,ATTCHD,ATTCHD,Y,168.0,108.0,0.0,0.0,0.0,NA,NA,0,7,2009,NEW,PARTIAL,252678,True,False
214,20,RL,43.0,13568.0,PAVE,NA,IR2,LVL,ALLPUB,CULDSAC,GTL,COLLGCR,NORM,NORM,1FAM,1STORY,5,5,1995,1995,GABLE,COMPSHG,VINYLSD,VINYLSD,None,0.0,TA,TA,PCONC,GD,TA,GD,ALQ,716.0,TA,0.0,274.0,990.0,GASA,EX,Y,SBRKR,990.0,0.0,0.0,990.0,0,1,1,0,3,1,TA,5,TYP,0,NA,ATTCHD,ATTCHD,2,576.0,ATTCHD,ATTCHD,Y,224.0,0.0,0.0,0.0,0.0,NA,NA,0,7,2006,WD,NORMAL,156000,True,False
215,60,RL,0.0,10900.0,PAVE,SHED,IR1,LVL,ALLPUB,FR2,GTL,COLLGCR,NORM,NORM,1FAM,2STORY,6,7,1977,1977,GABLE,COMPSHG,HDBOARD,HDBOARD,BRKFACE,153.0,TA,TA,CBLOCK,GD,TA,GD,GLQ,378.0,TA,0.0,311.0,689.0,GASA,EX,Y,SBRKR,689.0,703.0,0.0,1392.0,0,0,1,1,3,1,TA,6,TYP,0,NA,ATTCHD,ATTCHD,1,299.0,ATTCHD,ATTCHD,Y,0.0,36.0,0.0,0.0,0.0,SHED,SHED,450,3,2010,WD,NORMAL,161750,True,False
216,20,RL,72.0,10011.0,PAVE,NA,IR1,LVL,ALLPUB,INSIDE,GTL,NAMES,NORM,NORM,1FAM,1STORY,5,6,1957,1996,GABLE,COMPSHG,HDBOARD,HDBOARD,BRKFACE,64.0,TA,TA,CBLOCK,TA,TA,TA,BLQ,360.0,TA,0.0,710.0,1070.0,GASA,TA,Y,SBRKR,1236.0,0.0,0.0,1236.0,0,1,1,0,2,1,GD,6,MIN1,1,FA,ATTCHD,ATTCHD,1,447.0,ATTCHD,ATTCHD,Y,0.0,0.0,0.0,0.0,0.0,NA,NA,0,5,2006,WD,NORMAL,134450,True,False
217,20,RL,65.0,8450.0,PAVE,NA,REG,LVL,ALLPUB,INSIDE,GTL,COLLGCR,NORM,NORM,1FAM,1STORY,7,5,2004,2004,GABLE,COMPSHG,VINYLSD,VINYLSD,BRKFACE,266.0,GD,TA,PCONC,GD,TA,GD,GLQ,946.0,TA,0.0,490.0,1436.0,GASA,EX,Y,SBRKR,1436.0,0.0,0.0,1436.0,1,0,2,0,3,1,GD,8,TYP,0,NA,ATTCHD,ATTCHD,2,484.0,ATTCHD,ATTCHD,Y,139.0,98.0,0.0,0.0,0.0,NA,NA,0,4,2008,WD,NORMAL,210000,True,False
218,70,RM,57.0,9906.0,PAVE,NA,REG,LVL,ALLPUB,INSIDE,GTL,OLDTOWN,NORM,NORM,1FAM,2STORY,4,4,1925,1950,GABLE,COMPSHG,METALSD,METALSD,None,0.0,TA,TA,CBLOCK,TA,TA,TA,UNF,0.0,TA,0.0,686.0,686.0,GASA,FA,N,SBRKR,810.0,518.0,0.0,1328.0,0,0,1,0,3,1,TA,8,TYP,0,NA,DETCHD,DETCHD,1,210.0,DETCHD,DETCHD,Y,0.0,172.0,60.0,0.0,0.0,NA,NA,0,9,2006,WD,FAMILY,107000,True,False
219,50,RL,0.0,15660.0,PAVE,NA,IR1,LVL,ALLPUB,CORNER,GTL,CRAWFOR,NORM,NORM,1FAM,1.5FIN,7,9,1939,2006,GABLE,COMPSHG,VINYLSD,VINYLSD,BRKFACE,312.0,GD,GD,CBLOCK,TA,TA,TA,BLQ,341.0,TA,0.0,457.0,798.0,GASA,EX,Y,SBRKR,1137.0,817.0,0.0,1954.0,0,1,1,1,3,1,GD,8,TYP,2,TA,ATTCHD,ATTCHD,2,431.0,ATTCHD,ATTCHD,Y,0.0,119.0,150.0,0.0,0.0,NA,NA,0,5,2008,WD,NORMAL,311500,True,False
220,120,RL,43.0,3010.0,PAVE,NA,REG,LVL,ALLPUB,INSIDE,GTL,BLMNGTN,NORM,NORM,TWNHSE,1STORY,7,5,2005,2006,GABLE,COMPSHG,VINYLSD,VINYLSD,BRKFACE,16.0,GD,TA,PCONC,GD,TA,GD,GLQ,16.0,TA,0.0,1232.0,1248.0,GASA,EX,Y,SBRKR,1248.0,0.0,0.0,1248.0,0,0,2,0,2,1,GD,5,TYP,0,NA,ATTCHD,ATTCHD,2,438.0,ATTCHD,ATTCHD,Y,108.0,0.0,0.0,0.0,0.0,NA,NA,0,3,2006,NEW,PARTIAL,167240,True,False
221,20,RL,73.0,8990.0,PAVE,NA,IR1,LVL,ALLPUB,INSIDE,GTL,COLLGCR,NORM,NORM,1FAM,1STORY,7,5,2006,2006,GABLE,COMPSHG,VINYLSD,VINYLSD,None,0.0,GD,TA,PCONC,GD,TA,GD,UNF,0.0,TA,0.0,1498.0,1498.0,GASA,EX,Y,SBRKR,1498.0,0.0,0.0,1498.0,0,0,2,0,2,1,GD,5,TYP,0,NA,ATTCHD,ATTCHD,2,675.0,ATTCHD,ATTCHD,Y,351.0,33.0,0.0,0.0,0.0,NA,NA,0,4,2006,NEW,PARTIAL,204900,True,False
222,60,RL,0.0,8068.0,PAVE,NA,IR1,LVL,ALLPUB,INSIDE,GTL,GILBERT,NORM,NORM,1FAM,2STORY,6,5,2002,2002,GABLE,COMPSHG,VINYLSD,VINYLSD,None,0.0,GD,TA,PCONC,GD,TA,GD,UNF,0.0,TA,0.0,1010.0,1010.0,GASA,EX,Y,SBRKR,1010.0,1257.0,0.0,2267.0,0,0,2,1,4,1,GD,8,TYP,1,TA,BUILTIN,BUILTIN,2,390.0,BUILTIN,BUILTIN,Y,120.0,46.0,0.0,0.0,0.0,NA,NA,0,12,2009,CONLI,NORMAL,200000,True,False
223,60,RL,85.0,11475.0,PAVE,NA,REG,LVL,ALLPUB,INSIDE,GTL,NWAMES,RRAN,NORM,1FAM,2STORY,6,6,1975,1975,GABLE,COMPSHG,VINYLSD,VINYLSD,None,0.0,TA,TA,CBLOCK,GD,TA,GD,ALQ,550.0,TA,0.0,163.0,713.0,GASA,TA,Y,SBRKR,811.0,741.0,0.0,1552.0,1,0,2,1,3,1,TA,6,TYP,1,TA,ATTCHD,ATTCHD,2,434.0,ATTCHD,ATTCHD,Y,209.0,208.0,0.0,0.0,0.0,NA,NA,0,2,2006,WD,NORMAL,179900,True,False
224,20,RL,70.0,10500.0,PAVE,NA,REG,LVL,ALLPUB,FR2,GTL,NAMES,NORM,NORM,1FAM,1STORY,4,6,1971,1971,GABLE,COMPSHG,HDBOARD,HDBOARD,None,0.0,TA,TA,CBLOCK,TA,TA,TA,ALQ,524.0,TA,180.0,160.0,864.0,GASA,GD,Y,SBRKR,864.0,0.0,0.0,864.0,0,0,1,0,2,1,TA,4,TYP,0,NA,DETCHD,DETCHD,2,576.0,DETCHD,DETCHD,Y,216.0,0.0,0.0,0.0,0.0,NA,NA,0,3,2009,WD,ABNORML,97000,True,False
225,20,RL,103.0,13472.0,PAVE,NA,REG,LVL,ALLPUB,INSIDE,GTL,NRIDGHT,NORM,NORM,1FAM,1STORY,10,5,2003,2003,HIP,COMPSHG,VINYLSD,VINYLSD,BRKFACE,922.0,EX,TA,PCONC,EX,TA,EX,GLQ,56.0,TA,0.0,2336.0,2392.0,GASA,EX,Y,SBRKR,2392.0,0.0,0.0,2392.0,0,0,2,0,3,1,EX,8,TYP,1,EX,ATTCHD,ATTCHD,3,968.0,ATTCHD,ATTCHD,Y,248.0,105.0,0.0,0.0,0.0,NA,NA,0,6,2009,WD,NORMAL,386250,True,False
226,160,RM,21.0,1680.0,PAVE,NA,REG,LVL,ALLPUB,INSIDE,GTL,BRDALE,NORM,NORM,TWNHS,2STORY,5,5,1971,1971,GABLE,COMPSHG,HDBOARD,HDBOARD,BRKFACE,142.0,TA,TA,CBLOCK,TA,TA,TA,UNF,0.0,TA,0.0,630.0,630.0,GASA,TA,Y,SBRKR,630.0,672.0,0.0,1302.0,0,0,2,1,3,1,TA,6,TYP,0,NA,DETCHD,DETCHD,1,280.0,DETCHD,DETCHD,Y,0.0,0.0,0.0,0.0,0.0,NA,NA,0,5,2009,COD,ABNORML,112000,True,False
227,60,RL,82.0,9950.0,PAVE,NA,IR1,LVL,ALLPUB,INSIDE,GTL,NORIDGE,NORM,NORM,1FAM,2STORY,7,5,1995,1995,GABLE,COMPSHG,VINYLSD,VINYLSD,BRKFACE,290.0,GD,TA,PCONC,GD,TA,GD,GLQ,565.0,TA,0.0,638.0,1203.0,GASA,EX,Y,SBRKR,1214.0,1306.0,0.0,2520.0,0,0,2,1,4,1,GD,9,TYP,1,TA,ATTCHD,ATTCHD,3,721.0,ATTCHD,ATTCHD,Y,224.0,114.0,0.0,0.0,0.0,NA,NA,0,6,2007,WD,ABNORML,290000,True,False
228,160,RM,21.0,1869.0,PAVE,NA,REG,LVL,ALLPUB,INSIDE,GTL,BRDALE,NORM,NORM,TWNHS,2STORY,6,6,1970,1970,GABLE,COMPSHG,HDBOARD,HDBOARD,BRKFACE,127.0,TA,TA,CBLOCK,TA,TA,TA,REC,321.0,TA,0.0,162.0,483.0,GASA,TA,Y,SBRKR,483.0,504.0,0.0,987.0,0,0,1,1,2,1,TA,5,TYP,0,NA,DETCHD,DETCHD,1,280.0,DETCHD,DETCHD,Y,0.0,0.0,0.0,0.0,0.0,NA,NA,0,9,2008,WD,NORMAL,106000,True,False
229,20,RL,70.0,8521.0,PAVE,NA,REG,LVL,ALLPUB,FR2,GTL,SAWYER,FEEDR,NORM,1FAM,1STORY,5,5,1967,1967,GABLE,COMPSHG,HDBOARD,HDBOARD,None,0.0,TA,TA,CBLOCK,TA,TA,TA,ALQ,842.0,TA,0.0,70.0,912.0,GASA,TA,Y,SBRKR,912.0,0.0,0.0,912.0,0,0,1,0,3,1,TA,5,TYP,1,FA,DETCHD,DETCHD,1,336.0,DETCHD,DETCHD,Y,0.0,0.0,0.0,0.0,0.0,NA,NA,0,5,2010,WD,NORMAL,125000,True,False
230,120,RL,43.0,3182.0,PAVE,NA,REG,LVL,ALLPUB,INSIDE,GTL,BLMNGTN,NORM,NORM,TWNHSE,1STORY,7,5,2005,2006,GABLE,COMPSHG,VINYLSD,VINYLSD,BRKFACE,16.0,GD,TA,PCONC,GD,TA,GD,GLQ,16.0,TA,0.0,1357.0,1373.0,GASA,EX,Y,SBRKR,1555.0,0.0,0.0,1555.0,0,0,2,0,2,1,GD,7,TYP,1,TA,ATTCHD,ATTCHD,2,430.0,ATTCHD,ATTCHD,Y,143.0,20.0,0.0,0.0,0.0,NA,NA,0,5,2009,WD,NORMAL,192500,True,False
231,20,RL,73.0,8760.0,PAVE,NA,REG,LVL,ALLPUB,INSIDE,GTL,NAMES,NORM,NORM,1FAM,1STORY,6,6,1959,1959,HIP,COMPSHG,METALSD,METALSD,BRKFACE,220.0,TA,TA,CBLOCK,TA,TA,TA,UNF,0.0,TA,0.0,1194.0,1194.0,GASA,TA,Y,SBRKR,1194.0,0.0,0.0,1194.0,1,0,1,0,3,1,TA,6,TYP,0,NA,ATTCHD,ATTCHD,1,312.0,ATTCHD,ATTCHD,Y,0.0,0.0,120.0,0.0,0.0,NA,NA,0,4,2010,WD,NORMAL,148000,True,False
232,60,RL,174.0,15138.0,PAVE,NA,IR1,LVL,ALLPUB,INSIDE,GTL,NORIDGE,NORM,NORM,1FAM,2STORY,8,5,1995,1996,GABLE,COMPSHG,VINYLSD,VINYLSD,BRKFACE,506.0,GD,TA,PCONC,GD,TA,GD,GLQ,689.0,TA,0.0,773.0,1462.0,GASA,EX,Y,SBRKR,1490.0,1304.0,0.0,2794.0,1,0,2,1,4,1,EX,9,TYP,1,TA,ATTCHD,ATTCHD,3,810.0,ATTCHD,ATTCHD,Y,0.0,146.0,202.0,0.0,0.0,NA,NA,0,7,2009,WD,NORMAL,403000,True,False
233,160,RM,21.0,1680.0,PAVE,NA,REG,LVL,ALLPUB,INSIDE,GTL,BRDALE,NORM,NORM,TWNHS,2STORY,6,5,1972,1972,GABLE,COMPSHG,HDBOARD,HDBOARD,BRKFACE,297.0,TA,TA,CBLOCK,TA,TA,TA,UNF,0.0,TA,0.0,483.0,483.0,GASA,TA,Y,SBRKR,483.0,504.0,0.0,987.0,0,0,1,1,2,1,TA,5,TYP,1,PO,ATTCHD,ATTCHD,1,288.0,ATTCHD,ATTCHD,Y,0.0,0.0,0.0,0.0,0.0,NA,NA,0,6,2006,WD,NORMAL,94500,True,False
234,20,RL,75.0,10650.0,PAVE,NA,REG,LVL,ALLPUB,CORNER,GTL,COLLGCR,NORM,NORM,1FAM,1STORY,5,6,1976,1976,GABLE,COMPSHG,HDBOARD,HDBOARD,None,0.0,TA,TA,CBLOCK,TA,GD,TA,LWQ,182.0,GD,712.0,0.0,894.0,GASA,TA,Y,SBRKR,894.0,0.0,0.0,894.0,1,0,1,0,3,1,TA,5,TYP,0,NA,ATTCHD,ATTCHD,1,308.0,ATTCHD,ATTCHD,Y,365.0,0.0,0.0,0.0,0.0,NA,NA,0,2,2010,WD,NORMAL,128200,True,False
236,160,RM,21.0,1680.0,PAVE,NA,REG,LVL,ALLPUB,INSIDE,GTL,BRDALE,NORM,NORM,TWNHSE,2STORY,6,3,1971,1971,GABLE,COMPSHG,HDBOARD,HDBOARD,BRKFACE,604.0,TA,TA,CBLOCK,TA,TA,TA,ALQ,358.0,TA,0.0,125.0,483.0,GASA,TA,Y,SBRKR,483.0,504.0,0.0,987.0,0,0,1,1,2,1,TA,5,TYP,0,NA,DETCHD,DETCHD,1,264.0,DETCHD,DETCHD,Y,0.0,0.0,0.0,0.0,0.0,NA,NA,0,8,2008,WD,NORMAL,89500,True,False
237,20,RL,65.0,8773.0,PAVE,NA,REG,LVL,ALLPUB,FR2,GTL,COLLGCR,NORM,NORM,1FAM,1STORY,7,5,2004,2004,GABLE,COMPSHG,VINYLSD,VINYLSD,BRKFACE,98.0,GD,TA,PCONC,GD,TA,GD,GLQ,24.0,TA,0.0,1390.0,1414.0,GASA,EX,Y,SBRKR,1414.0,0.0,0.0,1414.0,0,0,2,0,3,1,GD,6,TYP,0,NA,ATTCHD,ATTCHD,2,494.0,ATTCHD,ATTCHD,Y,132.0,105.0,0.0,0.0,0.0,NA,NA,0,5,2010,WD,NORMAL,185500,True,False
238,60,RL,0.0,9453.0,PAVE,NA,IR1,LVL,ALLPUB,CULDSAC,GTL,SAWYERW,RRNE,NORM,1FAM,2STORY,7,7,1993,2003,GABLE,COMPSHG,HDBOARD,HDBOARD,None,0.0,GD,TA,PCONC,GD,TA,GD,BLQ,402.0,TA,0.0,594.0,996.0,GASA,EX,Y,SBRKR,1014.0,730.0,0.0,1744.0,0,0,2,1,3,1,GD,7,TYP,0,NA,ATTCHD,ATTCHD,2,457.0,ATTCHD,ATTCHD,Y,370.0,70.0,0.0,238.0,0.0,NA,NA,0,2,2010,WD,NORMAL,194500,True,False
239,20,RL,93.0,12030.0,PAVE,NA,REG,LVL,ALLPUB,INSIDE,GTL,NRIDGHT,NORM,NORM,1FAM,1STORY,8,5,2007,2007,HIP,COMPSHG,VINYLSD,VINYLSD,BRKFACE,254.0,EX,TA,PCONC,EX,TA,EX,UNF,0.0,TA,0.0,1694.0,1694.0,GASA,EX,Y,SBRKR,1694.0,0.0,0.0,1694.0,0,0,2,0,3,1,GD,7,TYP,0,NA,ATTCHD,ATTCHD,3,818.0,ATTCHD,ATTCHD,Y,168.0,228.0,0.0,0.0,0.0,NA,NA,0,12,2007,NEW,PARTIAL,318000,True,False
240,50,RL,52.0,8741.0,PAVE,NA,REG,LVL,ALLPUB,INSIDE,GTL,EDWARDS,NORM,NORM,1FAM,1.5FIN,6,4,1945,1950,GABLE,COMPSHG,VINYLSD,VINYLSD,None,0.0,TA,TA,CBLOCK,TA,FA,TA,LWQ,94.0,FA,0.0,641.0,735.0,GASA,TA,Y,FUSEA,798.0,689.0,0.0,1487.0,0,0,1,1,3,1,TA,7,TYP,1,GD,DETCHD,DETCHD,1,220.0,DETCHD,DETCHD,Y,0.0,140.0,0.0,0.0,0.0,NA,NA,0,4,2010,WD,NORMAL,113000,True,False
241,20,FV,75.0,9000.0,PAVE,NA,REG,LVL,ALLPUB,INSIDE,GTL,SOMERST,NORM,NORM,1FAM,1STORY,8,5,2008,2008,GABLE,COMPSHG,VINYLSD,VINYLSD,STONE,36.0,GD,TA,PCONC,GD,TA,GD,GLQ,1078.0,TA,0.0,488.0,1566.0,GASA,EX,Y,SBRKR,1566.0,0.0,0.0,1566.0,1,0,2,0,3,1,GD,7,TYP,0,NA,ATTCHD,ATTCHD,2,750.0,ATTCHD,ATTCHD,Y,144.0,168.0,0.0,0.0,0.0,NA,NA,0,4,2010,WD,NORMAL,262500,True,False
242,30,RM,40.0,3880.0,PAVE,NA,REG,LVL,ALLPUB,INSIDE,GTL,OLDTOWN,NORM,NORM,1FAM,1STORY,5,9,1945,1997,GABLE,COMPSHG,VINYLSD,VINYLSD,None,0.0,TA,GD,CBLOCK,TA,TA,TA,ALQ,329.0,TA,0.0,357.0,686.0,GASA,GD,Y,SBRKR,866.0,0.0,0.0,866.0,0,0,1,0,2,1,GD,4,TYP,0,NA,NA,NA,0,0.0,NA,NA,Y,58.0,42.0,0.0,0.0,0.0,NA,NA,0,8,2007,WD,NORMAL,110500,False,False
243,50,RM,63.0,5000.0,PAVE,NA,REG,LVL,ALLPUB,CORNER,GTL,OLDTOWN,NORM,NORM,1FAM,1.5FIN,5,4,1900,1950,GABLE,COMPSHG,WD SDNG,WD SDNG,None,0.0,TA,TA,BRKTIL,TA,TA,TA,UNF,0.0,TA,0.0,540.0,540.0,GASA,GD,N,FUSEA,889.0,551.0,0.0,1440.0,0,0,1,0,3,1,TA,6,TYP,0,NA,ATTCHD,ATTCHD,1,352.0,ATTCHD,ATTCHD,Y,0.0,0.0,77.0,0.0,0.0,NA,NA,0,4,2006,WD,NORMAL,79000,True,False
244,160,RL,75.0,10762.0,PAVE,NA,REG,LVL,ALLPUB,CORNER,GTL,SAWYERW,NORM,NORM,TWNHSE,2STORY,6,6,1980,1980,GABLE,COMPSHG,PLYWOOD,PLYWOOD,None,0.0,TA,TA,CBLOCK,GD,TA,GD,UNF,0.0,TA,0.0,626.0,626.0,GASA,TA,Y,SBRKR,626.0,591.0,0.0,1217.0,0,0,1,1,3,1,TA,6,TYP,1,TA,ATTCHD,ATTCHD,1,288.0,ATTCHD,ATTCHD,Y,0.0,28.0,0.0,0.0,0.0,NA,NA,0,4,2009,WD,NORMAL,120000,True,False
245,60,RL,0.0,8880.0,PAVE,NA,IR1,LVL,ALLPUB,INSIDE,GTL,SAWYERW,NORM,NORM,1FAM,2STORY,7,5,1994,2002,GABLE,COMPSHG,VINYLSD,VINYLSD,None,0.0,GD,TA,PCONC,GD,TA,GD,GLQ,695.0,TA,0.0,253.0,948.0,GASA,EX,Y,SBRKR,1222.0,888.0,0.0,2110.0,1,0,2,1,3,1,GD,8,TYP,2,FA,ATTCHD,ATTCHD,2,463.0,ATTCHD,ATTCHD,Y,0.0,130.0,0.0,0.0,0.0,NA,NA,0,5,2010,WD,NORMAL,205000,True,False
246,20,RL,80.0,10400.0,PAVE,NA,REG,LVL,ALLPUB,INSIDE,GTL,NWAMES,NORM,NORM,1FAM,1STORY,7,5,1988,1988,GABLE,COMPSHG,WD SDNG,WD SDNG,BRKFACE,102.0,TA,TA,CBLOCK,GD,TA,GD,GLQ,929.0,TA,0.0,916.0,1845.0,GASA,GD,Y,SBRKR,1872.0,0.0,0.0,1872.0,0,1,2,0,3,1,TA,6,TYP,1,TA,ATTCHD,ATTCHD,2,604.0,ATTCHD,ATTCHD,Y,197.0,39.0,0.0,0.0,0.0,NA,NA,0,6,2006,WD,NORMAL,241500,True,False
247,190,RM,69.0,9142.0,PAVE,NA,REG,LVL,ALLPUB,INSIDE,GTL,OLDTOWN,NORM,NORM,2FMCON,2STORY,6,8,1910,1950,GABLE,COMPSHG,ASBSHNG,ASBSHNG,None,0.0,TA,FA,STONE,FA,TA,FA,UNF,0.0,TA,0.0,1020.0,1020.0,GASA,GD,N,FUSEP,908.0,1020.0,0.0,1928.0,0,0,2,0,4,2,FA,9,TYP,0,NA,DETCHD,DETCHD,1,440.0,DETCHD,DETCHD,Y,0.0,60.0,112.0,0.0,0.0,NA,NA,0,4,2006,WD,NORMAL,137000,True,False
248,20,RL,75.0,11310.0,PAVE,NA,REG,LVL,ALLPUB,INSIDE,GTL,NAMES,NORM,NORM,1FAM,1STORY,6,5,1954,1954,HIP,COMPSHG,WD SDNG,BRKFACE,None,0.0,TA,TA,CBLOCK,TA,TA,TA,UNF,0.0,TA,0.0,1367.0,1367.0,GASA,EX,Y,SBRKR,1375.0,0.0,0.0,1375.0,0,0,1,0,2,1,TA,5,TYP,1,TA,ATTCHD,ATTCHD,2,451.0,ATTCHD,ATTCHD,Y,0.0,30.0,0.0,0.0,0.0,NA,NA,0,6,2006,WD,NORMAL,140000,True,False
249,60,RL,72.0,11317.0,PAVE,NA,REG,LVL,ALLPUB,INSIDE,GTL,COLLGCR,NORM,NORM,1FAM,2STORY,7,5,2003,2003,GABLE,COMPSHG,VINYLSD,VINYLSD,BRKFACE,101.0,GD,TA,PCONC,GD,TA,GD,UNF,0.0,TA,0.0,840.0,840.0,GASA,EX,Y,SBRKR,840.0,828.0,0.0,1668.0,0,0,2,1,3,1,GD,8,TYP,0,NA,ATTCHD,ATTCHD,2,500.0,ATTCHD,ATTCHD,Y,144.0,68.0,0.0,0.0,0.0,NA,NA,0,9,2007,WD,NORMAL,180000,True,False
250,50,RL,0.0,159000.0,PAVE,SHED,IR2,LOW,ALLPUB,CULDSAC,SEV,CLEARCR,NORM,NORM,1FAM,1.5FIN,6,7,1958,2006,GABLE,COMPSHG,WD SDNG,HDBOARD,BRKCMN,472.0,GD,TA,CBLOCK,GD,TA,GD,REC,697.0,TA,0.0,747.0,1444.0,GASA,GD,Y,SBRKR,1444.0,700.0,0.0,2144.0,0,1,2,0,4,1,GD,7,TYP,2,TA,ATTCHD,ATTCHD,2,389.0,ATTCHD,ATTCHD,Y,0.0,98.0,0.0,0.0,0.0,SHED,SHED,500,6,2007,WD,NORMAL,277000,True,False
251,30,RL,55.0,5350.0,PAVE,SHED,IR1,LVL,ALLPUB,INSIDE,GTL,BRKSIDE,NORM,NORM,1FAM,1STORY,3,2,1940,1966,GABLE,COMPSHG,WD SDNG,PLYWOOD,None,0.0,TA,PO,CBLOCK,TA,TA,TA,UNF,0.0,TA,0.0,728.0,728.0,GASA,EX,Y,SBRKR,1306.0,0.0,0.0,1306.0,0,0,1,0,3,1,FA,6,MOD,0,NA,NA,NA,0,0.0,NA,NA,Y,263.0,0.0,0.0,0.0,0.0,SHED,SHED,450,5,2010,WD,NORMAL,76500,False,False
252,120,RM,44.0,4750.0,PAVE,NA,IR1,HLS,ALLPUB,INSIDE,MOD,CRAWFOR,NORM,NORM,TWNHSE,1STORY,8,5,2006,2007,HIP,COMPSHG,VINYLSD,VINYLSD,STONE,481.0,GD,TA,PCONC,GD,TA,GD,GLQ,1573.0,TA,0.0,0.0,1573.0,GASA,EX,Y,SBRKR,1625.0,0.0,0.0,1625.0,1,1,2,0,2,1,GD,5,TYP,1,GD,ATTCHD,ATTCHD,2,538.0,ATTCHD,ATTCHD,Y,123.0,0.0,0.0,0.0,153.0,NA,NA,0,12,2007,WD,FAMILY,235000,True,False
253,60,RL,65.0,8366.0,PAVE,NA,IR1,LVL,ALLPUB,INSIDE,GTL,SAWYERW,NORM,NORM,1FAM,2STORY,6,5,2004,2004,GABLE,COMPSHG,VINYLSD,VINYLSD,None,0.0,GD,TA,PCONC,GD,TA,GD,UNF,0.0,TA,0.0,798.0,798.0,GASA,EX,Y,SBRKR,798.0,842.0,0.0,1640.0,0,0,2,1,3,1,GD,6,TYP,0,NA,ATTCHD,ATTCHD,2,520.0,ATTCHD,ATTCHD,Y,138.0,45.0,0.0,0.0,0.0,NA,NA,0,12,2008,WD,NORMAL,173000,True,False
254,80,RL,85.0,9350.0,PAVE,NA,REG,LVL,ALLPUB,INSIDE,GTL,NAMES,NORM,NORM,1FAM,SLVL,6,7,1964,1991,HIP,COMPSHG,HDBOARD,HDBOARD,BRKFACE,108.0,TA,TA,CBLOCK,GD,TA,GD,LWQ,270.0,TA,580.0,452.0,1302.0,GASA,EX,Y,SBRKR,1302.0,0.0,0.0,1302.0,0,1,2,0,3,1,GD,7,MIN1,0,NA,ATTCHD,ATTCHD,1,309.0,ATTCHD,ATTCHD,Y,333.0,0.0,0.0,0.0,0.0,NA,NA,0,10,2007,CWD,NORMAL,158000,True,False
255,20,RL,70.0,8400.0,PAVE,NA,REG,LVL,ALLPUB,INSIDE,GTL,NAMES,NORM,NORM,1FAM,1STORY,5,6,1957,1957,GABLE,COMPSHG,METALSD,METALSD,None,0.0,TA,GD,CBLOCK,TA,TA,TA,REC,922.0,TA,0.0,392.0,1314.0,GASA,TA,Y,SBRKR,1314.0,0.0,0.0,1314.0,1,0,1,0,3,1,TA,5,TYP,0,NA,ATTCHD,ATTCHD,1,294.0,ATTCHD,ATTCHD,Y,250.0,0.0,0.0,0.0,0.0,NA,NA,0,6,2010,WD,NORMAL,145000,True,False
256,60,RL,66.0,8738.0,PAVE,NA,IR1,LVL,ALLPUB,INSIDE,GTL,GILBERT,NORM,NORM,1FAM,2STORY,7,5,1999,1999,GABLE,COMPSHG,VINYLSD,VINYLSD,BRKFACE,302.0,GD,TA,PCONC,GD,TA,GD,UNF,0.0,TA,0.0,975.0,975.0,GASA,EX,Y,SBRKR,1005.0,1286.0,0.0,2291.0,0,0,2,1,4,1,GD,8,TYP,1,TA,BUILTIN,BUILTIN,2,429.0,BUILTIN,BUILTIN,Y,192.0,0.0,0.0,0.0,0.0,NA,NA,0,2,2006,WD,NORMAL,230000,True,False
257,60,FV,64.0,8791.0,PAVE,NA,IR1,LVL,ALLPUB,INSIDE,GTL,SOMERST,NORM,NORM,1FAM,2STORY,6,5,2003,2003,GABLE,COMPSHG,VINYLSD,VINYLSD,None,0.0,GD,TA,PCONC,GD,TA,GD,REC,503.0,TA,0.0,361.0,864.0,GASA,EX,Y,SBRKR,864.0,864.0,0.0,1728.0,0,0,2,1,3,1,GD,7,TYP,0,NA,ATTCHD,ATTCHD,2,673.0,ATTCHD,ATTCHD,Y,216.0,56.0,0.0,0.0,0.0,NA,NA,0,5,2008,WD,NORMAL,207500,True,False
258,20,RL,68.0,8814.0,PAVE,NA,REG,LVL,ALLPUB,INSIDE,GTL,COLLGCR,NORM,NORM,1FAM,1STORY,7,5,2006,2006,GABLE,COMPSHG,VINYLSD,VINYLSD,STONE,180.0,GD,TA,PCONC,GD,TA,GD,GLQ,1334.0,TA,0.0,270.0,1604.0,GASA,EX,Y,SBRKR,1604.0,0.0,0.0,1604.0,1,0,2,1,3,1,GD,8,TYP,1,GD,ATTCHD,ATTCHD,2,660.0,ATTCHD,ATTCHD,Y,123.0,110.0,0.0,0.0,0.0,NA,NA,0,3,2009,WD,ABNORML,220000,True,False
259,60,RL,80.0,12435.0,PAVE,NA,REG,LVL,ALLPUB,INSIDE,GTL,COLLGCR,NORM,NORM,1FAM,2STORY,7,5,2001,2001,GABLE,COMPSHG,VINYLSD,VINYLSD,BRKFACE,172.0,GD,TA,PCONC,GD,TA,GD,GLQ,361.0,TA,0.0,602.0,963.0,GASA,EX,Y,SBRKR,963.0,829.0,0.0,1792.0,0,0,2,1,3,1,GD,7,TYP,1,TA,ATTCHD,ATTCHD,2,564.0,ATTCHD,ATTCHD,Y,0.0,96.0,0.0,245.0,0.0,NA,NA,0,5,2008,WD,NORMAL,231500,True,False
260,20,RM,70.0,12702.0,PAVE,NA,REG,LVL,ALLPUB,INSIDE,GTL,OLDTOWN,NORM,NORM,1FAM,1STORY,5,5,1956,1956,GABLE,COMPSHG,BRKFACE,BRKFACE,None,0.0,TA,TA,PCONC,NA,NA,NA,NA,0.0,NA,0.0,0.0,0.0,GASA,GD,Y,FUSEA,882.0,0.0,0.0,882.0,0,0,1,0,2,1,TA,4,TYP,0,NA,DETCHD,DETCHD,1,308.0,DETCHD,DETCHD,Y,0.0,45.0,0.0,0.0,0.0,NA,NA,0,12,2008,WD,NORMAL,97000,True,False
261,80,RL,120.0,19296.0,PAVE,NA,REG,LVL,ALLPUB,CORNER,GTL,NAMES,ARTERY,NORM,1FAM,SLVL,6,5,1962,1962,GABLE,COMPSHG,WD SDNG,WD SDNG,BRKFACE,399.0,TA,TA,CBLOCK,TA,TA,TA,REC,672.0,TA,690.0,0.0,1362.0,GASA,TA,Y,SBRKR,1382.0,0.0,0.0,1382.0,1,0,1,0,3,1,TA,6,TYP,1,TA,ATTCHD,ATTCHD,2,884.0,ATTCHD,ATTCHD,Y,0.0,0.0,252.0,0.0,0.0,NA,NA,0,5,2009,WD,NORMAL,176000,True,False
262,60,RL,69.0,9588.0,PAVE,NA,IR1,LVL,ALLPUB,INSIDE,GTL,COLLGCR,NORM,NORM,1FAM,2STORY,8,5,2007,2007,GABLE,COMPSHG,CEMNTBD,CMENTBD,STONE,270.0,GD,TA,PCONC,EX,TA,EX,UNF,0.0,TA,0.0,1482.0,1482.0,GASA,EX,Y,SBRKR,1482.0,1092.0,0.0,2574.0,0,0,2,1,3,1,EX,10,TYP,1,GD,BUILTIN,BUILTIN,3,868.0,BUILTIN,BUILTIN,Y,0.0,148.0,0.0,0.0,0.0,NA,NA,0,11,2007,NEW,PARTIAL,276000,True,False
263,80,RL,88.0,8471.0,PAVE,NA,IR1,LVL,ALLPUB,CORNER,GTL,SAWYER,NORM,NORM,1FAM,SLVL,6,7,1977,1995,GABLE,COMPSHG,HDBOARD,PLYWOOD,BRKFACE,46.0,TA,TA,CBLOCK,GD,GD,GD,ALQ,506.0,GD,0.0,0.0,506.0,GASA,TA,Y,SBRKR,1212.0,0.0,0.0,1212.0,1,0,1,0,3,1,TA,6,TYP,1,TA,ATTCHD,ATTCHD,2,492.0,ATTCHD,ATTCHD,Y,292.0,12.0,0.0,0.0,0.0,NA,NA,0,7,2006,WD,NORMAL,151000,True,False
264,50,RM,50.0,5500.0,PAVE,NA,REG,LVL,ALLPUB,CORNER,GTL,OLDTOWN,NORM,NORM,1FAM,1.5FIN,5,7,1929,2001,GABLE,COMPSHG,WD SDNG,WD SDNG,None,0.0,TA,TA,BRKTIL,TA,TA,TA,LWQ,234.0,TA,692.0,0.0,926.0,GASA,TA,Y,SBRKR,926.0,0.0,390.0,1316.0,1,0,1,0,3,1,TA,6,TYP,0,NA,DETCHD,DETCHD,2,484.0,DETCHD,DETCHD,Y,0.0,0.0,0.0,0.0,0.0,NA,NA,0,4,2010,WD,NORMAL,130000,True,False
265,30,RM,30.0,5232.0,PAVE,NA,IR3,BNK,ALLPUB,INSIDE,GTL,OLDTOWN,ARTERY,NORM,1FAM,1STORY,5,5,1925,2004,GABLE,COMPSHG,WD SDNG,WD SDNG,None,0.0,TA,TA,BRKTIL,FA,TA,FA,UNF,0.0,TA,0.0,680.0,680.0,GASA,GD,N,FUSEP,764.0,0.0,0.0,764.0,0,0,1,0,2,1,TA,4,TYP,0,NA,DETCHD,DETCHD,2,504.0,DETCHD,DETCHD,N,0.0,0.0,0.0,0.0,0.0,NA,NA,0,6,2008,WD,NORMAL,73000,True,False
266,20,RL,78.0,12090.0,PAVE,NA,IR1,LVL,ALLPUB,INSIDE,GTL,NWAMES,NORM,NORM,1FAM,1STORY,6,6,1981,1981,GABLE,COMPSHG,METALSD,METALSD,BRKFACE,210.0,TA,GD,CBLOCK,GD,TA,GD,GLQ,588.0,TA,228.0,606.0,1422.0,GASA,TA,Y,SBRKR,1422.0,0.0,0.0,1422.0,0,0,2,0,3,1,GD,7,TYP,1,TA,ATTCHD,ATTCHD,2,576.0,ATTCHD,ATTCHD,Y,276.0,0.0,0.0,0.0,0.0,NA,NA,0,6,2008,WD,NORMAL,175500,True,False
267,60,RL,70.0,11207.0,PAVE,NA,IR1,HLS,ALLPUB,FR2,GTL,GILBERT,NORM,NORM,1FAM,2STORY,6,5,1997,1997,GABLE,COMPSHG,VINYLSD,VINYLSD,None,0.0,TA,TA,PCONC,GD,TA,GD,GLQ,714.0,TA,0.0,88.0,802.0,GASA,GD,Y,SBRKR,802.0,709.0,0.0,1511.0,1,0,2,1,3,1,TA,8,TYP,1,TA,ATTCHD,ATTCHD,2,413.0,ATTCHD,ATTCHD,Y,95.0,75.0,0.0,0.0,0.0,NA,NA,0,6,2006,WD,NORMAL,185000,True,False
268,75,RL,60.0,8400.0,PAVE,NA,REG,BNK,ALLPUB,INSIDE,MOD,SWISU,NORM,NORM,1FAM,2.5FIN,5,8,1939,1997,GABLE,COMPSHG,WD SDNG,WD SDNG,None,0.0,TA,TA,PCONC,TA,TA,TA,LWQ,378.0,TA,0.0,342.0,720.0,GASA,EX,Y,SBRKR,1052.0,720.0,420.0,2192.0,0,0,2,1,4,1,GD,8,TYP,1,GD,DETCHD,DETCHD,1,240.0,DETCHD,DETCHD,Y,262.0,24.0,0.0,0.0,0.0,NA,NA,0,7,2008,WD,NORMAL,179500,True,False
269,30,RM,71.0,6900.0,PAVE,NA,REG,LVL,ALLPUB,INSIDE,GTL,IDOTRR,NORM,NORM,1FAM,1STORY,5,6,1940,1955,GABLE,COMPSHG,VINYLSD,VINYLSD,None,0.0,TA,TA,CBLOCK,TA,TA,TA,ALQ,403.0,TA,125.0,212.0,740.0,GASA,EX,Y,SBRKR,778.0,0.0,0.0,778.0,0,0,1,0,2,1,TA,4,TYP,1,GD,DETCHD,DETCHD,1,924.0,DETCHD,DETCHD,Y,0.0,25.0,0.0,0.0,0.0,NA,NA,0,2,2008,WD,NORMAL,120500,True,False
270,20,RL,0.0,7917.0,PAVE,NA,IR1,LVL,ALLPUB,CORNER,GTL,EDWARDS,NORM,NORM,1FAM,1STORY,6,7,1976,1976,HIP,COMPSHG,HDBOARD,HDBOARD,BRKFACE,174.0,TA,GD,CBLOCK,TA,GD,TA,BLQ,751.0,GD,0.0,392.0,1143.0,GASA,TA,Y,SBRKR,1113.0,0.0,0.0,1113.0,1,0,1,1,3,1,TA,6,TYP,1,FA,ATTCHD,ATTCHD,1,504.0,ATTCHD,ATTCHD,Y,370.0,30.0,0.0,0.0,0.0,NA,NA,0,5,2007,WD,NORMAL,148000,True,False
271,60,FV,84.0,10728.0,PAVE,NA,REG,LVL,ALLPUB,INSIDE,GTL,SOMERST,NORM,NORM,1FAM,2STORY,8,5,2006,2006,GABLE,COMPSHG,VINYLSD,VINYLSD,None,0.0,GD,TA,PCONC,GD,TA,GD,UNF,0.0,TA,0.0,1095.0,1095.0,GASA,GD,Y,SBRKR,1095.0,844.0,0.0,1939.0,0,0,2,1,3,1,GD,8,TYP,1,GD,ATTCHD,ATTCHD,3,1053.0,ATTCHD,ATTCHD,Y,192.0,51.0,0.0,0.0,0.0,NA,NA,0,8,2006,NEW,PARTIAL,266000,True,False
272,20,RL,73.0,39104.0,PAVE,NA,IR1,LOW,ALLPUB,CULDSAC,SEV,CLEARCR,NORM,NORM,1FAM,1STORY,7,7,1954,2005,FLAT,MEMBRAN,PLYWOOD,PLYWOOD,None,0.0,TA,TA,CBLOCK,GD,TA,GD,LWQ,226.0,TA,1063.0,96.0,1385.0,GASA,EX,Y,SBRKR,1363.0,0.0,0.0,1363.0,1,0,1,0,2,1,TA,5,MOD,2,TA,ATTCHD,ATTCHD,2,439.0,ATTCHD,ATTCHD,Y,81.0,0.0,0.0,0.0,0.0,NA,NA,0,4,2008,WD,NORMAL,241500,True,False
273,60,RL,92.0,11764.0,PAVE,NA,IR1,LVL,ALLPUB,CULDSAC,GTL,NORIDGE,NORM,NORM,1FAM,2STORY,8,7,1999,2007,GABLE,COMPSHG,VINYLSD,VINYLSD,BRKFACE,348.0,GD,TA,PCONC,GD,TA,GD,GLQ,524.0,TA,0.0,628.0,1152.0,GASA,EX,Y,SBRKR,1164.0,1106.0,0.0,2270.0,0,0,2,1,4,1,GD,9,TYP,1,GD,ATTCHD,ATTCHD,3,671.0,ATTCHD,ATTCHD,Y,132.0,57.0,0.0,0.0,0.0,NA,NA,0,4,2010,WD,NORMAL,290000,True,False
274,20,RL,80.0,9600.0,PAVE,NA,REG,LVL,ALLPUB,INSIDE,GTL,NAMES,FEEDR,NORM,1FAM,1STORY,6,6,1958,1988,HIP,COMPSHG,WD SDNG,WD SDNG,BRKCMN,183.0,TA,TA,CBLOCK,TA,TA,TA,REC,620.0,TA,620.0,0.0,1240.0,GASA,GD,Y,SBRKR,1632.0,0.0,0.0,1632.0,1,0,2,0,3,1,TA,6,MIN1,1,GD,ATTCHD,ATTCHD,1,338.0,ATTCHD,ATTCHD,Y,289.0,0.0,0.0,0.0,0.0,NA,NA,0,4,2009,WD,NORMAL,139000,True,False
275,20,RL,76.0,8314.0,PAVE,NA,REG,LVL,ALLPUB,CORNER,GTL,MITCHEL,NORM,NORM,1FAM,1STORY,5,7,1982,1982,GABLE,COMPSHG,HDBOARD,IMSTUCC,None,0.0,TA,TA,CBLOCK,TA,TA,TA,ALQ,546.0,TA,0.0,270.0,816.0,GASA,TA,Y,SBRKR,816.0,0.0,0.0,816.0,0,0,1,0,2,1,TA,5,TYP,0,NA,ATTCHD,ATTCHD,1,264.0,ATTCHD,ATTCHD,Y,168.0,0.0,0.0,0.0,0.0,NA,NA,0,6,2007,WD,NORMAL,124500,True,False
276,50,RL,55.0,7264.0,PAVE,NA,REG,LVL,ALLPUB,INSIDE,GTL,BRKSIDE,NORM,NORM,1FAM,1.5FIN,7,7,1925,2007,GABLE,COMPSHG,WD SDNG,WD SDNG,None,0.0,GD,GD,BRKTIL,TA,TA,TA,UNF,0.0,TA,0.0,952.0,952.0,GASW,GD,N,SBRKR,952.0,596.0,0.0,1548.0,0,0,2,1,3,1,EX,5,TYP,0,NA,DETCHD,DETCHD,2,672.0,DETCHD,DETCHD,Y,74.0,0.0,0.0,0.0,144.0,NA,NA,0,10,2009,WD,NORMAL,205000,True,False
277,20,RL,129.0,9196.0,PAVE,NA,IR1,LVL,ALLPUB,INSIDE,GTL,MITCHEL,NORM,NORM,1FAM,1STORY,7,5,2003,2003,GABLE,COMPSHG,VINYLSD,VINYLSD,None,0.0,GD,TA,PCONC,EX,TA,EX,UNF,0.0,TA,0.0,1560.0,1560.0,GASA,EX,Y,SBRKR,1560.0,0.0,0.0,1560.0,0,0,2,0,3,1,GD,7,TYP,0,NA,ATTCHD,ATTCHD,2,573.0,ATTCHD,ATTCHD,Y,100.0,150.0,0.0,0.0,0.0,NA,NA,0,4,2010,WD,NORMAL,201000,True,False
278,20,RL,140.0,19138.0,PAVE,NA,REG,LVL,ALLPUB,CORNER,GTL,GILBERT,NORM,NORM,1FAM,1STORY,4,5,1951,1951,GABLE,COMPSHG,VINYLSD,VINYLSD,None,0.0,TA,TA,CBLOCK,TA,TA,TA,LWQ,120.0,TA,0.0,744.0,864.0,GASA,EX,Y,SBRKR,864.0,0.0,0.0,864.0,0,0,1,0,2,1,TA,4,TYP,0,NA,DETCHD,DETCHD,2,400.0,DETCHD,DETCHD,Y,0.0,0.0,0.0,0.0,0.0,NA,NA,0,6,2010,WD,NORMAL,141000,True,False
279,20,RL,107.0,14450.0,PAVE,NA,REG,LVL,ALLPUB,INSIDE,GTL,NRIDGHT,NORM,NORM,1FAM,1STORY,9,5,2006,2007,GABLE,COMPSHG,CEMNTBD,CMENTBD,BRKFACE,315.0,EX,TA,PCONC,EX,TA,EX,UNF,0.0,TA,0.0,2121.0,2121.0,GASA,EX,Y,SBRKR,2121.0,0.0,0.0,2121.0,0,0,2,1,3,1,EX,8,TYP,1,EX,ATTCHD,ATTCHD,3,732.0,ATTCHD,ATTCHD,Y,124.0,98.0,0.0,0.0,142.0,NA,NA,0,5,2007,NEW,PARTIAL,415298,True,False
280,60,RL,83.0,10005.0,PAVE,NA,REG,LVL,ALLPUB,INSIDE,GTL,CLEARCR,NORM,NORM,1FAM,2STORY,7,5,1977,1977,HIP,COMPSHG,PLYWOOD,PLYWOOD,BRKFACE,299.0,TA,TA,CBLOCK,GD,TA,GD,BLQ,392.0,TA,0.0,768.0,1160.0,GASA,EX,Y,SBRKR,1156.0,866.0,0.0,2022.0,0,0,2,1,4,1,TA,8,TYP,1,TA,ATTCHD,ATTCHD,2,505.0,ATTCHD,ATTCHD,Y,288.0,117.0,0.0,0.0,0.0,NA,NA,0,3,2008,WD,NORMAL,192000,True,False
281,60,RL,82.0,11287.0,PAVE,NA,REG,LVL,ALLPUB,INSIDE,GTL,SAWYERW,NORM,NORM,1FAM,2STORY,7,6,1989,1989,GABLE,COMPSHG,PLYWOOD,PLYWOOD,BRKFACE,340.0,GD,TA,CBLOCK,GD,TA,GD,GLQ,421.0,TA,0.0,386.0,807.0,GASA,GD,Y,SBRKR,1175.0,807.0,0.0,1982.0,0,0,2,1,3,1,GD,7,TYP,1,TA,ATTCHD,ATTCHD,2,575.0,ATTCHD,ATTCHD,Y,0.0,84.0,0.0,196.0,0.0,NA,NA,0,1,2007,WD,NORMAL,228500,True,False
282,20,FV,60.0,7200.0,PAVE,NA,REG,LVL,ALLPUB,INSIDE,GTL,SOMERST,NORM,NORM,1FAM,1STORY,6,5,2006,2006,GABLE,COMPSHG,VINYLSD,VINYLSD,STONE,68.0,GD,TA,PCONC,GD,TA,GD,GLQ,905.0,TA,0.0,357.0,1262.0,GASA,GD,Y,SBRKR,1262.0,0.0,0.0,1262.0,0,0,2,0,2,1,GD,5,TYP,0,NA,ATTCHD,ATTCHD,2,572.0,ATTCHD,ATTCHD,Y,0.0,120.0,0.0,0.0,0.0,NA,NA,0,5,2006,NEW,PARTIAL,185000,True,False
283,120,RL,34.0,5063.0,PAVE,NA,REG,LVL,ALLPUB,INSIDE,GTL,NRIDGHT,NORM,NORM,TWNHS,1STORY,7,5,2007,2008,GABLE,COMPSHG,VINYLSD,VINYLSD,STONE,166.0,GD,TA,PCONC,GD,TA,GD,GLQ,904.0,TA,0.0,410.0,1314.0,GASA,EX,Y,SBRKR,1314.0,0.0,0.0,1314.0,1,0,2,0,2,1,GD,6,TYP,1,GD,ATTCHD,ATTCHD,2,626.0,ATTCHD,ATTCHD,Y,172.0,62.0,0.0,0.0,0.0,NA,NA,0,4,2009,CONLW,NORMAL,207500,True,False
284,20,RL,74.0,9612.0,PAVE,NA,REG,LVL,ALLPUB,INSIDE,GTL,SOMERST,FEEDR,NORM,1FAM,1STORY,8,5,2008,2009,GABLE,COMPSHG,VINYLSD,VINYLSD,STONE,72.0,GD,TA,PCONC,GD,TA,GD,UNF,0.0,TA,0.0,1468.0,1468.0,GASA,EX,Y,SBRKR,1468.0,0.0,0.0,1468.0,0,0,2,0,3,1,GD,6,TYP,1,GD,ATTCHD,ATTCHD,3,898.0,ATTCHD,ATTCHD,Y,210.0,150.0,0.0,0.0,0.0,NA,NA,0,12,2009,NEW,PARTIAL,244600,True,False
285,120,RL,50.0,8012.0,PAVE,NA,REG,LVL,ALLPUB,INSIDE,GTL,SAWYERW,NORM,NORM,TWNHSE,1STORY,6,5,1992,1992,GABLE,COMPSHG,PLYWOOD,IMSTUCC,None,0.0,GD,TA,PCONC,GD,TA,GD,GLQ,430.0,TA,0.0,1145.0,1575.0,GASA,GD,Y,SBRKR,1575.0,0.0,0.0,1575.0,1,0,2,0,2,1,GD,5,TYP,0,NA,ATTCHD,ATTCHD,2,529.0,ATTCHD,ATTCHD,Y,0.0,0.0,52.0,0.0,0.0,NA,NA,0,7,2007,WD,NORMAL,179200,True,False
286,160,FV,35.0,4251.0,PAVE,NA,IR1,LVL,ALLPUB,INSIDE,GTL,SOMERST,NORM,NORM,TWNHSE,2STORY,7,5,2006,2007,GABLE,COMPSHG,METALSD,METALSD,None,0.0,GD,TA,PCONC,GD,TA,GD,UNF,0.0,TA,0.0,625.0,625.0,GASA,EX,Y,SBRKR,625.0,625.0,0.0,1250.0,0,0,2,1,2,1,GD,5,TYP,0,NA,DETCHD,DETCHD,2,528.0,DETCHD,DETCHD,Y,0.0,54.0,0.0,0.0,0.0,NA,NA,0,6,2007,NEW,PARTIAL,164700,True,False
287,50,RL,77.0,9786.0,PAVE,NA,IR1,BNK,ALLPUB,INSIDE,GTL,NAMES,NORM,NORM,1FAM,1.5FIN,6,7,1962,1981,GABLE,COMPSHG,WD SDNG,WD SDNG,None,0.0,TA,TA,CBLOCK,TA,TA,TA,REC,600.0,TA,0.0,312.0,912.0,GASA,TA,Y,SBRKR,1085.0,649.0,0.0,1734.0,0,0,1,1,3,1,GD,7,TYP,1,GD,ATTCHD,ATTCHD,2,440.0,ATTCHD,ATTCHD,Y,0.0,0.0,0.0,0.0,128.0,NA,NA,0,6,2006,WD,NORMAL,159000,True,False
288,20,RL,0.0,8125.0,PAVE,NA,IR1,LVL,ALLPUB,CORNER,GTL,NAMES,NORM,NORM,1FAM,1STORY,4,4,1971,1971,GABLE,COMPSHG,HDBOARD,HDBOARD,None,0.0,TA,TA,CBLOCK,TA,TA,TA,BLQ,614.0,TA,0.0,244.0,858.0,GASA,TA,Y,SBRKR,858.0,0.0,0.0,858.0,0,0,1,0,3,1,TA,5,TYP,0,NA,NA,NA,0,0.0,NA,NA,Y,0.0,0.0,0.0,0.0,0.0,NA,NA,0,6,2006,WD,NORMAL,88000,False,False
289,20,RL,0.0,9819.0,PAVE,NA,IR1,LVL,ALLPUB,INSIDE,GTL,SAWYER,NORM,NORM,1FAM,1STORY,5,5,1967,1967,GABLE,COMPSHG,METALSD,METALSD,BRKFACE,31.0,TA,GD,CBLOCK,TA,TA,TA,BLQ,450.0,TA,0.0,432.0,882.0,GASA,TA,Y,SBRKR,900.0,0.0,0.0,900.0,0,0,1,0,3,1,TA,5,TYP,0,NA,DETCHD,DETCHD,1,280.0,DETCHD,DETCHD,Y,0.0,0.0,0.0,0.0,0.0,NA,NA,0,2,2010,WD,NORMAL,122000,True,False
290,70,RL,60.0,8730.0,PAVE,NA,REG,LVL,ALLPUB,INSIDE,GTL,BRKSIDE,RRAN,NORM,1FAM,2STORY,6,7,1915,2003,GABLE,COMPSHG,WD SDNG,WD SDNG,None,0.0,TA,TA,BRKTIL,TA,TA,TA,UNF,0.0,TA,0.0,698.0,698.0,GASA,EX,Y,FUSEA,698.0,698.0,0.0,1396.0,0,0,1,0,3,1,TA,7,TYP,0,NA,DETCHD,DETCHD,1,384.0,DETCHD,DETCHD,Y,0.0,0.0,0.0,0.0,259.0,NA,NA,0,7,2007,WD,NORMAL,153575,True,False
291,60,RL,120.0,15611.0,PAVE,NA,REG,LVL,ALLPUB,INSIDE,GTL,COLLGCR,NORM,NORM,1FAM,2STORY,8,5,2006,2006,GABLE,COMPSHG,VINYLSD,VINYLSD,None,0.0,GD,TA,PCONC,GD,TA,GD,UNF,0.0,TA,0.0,1079.0,1079.0,GASA,EX,Y,SBRKR,1079.0,840.0,0.0,1919.0,0,0,2,1,3,1,GD,8,TYP,1,GD,ATTCHD,ATTCHD,2,685.0,ATTCHD,ATTCHD,Y,0.0,51.0,0.0,0.0,0.0,NA,NA,0,7,2006,NEW,PARTIAL,233230,True,False
292,190,RL,55.0,5687.0,PAVE,NA,REG,BNK,ALLPUB,INSIDE,GTL,SWISU,NORM,NORM,2FMCON,2STORY,5,6,1912,2000,GABLE,COMPSHG,VINYLSD,VINYLSD,None,0.0,TA,FA,PCONC,TA,FA,TA,REC,210.0,FA,0.0,570.0,780.0,GASA,EX,N,SBRKR,936.0,780.0,0.0,1716.0,1,0,2,0,6,1,FA,9,TYP,0,NA,NA,NA,0,0.0,NA,NA,N,0.0,184.0,0.0,0.0,0.0,NA,NA,0,3,2008,WD,NORMAL,135900,False,False
293,50,RL,60.0,11409.0,PAVE,NA,REG,LVL,ALLPUB,INSIDE,GTL,EDWARDS,NORM,NORM,1FAM,1.5FIN,5,4,1949,2008,GABLE,COMPSHG,WD SDNG,WD SDNG,None,0.0,TA,TA,CBLOCK,TA,TA,TA,LWQ,292.0,TA,0.0,476.0,768.0,GASA,GD,Y,SBRKR,1148.0,568.0,0.0,1716.0,0,0,1,1,3,1,TA,8,MIN2,1,GD,ATTCHD,ATTCHD,1,281.0,ATTCHD,ATTCHD,Y,0.0,0.0,0.0,0.0,160.0,NA,NA,0,1,2009,WD,NORMAL,131000,True,False
294,60,RL,0.0,16659.0,PAVE,NA,IR1,LVL,ALLPUB,CORNER,GTL,NWAMES,POSA,NORM,1FAM,2STORY,7,7,1977,1994,GABLE,COMPSHG,PLYWOOD,PLYWOOD,BRKFACE,34.0,TA,TA,CBLOCK,TA,TA,TA,ALQ,795.0,TA,0.0,0.0,795.0,GASA,FA,Y,SBRKR,1468.0,795.0,0.0,2263.0,1,0,2,1,3,1,GD,9,TYP,1,TA,ATTCHD,ATTCHD,2,539.0,ATTCHD,ATTCHD,Y,0.0,250.0,0.0,0.0,0.0,NA,NA,0,3,2006,WD,NORMAL,235000,True,False
295,20,RL,80.0,9600.0,PAVE,NA,REG,LVL,ALLPUB,INSIDE,GTL,NAMES,NORM,NORM,1FAM,1STORY,6,5,1953,1953,HIP,COMPSHG,HDBOARD,HDBOARD,STONE,238.0,TA,TA,CBLOCK,TA,TA,TA,GLQ,1285.0,TA,0.0,131.0,1416.0,GASA,TA,Y,SBRKR,1644.0,0.0,0.0,1644.0,1,0,1,0,3,1,TA,7,TYP,2,GD,ATTCHD,ATTCHD,2,418.0,ATTCHD,ATTCHD,Y,110.0,0.0,0.0,0.0,0.0,NA,NA,0,10,2009,WD,NORMAL,167000,True,False
296,80,RL,37.0,7937.0,PAVE,NA,IR1,LVL,ALLPUB,CULDSAC,GTL,MITCHEL,NORM,NORM,1FAM,SLVL,6,6,1984,1984,GABLE,COMPSHG,HDBOARD,HDBOARD,None,0.0,TA,TA,CBLOCK,TA,TA,TA,GLQ,819.0,TA,0.0,184.0,1003.0,GASA,TA,Y,SBRKR,1003.0,0.0,0.0,1003.0,1,0,1,0,3,1,TA,6,TYP,0,NA,DETCHD,DETCHD,2,588.0,DETCHD,DETCHD,Y,120.0,0.0,0.0,0.0,0.0,NA,NA,0,3,2006,WD,NORMAL,142500,True,False
297,50,RM,75.0,13710.0,PAVE,NA,REG,LVL,ALLPUB,INSIDE,GTL,IDOTRR,NORM,NORM,1FAM,1.5FIN,5,5,1950,1950,GABLE,COMPSHG,WD SDNG,WD SDNG,None,0.0,TA,TA,CBLOCK,TA,TA,TA,BLQ,420.0,TA,0.0,490.0,910.0,GASA,TA,Y,FUSEA,910.0,648.0,0.0,1558.0,0,0,1,1,4,1,TA,6,TYP,0,NA,ATTCHD,ATTCHD,1,282.0,ATTCHD,ATTCHD,Y,289.0,0.0,0.0,0.0,0.0,NA,NA,0,6,2007,WD,NORMAL,152000,True,False
298,60,FV,66.0,7399.0,PAVE,NA,IR1,LVL,ALLPUB,INSIDE,GTL,SOMERST,NORM,NORM,1FAM,2STORY,7,5,1997,1998,HIP,COMPSHG,VINYLSD,VINYLSD,BRKFACE,1600.0,GD,TA,PCONC,GD,TA,GD,BLQ,649.0,TA,0.0,326.0,975.0,GASA,EX,Y,SBRKR,975.0,975.0,0.0,1950.0,0,0,2,1,3,1,GD,7,TYP,1,TA,DETCHD,DETCHD,2,576.0,DETCHD,DETCHD,Y,0.0,10.0,0.0,0.0,198.0,NA,NA,0,6,2007,WD,NORMAL,239000,True,False
299,60,RL,90.0,11700.0,PAVE,NA,REG,LVL,ALLPUB,INSIDE,GTL,NWAMES,NORM,NORM,1FAM,2STORY,6,6,1968,1968,MANSARD,COMPSHG,HDBOARD,ASPHSHN,BRKFACE,365.0,GD,TA,CBLOCK,TA,TA,TA,ALQ,384.0,TA,175.0,143.0,702.0,GASA,GD,Y,SBRKR,1041.0,702.0,0.0,1743.0,0,1,1,2,3,1,TA,7,TYP,1,GD,ATTCHD,ATTCHD,2,539.0,ATTCHD,ATTCHD,Y,224.0,0.0,0.0,0.0,0.0,NA,NA,0,6,2007,WD,NORMAL,175000,True,False
300,20,RL,80.0,14000.0,PAVE,NA,REG,LVL,ALLPUB,INSIDE,GTL,CRAWFOR,NORM,NORM,1FAM,1STORY,6,8,1950,2004,GABLE,COMPSHG,HDBOARD,HDBOARD,None,0.0,TA,GD,CBLOCK,TA,TA,TA,UNF,0.0,TA,0.0,1092.0,1092.0,GASA,EX,Y,SBRKR,1152.0,0.0,0.0,1152.0,0,1,1,0,3,1,GD,6,TYP,1,GD,ATTCHD,ATTCHD,1,300.0,ATTCHD,ATTCHD,Y,0.0,36.0,0.0,0.0,0.0,NA,NA,0,8,2009,WD,FAMILY,158500,True,False
301,190,RL,90.0,15750.0,PAVE,NA,REG,LVL,ALLPUB,CORNER,GTL,CRAWFOR,NORM,NORM,2FMCON,1STORY,5,5,1953,1953,HIP,COMPSHG,METALSD,METALSD,BRKFACE,56.0,TA,TA,CBLOCK,TA,TA,TA,BLQ,841.0,TA,0.0,324.0,1165.0,GASA,TA,Y,SBRKR,1336.0,0.0,0.0,1336.0,1,0,1,0,2,1,TA,5,TYP,2,GD,ATTCHD,ATTCHD,1,375.0,ATTCHD,ATTCHD,Y,0.0,0.0,0.0,0.0,0.0,NA,NA,0,6,2006,WD,NORMAL,157000,True,False
302,60,RL,66.0,16226.0,PAVE,NA,IR3,LVL,ALLPUB,INSIDE,GTL,COLLGCR,NORM,NORM,1FAM,2STORY,8,5,1998,1999,GABLE,COMPSHG,VINYLSD,VINYLSD,None,0.0,GD,TA,PCONC,GD,TA,GD,GLQ,281.0,TA,0.0,747.0,1028.0,GASA,EX,Y,SBRKR,1210.0,1242.0,0.0,2452.0,0,0,2,1,4,1,GD,9,TYP,1,TA,BUILTIN,BUILTIN,2,683.0,BUILTIN,BUILTIN,Y,208.0,50.0,0.0,0.0,0.0,NA,NA,0,5,2007,WD,NORMAL,267000,True,False
303,20,RL,118.0,13704.0,PAVE,NA,IR1,LVL,ALLPUB,CORNER,GTL,COLLGCR,NORM,NORM,1FAM,1STORY,7,5,2001,2002,GABLE,COMPSHG,VINYLSD,VINYLSD,BRKFACE,150.0,GD,TA,PCONC,GD,TA,GD,UNF,0.0,TA,0.0,1541.0,1541.0,GASA,EX,Y,SBRKR,1541.0,0.0,0.0,1541.0,0,0,2,0,3,1,GD,6,TYP,1,TA,ATTCHD,ATTCHD,3,843.0,ATTCHD,ATTCHD,Y,468.0,81.0,0.0,0.0,0.0,NA,NA,0,1,2006,WD,NORMAL,205000,True,False
304,20,RL,70.0,9800.0,PAVE,NA,REG,LVL,ALLPUB,CORNER,GTL,COLLGCR,NORM,NORM,1FAM,1STORY,5,7,1972,1972,GABLE,COMPSHG,VINYLSD,VINYLSD,None,0.0,TA,TA,PCONC,TA,TA,TA,ALQ,894.0,TA,0.0,0.0,894.0,GASA,TA,Y,SBRKR,894.0,0.0,0.0,894.0,1,0,1,0,3,1,TA,5,TYP,0,NA,ATTCHD,ATTCHD,2,552.0,ATTCHD,ATTCHD,Y,256.0,0.0,0.0,0.0,0.0,NA,NA,0,7,2006,WD,ABNORML,149900,True,False
305,75,RM,87.0,18386.0,PAVE,NA,REG,LVL,ALLPUB,INSIDE,GTL,OLDTOWN,NORM,NORM,1FAM,2.5FIN,7,9,1880,2002,GABLE,COMPSHG,CEMNTBD,CMENTBD,None,0.0,TA,TA,BRKTIL,TA,TA,TA,UNF,0.0,TA,0.0,1470.0,1470.0,GASA,EX,Y,SBRKR,1675.0,1818.0,0.0,3493.0,0,0,3,0,3,1,GD,10,TYP,1,EX,ATTCHD,ATTCHD,3,870.0,ATTCHD,ATTCHD,Y,302.0,0.0,0.0,0.0,0.0,NA,NA,0,5,2008,WD,NORMAL,295000,True,False
306,20,RL,80.0,10386.0,PAVE,NA,REG,LVL,ALLPUB,INSIDE,GTL,COLLGCR,NORM,NORM,1FAM,1STORY,8,5,2004,2005,GABLE,COMPSHG,CEMNTBD,CMENTBD,STONE,246.0,GD,TA,PCONC,GD,TA,GD,GLQ,1464.0,TA,0.0,536.0,2000.0,GASA,EX,Y,SBRKR,2000.0,0.0,0.0,2000.0,1,0,2,0,3,1,GD,8,TYP,0,NA,ATTCHD,ATTCHD,3,888.0,ATTCHD,ATTCHD,Y,168.0,0.0,0.0,0.0,0.0,NA,NA,0,7,2007,WD,NORMAL,305900,True,False
307,60,RL,116.0,13474.0,PAVE,NA,REG,LVL,ALLPUB,INSIDE,GTL,SAWYERW,FEEDR,NORM,1FAM,2STORY,7,5,1990,1991,GABLE,COMPSHG,HDBOARD,PLYWOOD,BRKFACE,246.0,GD,TA,CBLOCK,GD,TA,GD,ALQ,700.0,TA,0.0,0.0,700.0,GASA,GD,Y,SBRKR,1122.0,1121.0,0.0,2243.0,1,0,2,1,4,1,GD,8,TYP,1,TA,ATTCHD,ATTCHD,3,746.0,ATTCHD,ATTCHD,Y,127.0,44.0,224.0,0.0,0.0,NA,NA,0,6,2007,WD,NORMAL,225000,True,False
308,50,RM,0.0,7920.0,PAVE,NA,IR1,LVL,ALLPUB,INSIDE,GTL,IDOTRR,ARTERY,NORM,1FAM,1.5FIN,6,7,1920,1950,GABLE,COMPSHG,METALSD,METALSD,None,0.0,TA,FA,CBLOCK,TA,TA,TA,UNF,0.0,TA,0.0,319.0,319.0,GASA,TA,Y,FUSEA,1035.0,371.0,0.0,1406.0,0,0,1,0,3,1,FA,6,TYP,0,NA,NA,NA,0,0.0,NA,NA,N,0.0,144.0,0.0,0.0,0.0,NA,NA,0,3,2008,WD,NORMAL,89500,False,False
309,30,RL,0.0,12342.0,PAVE,NA,IR1,LVL,ALLPUB,INSIDE,GTL,EDWARDS,NORM,NORM,1FAM,1STORY,4,5,1940,1950,GABLE,COMPSHG,VINYLSD,VINYLSD,None,0.0,TA,TA,CBLOCK,TA,TA,TA,BLQ,262.0,TA,0.0,599.0,861.0,GASA,EX,Y,SBRKR,861.0,0.0,0.0,861.0,0,0,1,0,1,1,TA,4,TYP,0,NA,DETCHD,DETCHD,2,539.0,DETCHD,DETCHD,Y,158.0,0.0,0.0,0.0,0.0,NA,NA,0,3,2009,WD,NORMAL,82500,True,False
310,20,RL,90.0,12378.0,PAVE,NA,IR1,LVL,ALLPUB,INSIDE,GTL,NRIDGHT,NORM,NORM,1FAM,1STORY,9,5,2003,2004,GABLE,COMPSHG,VINYLSD,VINYLSD,None,0.0,GD,TA,PCONC,EX,TA,EX,GLQ,1274.0,TA,0.0,622.0,1896.0,GASA,EX,Y,SBRKR,1944.0,0.0,0.0,1944.0,1,0,2,0,3,1,EX,8,TYP,3,EX,ATTCHD,ATTCHD,3,708.0,ATTCHD,ATTCHD,Y,208.0,175.0,0.0,0.0,0.0,NA,NA,0,11,2006,WD,NORMAL,360000,True,False
311,60,RL,0.0,7685.0,PAVE,NA,IR1,LVL,ALLPUB,INSIDE,GTL,GILBERT,NORM,NORM,1FAM,2STORY,6,5,1993,1994,GABLE,COMPSHG,HDBOARD,HDBOARD,BRKFACE,112.0,TA,TA,PCONC,GD,TA,GD,ALQ,518.0,TA,0.0,179.0,697.0,GASA,GD,Y,SBRKR,697.0,804.0,0.0,1501.0,0,0,2,1,3,1,GD,6,TYP,1,TA,ATTCHD,ATTCHD,2,420.0,ATTCHD,ATTCHD,Y,190.0,63.0,0.0,0.0,0.0,NA,NA,0,5,2006,WD,NORMAL,165600,True,False
312,20,RL,50.0,8000.0,PAVE,NA,REG,LVL,ALLPUB,INSIDE,GTL,NAMES,NORM,NORM,1FAM,1STORY,6,6,1948,2002,GABLE,COMPSHG,VINYLSD,VINYLSD,None,0.0,TA,GD,CBLOCK,TA,TA,TA,ALQ,680.0,TA,0.0,292.0,972.0,GASA,EX,Y,SBRKR,972.0,0.0,0.0,972.0,1,0,1,0,2,1,TA,5,TYP,1,GD,DETCHD,DETCHD,1,240.0,DETCHD,DETCHD,Y,0.0,0.0,0.0,0.0,0.0,NA,NA,0,5,2009,WD,NORMAL,132000,True,False
313,190,RM,65.0,7800.0,PAVE,NA,REG,LVL,ALLPUB,INSIDE,GTL,OLDTOWN,ARTERY,NORM,2FMCON,1.5FIN,5,7,1939,1950,GABLE,COMPSHG,METALSD,METALSD,None,0.0,TA,TA,CBLOCK,GD,TA,GD,REC,507.0,TA,0.0,286.0,793.0,GASA,TA,Y,SBRKR,793.0,325.0,0.0,1118.0,1,0,1,0,3,1,TA,5,TYP,1,GD,DETCHD,DETCHD,2,410.0,DETCHD,DETCHD,Y,0.0,0.0,0.0,0.0,271.0,NA,NA,0,5,2006,WD,NORMAL,119900,True,False
314,20,RL,150.0,215245.0,PAVE,NA,IR3,LOW,ALLPUB,INSIDE,SEV,TIMBER,NORM,NORM,1FAM,1STORY,7,5,1965,1965,HIP,COMPSHG,BRKFACE,BRKFACE,None,0.0,TA,TA,CBLOCK,GD,TA,GD,ALQ,1236.0,TA,820.0,80.0,2136.0,GASW,TA,Y,SBRKR,2036.0,0.0,0.0,2036.0,2,0,2,0,3,1,TA,8,TYP,2,GD,ATTCHD,ATTCHD,2,513.0,ATTCHD,ATTCHD,Y,0.0,0.0,0.0,0.0,0.0,NA,NA,0,6,2009,WD,NORMAL,375000,True,False
315,70,RM,60.0,9600.0,PAVE,NA,REG,LVL,ALLPUB,INSIDE,GTL,OLDTOWN,NORM,NORM,1FAM,2STORY,7,7,1925,1990,GABLE,COMPSHG,WD SDNG,WD SDNG,None,0.0,TA,TA,BRKTIL,TA,GD,TA,LWQ,16.0,GD,0.0,712.0,728.0,GASA,EX,Y,SBRKR,832.0,809.0,0.0,1641.0,0,1,1,1,3,1,EX,6,TYP,1,GD,DETCHD,DETCHD,2,546.0,DETCHD,DETCHD,Y,0.0,0.0,234.0,0.0,0.0,NA,NA,0,8,2006,WD,NORMAL,178000,True,False
316,60,RL,71.0,7795.0,PAVE,NA,IR1,LVL,ALLPUB,INSIDE,GTL,GILBERT,NORM,NORM,1FAM,2STORY,7,5,2004,2005,GABLE,COMPSHG,VINYLSD,VINYLSD,None,0.0,GD,TA,PCONC,GD,TA,GD,GLQ,425.0,TA,0.0,291.0,716.0,GASA,EX,Y,SBRKR,716.0,716.0,0.0,1432.0,1,0,2,1,3,1,GD,6,TYP,1,GD,ATTCHD,ATTCHD,2,432.0,ATTCHD,ATTCHD,Y,100.0,51.0,0.0,0.0,0.0,NA,NA,0,7,2009,WD,NORMAL,188500,True,False
317,60,RL,94.0,13005.0,PAVE,NA,IR1,LVL,ALLPUB,CORNER,GTL,NWAMES,NORM,NORM,1FAM,2STORY,7,7,1980,1980,GABLE,COMPSHG,CEMNTBD,CMENTBD,BRKFACE,278.0,GD,TA,CBLOCK,GD,TA,GD,GLQ,692.0,TA,0.0,153.0,845.0,GASA,TA,Y,SBRKR,1153.0,1200.0,0.0,2353.0,1,0,2,1,4,1,EX,10,TYP,1,TA,ATTCHD,ATTCHD,2,484.0,ATTCHD,ATTCHD,Y,288.0,195.0,0.0,0.0,0.0,NA,NA,0,8,2009,WD,NORMAL,260000,True,False
318,60,FV,75.0,9000.0,PAVE,NA,REG,LVL,ALLPUB,INSIDE,GTL,SOMERST,NORM,NORM,1FAM,2STORY,8,5,2006,2006,GABLE,COMPSHG,VINYLSD,VINYLSD,None,0.0,GD,TA,PCONC,GD,TA,GD,UNF,0.0,TA,0.0,1088.0,1088.0,GASA,EX,Y,SBRKR,1088.0,871.0,0.0,1959.0,0,0,2,1,3,1,GD,8,TYP,1,GD,ATTCHD,ATTCHD,3,1025.0,ATTCHD,ATTCHD,Y,208.0,46.0,0.0,0.0,0.0,NA,NA,0,12,2007,WD,NORMAL,270000,True,False
319,60,RL,90.0,9900.0,PAVE,NA,REG,LOW,ALLPUB,INSIDE,MOD,NORIDGE,NORM,NORM,1FAM,2STORY,7,5,1993,1993,GABLE,COMPSHG,HDBOARD,HDBOARD,BRKFACE,256.0,GD,TA,PCONC,GD,TA,GD,GLQ,987.0,TA,0.0,360.0,1347.0,GASA,EX,Y,SBRKR,1372.0,1274.0,0.0,2646.0,1,0,2,1,4,1,GD,9,TYP,1,TA,ATTCHD,ATTCHD,3,656.0,ATTCHD,ATTCHD,Y,340.0,60.0,144.0,0.0,0.0,NA,NA,0,4,2009,WD,NORMAL,260000,True,False
320,80,RL,0.0,14115.0,PAVE,NA,REG,LVL,ALLPUB,INSIDE,GTL,NWAMES,NORM,NORM,1FAM,SLVL,7,5,1980,1980,GABLE,COMPSHG,PLYWOOD,PLYWOOD,BRKFACE,225.0,TA,TA,CBLOCK,GD,TA,GD,GLQ,1036.0,TA,0.0,336.0,1372.0,GASA,TA,Y,SBRKR,1472.0,0.0,0.0,1472.0,1,0,2,0,3,1,TA,6,TYP,2,TA,ATTCHD,ATTCHD,2,588.0,ATTCHD,ATTCHD,Y,233.0,48.0,0.0,0.0,0.0,NA,NA,0,6,2009,WD,NORMAL,187500,True,False
321,60,RL,111.0,16259.0,PAVE,NA,REG,LVL,ALLPUB,CORNER,GTL,NRIDGHT,NORM,NORM,1FAM,2STORY,9,5,2006,2006,GABLE,COMPSHG,VINYLSD,VINYLSD,STONE,370.0,TA,TA,PCONC,EX,GD,EX,UNF,0.0,GD,0.0,1249.0,1249.0,GASA,EX,Y,SBRKR,1249.0,1347.0,0.0,2596.0,0,0,3,1,4,1,GD,9,TYP,0,NA,ATTCHD,ATTCHD,3,840.0,ATTCHD,ATTCHD,Y,240.0,154.0,0.0,0.0,0.0,NA,NA,0,9,2006,NEW,PARTIAL,342643,True,False
322,60,RL,99.0,12099.0,PAVE,NA,IR1,LVL,ALLPUB,INSIDE,GTL,NRIDGHT,NORM,NORM,1FAM,2STORY,8,5,2004,2004,GABLE,COMPSHG,VINYLSD,VINYLSD,BRKFACE,388.0,GD,TA,PCONC,EX,TA,EX,GLQ,970.0,TA,0.0,166.0,1136.0,GASA,EX,Y,SBRKR,1136.0,1332.0,0.0,2468.0,1,0,2,1,4,1,GD,10,TYP,1,GD,BUILTIN,BUILTIN,3,872.0,BUILTIN,BUILTIN,Y,184.0,154.0,0.0,0.0,0.0,NA,NA,0,6,2007,WD,NORMAL,354000,True,False
323,60,RL,86.0,10380.0,PAVE,NA,IR1,LVL,ALLPUB,INSIDE,GTL,SAWYERW,NORM,NORM,1FAM,2STORY,7,5,1986,1987,GABLE,COMPSHG,PLYWOOD,PLYWOOD,BRKFACE,172.0,GD,TA,CBLOCK,TA,TA,TA,LWQ,28.0,TA,1474.0,0.0,1502.0,GASA,EX,Y,SBRKR,1553.0,1177.0,0.0,2730.0,1,0,2,1,4,1,GD,8,TYP,1,TA,ATTCHD,ATTCHD,2,576.0,ATTCHD,ATTCHD,Y,201.0,96.0,0.0,0.0,0.0,NA,NA,0,8,2007,WD,NORMAL,301000,True,False
324,20,RM,49.0,5820.0,PAVE,NA,REG,LVL,ALLPUB,INSIDE,GTL,OLDTOWN,NORM,NORM,1FAM,1STORY,3,8,1955,2005,GABLE,COMPSHG,VINYLSD,VINYLSD,None,0.0,TA,GD,CBLOCK,TA,TA,TA,ALQ,256.0,TA,0.0,906.0,1162.0,GASA,EX,Y,SBRKR,1163.0,0.0,0.0,1163.0,1,0,1,0,3,1,TA,6,TYP,0,NA,ATTCHD,ATTCHD,1,220.0,ATTCHD,ATTCHD,Y,142.0,98.0,0.0,0.0,0.0,NA,NA,0,7,2006,WD,NORMAL,126175,True,False
325,80,RL,96.0,11275.0,PAVE,NA,REG,LVL,ALLPUB,CORNER,GTL,NAMES,POSN,NORM,1FAM,SLVL,7,7,1967,2007,MANSARD,WDSHAKE,WD SDNG,WD SDNG,BRKFACE,300.0,GD,GD,CBLOCK,GD,TA,GD,UNF,0.0,TA,0.0,710.0,710.0,GASA,EX,Y,SBRKR,1898.0,1080.0,0.0,2978.0,0,0,2,1,5,1,GD,11,TYP,1,GD,BUILTIN,BUILTIN,2,564.0,BUILTIN,BUILTIN,Y,240.0,0.0,0.0,0.0,0.0,NA,NA,0,6,2010,WD,NORMAL,242000,True,False
326,45,RM,50.0,5000.0,PAVE,NA,REG,LVL,ALLPUB,INSIDE,GTL,IDOTRR,RRAE,NORM,1FAM,1.5UNF,5,6,1941,1950,GABLE,COMPSHG,METALSD,METALSD,None,0.0,TA,TA,CBLOCK,TA,TA,TA,BLQ,116.0,TA,0.0,604.0,720.0,GASA,PO,N,FUSEF,803.0,0.0,0.0,803.0,0,0,1,0,2,1,TA,5,TYP,0,NA,DETCHD,DETCHD,2,360.0,DETCHD,DETCHD,Y,0.0,0.0,244.0,0.0,0.0,NA,NA,0,12,2007,WD,NORMAL,87000,True,False
327,120,RL,32.0,10846.0,PAVE,NA,IR1,LVL,ALLPUB,CULDSAC,GTL,VEENKER,NORM,NORM,TWNHSE,1STORY,8,5,1993,1993,GABLE,COMPSHG,BRKFACE,BRKFACE,None,0.0,GD,TA,PCONC,GD,TA,GD,GLQ,1619.0,TA,0.0,100.0,1719.0,GASA,EX,Y,SBRKR,1719.0,0.0,0.0,1719.0,2,0,1,1,1,1,GD,6,TYP,2,GD,ATTCHD,ATTCHD,2,473.0,ATTCHD,ATTCHD,Y,122.0,30.0,0.0,0.0,0.0,NA,NA,0,5,2008,CON,NORMAL,324000,True,False
328,20,RL,80.0,11600.0,PAVE,NA,REG,LVL,ALLPUB,INSIDE,GTL,NAMES,NORM,NORM,1FAM,1STORY,6,5,1960,1960,HIP,COMPSHG,WD SDNG,WD SDNG,BRKFACE,175.0,TA,TA,CBLOCK,TA,TA,TA,REC,565.0,TA,0.0,818.0,1383.0,GASA,TA,Y,SBRKR,1383.0,0.0,0.0,1383.0,0,0,1,1,3,1,TA,7,TYP,0,NA,ATTCHD,ATTCHD,1,292.0,ATTCHD,ATTCHD,Y,0.0,45.0,0.0,0.0,0.0,NA,NA,0,4,2006,WD,NORMAL,145250,True,False
329,75,RL,0.0,11888.0,PAVE,NA,IR1,BNK,ALLPUB,INSIDE,GTL,BRKSIDE,POSN,NORM,1FAM,2.5UNF,6,6,1916,1994,GABLE,COMPSHG,WD SDNG,WD SHNG,None,0.0,TA,TA,BRKTIL,TA,TA,TA,UNF,0.0,TA,0.0,844.0,844.0,GASA,GD,N,FUSEA,1445.0,689.0,0.0,2134.0,0,0,2,0,5,1,GD,10,TYP,0,NA,DETCHD,DETCHD,2,441.0,DETCHD,DETCHD,Y,0.0,60.0,268.0,0.0,0.0,NA,NA,0,7,2009,WD,NORMAL,214500,True,False
330,70,RM,60.0,6402.0,PAVE,NA,REG,LVL,ALLPUB,CORNER,GTL,IDOTRR,NORM,NORM,1FAM,2STORY,5,5,1920,1950,GABLE,COMPSHG,WD SDNG,WD SHNG,None,0.0,TA,TA,PCONC,TA,TA,TA,UNF,0.0,TA,0.0,596.0,596.0,GASA,TA,N,SBRKR,596.0,596.0,0.0,1192.0,0,0,1,0,3,1,TA,6,TYP,0,NA,DETCHD,DETCHD,1,189.0,DETCHD,DETCHD,N,0.0,0.0,137.0,0.0,0.0,NA,NA,0,7,2009,WD,NORMAL,78000,True,False
331,90,RL,0.0,10624.0,PAVE,NA,IR1,LVL,ALLPUB,INSIDE,GTL,NAMES,NORM,NORM,DUPLEX,1STORY,5,4,1964,1964,GABLE,COMPSHG,HDBOARD,HDBOARD,BRKFACE,84.0,TA,TA,CBLOCK,TA,TA,TA,GLQ,40.0,TA,264.0,1424.0,1728.0,GASA,TA,Y,SBRKR,1728.0,0.0,0.0,1728.0,0,1,2,0,6,2,TA,10,TYP,0,NA,DETCHD,DETCHD,1,352.0,DETCHD,DETCHD,Y,155.0,0.0,0.0,0.0,0.0,NA,NA,0,11,2007,WD,NORMAL,119000,True,False
332,20,RL,70.0,8176.0,PAVE,NA,REG,LVL,ALLPUB,INSIDE,GTL,NAMES,NORM,NORM,1FAM,1STORY,5,6,1958,1992,GABLE,COMPSHG,WD SDNG,WD SDNG,None,0.0,TA,TA,CBLOCK,TA,TA,TA,REC,846.0,TA,0.0,210.0,1056.0,GASA,FA,Y,SBRKR,1056.0,0.0,0.0,1056.0,1,0,1,0,3,1,TA,6,TYP,0,NA,ATTCHD,ATTCHD,1,308.0,ATTCHD,ATTCHD,Y,0.0,0.0,0.0,0.0,0.0,NA,NA,0,8,2007,WD,NORMAL,139000,True,False
334,120,RM,59.0,8198.0,PAVE,NA,REG,LVL,ALLPUB,FR3,GTL,NRIDGHT,NORM,NORM,TWNHSE,1STORY,7,5,2004,2004,GABLE,COMPSHG,VINYLSD,VINYLSD,STONE,146.0,GD,TA,PCONC,GD,TA,GD,GLQ,720.0,TA,0.0,638.0,1358.0,GASA,EX,Y,SBRKR,1358.0,0.0,0.0,1358.0,1,0,2,0,2,1,GD,6,TYP,1,GD,ATTCHD,ATTCHD,2,484.0,ATTCHD,ATTCHD,Y,192.0,30.0,0.0,0.0,0.0,NA,NA,0,7,2008,WD,NORMAL,207000,True,False
335,60,RL,59.0,9042.0,PAVE,NA,IR1,LVL,ALLPUB,INSIDE,GTL,GILBERT,NORM,NORM,1FAM,2STORY,6,5,1998,1998,GABLE,COMPSHG,VINYLSD,VINYLSD,None,0.0,TA,TA,PCONC,GD,TA,GD,GLQ,828.0,TA,0.0,115.0,943.0,GASA,GD,Y,SBRKR,943.0,695.0,0.0,1638.0,1,0,2,1,3,1,TA,7,TYP,2,TA,ATTCHD,ATTCHD,2,472.0,ATTCHD,ATTCHD,Y,100.0,38.0,0.0,0.0,0.0,NA,NA,0,7,2008,WD,NORMAL,192000,True,False
336,190,RL,0.0,164660.0,GRVL,SHED,IR1,HLS,ALLPUB,CORNER,SEV,TIMBER,NORM,NORM,2FMCON,1.5FIN,5,6,1965,1965,GABLE,COMPSHG,PLYWOOD,PLYWOOD,None,0.0,TA,TA,CBLOCK,TA,TA,TA,ALQ,1249.0,TA,147.0,103.0,1499.0,GASA,EX,Y,SBRKR,1619.0,167.0,0.0,1786.0,2,0,2,0,3,1,TA,7,TYP,2,GD,ATTCHD,ATTCHD,2,529.0,ATTCHD,ATTCHD,Y,670.0,0.0,0.0,0.0,0.0,SHED,SHED,700,8,2008,WD,NORMAL,228950,True,False
337,20,RL,86.0,14157.0,PAVE,NA,IR1,HLS,ALLPUB,CORNER,GTL,STONEBR,NORM,NORM,1FAM,1STORY,9,5,2005,2006,HIP,COMPSHG,VINYLSD,VINYLSD,STONE,200.0,GD,TA,PCONC,EX,TA,EX,GLQ,1249.0,TA,0.0,673.0,1922.0,GASA,EX,Y,SBRKR,1922.0,0.0,0.0,1922.0,1,0,2,0,3,1,GD,8,TYP,1,GD,ATTCHD,ATTCHD,3,676.0,ATTCHD,ATTCHD,Y,178.0,51.0,0.0,0.0,0.0,NA,NA,0,7,2007,WD,NORMAL,377426,True,False
338,20,RL,70.0,9135.0,PAVE,NA,REG,LVL,ALLPUB,INSIDE,GTL,COLLGCR,NORM,NORM,1FAM,1STORY,7,5,2002,2003,GABLE,COMPSHG,VINYLSD,VINYLSD,BRKFACE,113.0,GD,TA,PCONC,GD,TA,GD,GLQ,810.0,TA,0.0,726.0,1536.0,GASA,EX,Y,SBRKR,1536.0,0.0,0.0,1536.0,1,0,2,0,3,1,GD,7,TYP,0,NA,ATTCHD,ATTCHD,2,532.0,ATTCHD,ATTCHD,Y,192.0,74.0,0.0,0.0,0.0,NA,NA,0,12,2008,WD,NORMAL,214000,True,False
339,20,RL,91.0,14145.0,PAVE,SHED,REG,LVL,ALLPUB,CORNER,GTL,NWAMES,NORM,NORM,1FAM,1STORY,7,7,1984,1998,GABLE,COMPSHG,WD SDNG,WD SDNG,None,0.0,GD,TA,CBLOCK,GD,TA,GD,ALQ,213.0,TA,0.0,995.0,1208.0,GASA,EX,Y,SBRKR,1621.0,0.0,0.0,1621.0,1,0,2,0,3,1,GD,8,TYP,0,NA,ATTCHD,ATTCHD,2,440.0,ATTCHD,ATTCHD,Y,108.0,45.0,0.0,0.0,0.0,SHED,SHED,400,5,2006,WD,NORMAL,202500,True,False
340,20,RL,66.0,12400.0,PAVE,NA,IR1,LVL,ALLPUB,INSIDE,GTL,NAMES,FEEDR,NORM,1FAM,1STORY,6,7,1958,1998,HIP,COMPSHG,WD SDNG,WD SDNG,BRKFACE,176.0,TA,TA,CBLOCK,TA,FA,TA,REC,585.0,FA,0.0,630.0,1215.0,GASA,TA,Y,FUSEA,1215.0,0.0,0.0,1215.0,0,0,1,0,3,1,TA,6,TYP,0,NA,ATTCHD,ATTCHD,1,297.0,ATTCHD,ATTCHD,Y,0.0,0.0,0.0,0.0,234.0,NA,NA,0,6,2009,WD,NORMAL,155000,True,False
341,60,RL,85.0,14191.0,PAVE,NA,REG,LVL,ALLPUB,INSIDE,GTL,TIMBER,NORM,NORM,1FAM,2STORY,8,5,2002,2002,GABLE,COMPSHG,VINYLSD,VINYLSD,None,0.0,GD,TA,PCONC,GD,TA,GD,UNF,0.0,TA,0.0,967.0,967.0,GASA,EX,Y,SBRKR,993.0,915.0,0.0,1908.0,0,0,2,1,4,1,GD,9,TYP,0,NA,ATTCHD,ATTCHD,2,431.0,ATTCHD,ATTCHD,Y,135.0,0.0,0.0,0.0,0.0,NA,NA,0,4,2010,WD,NORMAL,202900,True,False
342,20,RH,60.0,8400.0,PAVE,NA,REG,LVL,ALLPUB,INSIDE,GTL,SAWYERW,FEEDR,NORM,1FAM,1STORY,4,4,1950,1950,GABLE,COMPSHG,WD SDNG,ASBSHNG,None,0.0,FA,FA,CBLOCK,TA,FA,TA,UNF,0.0,FA,0.0,721.0,721.0,GASA,GD,Y,SBRKR,841.0,0.0,0.0,841.0,0,0,1,0,2,1,TA,4,TYP,0,NA,CARPORT,CARPORT,1,294.0,CARPORT,CARPORT,N,250.0,0.0,24.0,0.0,0.0,NA,NA,0,9,2009,WD,NORMAL,82000,True,False
343,90,RL,0.0,8544.0,PAVE,NA,REG,LVL,ALLPUB,INSIDE,GTL,NAMES,NORM,NORM,DUPLEX,1STORY,3,4,1949,1950,GABLE,COMPSHG,STUCCO,STUCCO,BRKFACE,340.0,TA,TA,SLAB,NA,NA,NA,NA,0.0,NA,0.0,0.0,0.0,WALL,FA,N,FUSEA,1040.0,0.0,0.0,1040.0,0,0,2,0,2,2,TA,6,TYP,0,NA,DETCHD,DETCHD,2,400.0,DETCHD,DETCHD,Y,0.0,0.0,0.0,0.0,0.0,NA,NA,0,5,2006,WD,NORMAL,87500,True,False
344,120,RL,63.0,8849.0,PAVE,NA,IR1,LVL,ALLPUB,INSIDE,GTL,NRIDGHT,NORM,NORM,TWNHSE,1STORY,9,5,2005,2005,HIP,COMPSHG,METALSD,METALSD,BRKFACE,616.0,EX,TA,PCONC,EX,TA,EX,GLQ,28.0,TA,0.0,1656.0,1684.0,GASA,EX,Y,SBRKR,1684.0,0.0,0.0,1684.0,0,0,2,0,2,1,EX,6,TYP,1,EX,ATTCHD,ATTCHD,2,564.0,ATTCHD,ATTCHD,Y,495.0,72.0,0.0,0.0,0.0,NA,NA,0,7,2008,WD,NORMAL,266000,True,False
345,160,RM,36.0,2592.0,PAVE,NA,REG,LVL,ALLPUB,INSIDE,GTL,MEADOWV,NORM,NORM,TWNHSE,2STORY,5,3,1976,1976,GABLE,COMPSHG,CEMNTBD,CMENTBD,None,0.0,TA,TA,CBLOCK,GD,TA,GD,REC,129.0,TA,232.0,175.0,536.0,GASA,TA,Y,SBRKR,536.0,576.0,0.0,1112.0,0,0,1,1,3,1,TA,4,TYP,0,NA,ATTCHD,ATTCHD,1,336.0,ATTCHD,ATTCHD,Y,182.0,0.0,0.0,0.0,0.0,NA,NA,0,4,2010,WD,NORMAL,85000,True,False
346,50,RL,65.0,6435.0,PAVE,NA,REG,LVL,ALLPUB,INSIDE,GTL,BRKSIDE,RRAN,NORM,1FAM,1.5FIN,6,5,1939,1950,GABLE,COMPSHG,METALSD,METALSD,None,0.0,TA,TA,BRKTIL,TA,TA,TA,UNF,0.0,TA,0.0,972.0,972.0,GASA,GD,Y,SBRKR,972.0,605.0,0.0,1577.0,0,0,1,0,3,1,FA,6,TYP,1,GD,DETCHD,DETCHD,1,312.0,DETCHD,DETCHD,Y,0.0,0.0,0.0,0.0,0.0,NA,NA,0,10,2006,WD,NORMAL,140200,True,False
347,20,RL,0.0,12772.0,PAVE,GAR2,IR1,LVL,ALLPUB,CULDSAC,GTL,NAMES,NORM,NORM,1FAM,1STORY,6,8,1960,1998,HIP,COMPSHG,METALSD,METALSD,None,0.0,TA,GD,CBLOCK,TA,TA,TA,BLQ,498.0,TA,0.0,460.0,958.0,GASA,TA,Y,SBRKR,958.0,0.0,0.0,958.0,0,0,1,0,2,1,TA,5,TYP,0,NA,ATTCHD,ATTCHD,1,301.0,ATTCHD,ATTCHD,Y,0.0,0.0,0.0,0.0,0.0,GAR2,GAR2,15500,4,2007,WD,NORMAL,151500,True,False
348,20,RL,0.0,17600.0,PAVE,NA,IR1,LVL,ALLPUB,INSIDE,GTL,NAMES,NORM,NORM,1FAM,1STORY,6,5,1960,1960,GABLE,COMPSHG,WD SDNG,WD SDNG,BRKFACE,30.0,TA,TA,CBLOCK,TA,TA,TA,BLQ,1270.0,TA,0.0,208.0,1478.0,GASA,EX,Y,FUSEA,1478.0,0.0,0.0,1478.0,1,0,2,0,3,1,TA,6,TYP,2,GD,ATTCHD,ATTCHD,2,498.0,ATTCHD,ATTCHD,Y,0.0,40.0,0.0,0.0,0.0,NA,NA,0,12,2009,WD,NORMAL,157500,True,False
349,160,RL,36.0,2448.0,PAVE,NA,REG,LVL,ALLPUB,INSIDE,GTL,NRIDGHT,NORM,NORM,TWNHS,2STORY,7,5,2003,2004,GABLE,COMPSHG,VINYLSD,WD SHNG,STONE,106.0,GD,TA,PCONC,GD,TA,GD,GLQ,573.0,TA,0.0,191.0,764.0,GASA,EX,Y,SBRKR,764.0,862.0,0.0,1626.0,1,0,2,1,2,1,GD,6,TYP,0,NA,BUILTIN,BUILTIN,2,474.0,BUILTIN,BUILTIN,Y,0.0,27.0,0.0,0.0,0.0,NA,NA,0,10,2008,WD,NORMAL,154000,True,False
350,60,RL,56.0,20431.0,PAVE,NA,IR2,LVL,ALLPUB,INSIDE,GTL,NRIDGHT,NORM,NORM,1FAM,2STORY,9,5,2005,2006,HIP,COMPSHG,CEMNTBD,CMENTBD,BRKFACE,870.0,EX,TA,PCONC,EX,TA,EX,GLQ,1410.0,TA,0.0,438.0,1848.0,GASA,EX,Y,SBRKR,1848.0,880.0,0.0,2728.0,1,0,2,1,4,1,EX,10,TYP,2,EX,ATTCHD,ATTCHD,3,706.0,ATTCHD,ATTCHD,Y,0.0,0.0,0.0,0.0,0.0,NA,NA,0,4,2006,NEW,PARTIAL,437154,True,False
351,120,RL,68.0,7820.0,PAVE,NA,IR1,LVL,ALLPUB,INSIDE,GTL,NRIDGHT,NORM,NORM,TWNHSE,1STORY,9,5,2007,2007,HIP,COMPSHG,METALSD,METALSD,BRKFACE,362.0,EX,TA,PCONC,EX,TA,EX,UNF,0.0,TA,0.0,1869.0,1869.0,GASA,EX,Y,SBRKR,1869.0,0.0,0.0,1869.0,0,0,2,0,2,1,EX,6,TYP,1,GD,ATTCHD,ATTCHD,2,617.0,ATTCHD,ATTCHD,Y,210.0,54.0,0.0,0.0,0.0,NA,NA,0,12,2007,NEW,PARTIAL,318061,True,False
352,120,RL,0.0,5271.0,PAVE,NA,IR1,LOW,ALLPUB,INSIDE,MOD,CLEARCR,NORM,NORM,1FAM,1STORY,7,5,1986,1986,GABLE,COMPSHG,WD SDNG,WD SDNG,None,0.0,TA,TA,PCONC,GD,TA,GD,GLQ,1082.0,TA,0.0,371.0,1453.0,GASA,GD,Y,SBRKR,1453.0,0.0,0.0,1453.0,1,0,1,1,2,1,GD,6,TYP,1,TA,ATTCHD,ATTCHD,2,445.0,ATTCHD,ATTCHD,Y,0.0,80.0,0.0,0.0,184.0,NA,NA,0,12,2006,WD,ABNORML,190000,True,False
353,50,RL,60.0,9084.0,PAVE,NA,REG,LVL,ALLPUB,INSIDE,GTL,EDWARDS,ARTERY,NORM,1FAM,1.5FIN,5,6,1941,1950,GABLE,COMPSHG,VINYLSD,VINYLSD,None,0.0,TA,TA,CBLOCK,TA,FA,TA,LWQ,236.0,FA,380.0,0.0,616.0,GASA,TA,N,SBRKR,616.0,495.0,0.0,1111.0,0,1,1,0,3,1,TA,5,TYP,0,NA,DETCHD,DETCHD,1,200.0,DETCHD,DETCHD,Y,48.0,0.0,0.0,0.0,0.0,NA,NA,0,3,2008,CONLW,NORMAL,95000,True,False
354,30,RM,60.0,8520.0,PAVE,NA,REG,LVL,ALLPUB,INSIDE,GTL,OLDTOWN,NORM,NORM,1FAM,1STORY,6,8,1928,2003,GABLE,COMPSHG,VINYLSD,VINYLSD,None,0.0,TA,GD,BRKTIL,TA,TA,TA,UNF,0.0,TA,0.0,624.0,624.0,GASA,GD,Y,SBRKR,720.0,0.0,0.0,720.0,0,0,1,0,2,1,TA,5,TYP,0,NA,DETCHD,DETCHD,2,484.0,DETCHD,DETCHD,Y,106.0,0.0,0.0,0.0,0.0,NA,NA,0,5,2010,WD,NORMAL,105900,True,False
355,50,RL,60.0,8400.0,PAVE,NA,REG,BNK,ALLPUB,INSIDE,GTL,SWISU,NORM,NORM,1FAM,1.5FIN,6,5,1940,2000,GABLE,COMPSHG,WD SDNG,METALSD,None,0.0,TA,TA,CBLOCK,TA,TA,TA,LWQ,388.0,TA,0.0,552.0,940.0,GASA,EX,Y,SBRKR,1192.0,403.0,0.0,1595.0,0,0,1,0,2,1,TA,6,TYP,2,GD,ATTCHD,ATTCHD,1,240.0,ATTCHD,ATTCHD,Y,0.0,0.0,108.0,0.0,0.0,NA,NA,0,6,2006,WD,NORMAL,140000,True,False
356,20,RL,105.0,11249.0,PAVE,NA,IR2,LVL,ALLPUB,INSIDE,GTL,COLLGCR,NORM,NORM,1FAM,1STORY,6,5,1995,1995,GABLE,COMPSHG,VINYLSD,VINYLSD,None,0.0,GD,GD,PCONC,GD,GD,GD,ALQ,334.0,GD,544.0,322.0,1200.0,GASA,EX,Y,SBRKR,1200.0,0.0,0.0,1200.0,1,0,2,0,3,1,GD,6,TYP,0,NA,ATTCHD,ATTCHD,2,521.0,ATTCHD,ATTCHD,Y,0.0,26.0,0.0,0.0,0.0,NA,NA,0,8,2007,WD,NORMAL,177500,True,False
357,20,RL,0.0,9248.0,PAVE,NA,IR1,LVL,ALLPUB,INSIDE,GTL,GILBERT,NORM,NORM,1FAM,1STORY,6,6,1992,1992,GABLE,COMPSHG,HDBOARD,HDBOARD,BRKFACE,106.0,TA,TA,PCONC,GD,TA,GD,GLQ,560.0,TA,0.0,598.0,1158.0,GASA,GD,Y,SBRKR,1167.0,0.0,0.0,1167.0,1,0,2,0,3,1,GD,6,TYP,0,NA,ATTCHD,ATTCHD,2,400.0,ATTCHD,ATTCHD,Y,120.0,26.0,0.0,0.0,0.0,NA,NA,0,7,2009,WD,NORMAL,173000,True,False
358,120,RM,44.0,4224.0,PAVE,NA,REG,LVL,ALLPUB,INSIDE,GTL,MEADOWV,NORM,NORM,TWNHSE,1STORY,5,5,1976,1976,GABLE,COMPSHG,CEMNTBD,CMENTBD,None,0.0,TA,TA,PCONC,GD,TA,GD,ALQ,874.0,TA,0.0,268.0,1142.0,GASA,TA,Y,SBRKR,1142.0,0.0,0.0,1142.0,1,0,1,1,3,1,TA,6,TYP,1,PO,ATTCHD,ATTCHD,2,528.0,ATTCHD,ATTCHD,Y,536.0,90.0,0.0,0.0,0.0,NA,NA,0,8,2007,WD,NORMAL,134000,True,False
359,80,RL,92.0,6930.0,PAVE,NA,IR1,LVL,ALLPUB,INSIDE,GTL,CLEARCR,NORM,NORM,1FAM,SLVL,5,4,1958,1958,HIP,COMPSHG,WD SDNG,IMSTUCC,BRKFACE,120.0,TA,TA,CBLOCK,TA,TA,TA,BLQ,300.0,TA,294.0,468.0,1062.0,GASA,EX,Y,FUSEF,1352.0,0.0,0.0,1352.0,0,1,1,0,3,1,GD,6,MIN2,0,NA,BUILTIN,BUILTIN,1,288.0,BUILTIN,BUILTIN,Y,168.0,0.0,294.0,0.0,0.0,NA,NA,0,7,2006,WD,ABNORML,130000,True,False
360,60,RL,78.0,12011.0,PAVE,NA,IR1,LVL,ALLPUB,CULDSAC,GTL,NORIDGE,NORM,NORM,1FAM,2STORY,8,5,1998,1998,GABLE,COMPSHG,VINYLSD,VINYLSD,BRKFACE,530.0,GD,TA,PCONC,GD,TA,GD,GLQ,956.0,TA,0.0,130.0,1086.0,GASA,EX,Y,SBRKR,1086.0,838.0,0.0,1924.0,1,0,2,1,3,1,GD,7,TYP,1,TA,ATTCHD,ATTCHD,2,592.0,ATTCHD,ATTCHD,Y,208.0,75.0,0.0,0.0,374.0,NA,NA,0,6,2006,WD,NORMAL,280000,True,False
361,85,RL,0.0,7540.0,PAVE,NA,IR1,LVL,ALLPUB,CULDSAC,GTL,MITCHEL,NORM,NORM,1FAM,SFOYER,6,6,1978,1978,GABLE,COMPSHG,VINYLSD,VINYLSD,None,0.0,TA,TA,CBLOCK,GD,TA,GD,GLQ,773.0,TA,0.0,115.0,888.0,GASA,EX,Y,SBRKR,912.0,0.0,0.0,912.0,1,0,1,0,2,1,TA,5,TYP,1,TA,ATTCHD,ATTCHD,2,470.0,ATTCHD,ATTCHD,Y,0.0,0.0,0.0,0.0,192.0,NA,NA,0,6,2007,WD,NORMAL,156000,True,False
362,50,RL,0.0,9144.0,PAVE,NA,REG,LVL,ALLPUB,INSIDE,GTL,BRKSIDE,NORM,NORM,1FAM,1.5FIN,5,5,1940,1982,GABLE,COMPSHG,METALSD,METALSD,None,0.0,TA,TA,CBLOCK,TA,TA,TA,REC,399.0,TA,0.0,484.0,883.0,GASA,GD,Y,SBRKR,988.0,517.0,0.0,1505.0,1,0,1,0,3,1,TA,8,TYP,0,NA,DETCHD,DETCHD,1,240.0,DETCHD,DETCHD,N,0.0,0.0,0.0,0.0,0.0,NA,NA,0,7,2008,WD,NORMAL,145000,True,False
363,85,RL,64.0,7301.0,PAVE,NA,REG,LVL,ALLPUB,CORNER,GTL,EDWARDS,NORM,NORM,1FAM,SFOYER,7,5,2003,2003,GABLE,COMPSHG,HDBOARD,HDBOARD,BRKFACE,500.0,GD,TA,SLAB,NA,NA,NA,NA,0.0,NA,0.0,0.0,0.0,GASA,EX,Y,SBRKR,495.0,1427.0,0.0,1922.0,0,0,3,0,4,1,GD,7,TYP,1,EX,BUILTIN,BUILTIN,2,672.0,BUILTIN,BUILTIN,Y,0.0,0.0,177.0,0.0,0.0,NA,NA,0,7,2009,CONLD,NORMAL,198500,True,False
364,160,RM,21.0,1680.0,PAVE,NA,REG,LVL,ALLPUB,INSIDE,GTL,BRDALE,NORM,NORM,TWNHS,2STORY,6,8,1972,2007,GABLE,COMPSHG,HDBOARD,HDBOARD,BRKFACE,510.0,TA,TA,CBLOCK,TA,TA,TA,ALQ,162.0,TA,0.0,321.0,483.0,GASA,GD,Y,SBRKR,483.0,504.0,0.0,987.0,0,0,1,1,2,1,GD,5,TYP,0,NA,DETCHD,DETCHD,1,264.0,DETCHD,DETCHD,Y,250.0,0.0,0.0,0.0,0.0,NA,NA,0,5,2009,WD,NORMAL,118000,True,False
365,60,RL,0.0,18800.0,PAVE,NA,IR1,LVL,ALLPUB,FR2,GTL,NWAMES,NORM,NORM,1FAM,2STORY,6,5,1976,1976,GABLE,COMPSHG,HDBOARD,HDBOARD,BRKFACE,120.0,TA,TA,PCONC,GD,TA,GD,GLQ,712.0,TA,0.0,84.0,796.0,GASA,TA,Y,SBRKR,790.0,784.0,0.0,1574.0,1,0,2,1,3,1,TA,6,TYP,1,TA,ATTCHD,ATTCHD,2,566.0,ATTCHD,ATTCHD,Y,306.0,111.0,0.0,0.0,0.0,NA,NA,0,7,2006,WD,NORMAL,190000,True,False
366,70,RM,59.0,10690.0,PAVE,NA,REG,LVL,ALLPUB,INSIDE,GTL,IDOTRR,NORM,NORM,1FAM,2STORY,5,7,1920,1997,HIP,COMPSHG,VINYLSD,VINYLSD,None,0.0,TA,GD,CBLOCK,TA,FA,TA,REC,456.0,FA,0.0,216.0,672.0,GASA,GD,Y,FUSEA,672.0,672.0,0.0,1344.0,0,0,1,0,3,1,TA,6,TYP,0,NA,DETCHD,DETCHD,1,468.0,DETCHD,DETCHD,Y,0.0,128.0,218.0,0.0,0.0,NA,NA,0,7,2009,WD,NORMAL,147000,True,False
367,20,RL,0.0,9500.0,PAVE,NA,IR1,LVL,ALLPUB,INSIDE,GTL,NAMES,NORM,NORM,1FAM,1STORY,6,5,1963,1963,GABLE,COMPSHG,PLYWOOD,PLYWOOD,BRKFACE,247.0,TA,TA,CBLOCK,GD,TA,GD,BLQ,609.0,TA,0.0,785.0,1394.0,GASA,GD,Y,SBRKR,1394.0,0.0,0.0,1394.0,1,0,1,1,3,1,TA,6,TYP,2,GD,ATTCHD,ATTCHD,2,514.0,ATTCHD,ATTCHD,Y,0.0,76.0,0.0,0.0,185.0,NA,NA,0,7,2009,WD,NORMAL,159000,True,False
368,80,RL,101.0,9150.0,PAVE,NA,IR1,LVL,ALLPUB,CORNER,GTL,NAMES,NORM,NORM,1FAM,SLVL,6,5,1962,1962,GABLE,TAR&GRV,PLYWOOD,PLYWOOD,BRKFACE,305.0,TA,TA,CBLOCK,GD,TA,GD,GLQ,371.0,TA,0.0,728.0,1099.0,GASA,GD,Y,SBRKR,1431.0,0.0,0.0,1431.0,0,1,1,0,3,1,TA,6,TYP,1,GD,BASMENT,BASMENT,1,296.0,BASMENT,BASMENT,Y,64.0,110.0,0.0,0.0,0.0,NA,NA,0,12,2008,WD,NORMAL,165000,True,False
369,20,RL,78.0,7800.0,PAVE,NA,REG,LVL,ALLPUB,INSIDE,GTL,NAMES,NORM,NORM,1FAM,1STORY,5,6,1954,1954,GABLE,COMPSHG,HDBOARD,HDBOARD,BRKFACE,200.0,TA,TA,PCONC,TA,TA,TA,LWQ,540.0,TA,0.0,728.0,1268.0,GASA,GD,Y,SBRKR,1268.0,0.0,0.0,1268.0,0,0,1,0,2,1,TA,7,TYP,1,GD,ATTCHD,ATTCHD,1,244.0,ATTCHD,ATTCHD,Y,0.0,98.0,0.0,0.0,0.0,NA,NA,0,3,2010,WD,NORMAL,132000,True,False
370,20,RL,0.0,9830.0,PAVE,NA,IR1,LVL,ALLPUB,CORNER,GTL,NAMES,NORM,NORM,1FAM,1STORY,5,7,1959,2006,GABLE,COMPSHG,WD SDNG,WD SDNG,None,0.0,TA,GD,CBLOCK,TA,TA,TA,ALQ,72.0,TA,258.0,733.0,1063.0,GASA,EX,Y,SBRKR,1287.0,0.0,0.0,1287.0,1,0,1,0,3,1,GD,7,TYP,1,GD,DETCHD,DETCHD,2,576.0,DETCHD,DETCHD,Y,364.0,17.0,0.0,0.0,182.0,NA,NA,0,3,2010,WD,NORMAL,162000,True,False
371,60,RL,0.0,8121.0,PAVE,NA,IR1,LVL,ALLPUB,INSIDE,GTL,GILBERT,NORM,NORM,1FAM,2STORY,6,5,2000,2000,GABLE,COMPSHG,VINYLSD,VINYLSD,None,0.0,TA,TA,PCONC,GD,TA,GD,UNF,0.0,TA,0.0,953.0,953.0,GASA,EX,Y,SBRKR,953.0,711.0,0.0,1664.0,0,0,2,1,3,1,TA,7,TYP,1,TA,ATTCHD,ATTCHD,2,460.0,ATTCHD,ATTCHD,Y,100.0,40.0,0.0,0.0,0.0,NA,NA,0,1,2006,WD,NORMAL,172400,True,False
372,50,RL,80.0,17120.0,PAVE,NA,REG,LVL,ALLPUB,INSIDE,GTL,CLEARCR,FEEDR,NORM,1FAM,1.5FIN,4,4,1959,1959,GABLE,COMPSHG,WDSHING,PLYWOOD,None,0.0,TA,TA,CBLOCK,NA,NA,NA,NA,0.0,NA,0.0,0.0,0.0,GASA,TA,Y,SBRKR,1120.0,468.0,0.0,1588.0,0,0,2,0,4,1,TA,7,MIN2,1,GD,DETCHD,DETCHD,2,680.0,DETCHD,DETCHD,N,0.0,59.0,0.0,0.0,0.0,NA,NA,0,7,2008,WD,NORMAL,134432,True,False
373,120,RL,50.0,7175.0,PAVE,NA,REG,LVL,ALLPUB,INSIDE,GTL,SAWYERW,NORM,NORM,TWNHSE,1STORY,6,5,1984,1984,GABLE,COMPSHG,PLYWOOD,PLYWOOD,None,0.0,TA,TA,CBLOCK,GD,TA,GD,ALQ,623.0,TA,121.0,0.0,744.0,GASA,TA,Y,SBRKR,752.0,0.0,0.0,752.0,1,0,1,0,2,1,TA,4,TYP,0,NA,ATTCHD,ATTCHD,1,264.0,ATTCHD,ATTCHD,Y,353.0,0.0,0.0,0.0,90.0,NA,NA,0,2,2010,WD,NORMAL,125000,True,False
374,20,RL,79.0,10634.0,PAVE,NA,REG,LVL,ALLPUB,INSIDE,GTL,NAMES,NORM,NORM,1FAM,1STORY,5,6,1953,1953,GABLE,COMPSHG,METALSD,METALSD,None,0.0,TA,TA,PCONC,TA,TA,TA,BLQ,428.0,TA,180.0,0.0,608.0,GASA,TA,Y,SBRKR,1319.0,0.0,0.0,1319.0,1,0,1,0,3,1,TA,5,MIN2,0,NA,ATTCHD,ATTCHD,1,270.0,ATTCHD,ATTCHD,Y,66.0,0.0,0.0,0.0,0.0,NA,NA,0,11,2009,WD,NORMAL,123000,True,False
375,60,RL,65.0,8200.0,PAVE,NA,REG,LVL,ALLPUB,INSIDE,GTL,COLLGCR,NORM,NORM,1FAM,2STORY,7,5,2003,2004,GABLE,COMPSHG,VINYLSD,VINYLSD,None,0.0,GD,TA,PCONC,GD,TA,GD,UNF,0.0,TA,0.0,847.0,847.0,GASA,EX,Y,SBRKR,847.0,1081.0,0.0,1928.0,0,0,2,1,4,1,GD,8,TYP,1,GD,BUILTIN,BUILTIN,2,434.0,BUILTIN,BUILTIN,Y,100.0,48.0,0.0,0.0,0.0,NA,NA,0,7,2007,WD,NORMAL,219500,True,False
376,30,RL,0.0,10020.0,PAVE,NA,IR1,LOW,ALLPUB,INSIDE,SEV,EDWARDS,NORM,NORM,1FAM,1STORY,1,1,1922,1950,GABLE,COMPSHG,WD SDNG,WD SDNG,None,0.0,FA,FA,BRKTIL,FA,PO,FA,BLQ,350.0,PO,0.0,333.0,683.0,GASA,GD,N,FUSEA,904.0,0.0,0.0,904.0,1,0,0,1,1,1,FA,4,MAJ1,0,NA,NA,NA,0,0.0,NA,NA,Y,0.0,0.0,0.0,0.0,0.0,NA,NA,0,3,2009,WD,NORMAL,61000,False,False
377,85,RL,57.0,8846.0,PAVE,NA,IR1,LVL,ALLPUB,CULDSAC,GTL,COLLGCR,NORM,NORM,1FAM,SFOYER,5,5,1996,1996,GABLE,COMPSHG,VINYLSD,VINYLSD,None,0.0,GD,TA,PCONC,GD,TA,GD,GLQ,298.0,TA,0.0,572.0,870.0,GASA,EX,Y,SBRKR,914.0,0.0,0.0,914.0,0,0,1,0,2,1,TA,5,TYP,0,NA,DETCHD,DETCHD,2,576.0,DETCHD,DETCHD,Y,0.0,0.0,0.0,0.0,0.0,NA,NA,0,7,2006,WD,NORMAL,148000,True,False
378,60,FV,102.0,11143.0,PAVE,NA,IR1,LVL,ALLPUB,CORNER,GTL,SOMERST,NORM,NORM,1FAM,2STORY,8,5,2004,2005,GABLE,COMPSHG,CEMNTBD,CMENTBD,None,0.0,GD,TA,PCONC,GD,TA,GD,UNF,0.0,TA,0.0,1580.0,1580.0,GASA,EX,Y,SBRKR,1580.0,886.0,0.0,2466.0,0,0,3,0,4,1,GD,8,TYP,1,GD,ATTCHD,ATTCHD,2,610.0,ATTCHD,ATTCHD,Y,159.0,214.0,0.0,0.0,0.0,NA,NA,0,12,2007,WD,NORMAL,340000,True,False
379,20,RL,88.0,11394.0,PAVE,NA,REG,LVL,ALLPUB,CORNER,GTL,STONEBR,NORM,NORM,1FAM,1STORY,9,2,2010,2010,HIP,COMPSHG,VINYLSD,VINYLSD,STONE,350.0,GD,TA,PCONC,EX,TA,EX,GLQ,1445.0,TA,0.0,411.0,1856.0,GASA,EX,Y,SBRKR,1856.0,0.0,0.0,1856.0,1,0,1,1,1,1,EX,8,TYP,1,EX,ATTCHD,ATTCHD,3,834.0,ATTCHD,ATTCHD,Y,113.0,0.0,0.0,0.0,0.0,NA,NA,0,6,2010,NEW,PARTIAL,394432,True,False
380,60,RL,60.0,8123.0,PAVE,NA,IR1,LVL,ALLPUB,INSIDE,GTL,GILBERT,RRAN,NORM,1FAM,2STORY,6,5,2000,2000,GABLE,COMPSHG,VINYLSD,VINYLSD,BRKFACE,16.0,TA,TA,PCONC,GD,TA,GD,UNF,0.0,TA,0.0,982.0,982.0,GASA,EX,Y,SBRKR,1007.0,793.0,0.0,1800.0,0,0,2,1,3,1,TA,7,TYP,1,TA,ATTCHD,ATTCHD,2,463.0,ATTCHD,ATTCHD,Y,100.0,63.0,0.0,0.0,0.0,NA,NA,0,6,2009,WD,NORMAL,179000,True,False
381,50,RL,50.0,5000.0,PAVE,NA,REG,LVL,ALLPUB,INSIDE,GTL,SWISU,NORM,NORM,1FAM,1.5FIN,5,6,1924,1950,GABLE,COMPSHG,BRKFACE,WD SDNG,None,0.0,TA,TA,BRKTIL,TA,TA,TA,LWQ,218.0,TA,0.0,808.0,1026.0,GASA,TA,Y,SBRKR,1026.0,665.0,0.0,1691.0,0,0,2,0,3,1,GD,6,TYP,1,GD,DETCHD,DETCHD,1,308.0,DETCHD,DETCHD,Y,0.0,0.0,242.0,0.0,0.0,NA,NA,0,5,2010,WD,NORMAL,127000,True,False
382,20,FV,60.0,7200.0,PAVE,NA,REG,LVL,ALLPUB,INSIDE,GTL,SOMERST,NORM,NORM,1FAM,1STORY,7,5,2006,2006,GABLE,COMPSHG,VINYLSD,VINYLSD,None,0.0,GD,TA,PCONC,GD,GD,GD,UNF,0.0,GD,0.0,1293.0,1293.0,GASA,EX,Y,SBRKR,1301.0,0.0,0.0,1301.0,1,0,2,0,2,1,GD,5,TYP,1,GD,ATTCHD,ATTCHD,2,572.0,ATTCHD,ATTCHD,Y,216.0,121.0,0.0,0.0,0.0,NA,NA,0,8,2006,NEW,PARTIAL,187750,True,False
383,60,RL,79.0,9245.0,PAVE,NA,IR1,LVL,ALLPUB,INSIDE,GTL,COLLGCR,NORM,NORM,1FAM,2STORY,7,5,2006,2006,GABLE,COMPSHG,VINYLSD,VINYLSD,None,0.0,GD,TA,PCONC,GD,TA,GD,UNF,0.0,TA,0.0,939.0,939.0,GASA,EX,Y,SBRKR,939.0,858.0,0.0,1797.0,0,0,2,1,3,1,GD,8,TYP,0,NA,ATTCHD,ATTCHD,2,639.0,ATTCHD,ATTCHD,Y,144.0,53.0,0.0,0.0,0.0,NA,NA,0,4,2007,WD,NORMAL,213500,True,False
384,45,RH,60.0,9000.0,PAVE,NA,REG,LVL,ALLPUB,CORNER,GTL,SAWYERW,NORM,NORM,1FAM,1.5UNF,6,3,1928,1950,GABLE,COMPSHG,WD SDNG,WD SDNG,None,0.0,TA,TA,BRKTIL,FA,FA,FA,UNF,0.0,FA,0.0,784.0,784.0,GASA,TA,N,FUSEA,784.0,0.0,0.0,784.0,0,0,1,0,2,1,TA,5,TYP,0,NA,DETCHD,DETCHD,2,360.0,DETCHD,DETCHD,N,0.0,0.0,91.0,0.0,0.0,NA,NA,0,10,2009,WD,NORMAL,76000,True,False
385,60,RL,0.0,53107.0,PAVE,NA,IR2,LOW,ALLPUB,CORNER,MOD,CLEARCR,FEEDR,NORM,1FAM,2STORY,6,5,1992,1992,GABLE,COMPSHG,HDBOARD,HDBOARD,None,0.0,GD,TA,PCONC,GD,TA,GD,GLQ,985.0,TA,0.0,595.0,1580.0,GASA,EX,Y,SBRKR,1079.0,874.0,0.0,1953.0,1,0,2,1,3,1,GD,9,TYP,2,FA,ATTCHD,ATTCHD,2,501.0,ATTCHD,ATTCHD,Y,216.0,231.0,0.0,0.0,0.0,NA,NA,0,6,2007,WD,NORMAL,240000,True,False
386,120,RL,43.0,3182.0,PAVE,NA,REG,LVL,ALLPUB,INSIDE,GTL,BLMNGTN,NORM,NORM,TWNHSE,1STORY,8,5,2004,2005,GABLE,COMPSHG,VINYLSD,VINYLSD,BRKFACE,16.0,GD,TA,PCONC,GD,TA,GD,GLQ,24.0,TA,0.0,1232.0,1256.0,GASA,EX,Y,SBRKR,1269.0,0.0,0.0,1269.0,0,0,2,0,2,1,GD,6,TYP,1,TA,ATTCHD,ATTCHD,2,430.0,ATTCHD,ATTCHD,Y,146.0,20.0,0.0,0.0,144.0,NA,NA,0,4,2010,WD,NORMAL,192000,True,False
387,50,RL,58.0,8410.0,PAVE,NA,REG,LVL,ALLPUB,FR2,GTL,EDWARDS,FEEDR,NORM,1FAM,1.5FIN,5,3,1910,1996,GAMBREL,COMPSHG,WD SDNG,VINYLSD,None,0.0,TA,FA,PCONC,TA,TA,TA,UNF,0.0,TA,0.0,658.0,658.0,GASA,TA,Y,SBRKR,658.0,526.0,0.0,1184.0,0,0,1,0,5,1,TA,8,TYP,0,NA,NA,NA,0,0.0,NA,NA,N,0.0,151.0,0.0,0.0,0.0,NA,NA,0,5,2006,WD,ADJLAND,81000,False,False
388,80,RL,72.0,7200.0,PAVE,NA,REG,LVL,ALLPUB,INSIDE,GTL,EDWARDS,NORM,NORM,1FAM,SLVL,6,6,1976,1976,HIP,COMPSHG,METALSD,METALSD,BRKFACE,255.0,TA,TA,CBLOCK,TA,TA,TA,ALQ,631.0,TA,0.0,410.0,1041.0,GASA,EX,Y,SBRKR,1125.0,0.0,0.0,1125.0,1,0,1,0,3,1,TA,6,TYP,1,FA,DETCHD,DETCHD,1,352.0,DETCHD,DETCHD,Y,296.0,0.0,0.0,0.0,0.0,NA,NA,0,10,2009,WD,ABNORML,125000,True,False
389,20,RL,93.0,9382.0,PAVE,NA,IR1,LVL,ALLPUB,CULDSAC,GTL,COLLGCR,NORM,NORM,1FAM,1STORY,7,5,1999,2000,GABLE,COMPSHG,VINYLSD,VINYLSD,BRKFACE,125.0,GD,TA,PCONC,GD,TA,GD,UNF,0.0,TA,0.0,1468.0,1468.0,GASA,EX,Y,SBRKR,1479.0,0.0,0.0,1479.0,0,0,2,0,3,1,GD,6,TYP,0,NA,ATTCHD,ATTCHD,2,577.0,ATTCHD,ATTCHD,Y,120.0,25.0,0.0,0.0,0.0,NA,NA,0,7,2008,WD,NORMAL,191000,True,False
390,60,RL,96.0,12474.0,PAVE,NA,REG,LVL,ALLPUB,INSIDE,GTL,NRIDGHT,NORM,NORM,1FAM,2STORY,10,5,2007,2008,GABLE,COMPSHG,VINYLSD,VINYLSD,STONE,272.0,EX,TA,PCONC,EX,TA,EX,GLQ,1280.0,TA,0.0,402.0,1682.0,GASA,EX,Y,SBRKR,1742.0,590.0,0.0,2332.0,1,0,2,1,3,1,EX,9,TYP,1,EX,BUILTIN,BUILTIN,3,846.0,BUILTIN,BUILTIN,Y,196.0,134.0,0.0,0.0,0.0,NA,NA,0,8,2008,NEW,PARTIAL,426000,True,False
391,50,RL,50.0,8405.0,PAVE,NA,REG,LVL,ALLPUB,INSIDE,GTL,EDWARDS,NORM,NORM,1FAM,1.5FIN,5,8,1900,1950,GABLE,COMPSHG,METALSD,METALSD,None,0.0,TA,TA,BRKTIL,TA,GD,TA,REC,241.0,GD,391.0,229.0,861.0,GASA,EX,Y,SBRKR,961.0,406.0,0.0,1367.0,1,0,1,0,4,1,TA,7,TYP,0,NA,DETCHD,DETCHD,1,384.0,DETCHD,DETCHD,Y,0.0,130.0,112.0,0.0,0.0,NA,NA,0,4,2008,WD,NORMAL,119000,True,False
392,60,RL,71.0,12209.0,PAVE,NA,IR1,LVL,ALLPUB,CULDSAC,GTL,MITCHEL,NORM,NORM,1FAM,2STORY,6,5,2001,2002,GABLE,COMPSHG,VINYLSD,VINYLSD,None,0.0,TA,TA,PCONC,EX,TA,EX,ALQ,690.0,TA,0.0,114.0,804.0,GASA,EX,Y,SBRKR,804.0,1157.0,0.0,1961.0,1,0,2,1,3,1,GD,7,TYP,1,TA,BUILTIN,BUILTIN,2,560.0,BUILTIN,BUILTIN,Y,125.0,192.0,0.0,0.0,0.0,NA,NA,0,6,2009,WD,NORMAL,215000,True,False
393,20,RL,0.0,8339.0,PAVE,SHED,IR1,LVL,ALLPUB,INSIDE,GTL,NAMES,NORM,NORM,1FAM,1STORY,5,7,1959,1959,GABLE,COMPSHG,METALSD,METALSD,None,0.0,TA,TA,SLAB,NA,NA,NA,NA,0.0,NA,0.0,0.0,0.0,GASA,TA,Y,SBRKR,882.0,0.0,0.0,882.0,0,0,1,0,3,1,TA,5,TYP,0,NA,ATTCHD,ATTCHD,1,294.0,ATTCHD,ATTCHD,Y,0.0,0.0,0.0,0.0,0.0,SHED,SHED,1200,7,2007,WD,NORMAL,106500,True,False
394,30,RL,0.0,7446.0,PAVE,NA,REG,LVL,ALLPUB,CORNER,GTL,BRKSIDE,FEEDR,NORM,1FAM,1STORY,4,5,1941,1950,GABLE,COMPSHG,WDSHING,WD SHNG,None,0.0,TA,TA,CBLOCK,TA,TA,TA,REC,266.0,TA,0.0,522.0,788.0,GASA,TA,Y,FUSEA,788.0,0.0,0.0,788.0,0,0,1,0,2,1,TA,4,TYP,2,TA,NA,NA,0,0.0,NA,NA,Y,0.0,0.0,0.0,0.0,0.0,NA,NA,0,4,2006,WD,ABNORML,100000,False,False
395,50,RL,60.0,10134.0,PAVE,NA,REG,LVL,ALLPUB,INSIDE,GTL,OLDTOWN,NORM,NORM,1FAM,1.5FIN,5,6,1940,1950,GABLE,COMPSHG,METALSD,METALSD,None,0.0,TA,TA,CBLOCK,TA,TA,TA,UNF,0.0,TA,0.0,735.0,735.0,GASA,GD,Y,FUSEA,735.0,299.0,0.0,1034.0,0,0,1,0,2,1,TA,5,TYP,0,NA,DETCHD,DETCHD,1,240.0,DETCHD,DETCHD,Y,0.0,39.0,0.0,0.0,0.0,NA,NA,0,7,2007,WD,NORMAL,109000,True,False
396,20,RL,68.0,9571.0,PAVE,NA,REG,LVL,ALLPUB,INSIDE,GTL,EDWARDS,NORM,NORM,1FAM,1STORY,5,6,1956,1956,GABLE,COMPSHG,WD SDNG,WD SDNG,None,0.0,TA,TA,CBLOCK,TA,TA,TA,BLQ,739.0,TA,0.0,405.0,1144.0,GASA,TA,Y,SBRKR,1144.0,0.0,0.0,1144.0,1,0,1,0,3,1,TA,6,TYP,0,NA,ATTCHD,ATTCHD,1,596.0,ATTCHD,ATTCHD,Y,44.0,0.0,0.0,0.0,0.0,NA,NA,0,6,2010,WD,NORMAL,129000,True,False
397,20,RL,60.0,7200.0,PAVE,NA,REG,LOW,ALLPUB,INSIDE,GTL,COLLGCR,NORM,NORM,1FAM,1STORY,5,5,1972,1972,HIP,COMPSHG,METALSD,METALSD,None,0.0,TA,TA,CBLOCK,TA,TA,TA,REC,777.0,TA,0.0,117.0,894.0,GASA,TA,Y,SBRKR,894.0,0.0,0.0,894.0,0,0,1,0,2,1,TA,6,TYP,0,NA,DETCHD,DETCHD,2,600.0,DETCHD,DETCHD,Y,215.0,0.0,0.0,0.0,0.0,NA,NA,0,9,2009,WD,NORMAL,123000,True,False
398,60,RL,69.0,7590.0,PAVE,NA,REG,LVL,ALLPUB,INSIDE,GTL,NAMES,POSN,NORM,1FAM,2STORY,5,5,1962,1962,GABLE,COMPSHG,VINYLSD,VINYLSD,BRKFACE,288.0,TA,TA,CBLOCK,TA,TA,TA,ALQ,540.0,TA,0.0,324.0,864.0,GASA,TA,Y,SBRKR,876.0,936.0,0.0,1812.0,0,0,2,0,4,1,TA,8,TYP,1,TA,ATTCHD,ATTCHD,1,264.0,ATTCHD,ATTCHD,Y,0.0,168.0,0.0,0.0,0.0,NA,NA,0,7,2007,WD,NORMAL,169500,True,False
399,30,RM,60.0,8967.0,PAVE,NA,REG,LVL,ALLPUB,CORNER,GTL,IDOTRR,NORM,NORM,1FAM,1STORY,5,2,1920,1950,GABLE,COMPSHG,METALSD,METALSD,None,0.0,TA,FA,BRKTIL,FA,PO,FA,UNF,0.0,PO,0.0,961.0,961.0,GASA,GD,Y,MIX,1077.0,0.0,0.0,1077.0,0,0,1,0,2,1,TA,6,MAJ2,0,NA,DETCHD,DETCHD,1,338.0,DETCHD,DETCHD,N,0.0,0.0,0.0,0.0,0.0,NA,NA,0,11,2007,WD,ABNORML,67000,True,False
400,60,FV,65.0,8125.0,PAVE,NA,REG,LVL,ALLPUB,INSIDE,GTL,SOMERST,NORM,NORM,1FAM,2STORY,7,5,2006,2007,GABLE,COMPSHG,CEMNTBD,CMENTBD,STONE,100.0,GD,TA,PCONC,GD,TA,GD,GLQ,812.0,TA,0.0,280.0,1092.0,GASA,EX,Y,SBRKR,1112.0,438.0,0.0,1550.0,1,0,2,0,2,1,GD,7,TYP,0,NA,ATTCHD,ATTCHD,2,438.0,ATTCHD,ATTCHD,Y,0.0,168.0,0.0,0.0,0.0,NA,NA,0,10,2009,WD,NORMAL,241000,True,False
401,120,RL,38.0,14963.0,PAVE,NA,IR2,LVL,ALLPUB,INSIDE,GTL,VEENKER,NORM,NORM,TWNHSE,1STORY,8,5,1996,1996,GABLE,COMPSHG,BRKFACE,BRKFACE,None,0.0,GD,TA,PCONC,GD,TA,GD,GLQ,786.0,TA,0.0,474.0,1260.0,GASA,EX,Y,SBRKR,1288.0,0.0,0.0,1288.0,1,0,1,1,1,1,EX,4,TYP,2,GD,ATTCHD,ATTCHD,2,500.0,ATTCHD,ATTCHD,Y,120.0,30.0,0.0,0.0,224.0,NA,NA,0,12,2008,WD,NORMAL,245500,True,False
402,20,RL,65.0,8767.0,PAVE,NA,IR1,LVL,ALLPUB,INSIDE,GTL,COLLGCR,NORM,NORM,1FAM,1STORY,7,5,2005,2005,GABLE,COMPSHG,VINYLSD,VINYLSD,None,0.0,GD,TA,PCONC,GD,TA,GD,GLQ,24.0,TA,0.0,1286.0,1310.0,GASA,EX,Y,SBRKR,1310.0,0.0,0.0,1310.0,0,0,2,0,3,1,GD,6,TYP,1,GD,ATTCHD,ATTCHD,2,400.0,ATTCHD,ATTCHD,Y,0.0,0.0,0.0,0.0,0.0,NA,NA,0,7,2006,NEW,PARTIAL,164990,True,False
403,30,RL,60.0,10200.0,PAVE,NA,REG,LVL,ALLPUB,INSIDE,GTL,SAWYER,NORM,NORM,1FAM,1STORY,5,8,1940,1997,GABLE,COMPSHG,WD SDNG,WD SDNG,None,0.0,TA,TA,PCONC,TA,TA,TA,UNF,0.0,TA,0.0,672.0,672.0,GASA,EX,Y,SBRKR,672.0,0.0,0.0,672.0,0,0,1,0,2,1,TA,4,TYP,0,NA,DETCHD,DETCHD,1,240.0,DETCHD,DETCHD,N,168.0,0.0,0.0,0.0,0.0,NA,NA,0,8,2008,WD,NORMAL,108000,True,False
404,60,RL,93.0,12090.0,PAVE,NA,REG,LVL,ALLPUB,CORNER,GTL,NORIDGE,NORM,NORM,1FAM,2STORY,8,5,1998,1998,HIP,COMPSHG,VINYLSD,VINYLSD,BRKFACE,650.0,GD,TA,PCONC,GD,TA,GD,UNF,0.0,TA,0.0,1141.0,1141.0,GASA,GD,Y,SBRKR,1165.0,1098.0,0.0,2263.0,0,0,2,1,4,1,GD,10,TYP,1,TA,BUILTIN,BUILTIN,2,420.0,BUILTIN,BUILTIN,Y,144.0,123.0,0.0,0.0,0.0,NA,NA,0,7,2006,WD,ABNORML,258000,True,False
405,60,RL,0.0,10364.0,PAVE,NA,IR1,LVL,ALLPUB,INSIDE,GTL,GILBERT,NORM,NORM,1FAM,2STORY,6,5,1995,1996,GABLE,COMPSHG,METALSD,METALSD,None,0.0,TA,TA,PCONC,GD,TA,GD,UNF,0.0,TA,0.0,806.0,806.0,GASA,GD,Y,SBRKR,806.0,766.0,0.0,1572.0,0,0,2,1,3,1,TA,7,TYP,1,TA,BUILTIN,BUILTIN,2,373.0,BUILTIN,BUILTIN,Y,0.0,40.0,0.0,0.0,0.0,NA,NA,0,5,2007,WD,NORMAL,168000,True,False
406,20,RL,0.0,9991.0,PAVE,NA,IR1,LVL,ALLPUB,CORNER,GTL,SAWYER,FEEDR,NORM,1FAM,1STORY,4,4,1976,1993,GABLE,COMPSHG,PLYWOOD,PLYWOOD,None,0.0,TA,TA,CBLOCK,TA,TA,TA,BLQ,1116.0,TA,0.0,165.0,1281.0,GASA,EX,Y,SBRKR,1620.0,0.0,0.0,1620.0,1,0,2,0,3,1,TA,8,MIN1,1,TA,ATTCHD,ATTCHD,2,490.0,ATTCHD,ATTCHD,Y,120.0,78.0,0.0,0.0,0.0,NA,NA,0,6,2009,WD,NORMAL,150000,True,False
407,50,RL,51.0,10480.0,PAVE,NA,REG,LVL,ALLPUB,INSIDE,GTL,SWISU,NORM,NORM,1FAM,1.5FIN,6,5,1936,1950,GABLE,COMPSHG,METALSD,METALSD,None,0.0,TA,TA,BRKTIL,TA,TA,TA,UNF,0.0,TA,0.0,1064.0,1064.0,GASA,EX,Y,FUSEA,1166.0,0.0,473.0,1639.0,0,0,1,0,3,1,TA,6,MAJ2,0,NA,DETCHD,DETCHD,1,240.0,DETCHD,DETCHD,Y,0.0,0.0,0.0,0.0,0.0,NA,NA,0,3,2008,WD,NORMAL,115000,True,False
408,70,RL,63.0,15576.0,PAVE,NA,REG,LVL,ALLPUB,INSIDE,GTL,CRAWFOR,NORM,NORM,1FAM,2STORY,6,7,1915,1976,GABLE,COMPSHG,WD SDNG,PLYWOOD,None,0.0,TA,TA,BRKTIL,GD,TA,GD,UNF,0.0,TA,0.0,840.0,840.0,GASA,EX,Y,SBRKR,840.0,840.0,0.0,1680.0,0,0,2,0,4,1,TA,8,TYP,0,NA,ATTCHD,ATTCHD,1,308.0,ATTCHD,ATTCHD,Y,0.0,0.0,160.0,0.0,0.0,NA,NA,0,3,2008,WD,NORMAL,177000,True,False
409,60,RL,109.0,14154.0,PAVE,NA,REG,LVL,ALLPUB,CORNER,GTL,NRIDGHT,NORM,NORM,1FAM,2STORY,7,5,2006,2006,GABLE,COMPSHG,VINYLSD,VINYLSD,BRKFACE,350.0,GD,TA,PCONC,EX,GD,EX,UNF,0.0,GD,0.0,1063.0,1063.0,GASA,EX,Y,SBRKR,1071.0,1101.0,0.0,2172.0,0,0,2,1,3,1,GD,9,TYP,1,GD,ATTCHD,ATTCHD,3,947.0,ATTCHD,ATTCHD,Y,192.0,62.0,0.0,0.0,0.0,NA,NA,0,8,2007,NEW,PARTIAL,280000,True,False
410,60,FV,85.0,10800.0,PAVE,NA,REG,LVL,ALLPUB,INSIDE,GTL,SOMERST,NORM,NORM,1FAM,2STORY,8,5,2007,2008,GABLE,COMPSHG,VINYLSD,VINYLSD,STONE,100.0,GD,TA,PCONC,EX,TA,EX,GLQ,789.0,TA,0.0,245.0,1034.0,GASA,EX,Y,SBRKR,1050.0,1028.0,0.0,2078.0,1,0,2,1,3,1,EX,8,TYP,1,GD,ATTCHD,ATTCHD,3,836.0,ATTCHD,ATTCHD,Y,0.0,102.0,0.0,0.0,0.0,NA,NA,0,4,2008,NEW,PARTIAL,339750,True,False
411,20,RL,68.0,9571.0,PAVE,NA,REG,LVL,ALLPUB,INSIDE,GTL,EDWARDS,NORM,NORM,1FAM,1STORY,5,3,1958,1958,GABLE,COMPSHG,BRKCOMM,BRK CMN,None,0.0,TA,FA,CBLOCK,TA,FA,TA,UNF,0.0,FA,0.0,1276.0,1276.0,GASA,TA,Y,FUSEA,1276.0,0.0,0.0,1276.0,0,0,1,0,3,1,TA,5,MOD,0,NA,ATTCHD,ATTCHD,1,350.0,ATTCHD,ATTCHD,Y,0.0,0.0,0.0,0.0,0.0,NA,NA,0,6,2009,COD,ABNORML,60000,True,False
412,190,RL,100.0,34650.0,PAVE,NA,REG,BNK,ALLPUB,INSIDE,GTL,GILBERT,NORM,NORM,2FMCON,1STORY,5,5,1955,1955,HIP,COMPSHG,WD SDNG,WD SDNG,None,0.0,TA,TA,CBLOCK,TA,TA,TA,REC,1056.0,TA,0.0,0.0,1056.0,GASA,TA,N,SBRKR,1056.0,0.0,0.0,1056.0,1,0,1,0,3,1,TA,5,TYP,0,NA,ATTCHD,ATTCHD,2,572.0,ATTCHD,ATTCHD,Y,264.0,0.0,0.0,0.0,0.0,NA,NA,0,1,2006,WD,NORMAL,145000,True,False
413,20,FV,0.0,4403.0,PAVE,NA,IR2,LVL,ALLPUB,INSIDE,GTL,SOMERST,NORM,NORM,1FAM,1STORY,7,5,2009,2009,GABLE,COMPSHG,METALSD,METALSD,STONE,432.0,EX,TA,PCONC,EX,TA,EX,GLQ,578.0,TA,0.0,892.0,1470.0,GASA,EX,Y,SBRKR,1478.0,0.0,0.0,1478.0,1,0,2,1,2,1,GD,7,TYP,1,GD,ATTCHD,ATTCHD,2,484.0,ATTCHD,ATTCHD,Y,0.0,144.0,0.0,0.0,0.0,NA,NA,0,6,2010,NEW,PARTIAL,222000,True,False
414,30,RM,56.0,8960.0,PAVE,NA,REG,LVL,ALLPUB,INSIDE,GTL,OLDTOWN,ARTERY,NORM,1FAM,1STORY,5,6,1927,1950,GABLE,COMPSHG,WDSHING,WD SHNG,None,0.0,TA,TA,CBLOCK,TA,TA,TA,UNF,0.0,TA,0.0,1008.0,1008.0,GASA,GD,Y,FUSEA,1028.0,0.0,0.0,1028.0,0,0,1,0,2,1,TA,5,TYP,1,GD,DETCHD,DETCHD,2,360.0,DETCHD,DETCHD,Y,0.0,0.0,130.0,0.0,0.0,NA,NA,0,3,2010,WD,NORMAL,115000,True,False
415,60,RL,59.0,11228.0,PAVE,NA,IR2,LVL,ALLPUB,CULDSAC,GTL,SAWYERW,NORM,NORM,1FAM,2STORY,7,5,1993,1993,GABLE,COMPSHG,VINYLSD,VINYLSD,None,0.0,GD,TA,PCONC,GD,TA,GD,BLQ,50.0,TA,531.0,499.0,1080.0,GASA,EX,Y,SBRKR,1080.0,1017.0,0.0,2097.0,0,1,2,1,3,1,GD,9,TYP,1,TA,ATTCHD,ATTCHD,3,678.0,ATTCHD,ATTCHD,Y,196.0,187.0,0.0,0.0,0.0,NA,NA,0,12,2008,WD,NORMAL,228000,True,False
416,20,RL,73.0,8899.0,PAVE,NA,IR1,LVL,ALLPUB,INSIDE,GTL,GILBERT,NORM,NORM,1FAM,1STORY,7,5,2007,2007,GABLE,COMPSHG,VINYLSD,VINYLSD,None,0.0,GD,TA,PCONC,GD,TA,GD,GLQ,24.0,TA,0.0,1316.0,1340.0,GASA,EX,Y,SBRKR,1340.0,0.0,0.0,1340.0,0,0,2,0,3,1,GD,6,TYP,0,NA,ATTCHD,ATTCHD,2,396.0,ATTCHD,ATTCHD,Y,100.0,30.0,0.0,0.0,0.0,NA,NA,0,8,2007,NEW,PARTIAL,181134,True,False
417,60,RL,74.0,7844.0,PAVE,NA,REG,LVL,ALLPUB,INSIDE,GTL,SAWYER,NORM,NORM,1FAM,2STORY,6,7,1978,1978,HIP,COMPSHG,HDBOARD,HDBOARD,BRKFACE,203.0,TA,TA,CBLOCK,TA,TA,TA,ALQ,209.0,TA,0.0,463.0,672.0,GASA,TA,Y,SBRKR,672.0,728.0,0.0,1400.0,0,0,1,1,3,1,TA,6,TYP,1,TA,ATTCHD,ATTCHD,2,440.0,ATTCHD,ATTCHD,Y,0.0,0.0,0.0,0.0,0.0,NA,NA,0,3,2006,WD,NORMAL,149500,True,False
418,70,RL,86.0,22420.0,PAVE,NA,IR1,LVL,ALLPUB,INSIDE,GTL,CRAWFOR,FEEDR,NORM,1FAM,2STORY,6,6,1918,1950,HIP,COMPSHG,WD SDNG,STUCCO,None,0.0,TA,TA,BRKTIL,GD,TA,GD,BLQ,1128.0,TA,0.0,242.0,1370.0,GASW,TA,N,FUSEA,1370.0,1254.0,0.0,2624.0,1,0,2,1,4,1,TA,10,TYP,1,GD,DETCHD,DETCHD,3,864.0,DETCHD,DETCHD,N,0.0,0.0,0.0,0.0,0.0,NA,NA,0,11,2007,WD,NORMAL,239000,True,False
419,50,RL,60.0,8160.0,PAVE,NA,REG,LVL,ALLPUB,INSIDE,GTL,EDWARDS,NORM,NORM,1FAM,1.5FIN,5,6,1940,1950,GABLE,COMPSHG,METALSD,METALSD,None,0.0,TA,TA,BRKTIL,TA,TA,TA,ALQ,312.0,TA,0.0,444.0,756.0,GASA,FA,N,FUSEF,756.0,378.0,0.0,1134.0,1,0,1,1,3,1,TA,7,TYP,0,NA,DETCHD,DETCHD,1,240.0,DETCHD,DETCHD,P,0.0,0.0,0.0,0.0,0.0,NA,NA,0,4,2007,WD,ADJLAND,126000,True,False
420,20,RL,65.0,8450.0,PAVE,NA,REG,LVL,ALLPUB,INSIDE,GTL,NAMES,NORM,NORM,1FAM,1STORY,5,6,1968,1968,GABLE,COMPSHG,VINYLSD,VINYLSD,None,0.0,TA,TA,CBLOCK,TA,TA,TA,BLQ,775.0,TA,0.0,281.0,1056.0,GASA,EX,Y,SBRKR,1056.0,0.0,0.0,1056.0,1,0,1,0,3,1,TA,6,TYP,1,FA,ATTCHD,ATTCHD,1,304.0,ATTCHD,ATTCHD,Y,0.0,85.0,184.0,0.0,0.0,NA,NA,0,7,2010,WD,NORMAL,142000,True,False
421,90,RM,78.0,7060.0,PAVE,NA,REG,LVL,ALLPUB,INSIDE,GTL,MITCHEL,NORM,NORM,DUPLEX,SFOYER,7,5,1997,1998,GABLE,COMPSHG,VINYLSD,VINYLSD,BRKFACE,200.0,TA,GD,PCONC,GD,GD,GD,GLQ,1309.0,GD,0.0,35.0,1344.0,GASA,EX,Y,SBRKR,1344.0,0.0,0.0,1344.0,2,0,2,0,2,2,TA,8,TYP,0,NA,ATTCHD,ATTCHD,4,784.0,ATTCHD,ATTCHD,Y,0.0,0.0,0.0,0.0,0.0,NA,NA,0,11,2008,WD,ALLOCA,206300,True,False
422,20,RL,0.0,16635.0,PAVE,NA,IR1,LVL,ALLPUB,FR2,GTL,NWAMES,NORM,NORM,1FAM,1STORY,6,7,1977,2000,GABLE,COMPSHG,CEMNTBD,CMENTBD,STONE,126.0,GD,TA,CBLOCK,GD,TA,GD,ALQ,1246.0,TA,0.0,356.0,1602.0,GASA,GD,Y,SBRKR,1602.0,0.0,0.0,1602.0,0,1,2,0,3,1,GD,8,TYP,1,TA,ATTCHD,ATTCHD,2,529.0,ATTCHD,ATTCHD,Y,240.0,0.0,0.0,0.0,0.0,NA,NA,0,6,2009,WD,NORMAL,215000,True,False
423,20,RL,100.0,21750.0,PAVE,NA,REG,HLS,ALLPUB,INSIDE,MOD,MITCHEL,ARTERY,NORM,1FAM,1STORY,5,5,1954,1954,HIP,COMPSHG,HDBOARD,HDBOARD,None,0.0,TA,TA,CBLOCK,TA,TA,TA,UNF,0.0,TA,0.0,988.0,988.0,GASA,EX,Y,FUSEA,988.0,0.0,0.0,988.0,0,0,1,0,2,1,TA,4,TYP,0,NA,ATTCHD,ATTCHD,2,520.0,ATTCHD,ATTCHD,N,0.0,0.0,0.0,0.0,0.0,NA,NA,0,2,2008,WD,NORMAL,113000,True,False
424,60,RL,80.0,9200.0,PAVE,NA,REG,LVL,ALLPUB,INSIDE,GTL,NORIDGE,NORM,NORM,1FAM,2STORY,8,5,1998,1998,GABLE,COMPSHG,VINYLSD,VINYLSD,BRKFACE,473.0,GD,TA,PCONC,GD,TA,GD,GLQ,986.0,TA,0.0,484.0,1470.0,GASA,GD,Y,SBRKR,1470.0,1160.0,0.0,2630.0,1,0,2,1,4,1,GD,8,TYP,1,TA,ATTCHD,ATTCHD,3,696.0,ATTCHD,ATTCHD,Y,0.0,66.0,0.0,0.0,0.0,NA,NA,0,6,2008,WD,NORMAL,315000,True,False
425,20,RL,72.0,9000.0,PAVE,NA,REG,LVL,ALLPUB,INSIDE,GTL,NAMES,NORM,NORM,1FAM,1STORY,6,5,1956,1956,GABLE,COMPSHG,WD SDNG,WD SDNG,BRKFACE,74.0,TA,TA,CBLOCK,GD,TA,GD,LWQ,616.0,TA,0.0,580.0,1196.0,GASA,GD,Y,FUSEA,1196.0,0.0,0.0,1196.0,1,0,1,0,2,1,TA,6,TYP,1,GD,ATTCHD,ATTCHD,1,297.0,ATTCHD,ATTCHD,Y,0.0,44.0,0.0,0.0,0.0,NA,NA,0,5,2008,WD,NORMAL,139000,True,False
426,60,RM,60.0,3378.0,PAVE,NA,REG,HLS,ALLPUB,INSIDE,GTL,OLDTOWN,NORM,NORM,1FAM,2STORY,7,8,1946,1992,GABLE,COMPSHG,HDBOARD,HDBOARD,None,0.0,TA,GD,CBLOCK,TA,TA,TA,UNF,0.0,TA,0.0,651.0,651.0,GASA,GD,Y,SBRKR,707.0,682.0,0.0,1389.0,0,0,1,1,3,1,TA,6,TYP,2,GD,DETCHD,DETCHD,1,240.0,DETCHD,DETCHD,P,0.0,0.0,126.0,0.0,0.0,NA,NA,0,9,2009,WD,NORMAL,135000,True,False
427,80,RL,0.0,12800.0,PAVE,NA,REG,LOW,ALLPUB,INSIDE,MOD,SAWYERW,NORM,NORM,1FAM,SLVL,7,5,1989,1989,GABLE,COMPSHG,WD SDNG,WD SDNG,BRKFACE,145.0,GD,TA,PCONC,GD,TA,GD,GLQ,1518.0,TA,0.0,0.0,1518.0,GASA,GD,Y,SBRKR,1644.0,0.0,0.0,1644.0,1,1,2,0,2,1,GD,5,TYP,1,TA,ATTCHD,ATTCHD,2,569.0,ATTCHD,ATTCHD,Y,80.0,0.0,0.0,0.0,396.0,NA,NA,0,8,2009,WD,NORMAL,275000,True,False
428,20,RL,77.0,8593.0,PAVE,NA,IR1,LVL,ALLPUB,INSIDE,GTL,NAMES,NORM,NORM,1FAM,1STORY,4,6,1957,1957,HIP,COMPSHG,METALSD,METALSD,None,0.0,TA,TA,CBLOCK,TA,TA,TA,REC,288.0,TA,0.0,619.0,907.0,GASA,EX,Y,SBRKR,907.0,0.0,0.0,907.0,0,0,1,0,3,1,TA,5,TYP,0,NA,DETCHD,DETCHD,1,352.0,DETCHD,DETCHD,Y,0.0,0.0,0.0,0.0,0.0,NA,NA,0,7,2008,WD,NORMAL,109008,True,False
429,20,RL,64.0,6762.0,PAVE,NA,REG,LVL,ALLPUB,INSIDE,GTL,COLLGCR,NORM,NORM,1FAM,1STORY,7,5,2007,2007,GABLE,COMPSHG,VINYLSD,VINYLSD,BRKFACE,108.0,GD,TA,PCONC,GD,TA,GD,GLQ,664.0,TA,0.0,544.0,1208.0,GASA,EX,Y,SBRKR,1208.0,0.0,0.0,1208.0,1,0,2,0,2,1,GD,6,TYP,0,NA,ATTCHD,ATTCHD,2,628.0,ATTCHD,ATTCHD,Y,105.0,54.0,0.0,0.0,0.0,NA,NA,0,9,2007,NEW,PARTIAL,195400,True,False
430,20,RL,130.0,11457.0,PAVE,NA,IR1,LVL,ALLPUB,CORNER,GTL,TIMBER,NORM,NORM,1FAM,1STORY,6,5,1988,1988,GABLE,COMPSHG,HDBOARD,HDBOARD,None,0.0,TA,TA,CBLOCK,GD,TA,GD,GLQ,1005.0,TA,0.0,387.0,1392.0,GASA,TA,Y,SBRKR,1412.0,0.0,0.0,1412.0,1,0,2,0,3,1,GD,6,TYP,1,TA,ATTCHD,ATTCHD,2,576.0,ATTCHD,ATTCHD,Y,0.0,0.0,169.0,0.0,0.0,NA,NA,0,3,2009,WD,NORMAL,175000,True,False
431,160,RM,21.0,1680.0,PAVE,NA,REG,LVL,ALLPUB,INSIDE,GTL,BRDALE,NORM,NORM,TWNHS,2STORY,6,5,1971,1971,GABLE,COMPSHG,HDBOARD,HDBOARD,BRKFACE,232.0,TA,TA,CBLOCK,TA,TA,TA,ALQ,387.0,TA,0.0,96.0,483.0,GASA,TA,Y,SBRKR,483.0,504.0,0.0,987.0,0,0,1,1,2,1,TA,4,TYP,0,NA,DETCHD,DETCHD,1,264.0,DETCHD,DETCHD,Y,0.0,0.0,0.0,0.0,0.0,NA,NA,0,7,2008,COD,ABNORML,85400,True,False
432,50,RM,60.0,5586.0,PAVE,NA,IR1,BNK,ALLPUB,INSIDE,GTL,OLDTOWN,FEEDR,NORM,1FAM,1.5FIN,6,7,1920,1998,GABLE,COMPSHG,METALSD,METALSD,None,0.0,TA,TA,BRKTIL,TA,TA,TA,UNF,0.0,TA,0.0,901.0,901.0,GASA,GD,Y,SBRKR,1088.0,110.0,0.0,1198.0,0,0,1,0,4,1,TA,7,TYP,0,NA,NA,NA,0,0.0,NA,NA,N,0.0,98.0,0.0,0.0,0.0,NA,NA,0,9,2008,CONLD,ABNORML,79900,False,False
433,160,RM,24.0,1920.0,PAVE,NA,REG,LVL,ALLPUB,INSIDE,GTL,BRDALE,NORM,NORM,TWNHSE,2STORY,5,5,1971,1971,GABLE,COMPSHG,HDBOARD,HDBOARD,BRKFACE,376.0,TA,TA,CBLOCK,TA,TA,TA,ALQ,471.0,TA,0.0,294.0,765.0,GASA,EX,Y,SBRKR,765.0,600.0,0.0,1365.0,1,0,1,1,2,1,TA,6,MIN1,0,NA,DETCHD,DETCHD,2,440.0,DETCHD,DETCHD,Y,240.0,36.0,0.0,0.0,0.0,NA,NA,0,8,2007,WD,NORMAL,122500,True,False
434,60,RL,100.0,10839.0,PAVE,NA,IR1,LVL,ALLPUB,CORNER,GTL,GILBERT,NORM,NORM,1FAM,2STORY,6,5,1997,1998,GABLE,COMPSHG,VINYLSD,VINYLSD,None,0.0,TA,TA,PCONC,GD,TA,GD,UNF,0.0,TA,0.0,926.0,926.0,GASA,EX,Y,SBRKR,926.0,678.0,0.0,1604.0,0,0,2,1,3,1,TA,7,TYP,1,TA,ATTCHD,ATTCHD,2,470.0,ATTCHD,ATTCHD,Y,0.0,36.0,0.0,0.0,0.0,NA,NA,0,7,2008,WD,NORMAL,181000,True,False
435,180,RM,21.0,1890.0,PAVE,NA,REG,LVL,ALLPUB,INSIDE,GTL,MEADOWV,NORM,NORM,TWNHS,SFOYER,4,7,1972,1972,GABLE,COMPSHG,CEMNTBD,CMENTBD,None,0.0,TA,GD,CBLOCK,GD,TA,GD,ALQ,495.0,TA,0.0,135.0,630.0,GASA,GD,Y,SBRKR,630.0,0.0,0.0,630.0,1,0,1,0,1,1,TA,3,TYP,0,NA,NA,NA,0,0.0,NA,NA,Y,88.0,0.0,0.0,0.0,0.0,NA,NA,0,6,2008,WD,NORMAL,81000,False,False
436,60,RL,43.0,10667.0,PAVE,NA,IR2,LVL,ALLPUB,CULDSAC,GTL,COLLGCR,POSN,NORM,1FAM,2STORY,7,6,1996,1996,GABLE,COMPSHG,VINYLSD,VINYLSD,None,0.0,GD,TA,PCONC,GD,TA,GD,GLQ,385.0,TA,344.0,70.0,799.0,GASA,EX,Y,SBRKR,827.0,834.0,0.0,1661.0,1,0,2,1,3,1,GD,6,TYP,1,TA,ATTCHD,ATTCHD,2,550.0,ATTCHD,ATTCHD,Y,158.0,61.0,0.0,0.0,0.0,NA,NA,0,4,2009,CONLW,NORMAL,212000,True,False
437,50,RM,40.0,4400.0,PAVE,NA,REG,LVL,ALLPUB,INSIDE,GTL,OLDTOWN,NORM,NORM,1FAM,1.5FIN,6,8,1920,1950,GABLE,COMPSHG,STUCCO,STUCCO,None,0.0,TA,TA,BRKTIL,FA,TA,FA,UNF,0.0,TA,0.0,648.0,648.0,GASA,TA,Y,FUSEA,734.0,384.0,0.0,1118.0,0,0,1,0,2,1,TA,6,TYP,0,NA,DETCHD,DETCHD,2,440.0,DETCHD,DETCHD,Y,0.0,0.0,0.0,0.0,0.0,NA,NA,0,10,2006,WD,NORMAL,116000,True,False
438,45,RM,50.0,6000.0,PAVE,NA,REG,LVL,ALLPUB,INSIDE,GTL,BRKSIDE,NORM,NORM,1FAM,1.5UNF,6,7,1926,2004,GABLE,COMPSHG,WD SDNG,WD SDNG,None,0.0,GD,TA,PCONC,TA,TA,TA,UNF,0.0,TA,0.0,884.0,884.0,GASA,GD,Y,SBRKR,904.0,0.0,0.0,904.0,0,0,1,0,2,1,TA,4,TYP,0,NA,DETCHD,DETCHD,1,180.0,DETCHD,DETCHD,Y,0.0,0.0,105.0,0.0,0.0,NA,NA,0,1,2009,WD,NORMAL,119000,True,False
439,30,RL,40.0,4280.0,PAVE,NA,REG,LVL,ALLPUB,INSIDE,GTL,CRAWFOR,NORM,NORM,1FAM,1STORY,5,6,1913,2002,GABLE,COMPSHG,WDSHING,STUCCO,None,0.0,TA,TA,PCONC,TA,TA,TA,LWQ,365.0,TA,0.0,75.0,440.0,GASA,TA,N,SBRKR,694.0,0.0,0.0,694.0,0,0,1,0,2,1,GD,4,TYP,1,GD,DETCHD,DETCHD,1,352.0,DETCHD,DETCHD,P,0.0,0.0,34.0,0.0,0.0,NA,NA,0,3,2007,WD,NORMAL,90350,True,False
440,50,RL,67.0,12354.0,PAVE,SHED,REG,LVL,ALLPUB,CORNER,GTL,EDWARDS,NORM,NORM,1FAM,1.5FIN,6,8,1920,2000,GABLE,COMPSHG,WD SDNG,WD SDNG,None,0.0,TA,TA,BRKTIL,TA,FA,TA,UNF,0.0,FA,0.0,684.0,684.0,GASA,GD,Y,SBRKR,684.0,512.0,0.0,1196.0,0,0,1,0,3,1,GD,7,TYP,0,NA,DETCHD,DETCHD,2,528.0,DETCHD,DETCHD,Y,0.0,46.0,0.0,0.0,0.0,SHED,SHED,800,8,2009,CONLI,NORMAL,110000,True,False
441,20,RL,105.0,15431.0,PAVE,NA,REG,LVL,ALLPUB,INSIDE,GTL,NRIDGHT,NORM,NORM,1FAM,1STORY,10,5,2008,2008,HIP,COMPSHG,VINYLSD,VINYLSD,STONE,200.0,EX,TA,PCONC,EX,TA,EX,GLQ,1767.0,TA,539.0,788.0,3094.0,GASA,EX,Y,SBRKR,2402.0,0.0,0.0,2402.0,1,0,2,0,2,1,EX,10,TYP,2,GD,ATTCHD,ATTCHD,3,672.0,ATTCHD,ATTCHD,Y,0.0,72.0,0.0,0.0,170.0,NA,NA,0,4,2009,WD,NORMAL,555000,True,False
442,90,RL,92.0,12108.0,PAVE,NA,REG,LVL,ALLPUB,INSIDE,GTL,EDWARDS,NORM,NORM,DUPLEX,1STORY,4,4,1955,1955,GABLE,COMPSHG,VINYLSD,VINYLSD,BRKFACE,270.0,TA,TA,CBLOCK,TA,TA,TA,ALQ,133.0,TA,0.0,1307.0,1440.0,GASA,TA,N,FUSEF,1440.0,0.0,0.0,1440.0,0,0,2,0,4,2,FA,8,TYP,0,NA,NA,NA,0,0.0,NA,NA,Y,0.0,0.0,0.0,0.0,0.0,NA,NA,0,9,2008,WD,NORMAL,118000,False,False
443,50,RM,52.0,6240.0,PAVE,NA,REG,LVL,ALLPUB,INSIDE,GTL,BRKSIDE,NORM,NORM,1FAM,1.5FIN,5,7,1930,1992,GABLE,COMPSHG,METALSD,METALSD,None,0.0,TA,TA,PCONC,TA,TA,TA,UNF,0.0,TA,0.0,1078.0,1078.0,GASA,TA,Y,SBRKR,1128.0,445.0,0.0,1573.0,0,0,2,0,3,1,TA,8,TYP,1,GD,DETCHD,DETCHD,2,360.0,DETCHD,DETCHD,P,0.0,0.0,0.0,0.0,0.0,NA,NA,0,6,2008,WD,NORMAL,162900,True,False
444,120,RL,53.0,3922.0,PAVE,NA,REG,LVL,ALLPUB,INSIDE,GTL,BLMNGTN,NORM,NORM,TWNHSE,1STORY,7,5,2006,2007,GABLE,COMPSHG,WDSHING,WD SHNG,BRKFACE,72.0,GD,TA,PCONC,EX,TA,EX,UNF,0.0,TA,0.0,1258.0,1258.0,GASA,EX,Y,SBRKR,1258.0,0.0,0.0,1258.0,0,0,2,0,2,1,GD,6,TYP,1,GD,ATTCHD,ATTCHD,3,648.0,ATTCHD,ATTCHD,Y,144.0,16.0,0.0,0.0,0.0,NA,NA,0,6,2007,NEW,PARTIAL,172500,True,False
445,60,RL,70.0,8750.0,PAVE,NA,REG,LVL,ALLPUB,INSIDE,GTL,COLLGCR,NORM,NORM,1FAM,2STORY,7,5,1994,1995,GABLE,COMPSHG,VINYLSD,VINYLSD,None,0.0,GD,GD,PCONC,GD,TA,GD,GLQ,642.0,TA,0.0,273.0,915.0,GASA,EX,Y,SBRKR,933.0,975.0,0.0,1908.0,1,0,2,1,4,1,GD,8,TYP,1,TA,ATTCHD,ATTCHD,2,493.0,ATTCHD,ATTCHD,Y,144.0,133.0,0.0,0.0,0.0,NA,NA,0,7,2008,WD,NORMAL,210000,True,False
446,20,RL,73.0,9855.0,PAVE,NA,REG,LVL,ALLPUB,CORNER,GTL,EDWARDS,NORM,NORM,1FAM,1STORY,6,5,1956,1956,HIP,COMPSHG,WD SDNG,WD SDNG,None,0.0,TA,TA,CBLOCK,TA,TA,TA,UNF,0.0,TA,0.0,1436.0,1436.0,GASA,FA,Y,SBRKR,1689.0,0.0,0.0,1689.0,0,0,1,0,3,1,TA,7,TYP,1,GD,ATTCHD,ATTCHD,2,480.0,ATTCHD,ATTCHD,Y,0.0,0.0,0.0,0.0,0.0,NA,NA,0,11,2009,COD,NORMAL,127500,True,False
447,20,RL,137.0,16492.0,PAVE,NA,IR1,LVL,ALLPUB,CORNER,GTL,NAMES,POSA,NORM,1FAM,1STORY,6,6,1966,2002,GABLE,COMPSHG,BRKFACE,PLYWOOD,None,0.0,GD,TA,CBLOCK,TA,TA,TA,ALQ,247.0,TA,713.0,557.0,1517.0,GASA,EX,Y,SBRKR,1888.0,0.0,0.0,1888.0,0,0,2,1,2,1,GD,6,MOD,1,GD,ATTCHD,ATTCHD,2,578.0,ATTCHD,ATTCHD,Y,0.0,0.0,0.0,0.0,0.0,NA,NA,0,6,2010,WD,NORMAL,190000,True,False
448,60,RL,0.0,11214.0,PAVE,NA,IR1,LVL,ALLPUB,CORNER,GTL,GILBERT,NORM,NORM,1FAM,2STORY,7,5,1998,1999,GABLE,COMPSHG,VINYLSD,VINYLSD,None,0.0,GD,TA,PCONC,GD,TA,GD,UNF,0.0,TA,0.0,930.0,930.0,GASA,GD,Y,SBRKR,956.0,930.0,0.0,1886.0,0,0,2,1,4,1,GD,10,TYP,1,TA,ATTCHD,ATTCHD,2,431.0,ATTCHD,ATTCHD,Y,89.0,0.0,0.0,0.0,0.0,NA,NA,0,7,2006,WD,NORMAL,199900,True,False
449,50,RM,50.0,8600.0,PAVE,NA,REG,BNK,ALLPUB,INSIDE,GTL,IDOTRR,NORM,NORM,1FAM,1.5FIN,6,6,1937,1950,GABLE,COMPSHG,METALSD,METALSD,None,0.0,TA,TA,BRKTIL,TA,TA,TA,UNF,0.0,TA,0.0,780.0,780.0,GASA,TA,Y,SBRKR,780.0,596.0,0.0,1376.0,0,0,2,0,3,1,TA,7,TYP,1,GD,DETCHD,DETCHD,1,198.0,DETCHD,DETCHD,N,0.0,0.0,0.0,0.0,0.0,NA,NA,0,6,2006,WD,NORMAL,119500,True,False
450,50,RM,50.0,6000.0,PAVE,NA,REG,LVL,ALLPUB,INSIDE,GTL,OLDTOWN,NORM,NORM,1FAM,1.5FIN,3,7,1948,2002,GABLE,COMPSHG,METALSD,METALSD,None,0.0,TA,GD,CBLOCK,TA,TA,TA,ALQ,331.0,TA,0.0,318.0,649.0,GASA,EX,Y,SBRKR,679.0,504.0,0.0,1183.0,0,0,1,1,2,1,TA,6,TYP,0,NA,DETCHD,DETCHD,1,308.0,DETCHD,DETCHD,Y,0.0,176.0,0.0,0.0,0.0,NA,NA,0,6,2007,WD,NORMAL,120000,True,False
451,30,RM,70.0,5684.0,PAVE,NA,REG,LVL,ALLPUB,INSIDE,GTL,OLDTOWN,NORM,NORM,1FAM,1STORY,6,8,1930,2005,HIP,COMPSHG,WD SDNG,WD SDNG,None,0.0,TA,TA,BRKTIL,TA,TA,TA,UNF,0.0,TA,0.0,813.0,813.0,GASA,EX,Y,FUSEA,813.0,0.0,0.0,813.0,0,0,1,0,2,1,GD,5,TYP,0,NA,DETCHD,DETCHD,1,270.0,DETCHD,DETCHD,N,0.0,113.0,0.0,0.0,0.0,NA,NA,0,6,2006,WD,NORMAL,110000,True,False
452,20,RL,62.0,70761.0,PAVE,NA,IR1,LOW,ALLPUB,INSIDE,MOD,CLEARCR,NORM,NORM,1FAM,1STORY,7,5,1975,1975,GABLE,WDSHNGL,PLYWOOD,PLYWOOD,None,0.0,TA,TA,CBLOCK,GD,TA,GD,ALQ,655.0,TA,0.0,878.0,1533.0,GASA,TA,Y,SBRKR,1533.0,0.0,0.0,1533.0,1,0,2,0,2,1,GD,5,TYP,2,TA,ATTCHD,ATTCHD,2,576.0,ATTCHD,ATTCHD,Y,200.0,54.0,0.0,0.0,0.0,NA,NA,0,12,2006,WD,NORMAL,280000,True,False
453,60,RL,0.0,9303.0,PAVE,NA,IR1,LVL,ALLPUB,CORNER,GTL,TIMBER,NORM,NORM,1FAM,2STORY,6,5,1996,1997,HIP,COMPSHG,VINYLSD,VINYLSD,BRKFACE,42.0,GD,TA,PCONC,EX,TA,EX,ALQ,742.0,TA,0.0,130.0,872.0,GASA,EX,Y,SBRKR,888.0,868.0,0.0,1756.0,1,0,2,1,3,1,TA,7,TYP,0,NA,ATTCHD,ATTCHD,2,422.0,ATTCHD,ATTCHD,Y,144.0,122.0,0.0,0.0,0.0,NA,NA,0,7,2007,WD,NORMAL,204000,True,False
454,60,FV,75.0,9000.0,PAVE,NA,REG,LVL,ALLPUB,INSIDE,GTL,SOMERST,NORM,NORM,1FAM,2STORY,8,5,2008,2008,GABLE,COMPSHG,VINYLSD,VINYLSD,None,0.0,GD,TA,PCONC,GD,TA,GD,UNF,0.0,TA,0.0,768.0,768.0,GASA,EX,Y,SBRKR,786.0,804.0,0.0,1590.0,0,0,2,1,3,1,GD,6,TYP,0,NA,ATTCHD,ATTCHD,2,676.0,ATTCHD,ATTCHD,Y,0.0,30.0,0.0,0.0,0.0,NA,NA,0,6,2009,WD,NORMAL,210000,True,False
455,90,RL,63.0,9297.0,PAVE,NA,REG,LVL,ALLPUB,INSIDE,GTL,MITCHEL,NORM,NORM,DUPLEX,1STORY,5,5,1976,1976,GABLE,COMPSHG,PLYWOOD,PLYWOOD,None,0.0,TA,TA,CBLOCK,TA,TA,TA,ALQ,1606.0,TA,0.0,122.0,1728.0,GASA,TA,Y,SBRKR,1728.0,0.0,0.0,1728.0,2,0,2,0,4,2,TA,8,TYP,0,NA,DETCHD,DETCHD,2,560.0,DETCHD,DETCHD,Y,0.0,0.0,0.0,0.0,0.0,NA,NA,0,7,2006,WD,FAMILY,188000,True,False
456,20,RL,80.0,9600.0,PAVE,NA,REG,LVL,ALLPUB,INSIDE,GTL,NWAMES,NORM,NORM,1FAM,1STORY,7,6,1973,1973,HIP,COMPSHG,HDBOARD,HDBOARD,BRKFACE,320.0,TA,TA,CBLOCK,TA,TA,TA,ALQ,916.0,TA,0.0,326.0,1242.0,GASA,FA,Y,SBRKR,1242.0,0.0,0.0,1242.0,0,0,1,1,3,1,TA,6,TYP,1,TA,ATTCHD,ATTCHD,2,528.0,ATTCHD,ATTCHD,Y,0.0,0.0,0.0,0.0,0.0,NA,NA,0,9,2007,WD,NORMAL,175500,True,False
457,70,RM,34.0,4571.0,PAVE,NA,REG,LVL,ALLPUB,INSIDE,GTL,OLDTOWN,NORM,NORM,1FAM,2STORY,5,5,1916,1950,GABLE,COMPSHG,ASBSHNG,ASBSHNG,None,0.0,TA,TA,BRKTIL,TA,TA,TA,UNF,0.0,TA,0.0,624.0,624.0,GASA,FA,N,SBRKR,624.0,720.0,0.0,1344.0,0,0,1,0,4,1,TA,7,TYP,0,NA,DETCHD,DETCHD,3,513.0,DETCHD,DETCHD,Y,0.0,0.0,96.0,0.0,0.0,NA,NA,0,5,2008,COD,ABNORML,98000,True,False
458,20,RL,0.0,53227.0,PAVE,NA,IR1,LOW,ALLPUB,CULDSAC,MOD,CLEARCR,NORM,NORM,1FAM,1STORY,4,6,1954,1994,FLAT,TAR&GRV,PLYWOOD,PLYWOOD,None,0.0,TA,TA,CBLOCK,GD,TA,GD,BLQ,1116.0,TA,0.0,248.0,1364.0,GASA,EX,Y,SBRKR,1663.0,0.0,0.0,1663.0,1,0,1,0,2,1,GD,6,MIN1,2,GD,ATTCHD,ATTCHD,2,529.0,ATTCHD,ATTCHD,Y,224.0,137.0,0.0,0.0,0.0,NA,NA,0,3,2008,WD,NORMAL,256000,True,False
459,70,RM,0.0,5100.0,PAVE,NA,REG,LVL,ALLPUB,INSIDE,GTL,OLDTOWN,NORM,NORM,1FAM,2STORY,8,7,1925,1996,HIP,COMPSHG,STUCCO,WD SHNG,None,0.0,TA,GD,PCONC,TA,TA,TA,UNF,0.0,TA,0.0,588.0,588.0,GASA,FA,Y,SBRKR,833.0,833.0,0.0,1666.0,0,0,1,0,3,1,GD,7,TYP,1,GD,DETCHD,DETCHD,1,228.0,DETCHD,DETCHD,Y,192.0,63.0,0.0,0.0,0.0,NA,NA,0,6,2008,WD,NORMAL,161000,True,False
460,50,RL,0.0,7015.0,PAVE,NA,IR1,BNK,ALLPUB,CORNER,GTL,BRKSIDE,NORM,NORM,1FAM,1.5FIN,5,4,1950,1950,GABLE,COMPSHG,METALSD,METALSD,BRKCMN,161.0,TA,TA,CBLOCK,TA,TA,TA,LWQ,185.0,TA,0.0,524.0,709.0,GASA,TA,Y,SBRKR,979.0,224.0,0.0,1203.0,1,0,1,0,3,1,GD,5,TYP,1,TA,DETCHD,DETCHD,1,352.0,DETCHD,DETCHD,Y,0.0,0.0,248.0,0.0,0.0,NA,NA,0,7,2009,WD,NORMAL,110000,True,False
461,60,FV,75.0,8004.0,PAVE,NA,IR1,LVL,ALLPUB,INSIDE,GTL,SOMERST,RRAN,NORM,1FAM,2STORY,8,5,2009,2009,GABLE,COMPSHG,VINYLSD,VINYLSD,STONE,110.0,GD,TA,PCONC,GD,TA,GD,GLQ,544.0,TA,0.0,288.0,832.0,GASA,EX,Y,SBRKR,832.0,1103.0,0.0,1935.0,1,0,2,1,3,1,TA,8,TYP,0,NA,BUILTIN,BUILTIN,2,552.0,BUILTIN,BUILTIN,Y,0.0,150.0,0.0,0.0,0.0,NA,NA,0,12,2009,NEW,PARTIAL,263435,True,False
462,70,RL,60.0,7200.0,PAVE,NA,REG,LVL,ALLPUB,INSIDE,GTL,SWISU,FEEDR,NORM,1FAM,2STORY,7,9,1936,2007,GABLE,COMPSHG,WD SDNG,WD SDNG,None,0.0,GD,GD,PCONC,GD,GD,GD,ALQ,350.0,GD,210.0,0.0,560.0,GASA,EX,Y,SBRKR,575.0,560.0,0.0,1135.0,1,0,1,0,3,1,GD,6,TYP,0,NA,DETCHD,DETCHD,2,576.0,DETCHD,DETCHD,Y,256.0,0.0,0.0,0.0,0.0,NA,NA,0,4,2009,WD,NORMAL,155000,True,False
463,20,RL,60.0,8281.0,PAVE,NA,IR1,LVL,ALLPUB,INSIDE,GTL,SAWYER,NORM,NORM,1FAM,1STORY,5,5,1965,1965,GABLE,COMPSHG,METALSD,METALSD,None,0.0,TA,TA,CBLOCK,TA,TA,TA,REC,553.0,TA,311.0,0.0,864.0,GASA,GD,Y,SBRKR,864.0,0.0,0.0,864.0,0,0,1,0,3,1,TA,5,TYP,1,PO,DETCHD,DETCHD,1,360.0,DETCHD,DETCHD,Y,0.0,0.0,236.0,0.0,0.0,NA,NA,0,12,2009,WD,NORMAL,62383,True,False
464,70,RL,74.0,11988.0,PAVE,NA,IR1,HLS,ALLPUB,INSIDE,MOD,CRAWFOR,NORM,NORM,1FAM,2STORY,6,7,1934,1995,HIP,COMPSHG,STUCCO,STUCCO,None,0.0,TA,TA,CBLOCK,TA,TA,TA,LWQ,326.0,TA,0.0,389.0,715.0,GASA,FA,Y,FUSEA,849.0,811.0,0.0,1660.0,0,0,1,1,3,1,TA,6,TYP,1,GD,DETCHD,DETCHD,1,240.0,DETCHD,DETCHD,Y,0.0,0.0,0.0,0.0,0.0,NA,NA,0,8,2008,WD,NORMAL,188700,True,False
465,20,RL,60.0,8430.0,PAVE,NA,REG,HLS,ALLPUB,INSIDE,MOD,COLLGCR,NORM,NORM,1FAM,1STORY,5,5,1978,1978,GABLE,COMPSHG,HDBOARD,HDBOARD,BRKFACE,136.0,TA,TA,CBLOCK,GD,TA,GD,REC,616.0,TA,0.0,424.0,1040.0,GASA,TA,Y,SBRKR,1040.0,0.0,0.0,1040.0,0,0,2,0,3,1,TA,5,TYP,0,NA,NA,NA,0,0.0,NA,NA,Y,0.0,0.0,0.0,0.0,0.0,NA,NA,0,8,2009,WD,NORMAL,124000,False,False
466,120,RM,0.0,3072.0,PAVE,NA,REG,LVL,ALLPUB,INSIDE,GTL,BLMNGTN,NORM,NORM,TWNHSE,1STORY,7,5,2004,2004,HIP,COMPSHG,VINYLSD,VINYLSD,BRKFACE,18.0,GD,TA,PCONC,GD,TA,GD,UNF,0.0,TA,0.0,1375.0,1375.0,GASA,EX,Y,SBRKR,1414.0,0.0,0.0,1414.0,0,0,2,0,2,1,GD,6,TYP,1,TA,ATTCHD,ATTCHD,2,398.0,ATTCHD,ATTCHD,Y,144.0,20.0,0.0,0.0,0.0,NA,NA,0,5,2006,WD,NORMAL,178740,True,False
467,20,RL,85.0,10628.0,PAVE,NA,REG,LVL,ALLPUB,INSIDE,GTL,NAMES,NORM,NORM,1FAM,1STORY,7,5,1970,1970,FLAT,TAR&GRV,PLYWOOD,PLYWOOD,None,0.0,TA,GD,CBLOCK,TA,GD,TA,GLQ,778.0,GD,0.0,499.0,1277.0,GASA,TA,Y,SBRKR,1277.0,0.0,0.0,1277.0,1,0,1,0,2,1,TA,5,TYP,1,PO,ATTCHD,ATTCHD,2,526.0,ATTCHD,ATTCHD,Y,0.0,0.0,0.0,0.0,176.0,NA,NA,0,4,2007,WD,NORMAL,167000,True,False
468,70,RL,79.0,9480.0,PAVE,NA,REG,LVL,ALLPUB,INSIDE,GTL,NAMES,ARTERY,NORM,1FAM,2STORY,5,7,1942,1995,GABLE,COMPSHG,METALSD,METALSD,STONE,224.0,TA,TA,CBLOCK,TA,TA,TA,LWQ,386.0,TA,0.0,342.0,728.0,GASA,EX,Y,SBRKR,888.0,756.0,0.0,1644.0,0,0,1,1,3,1,GD,7,TYP,2,GD,ATTCHD,ATTCHD,1,312.0,ATTCHD,ATTCHD,Y,168.0,0.0,0.0,0.0,0.0,NA,NA,0,6,2007,WD,NORMAL,146500,True,False
469,20,RL,98.0,11428.0,PAVE,NA,IR1,LVL,ALLPUB,INSIDE,GTL,NRIDGHT,NORM,NORM,1FAM,1STORY,8,5,2006,2006,GABLE,COMPSHG,VINYLSD,VINYLSD,STONE,248.0,GD,TA,PCONC,GD,TA,GD,UNF,0.0,TA,0.0,1626.0,1626.0,GASA,EX,Y,SBRKR,1634.0,0.0,0.0,1634.0,0,0,2,0,3,1,GD,7,TYP,1,GD,ATTCHD,ATTCHD,3,866.0,ATTCHD,ATTCHD,Y,0.0,44.0,0.0,0.0,0.0,NA,NA,0,5,2007,WD,NORMAL,250000,True,False
470,60,RL,76.0,9291.0,PAVE,NA,IR1,LVL,ALLPUB,CORNER,GTL,SAWYERW,RRNE,NORM,1FAM,2STORY,6,5,1993,1993,GABLE,COMPSHG,HDBOARD,HDBOARD,BRKFACE,120.0,GD,TA,PCONC,GD,TA,GD,GLQ,426.0,TA,0.0,406.0,832.0,GASA,EX,Y,SBRKR,832.0,878.0,0.0,1710.0,0,0,2,1,3,1,GD,7,TYP,0,NA,ATTCHD,ATTCHD,2,506.0,ATTCHD,ATTCHD,Y,144.0,70.0,0.0,0.0,0.0,NA,NA,0,6,2008,WD,NORMAL,187000,True,False
471,120,RL,0.0,6820.0,PAVE,NA,IR1,LVL,ALLPUB,CORNER,GTL,STONEBR,NORM,NORM,TWNHSE,1STORY,8,5,1985,1985,GABLE,COMPSHG,HDBOARD,HDBOARD,None,0.0,GD,TA,PCONC,GD,TA,GD,GLQ,368.0,TA,1120.0,0.0,1488.0,GASA,TA,Y,SBRKR,1502.0,0.0,0.0,1502.0,1,0,1,1,1,1,GD,4,TYP,0,NA,ATTCHD,ATTCHD,2,528.0,ATTCHD,ATTCHD,Y,0.0,54.0,0.0,0.0,140.0,NA,NA,0,6,2010,WD,NORMAL,212000,True,False
472,60,RL,92.0,11952.0,PAVE,NA,REG,LVL,ALLPUB,INSIDE,GTL,NWAMES,POSA,NORM,1FAM,2STORY,7,6,1977,1977,MANSARD,WDSHAKE,WDSHING,PLYWOOD,None,0.0,TA,TA,CBLOCK,GD,TA,GD,UNF,0.0,TA,0.0,808.0,808.0,GASA,TA,Y,SBRKR,1161.0,808.0,0.0,1969.0,0,0,2,1,3,1,TA,8,TYP,1,GD,ATTCHD,ATTCHD,2,534.0,ATTCHD,ATTCHD,Y,0.0,0.0,0.0,0.0,276.0,NA,NA,0,11,2007,WD,NORMAL,190000,True,False
473,180,RM,35.0,3675.0,PAVE,NA,REG,LVL,ALLPUB,INSIDE,GTL,EDWARDS,NORM,NORM,TWNHSE,SLVL,6,5,2005,2005,GABLE,COMPSHG,VINYLSD,VINYLSD,BRKFACE,80.0,TA,TA,PCONC,GD,TA,GD,GLQ,459.0,TA,0.0,88.0,547.0,GASA,EX,Y,SBRKR,1072.0,0.0,0.0,1072.0,1,0,1,0,2,1,TA,5,TYP,0,NA,BASMENT,BASMENT,2,525.0,BASMENT,BASMENT,Y,0.0,28.0,0.0,0.0,0.0,NA,NA,0,6,2008,WD,NORMAL,148000,True,False
474,20,RL,110.0,14977.0,PAVE,NA,IR1,LVL,ALLPUB,INSIDE,GTL,NRIDGHT,NORM,NORM,1FAM,1STORY,8,5,2006,2007,GABLE,COMPSHG,VINYLSD,VINYLSD,BRKFACE,304.0,GD,TA,PCONC,EX,TA,EX,GLQ,1350.0,TA,0.0,626.0,1976.0,GASA,EX,Y,SBRKR,1976.0,0.0,0.0,1976.0,1,0,2,0,2,1,GD,7,TYP,1,EX,ATTCHD,ATTCHD,3,908.0,ATTCHD,ATTCHD,Y,250.0,63.0,0.0,0.0,0.0,NA,NA,0,7,2007,NEW,PARTIAL,440000,True,False
475,120,RL,41.0,5330.0,PAVE,NA,REG,LVL,ALLPUB,INSIDE,GTL,STONEBR,NORM,NORM,TWNHSE,1STORY,8,5,2000,2000,GABLE,COMPSHG,CEMNTBD,CMENTBD,None,0.0,GD,TA,PCONC,GD,TA,GD,GLQ,1196.0,TA,0.0,298.0,1494.0,GASA,EX,Y,SBRKR,1652.0,0.0,0.0,1652.0,1,0,2,0,2,1,EX,6,TYP,0,NA,ATTCHD,ATTCHD,2,499.0,ATTCHD,ATTCHD,Y,96.0,48.0,0.0,0.0,0.0,NA,NA,0,8,2007,WD,NORMAL,251000,True,False
476,20,RL,80.0,8480.0,PAVE,NA,REG,LVL,ALLPUB,CORNER,GTL,SAWYER,NORM,NORM,1FAM,1STORY,5,6,1963,1963,HIP,COMPSHG,HDBOARD,HDBOARD,None,0.0,TA,TA,CBLOCK,TA,TA,TA,GLQ,630.0,TA,0.0,340.0,970.0,GASA,TA,Y,SBRKR,970.0,0.0,0.0,970.0,1,0,1,0,2,1,TA,5,TYP,0,NA,DETCHD,DETCHD,2,624.0,DETCHD,DETCHD,Y,0.0,24.0,0.0,0.0,192.0,NA,NA,0,7,2007,WD,NORMAL,132500,True,False
477,20,RL,75.0,13125.0,PAVE,NA,REG,LVL,ALLPUB,INSIDE,MOD,COLLGCR,NORM,NORM,1FAM,1STORY,6,5,1997,1998,GABLE,COMPSHG,VINYLSD,VINYLSD,BRKFACE,215.0,TA,TA,PCONC,GD,TA,GD,GLQ,994.0,TA,0.0,484.0,1478.0,GASA,EX,Y,SBRKR,1493.0,0.0,0.0,1493.0,1,0,2,0,3,1,GD,7,TYP,1,TA,ATTCHD,ATTCHD,2,508.0,ATTCHD,ATTCHD,Y,140.0,39.0,0.0,0.0,0.0,NA,NA,0,4,2008,WD,NORMAL,208900,True,False
478,60,RL,105.0,13693.0,PAVE,NA,REG,LVL,ALLPUB,INSIDE,GTL,NRIDGHT,NORM,NORM,1FAM,2STORY,9,5,2006,2006,HIP,COMPSHG,VINYLSD,VINYLSD,BRKFACE,772.0,EX,TA,PCONC,GD,TA,GD,UNF,0.0,TA,0.0,2153.0,2153.0,GASA,EX,Y,SBRKR,2069.0,574.0,0.0,2643.0,0,0,2,1,3,1,EX,9,TYP,1,GD,BUILTIN,BUILTIN,3,694.0,BUILTIN,BUILTIN,Y,414.0,84.0,0.0,0.0,0.0,NA,NA,0,3,2007,WD,NORMAL,380000,True,False
479,20,RL,79.0,10637.0,PAVE,NA,REG,LVL,ALLPUB,INSIDE,GTL,COLLGCR,NORM,NORM,1FAM,1STORY,8,5,2007,2008,HIP,COMPSHG,VINYLSD,VINYLSD,STONE,336.0,GD,TA,PCONC,EX,TA,EX,GLQ,1288.0,TA,0.0,417.0,1705.0,GASA,EX,Y,SBRKR,1718.0,0.0,0.0,1718.0,1,0,2,0,3,1,GD,7,TYP,1,GD,ATTCHD,ATTCHD,3,826.0,ATTCHD,ATTCHD,Y,208.0,44.0,0.0,0.0,0.0,NA,NA,0,9,2009,WD,NORMAL,297000,True,False
480,30,RM,50.0,5925.0,PAVE,NA,REG,BNK,ALLPUB,INSIDE,GTL,OLDTOWN,NORM,NORM,1FAM,1STORY,4,7,1937,2000,HIP,COMPSHG,STUCCO,STUCCO,BRKCMN,435.0,TA,TA,BRKTIL,FA,TA,FA,REC,168.0,TA,0.0,739.0,907.0,GASA,TA,Y,SBRKR,1131.0,0.0,0.0,1131.0,0,0,1,0,2,1,TA,7,TYP,0,NA,DETCHD,DETCHD,2,672.0,DETCHD,DETCHD,Y,0.0,72.0,0.0,0.0,0.0,NA,NA,0,3,2007,WD,ALLOCA,89471,True,False
481,20,RL,98.0,16033.0,PAVE,NA,IR1,LVL,ALLPUB,FR2,GTL,NRIDGHT,NORM,NORM,1FAM,1STORY,9,5,2004,2005,HIP,COMPSHG,VINYLSD,VINYLSD,BRKFACE,378.0,GD,TA,PCONC,EX,TA,EX,GLQ,1261.0,TA,0.0,572.0,1833.0,GASA,EX,Y,SBRKR,1850.0,0.0,0.0,1850.0,1,0,2,0,3,1,GD,8,TYP,1,GD,ATTCHD,ATTCHD,3,772.0,ATTCHD,ATTCHD,Y,519.0,112.0,0.0,0.0,0.0,NA,NA,0,3,2006,WD,NORMAL,326000,True,False
482,20,RL,72.0,11846.0,PAVE,NA,IR1,HLS,ALLPUB,INSIDE,GTL,NRIDGHT,NORM,NORM,1FAM,1STORY,9,5,2003,2004,HIP,COMPSHG,VINYLSD,VINYLSD,BRKFACE,562.0,GD,TA,PCONC,EX,TA,EX,GLQ,1567.0,TA,0.0,225.0,1792.0,GASA,EX,Y,SBRKR,1792.0,0.0,0.0,1792.0,1,0,2,0,2,1,EX,6,TYP,1,GD,ATTCHD,ATTCHD,3,874.0,ATTCHD,ATTCHD,Y,206.0,49.0,0.0,0.0,0.0,NA,NA,0,8,2006,WD,NORMAL,374000,True,False
483,70,RM,50.0,2500.0,PAVE,NA,REG,LVL,ALLPUB,CORNER,GTL,OLDTOWN,NORM,NORM,1FAM,2STORY,7,8,1915,2005,GABLE,COMPSHG,STUCCO,STUCCO,None,0.0,GD,TA,PCONC,TA,TA,TA,ALQ,299.0,TA,0.0,611.0,910.0,GASA,EX,Y,SBRKR,916.0,910.0,0.0,1826.0,1,0,1,1,4,1,EX,7,MIN2,1,GD,ATTCHD,ATTCHD,1,164.0,ATTCHD,ATTCHD,Y,0.0,0.0,0.0,0.0,0.0,NA,NA,0,6,2009,WD,NORMAL,155000,True,False
484,120,RM,32.0,4500.0,PAVE,NA,REG,LVL,ALLPUB,FR2,GTL,MITCHEL,NORM,NORM,TWNHS,1STORY,6,5,1998,1998,HIP,COMPSHG,VINYLSD,VINYLSD,BRKFACE,116.0,TA,TA,PCONC,EX,TA,EX,GLQ,897.0,TA,0.0,319.0,1216.0,GASA,EX,Y,SBRKR,1216.0,0.0,0.0,1216.0,1,0,2,0,2,1,TA,5,TYP,0,NA,ATTCHD,ATTCHD,2,402.0,ATTCHD,ATTCHD,Y,0.0,125.0,0.0,0.0,0.0,NA,NA,0,5,2006,WD,NORMAL,164000,True,False
485,20,RL,0.0,7758.0,PAVE,NA,IR1,LVL,ALLPUB,CORNER,GTL,SAWYER,NORM,NORM,1FAM,1STORY,5,7,1962,2001,GABLE,COMPSHG,HDBOARD,PLYWOOD,None,0.0,TA,GD,CBLOCK,TA,TA,TA,ALQ,588.0,TA,0.0,411.0,999.0,GASA,GD,Y,SBRKR,999.0,0.0,0.0,999.0,1,0,1,0,3,1,GD,6,TYP,0,NA,DETCHD,DETCHD,1,264.0,DETCHD,DETCHD,Y,0.0,132.0,0.0,0.0,0.0,NA,NA,0,3,2007,WD,NORMAL,132500,True,False
486,20,RL,80.0,9600.0,PAVE,NA,REG,LVL,ALLPUB,INSIDE,GTL,NAMES,NORM,NORM,1FAM,1STORY,5,7,1950,2007,GABLE,COMPSHG,METALSD,METALSD,None,0.0,GD,TA,CBLOCK,TA,TA,TA,ALQ,607.0,TA,0.0,506.0,1113.0,GASA,GD,Y,SBRKR,1113.0,0.0,0.0,1113.0,0,0,1,0,3,1,GD,5,TYP,1,GD,ATTCHD,ATTCHD,1,264.0,ATTCHD,ATTCHD,Y,0.0,80.0,120.0,0.0,0.0,NA,NA,0,7,2009,WD,NORMAL,147000,True,False
487,20,RL,79.0,10289.0,PAVE,NA,REG,LVL,ALLPUB,INSIDE,GTL,NAMES,NORM,NORM,1FAM,1STORY,5,7,1965,1965,HIP,COMPSHG,METALSD,METALSD,BRKFACE,168.0,TA,TA,CBLOCK,TA,TA,TA,ALQ,836.0,TA,0.0,237.0,1073.0,GASA,TA,Y,SBRKR,1073.0,0.0,0.0,1073.0,1,0,1,1,3,1,TA,6,TYP,0,NA,ATTCHD,ATTCHD,2,515.0,ATTCHD,ATTCHD,Y,0.0,0.0,0.0,0.0,0.0,NA,NA,0,6,2007,WD,NORMAL,156000,True,False
488,20,RL,70.0,12243.0,PAVE,NA,IR1,LVL,ALLPUB,INSIDE,GTL,NWAMES,NORM,NORM,1FAM,1STORY,5,6,1971,1971,GABLE,COMPSHG,PLYWOOD,PLYWOOD,None,0.0,TA,TA,CBLOCK,GD,TA,GD,ALQ,998.0,TA,0.0,486.0,1484.0,GASA,GD,Y,SBRKR,1484.0,0.0,0.0,1484.0,0,0,2,0,3,1,TA,7,TYP,1,TA,ATTCHD,ATTCHD,2,487.0,ATTCHD,ATTCHD,Y,224.0,0.0,0.0,0.0,180.0,NA,NA,0,2,2007,WD,NORMAL,175000,True,False
489,190,RL,60.0,10800.0,PAVE,NA,REG,LVL,ALLPUB,CORNER,GTL,OLDTOWN,NORM,NORM,2FMCON,1.5FIN,5,4,1900,1970,GABLE,COMPSHG,WD SDNG,WD SDNG,None,0.0,TA,FA,CBLOCK,TA,FA,TA,BLQ,664.0,FA,0.0,290.0,954.0,GASA,TA,N,FUSEA,1766.0,648.0,0.0,2414.0,0,0,2,0,3,2,TA,10,MOD,1,GD,ATTCHD,ATTCHD,2,520.0,ATTCHD,ATTCHD,N,142.0,0.0,0.0,0.0,0.0,NA,NA,0,5,2006,CONLD,NORMAL,160000,True,False
490,180,RM,21.0,1526.0,PAVE,NA,REG,LVL,ALLPUB,INSIDE,GTL,MEADOWV,NORM,NORM,TWNHS,SFOYER,4,8,1970,2002,GABLE,COMPSHG,CEMNTBD,CMENTBD,None,0.0,TA,GD,CBLOCK,GD,TA,GD,GLQ,515.0,TA,0.0,115.0,630.0,GASA,TA,Y,SBRKR,630.0,0.0,0.0,630.0,1,0,1,0,1,1,GD,3,TYP,0,NA,ATTCHD,ATTCHD,1,286.0,ATTCHD,ATTCHD,Y,0.0,0.0,0.0,0.0,0.0,NA,NA,0,5,2009,WD,NORMAL,86000,True,False
491,160,RM,0.0,2665.0,PAVE,NA,REG,LVL,ALLPUB,INSIDE,GTL,MEADOWV,NORM,NORM,TWNHSE,2STORY,5,6,1976,1976,GABLE,COMPSHG,CEMNTBD,CMENTBD,None,0.0,TA,TA,PCONC,GD,TA,GD,UNF,0.0,TA,0.0,264.0,264.0,GASA,TA,Y,SBRKR,616.0,688.0,0.0,1304.0,0,0,1,1,3,1,TA,4,TYP,1,GD,BUILTIN,BUILTIN,1,336.0,BUILTIN,BUILTIN,Y,141.0,24.0,0.0,0.0,0.0,NA,NA,0,6,2008,WD,NORMAL,115000,True,False
492,50,RL,79.0,9490.0,PAVE,NA,REG,LVL,ALLPUB,INSIDE,GTL,NAMES,ARTERY,NORM,1FAM,1.5FIN,6,7,1941,1950,GABLE,COMPSHG,WD SDNG,WD SDNG,None,0.0,TA,TA,CBLOCK,TA,TA,TA,BLQ,403.0,TA,165.0,238.0,806.0,GASA,TA,Y,FUSEA,958.0,620.0,0.0,1578.0,1,0,1,0,3,1,FA,5,TYP,2,TA,ATTCHD,ATTCHD,1,240.0,ATTCHD,ATTCHD,Y,0.0,0.0,32.0,0.0,0.0,NA,NA,0,8,2006,WD,NORMAL,133000,True,False
493,60,RL,105.0,15578.0,PAVE,NA,IR1,LVL,ALLPUB,CORNER,GTL,GILBERT,NORM,NORM,1FAM,2STORY,6,5,2006,2006,GABLE,COMPSHG,VINYLSD,VINYLSD,None,0.0,GD,TA,PCONC,GD,TA,GD,UNF,0.0,TA,0.0,728.0,728.0,GASA,GD,Y,SBRKR,728.0,728.0,0.0,1456.0,0,0,2,1,3,1,TA,8,TYP,0,NA,ATTCHD,ATTCHD,2,429.0,ATTCHD,ATTCHD,Y,0.0,0.0,0.0,0.0,0.0,NA,NA,0,5,2006,NEW,PARTIAL,172785,True,False
494,20,RL,70.0,7931.0,PAVE,NA,REG,LVL,ALLPUB,INSIDE,GTL,NAMES,NORM,NORM,1FAM,1STORY,5,6,1960,1960,GABLE,COMPSHG,BRKFACE,WD SDNG,None,0.0,TA,TA,CBLOCK,TA,TA,TA,BLQ,374.0,TA,532.0,363.0,1269.0,GASA,TA,Y,FUSEA,1269.0,0.0,0.0,1269.0,0,0,1,1,3,1,TA,6,TYP,1,FA,DETCHD,DETCHD,1,308.0,DETCHD,DETCHD,Y,0.0,0.0,0.0,0.0,0.0,NA,NA,0,6,2008,WD,NORMAL,155000,True,False
495,30,RM,50.0,5784.0,PAVE,NA,REG,LVL,ALLPUB,INSIDE,GTL,OLDTOWN,ARTERY,NORM,1FAM,1STORY,5,8,1938,1996,GABLE,COMPSHG,METALSD,METALSD,None,0.0,TA,TA,BRKTIL,FA,TA,FA,UNF,0.0,TA,0.0,190.0,190.0,GASA,GD,Y,FUSEA,886.0,0.0,0.0,886.0,0,0,1,0,2,1,TA,4,TYP,0,NA,ATTCHD,ATTCHD,1,273.0,ATTCHD,ATTCHD,Y,144.0,20.0,80.0,0.0,0.0,NA,NA,0,12,2009,WD,NORMAL,91300,True,False
496,30,C (ALL),60.0,7879.0,PAVE,NA,REG,LVL,ALLPUB,INSIDE,GTL,IDOTRR,NORM,NORM,1FAM,1STORY,4,5,1920,1950,GABLE,COMPSHG,WD SDNG,WD SDNG,None,0.0,TA,TA,CBLOCK,TA,TA,TA,REC,495.0,TA,0.0,225.0,720.0,GASA,TA,N,FUSEA,720.0,0.0,0.0,720.0,0,0,1,0,2,1,TA,4,TYP,0,NA,NA,NA,0,0.0,NA,NA,N,0.0,523.0,115.0,0.0,0.0,NA,NA,0,11,2009,WD,ABNORML,34900,False,False
497,20,RL,0.0,12692.0,PAVE,NA,IR1,LVL,ALLPUB,INSIDE,GTL,NORIDGE,NORM,NORM,1FAM,1STORY,8,5,1992,1993,HIP,COMPSHG,BRKFACE,BRKFACE,None,0.0,GD,TA,PCONC,GD,TA,GD,GLQ,1231.0,TA,0.0,1969.0,3200.0,GASA,EX,Y,SBRKR,3228.0,0.0,0.0,3228.0,1,0,3,0,4,1,GD,10,TYP,1,GD,ATTCHD,ATTCHD,2,546.0,ATTCHD,ATTCHD,Y,264.0,75.0,291.0,0.0,0.0,NA,NA,0,5,2007,WD,NORMAL,430000,True,False
498,50,RL,60.0,9120.0,PAVE,NA,REG,LVL,ALLPUB,INSIDE,GTL,BRKSIDE,NORM,NORM,1FAM,1.5FIN,7,6,1925,1950,GABLE,COMPSHG,WD SDNG,WD SDNG,None,0.0,TA,GD,PCONC,TA,TA,TA,REC,329.0,TA,0.0,697.0,1026.0,GASA,EX,Y,SBRKR,1133.0,687.0,0.0,1820.0,1,0,2,0,4,1,TA,8,TYP,0,NA,DETCHD,DETCHD,1,240.0,DETCHD,DETCHD,N,0.0,100.0,0.0,0.0,0.0,NA,NA,0,6,2008,WD,NORMAL,184000,True,False
499,20,RL,65.0,7800.0,PAVE,NA,REG,LVL,ALLPUB,INSIDE,GTL,SAWYER,NORM,NORM,1FAM,1STORY,5,7,1967,2004,HIP,COMPSHG,HDBOARD,HDBOARD,BRKFACE,89.0,TA,TA,PCONC,TA,TA,TA,ALQ,450.0,TA,0.0,414.0,864.0,GASA,EX,Y,SBRKR,899.0,0.0,0.0,899.0,0,0,1,0,3,1,GD,5,TYP,0,NA,ATTCHD,ATTCHD,1,288.0,ATTCHD,ATTCHD,Y,64.0,0.0,0.0,0.0,0.0,NA,NA,0,6,2009,WD,NORMAL,130000,True,False
500,20,RL,70.0,7535.0,PAVE,SHED,IR1,LVL,ALLPUB,INSIDE,GTL,NAMES,NORM,NORM,1FAM,1STORY,5,7,1958,1985,GABLE,COMPSHG,METALSD,METALSD,None,0.0,TA,TA,CBLOCK,TA,TA,TA,BLQ,111.0,TA,279.0,522.0,912.0,GASA,FA,Y,SBRKR,912.0,0.0,0.0,912.0,0,1,1,0,2,1,TA,5,TYP,0,NA,ATTCHD,ATTCHD,1,297.0,ATTCHD,ATTCHD,Y,12.0,285.0,0.0,0.0,0.0,SHED,SHED,480,6,2007,WD,NORMAL,120000,True,False
501,160,RM,21.0,1890.0,PAVE,NA,REG,LVL,ALLPUB,INSIDE,GTL,BRDALE,NORM,NORM,TWNHS,2STORY,6,5,1973,1973,GABLE,COMPSHG,HDBOARD,HDBOARD,BRKFACE,285.0,TA,TA,CBLOCK,TA,TA,TA,BLQ,356.0,TA,0.0,316.0,672.0,GASA,TA,Y,SBRKR,672.0,546.0,0.0,1218.0,0,0,1,1,3,1,TA,7,TYP,0,NA,DETCHD,DETCHD,1,264.0,DETCHD,DETCHD,Y,144.0,28.0,0.0,0.0,0.0,NA,NA,0,5,2007,WD,NORMAL,113000,True,False
502,60,FV,75.0,9803.0,PAVE,NA,REG,LVL,ALLPUB,INSIDE,GTL,SOMERST,NORM,NORM,1FAM,2STORY,7,5,2005,2005,GABLE,COMPSHG,VINYLSD,VINYLSD,None,0.0,GD,TA,PCONC,GD,TA,GD,GLQ,400.0,TA,0.0,466.0,866.0,GASA,GD,Y,SBRKR,866.0,902.0,0.0,1768.0,0,0,2,1,3,1,GD,7,TYP,0,NA,ATTCHD,ATTCHD,2,603.0,ATTCHD,ATTCHD,Y,0.0,108.0,0.0,0.0,0.0,NA,NA,0,2,2008,WD,NORMAL,226700,True,False
503,20,RL,70.0,9170.0,PAVE,SHED,REG,LVL,ALLPUB,CORNER,GTL,EDWARDS,FEEDR,NORM,1FAM,1STORY,5,7,1965,1965,HIP,COMPSHG,METALSD,METALSD,None,0.0,TA,TA,CBLOCK,TA,TA,TA,ALQ,698.0,TA,96.0,420.0,1214.0,GASA,EX,Y,SBRKR,1214.0,0.0,0.0,1214.0,1,0,1,0,2,1,TA,6,TYP,0,NA,DETCHD,DETCHD,2,461.0,DETCHD,DETCHD,Y,0.0,0.0,184.0,0.0,0.0,SHED,SHED,400,4,2007,WD,NORMAL,140000,True,False
504,20,RL,100.0,15602.0,PAVE,NA,IR1,LVL,ALLPUB,INSIDE,GTL,CRAWFOR,NORM,NORM,1FAM,1STORY,7,8,1959,1997,GABLE,COMPSHG,BRKFACE,WD SDNG,None,0.0,TA,TA,CBLOCK,TA,TA,TA,ALQ,1247.0,TA,0.0,254.0,1501.0,GASA,TA,Y,SBRKR,1801.0,0.0,0.0,1801.0,1,0,2,0,1,1,TA,6,TYP,2,TA,ATTCHD,ATTCHD,2,484.0,ATTCHD,ATTCHD,Y,0.0,54.0,0.0,0.0,161.0,NA,NA,0,3,2010,WD,NORMAL,289000,True,False
505,160,RL,24.0,2308.0,PAVE,NA,REG,LVL,ALLPUB,INSIDE,GTL,NPKVILL,NORM,NORM,TWNHSE,2STORY,6,5,1974,1974,GABLE,COMPSHG,PLYWOOD,BRK CMN,None,0.0,TA,TA,CBLOCK,TA,TA,TA,ALQ,257.0,TA,495.0,103.0,855.0,GASA,TA,Y,SBRKR,855.0,467.0,0.0,1322.0,0,1,2,1,3,1,TA,6,TYP,1,FA,ATTCHD,ATTCHD,2,440.0,ATTCHD,ATTCHD,Y,260.0,0.0,0.0,0.0,0.0,NA,NA,0,6,2009,WD,NORMAL,147000,True,False
506,90,RM,60.0,7596.0,PAVE,NA,REG,LVL,ALLPUB,INSIDE,GTL,OLDTOWN,ARTERY,NORM,DUPLEX,2STORY,5,5,1952,1952,HIP,COMPSHG,WD SDNG,WD SDNG,BRKFACE,360.0,TA,TA,CBLOCK,TA,TA,TA,UNF,0.0,TA,0.0,960.0,960.0,GASA,GD,Y,SBRKR,960.0,1000.0,0.0,1960.0,0,0,2,0,4,2,TA,10,TYP,0,NA,DETCHD,DETCHD,2,400.0,DETCHD,DETCHD,N,0.0,0.0,0.0,0.0,0.0,NA,NA,0,7,2009,COD,NORMAL,124500,True,False
507,60,RL,80.0,9554.0,PAVE,NA,IR1,LVL,ALLPUB,INSIDE,GTL,SAWYERW,NORM,NORM,1FAM,2STORY,8,5,1993,1994,GABLE,COMPSHG,VINYLSD,VINYLSD,BRKFACE,125.0,GD,TA,PCONC,GD,TA,GD,GLQ,380.0,TA,0.0,397.0,777.0,GASA,EX,Y,SBRKR,1065.0,846.0,0.0,1911.0,0,0,2,1,3,1,GD,8,TYP,1,TA,ATTCHD,ATTCHD,2,471.0,ATTCHD,ATTCHD,Y,182.0,81.0,0.0,0.0,0.0,NA,NA,0,9,2006,WD,NORMAL,215000,True,False
508,20,FV,75.0,7862.0,PAVE,NA,IR1,LVL,ALLPUB,INSIDE,GTL,SOMERST,NORM,NORM,1FAM,1STORY,6,5,2009,2009,GABLE,COMPSHG,VINYLSD,VINYLSD,None,0.0,GD,TA,PCONC,GD,TA,GD,GLQ,27.0,TA,0.0,1191.0,1218.0,GASA,EX,Y,SBRKR,1218.0,0.0,0.0,1218.0,0,0,2,0,2,1,GD,4,TYP,0,NA,ATTCHD,ATTCHD,2,676.0,ATTCHD,ATTCHD,Y,0.0,102.0,0.0,0.0,0.0,NA,NA,0,9,2009,NEW,PARTIAL,208300,True,False
509,70,RM,60.0,9600.0,PAVE,NA,REG,LVL,ALLPUB,INSIDE,GTL,OLDTOWN,NORM,NORM,1FAM,2STORY,7,9,1928,2005,GAMBREL,COMPSHG,METALSD,METALSD,None,0.0,TA,EX,BRKTIL,TA,TA,TA,REC,141.0,TA,0.0,548.0,689.0,GASA,EX,Y,SBRKR,689.0,689.0,0.0,1378.0,0,0,2,0,3,1,GD,7,TYP,1,GD,DETCHD,DETCHD,2,360.0,DETCHD,DETCHD,N,0.0,0.0,116.0,0.0,0.0,NA,NA,0,10,2008,WD,NORMAL,161000,True,False
510,20,RL,80.0,9600.0,PAVE,NA,REG,LVL,ALLPUB,CORNER,GTL,NAMES,NORM,NORM,1FAM,1STORY,5,6,1959,1959,GABLE,COMPSHG,METALSD,METALSD,BRKFACE,132.0,TA,TA,CBLOCK,TA,TA,TA,ALQ,991.0,TA,0.0,50.0,1041.0,GASA,EX,Y,SBRKR,1041.0,0.0,0.0,1041.0,1,0,1,0,3,1,TA,6,TYP,0,NA,ATTCHD,ATTCHD,1,270.0,ATTCHD,ATTCHD,Y,224.0,88.0,0.0,0.0,0.0,NA,NA,0,7,2009,WD,NORMAL,124500,True,False
511,20,RL,75.0,14559.0,PAVE,SHED,REG,LVL,ALLPUB,INSIDE,GTL,NAMES,NORM,NORM,1FAM,1STORY,5,7,1951,2000,HIP,COMPSHG,WD SDNG,WD SDNG,BRKCMN,70.0,GD,TA,CBLOCK,TA,TA,TA,BLQ,650.0,TA,180.0,178.0,1008.0,GASA,EX,Y,SBRKR,1363.0,0.0,0.0,1363.0,1,0,1,0,2,1,TA,6,MIN1,2,TA,CARPORT,CARPORT,1,288.0,CARPORT,CARPORT,Y,324.0,42.0,0.0,0.0,168.0,SHED,SHED,2000,6,2009,WD,NORMAL,164900,True,False
512,120,RL,40.0,6792.0,PAVE,NA,IR1,LVL,ALLPUB,INSIDE,GTL,NRIDGHT,NORM,NORM,TWNHSE,1STORY,7,5,2005,2006,GABLE,COMPSHG,VINYLSD,VINYLSD,STONE,94.0,GD,TA,PCONC,GD,TA,GD,UNF,0.0,TA,0.0,1368.0,1368.0,GASA,EX,Y,SBRKR,1368.0,0.0,0.0,1368.0,0,0,2,0,2,1,GD,6,TYP,1,GD,ATTCHD,ATTCHD,2,474.0,ATTCHD,ATTCHD,Y,132.0,35.0,0.0,0.0,0.0,NA,NA,0,3,2006,NEW,PARTIAL,202665,True,False
513,20,RL,70.0,9100.0,PAVE,NA,REG,LVL,ALLPUB,CORNER,GTL,NAMES,FEEDR,NORM,1FAM,1STORY,5,5,1958,1958,GABLE,COMPSHG,VINYLSD,VINYLSD,None,0.0,TA,TA,CBLOCK,TA,TA,TA,BLQ,521.0,TA,174.0,169.0,864.0,GASA,TA,Y,SBRKR,864.0,0.0,0.0,864.0,1,0,1,0,3,1,TA,5,TYP,0,NA,DETCHD,DETCHD,2,624.0,DETCHD,DETCHD,Y,0.0,0.0,0.0,0.0,0.0,NA,NA,0,7,2006,WD,NORMAL,129900,True,False
514,20,RL,71.0,9187.0,PAVE,NA,REG,BNK,ALLPUB,CORNER,GTL,MITCHEL,NORM,NORM,1FAM,1STORY,6,5,1983,1983,GABLE,COMPSHG,VINYLSD,VINYLSD,None,0.0,TA,GD,PCONC,TA,TA,TA,ALQ,336.0,TA,0.0,748.0,1084.0,GASA,TA,Y,SBRKR,1080.0,0.0,0.0,1080.0,0,0,1,1,3,1,TA,5,TYP,0,NA,ATTCHD,ATTCHD,2,484.0,ATTCHD,ATTCHD,Y,120.0,0.0,158.0,0.0,0.0,NA,NA,0,6,2007,WD,NORMAL,134000,True,False
515,45,RL,55.0,10594.0,PAVE,NA,REG,LVL,ALLPUB,INSIDE,GTL,CRAWFOR,NORM,NORM,1FAM,1.5UNF,5,5,1926,1950,GABLE,COMPSHG,WD SDNG,WD SDNG,None,0.0,TA,TA,BRKTIL,TA,TA,TA,UNF,0.0,TA,0.0,768.0,768.0,GRAV,FA,N,SBRKR,789.0,0.0,0.0,789.0,0,0,1,0,2,1,TA,5,TYP,0,NA,DETCHD,DETCHD,1,200.0,DETCHD,DETCHD,Y,0.0,0.0,112.0,0.0,0.0,NA,NA,0,6,2007,WD,NORMAL,96500,True,False
516,20,RL,94.0,12220.0,PAVE,NA,REG,LVL,ALLPUB,INSIDE,GTL,NRIDGHT,NORM,NORM,1FAM,1STORY,10,5,2009,2009,HIP,COMPSHG,CEMNTBD,CMENTBD,BRKFACE,305.0,EX,TA,CBLOCK,EX,TA,EX,GLQ,1436.0,TA,0.0,570.0,2006.0,GASA,EX,Y,SBRKR,2020.0,0.0,0.0,2020.0,1,0,2,1,3,1,EX,9,TYP,1,GD,ATTCHD,ATTCHD,3,900.0,ATTCHD,ATTCHD,Y,156.0,54.0,0.0,0.0,0.0,NA,NA,0,9,2009,NEW,PARTIAL,402861,True,False
517,80,RL,0.0,10448.0,PAVE,NA,IR1,LVL,ALLPUB,CORNER,GTL,NWAMES,NORM,NORM,1FAM,SLVL,6,6,1972,1972,GABLE,COMPSHG,HDBOARD,HDBOARD,BRKFACE,333.0,TA,TA,CBLOCK,TA,TA,TA,UNF,0.0,TA,0.0,689.0,689.0,GASA,TA,Y,SBRKR,1378.0,741.0,0.0,2119.0,0,0,2,1,3,1,TA,7,TYP,1,TA,ATTCHD,ATTCHD,2,583.0,ATTCHD,ATTCHD,Y,0.0,104.0,0.0,0.0,0.0,NA,NA,0,8,2009,COD,ABNORML,158000,True,False
518,60,RL,79.0,10208.0,PAVE,NA,IR1,LVL,ALLPUB,INSIDE,GTL,NORIDGE,NORM,NORM,1FAM,2STORY,7,5,1996,1997,GABLE,COMPSHG,VINYLSD,VINYLSD,BRKFACE,921.0,GD,TA,PCONC,GD,TA,GD,UNF,0.0,TA,0.0,1264.0,1264.0,GASA,EX,Y,SBRKR,1277.0,1067.0,0.0,2344.0,0,0,2,1,3,1,GD,7,TYP,1,TA,ATTCHD,ATTCHD,3,889.0,ATTCHD,ATTCHD,Y,220.0,0.0,0.0,0.0,0.0,NA,NA,0,7,2009,WD,NORMAL,265000,True,False
519,60,RL,0.0,9531.0,PAVE,NA,IR1,LVL,ALLPUB,CULDSAC,GTL,COLLGCR,NORM,NORM,1FAM,2STORY,6,5,1998,1998,GABLE,COMPSHG,VINYLSD,VINYLSD,None,0.0,TA,TA,PCONC,GD,TA,GD,GLQ,706.0,TA,0.0,88.0,794.0,GASA,EX,Y,SBRKR,882.0,914.0,0.0,1796.0,1,0,2,1,3,1,TA,7,TYP,0,NA,ATTCHD,ATTCHD,2,546.0,ATTCHD,ATTCHD,Y,0.0,36.0,0.0,0.0,0.0,NA,NA,0,5,2007,WD,NORMAL,211000,True,False
520,70,RL,53.0,10918.0,PAVE,NA,REG,LVL,ALLPUB,INSIDE,GTL,CRAWFOR,NORM,NORM,1FAM,2STORY,7,9,1926,2004,GAMBREL,COMPSHG,METALSD,METALSD,None,0.0,GD,TA,BRKTIL,GD,TA,GD,UNF,0.0,TA,0.0,1276.0,1276.0,GASA,EX,Y,SBRKR,1276.0,804.0,0.0,2080.0,0,0,1,1,3,1,GD,9,TYP,2,GD,DETCHD,DETCHD,1,282.0,DETCHD,DETCHD,Y,0.0,0.0,0.0,0.0,145.0,NA,NA,0,6,2009,WD,NORMAL,234000,True,False
521,190,RL,60.0,10800.0,PAVE,NA,REG,LVL,ALLPUB,INSIDE,GTL,OLDTOWN,NORM,NORM,2FMCON,2STORY,4,7,1900,2000,GABLE,COMPSHG,METALSD,METALSD,None,0.0,TA,TA,BRKTIL,NA,NA,NA,NA,0.0,NA,0.0,0.0,0.0,GASA,TA,N,FUSEA,694.0,600.0,0.0,1294.0,0,0,2,0,3,2,TA,7,TYP,0,NA,NA,NA,0,0.0,NA,NA,N,220.0,114.0,210.0,0.0,0.0,NA,NA,0,8,2008,WD,NORMAL,106250,False,False
522,20,RL,90.0,11988.0,PAVE,NA,IR1,LVL,ALLPUB,CORNER,GTL,NAMES,FEEDR,NORM,1FAM,1STORY,6,6,1957,1957,GABLE,COMPSHG,VINYLSD,VINYLSD,None,0.0,TA,TA,CBLOCK,TA,TA,TA,REC,777.0,TA,0.0,467.0,1244.0,GASA,EX,Y,FUSEA,1244.0,0.0,0.0,1244.0,0,0,1,1,3,1,TA,6,TYP,2,GD,ATTCHD,ATTCHD,1,336.0,ATTCHD,ATTCHD,Y,0.0,40.0,0.0,0.0,0.0,NA,NA,0,5,2007,WD,NORMAL,150000,True,False
523,50,RM,50.0,5000.0,PAVE,NA,REG,LVL,ALLPUB,CORNER,GTL,BRKSIDE,FEEDR,NORM,1FAM,1.5FIN,6,7,1947,1950,GABLE,COMPSHG,CEMNTBD,CMENTBD,None,0.0,TA,GD,CBLOCK,TA,TA,TA,ALQ,399.0,TA,0.0,605.0,1004.0,GASA,EX,Y,SBRKR,1004.0,660.0,0.0,1664.0,0,0,2,0,3,1,TA,7,TYP,2,GD,DETCHD,DETCHD,2,420.0,DETCHD,DETCHD,Y,0.0,24.0,36.0,0.0,0.0,NA,NA,0,10,2006,WD,NORMAL,159000,True,False
524,60,RL,130.0,40094.0,PAVE,NA,IR1,BNK,ALLPUB,INSIDE,GTL,EDWARDS,POSN,POSN,1FAM,2STORY,10,5,2007,2008,HIP,COMPSHG,CEMNTBD,CMENTBD,STONE,762.0,EX,TA,PCONC,EX,TA,EX,GLQ,2260.0,TA,0.0,878.0,3138.0,GASA,EX,Y,SBRKR,3138.0,1538.0,0.0,4676.0,1,0,3,1,3,1,EX,11,TYP,1,GD,BUILTIN,BUILTIN,3,884.0,BUILTIN,BUILTIN,Y,208.0,406.0,0.0,0.0,0.0,NA,NA,0,10,2007,NEW,PARTIAL,184750,True,False
525,60,RL,95.0,11787.0,PAVE,NA,IR1,LVL,ALLPUB,INSIDE,GTL,NORIDGE,NORM,NORM,1FAM,2STORY,7,5,1996,1997,GABLE,COMPSHG,VINYLSD,VINYLSD,BRKFACE,594.0,GD,TA,PCONC,GD,TA,GD,GLQ,719.0,TA,0.0,660.0,1379.0,GASA,EX,Y,SBRKR,1383.0,1015.0,0.0,2398.0,1,0,2,1,3,1,GD,8,TYP,1,TA,ATTCHD,ATTCHD,3,834.0,ATTCHD,ATTCHD,Y,239.0,60.0,0.0,0.0,0.0,NA,NA,0,8,2007,WD,NORMAL,315750,True,False
526,20,FV,62.0,7500.0,PAVE,NA,REG,LVL,ALLPUB,INSIDE,GTL,SOMERST,NORM,NORM,1FAM,1STORY,7,5,2005,2005,GABLE,COMPSHG,VINYLSD,VINYLSD,None,0.0,GD,TA,PCONC,GD,TA,GD,UNF,0.0,TA,0.0,1257.0,1257.0,GASA,EX,Y,SBRKR,1266.0,0.0,0.0,1266.0,0,0,2,0,3,1,GD,6,TYP,1,TA,ATTCHD,ATTCHD,2,453.0,ATTCHD,ATTCHD,Y,38.0,144.0,0.0,0.0,0.0,NA,NA,0,4,2006,WD,NORMAL,176000,True,False
527,20,RL,70.0,13300.0,PAVE,NA,REG,LVL,ALLPUB,INSIDE,GTL,NAMES,NORM,NORM,1FAM,1STORY,5,7,1956,2000,HIP,COMPSHG,WD SDNG,WD SDNG,None,0.0,TA,TA,CBLOCK,GD,TA,GD,REC,377.0,TA,0.0,551.0,928.0,GASA,TA,Y,SBRKR,928.0,0.0,0.0,928.0,0,0,1,0,2,1,TA,4,TYP,0,NA,ATTCHD,ATTCHD,1,252.0,ATTCHD,ATTCHD,Y,261.0,0.0,156.0,0.0,0.0,NA,NA,0,6,2007,WD,NORMAL,132000,True,False
528,60,RL,67.0,14948.0,PAVE,NA,IR1,LVL,ALLPUB,INSIDE,GTL,NRIDGHT,NORM,NORM,1FAM,2STORY,9,5,2008,2008,HIP,COMPSHG,VINYLSD,VINYLSD,STONE,268.0,EX,TA,PCONC,EX,TA,EX,GLQ,1330.0,TA,0.0,122.0,1452.0,GASA,EX,Y,SBRKR,1476.0,1237.0,0.0,2713.0,1,0,2,1,3,1,EX,11,TYP,1,GD,ATTCHD,ATTCHD,3,858.0,ATTCHD,ATTCHD,Y,126.0,66.0,0.0,0.0,0.0,NA,NA,0,11,2008,NEW,PARTIAL,446261,True,False
529,30,RL,58.0,9098.0,PAVE,NA,IR1,LVL,ALLPUB,INSIDE,GTL,EDWARDS,NORM,NORM,1FAM,1STORY,4,7,1920,2002,GABLE,COMPSHG,WD SDNG,WD SDNG,None,0.0,TA,TA,BRKTIL,TA,TA,TA,ALQ,348.0,TA,0.0,180.0,528.0,GASA,EX,Y,SBRKR,605.0,0.0,0.0,605.0,1,0,1,0,2,1,TA,5,TYP,0,NA,NA,NA,0,0.0,NA,NA,N,0.0,0.0,144.0,0.0,0.0,NA,NA,0,7,2007,WD,NORMAL,86000,False,False
531,80,RL,85.0,10200.0,PAVE,NA,REG,LVL,ALLPUB,INSIDE,GTL,TIMBER,NORM,NORM,1FAM,SLVL,6,5,1988,1989,GABLE,COMPSHG,HDBOARD,HDBOARD,BRKFACE,219.0,GD,TA,CBLOCK,GD,TA,GD,GLQ,783.0,TA,0.0,678.0,1461.0,GASA,EX,Y,SBRKR,1509.0,0.0,0.0,1509.0,1,0,2,0,3,1,GD,5,TYP,1,FA,ATTCHD,ATTCHD,2,600.0,ATTCHD,ATTCHD,Y,224.0,0.0,0.0,0.0,0.0,NA,NA,0,8,2008,WD,ABNORML,175000,True,False
532,70,RM,60.0,6155.0,PAVE,NA,IR1,LVL,ALLPUB,FR3,GTL,BRKSIDE,RRNN,FEEDR,1FAM,2STORY,6,8,1920,1999,GABLE,COMPSHG,WD SDNG,WD SDNG,None,0.0,TA,TA,BRKTIL,FA,FA,FA,UNF,0.0,FA,0.0,611.0,611.0,GASA,EX,Y,SBRKR,751.0,611.0,0.0,1362.0,0,0,2,0,3,1,TA,6,TYP,0,NA,DETCHD,DETCHD,2,502.0,DETCHD,DETCHD,Y,0.0,0.0,84.0,0.0,0.0,NA,NA,0,6,2008,WD,NORMAL,128000,True,False
533,20,RL,60.0,7200.0,PAVE,NA,REG,LVL,ALLPUB,INSIDE,GTL,NAMES,NORM,NORM,1FAM,1STORY,5,7,1955,2007,GABLE,COMPSHG,VINYLSD,VINYLSD,None,0.0,TA,TA,SLAB,NA,NA,NA,NA,0.0,NA,0.0,0.0,0.0,GASA,EX,Y,SBRKR,827.0,0.0,0.0,827.0,0,0,1,0,2,1,TA,5,MOD,1,PO,DETCHD,DETCHD,1,392.0,DETCHD,DETCHD,Y,0.0,0.0,0.0,0.0,0.0,NA,NA,0,4,2010,WD,NORMAL,107500,True,False
534,20,RL,50.0,5000.0,PAVE,NA,REG,LOW,ALLPUB,INSIDE,MOD,BRKSIDE,NORM,NORM,1FAM,1STORY,1,3,1946,1950,GABLE,COMPSHG,VINYLSD,VINYLSD,None,0.0,FA,FA,SLAB,NA,NA,NA,NA,0.0,NA,0.0,0.0,0.0,GASA,FA,N,FUSEF,334.0,0.0,0.0,334.0,0,0,1,0,1,1,FA,2,TYP,0,NA,NA,NA,0,0.0,NA,NA,N,0.0,0.0,0.0,0.0,0.0,NA,NA,0,1,2007,WD,NORMAL,39300,False,False
535,60,RL,74.0,9056.0,PAVE,NA,IR1,LVL,ALLPUB,INSIDE,GTL,GILBERT,NORM,NORM,1FAM,2STORY,8,5,2004,2004,GABLE,COMPSHG,VINYLSD,VINYLSD,None,0.0,GD,TA,PCONC,EX,GD,EX,UNF,0.0,GD,0.0,707.0,707.0,GASA,EX,Y,SBRKR,707.0,707.0,0.0,1414.0,0,0,2,1,3,1,GD,6,TYP,1,GD,ATTCHD,ATTCHD,2,403.0,ATTCHD,ATTCHD,Y,100.0,35.0,0.0,0.0,0.0,NA,NA,0,10,2006,WD,NORMAL,178000,True,False
536,190,RL,70.0,7000.0,PAVE,NA,REG,LVL,ALLPUB,INSIDE,GTL,EDWARDS,NORM,NORM,2FMCON,2STORY,5,7,1910,1991,GABLE,COMPSHG,METALSD,METALSD,None,0.0,TA,TA,CBLOCK,GD,TA,GD,GLQ,969.0,TA,0.0,148.0,1117.0,GASA,TA,Y,SBRKR,820.0,527.0,0.0,1347.0,1,0,1,0,3,1,TA,5,TYP,0,NA,NA,NA,0,0.0,NA,NA,N,85.0,0.0,148.0,0.0,0.0,NA,NA,0,1,2008,WD,NORMAL,107500,False,False
537,60,RL,57.0,8924.0,PAVE,NA,IR1,LVL,ALLPUB,CULDSAC,GTL,COLLGCR,NORM,NORM,1FAM,2STORY,7,5,1998,1999,GABLE,COMPSHG,VINYLSD,VINYLSD,None,0.0,TA,TA,PCONC,GD,TA,GD,UNF,0.0,TA,0.0,880.0,880.0,GASA,EX,Y,SBRKR,880.0,844.0,0.0,1724.0,0,0,2,1,3,1,GD,8,TYP,0,NA,ATTCHD,ATTCHD,2,527.0,ATTCHD,ATTCHD,Y,120.0,155.0,0.0,0.0,0.0,NA,NA,0,7,2008,WD,NORMAL,188000,True,False
538,20,RL,0.0,12735.0,PAVE,NA,IR1,LVL,ALLPUB,FR2,GTL,NAMES,NORM,NORM,1FAM,1STORY,4,5,1972,1972,HIP,COMPSHG,METALSD,METALSD,None,0.0,TA,TA,CBLOCK,TA,TA,TA,BLQ,600.0,TA,0.0,264.0,864.0,GASA,TA,Y,SBRKR,864.0,0.0,0.0,864.0,0,0,1,0,3,1,TA,5,TYP,0,NA,DETCHD,DETCHD,2,576.0,DETCHD,DETCHD,Y,216.0,0.0,0.0,0.0,0.0,NA,NA,0,4,2008,COD,NORMAL,111250,True,False
539,20,RL,0.0,11553.0,PAVE,NA,IR1,LVL,ALLPUB,INSIDE,GTL,SAWYER,NORM,NORM,1FAM,1STORY,5,5,1968,1968,HIP,COMPSHG,PLYWOOD,PLYWOOD,BRKFACE,188.0,TA,TA,CBLOCK,TA,TA,TA,BLQ,673.0,TA,0.0,378.0,1051.0,GASA,TA,Y,SBRKR,1159.0,0.0,0.0,1159.0,0,0,1,1,3,1,TA,7,TYP,1,FA,ATTCHD,ATTCHD,1,336.0,ATTCHD,ATTCHD,Y,466.0,0.0,0.0,0.0,0.0,NA,NA,0,7,2006,WD,NORMAL,158000,True,False
540,20,RL,0.0,11423.0,PAVE,SHED,REG,LVL,ALLPUB,INSIDE,GTL,COLLGCR,NORM,NORM,1FAM,1STORY,8,5,2001,2002,GABLE,COMPSHG,VINYLSD,VINYLSD,BRKFACE,479.0,GD,TA,PCONC,GD,TA,GD,GLQ,1358.0,TA,0.0,223.0,1581.0,GASA,EX,Y,SBRKR,1601.0,0.0,0.0,1601.0,1,0,2,0,3,1,GD,6,TYP,1,TA,ATTCHD,ATTCHD,2,670.0,ATTCHD,ATTCHD,Y,180.0,0.0,0.0,0.0,0.0,SHED,SHED,2000,5,2010,WD,NORMAL,272000,True,False
541,20,RL,85.0,14601.0,PAVE,NA,REG,LVL,ALLPUB,INSIDE,GTL,TIMBER,NORM,NORM,1FAM,1STORY,9,5,2006,2006,HIP,COMPSHG,VINYLSD,VINYLSD,BRKFACE,584.0,EX,TA,PCONC,EX,TA,EX,GLQ,1260.0,TA,0.0,578.0,1838.0,GASA,EX,Y,SBRKR,1838.0,0.0,0.0,1838.0,1,0,2,0,2,1,EX,8,TYP,1,GD,ATTCHD,ATTCHD,3,765.0,ATTCHD,ATTCHD,Y,270.0,68.0,0.0,0.0,0.0,NA,NA,0,3,2009,WD,NORMAL,315000,True,False
542,60,RL,0.0,11000.0,PAVE,NA,REG,LVL,ALLPUB,FR2,GTL,NORIDGE,NORM,NORM,1FAM,2STORY,8,5,2000,2000,GABLE,COMPSHG,VINYLSD,VINYLSD,BRKFACE,72.0,GD,TA,PCONC,GD,TA,GD,UNF,0.0,TA,0.0,969.0,969.0,GASA,EX,Y,SBRKR,997.0,1288.0,0.0,2285.0,0,0,2,1,4,1,GD,8,TYP,1,TA,BUILTIN,BUILTIN,3,648.0,BUILTIN,BUILTIN,Y,0.0,56.0,0.0,0.0,0.0,NA,NA,0,6,2007,WD,NORMAL,248000,True,False
543,20,RL,78.0,10140.0,PAVE,NA,REG,LVL,ALLPUB,INSIDE,GTL,NWAMES,RRAN,NORM,1FAM,1STORY,7,5,1998,1999,HIP,COMPSHG,VINYLSD,VINYLSD,None,0.0,GD,TA,PCONC,EX,TA,EX,LWQ,144.0,TA,1127.0,379.0,1650.0,GASA,EX,Y,SBRKR,1680.0,0.0,0.0,1680.0,1,0,2,0,3,1,GD,7,MAJ1,1,TA,ATTCHD,ATTCHD,2,583.0,ATTCHD,ATTCHD,Y,78.0,73.0,0.0,0.0,0.0,NA,NA,0,6,2009,WD,NORMAL,213250,True,False
544,120,RH,34.0,4058.0,PAVE,NA,REG,LVL,ALLPUB,INSIDE,GTL,NAMES,NORM,NORM,TWNHSE,SFOYER,7,5,1998,1998,GABLE,COMPSHG,METALSD,METALSD,BRKFACE,182.0,TA,TA,PCONC,GD,TA,GD,GLQ,584.0,TA,139.0,0.0,723.0,GASA,EX,Y,SBRKR,767.0,0.0,0.0,767.0,1,0,1,0,1,1,TA,4,TYP,0,NA,ATTCHD,ATTCHD,1,367.0,ATTCHD,ATTCHD,Y,120.0,40.0,0.0,0.0,0.0,NA,NA,0,6,2007,WD,NORMAL,133000,True,False
545,60,RL,58.0,17104.0,PAVE,NA,IR1,LVL,ALLPUB,INSIDE,GTL,GILBERT,NORM,NORM,1FAM,2STORY,7,5,2006,2006,GABLE,COMPSHG,VINYLSD,VINYLSD,None,0.0,GD,TA,PCONC,GD,GD,GD,GLQ,554.0,GD,0.0,100.0,654.0,GASA,EX,Y,SBRKR,664.0,832.0,0.0,1496.0,1,0,2,1,3,1,GD,7,TYP,1,GD,ATTCHD,ATTCHD,2,426.0,ATTCHD,ATTCHD,Y,100.0,24.0,0.0,0.0,0.0,NA,NA,0,9,2006,NEW,PARTIAL,179665,True,False
546,50,RL,0.0,13837.0,PAVE,NA,IR1,LVL,ALLPUB,CORNER,GTL,NWAMES,NORM,NORM,1FAM,1.5FIN,7,5,1988,1988,GABLE,COMPSHG,HDBOARD,HDBOARD,BRKFACE,178.0,GD,GD,PCONC,GD,GD,GD,GLQ,1002.0,GD,202.0,0.0,1204.0,GASA,GD,Y,SBRKR,1377.0,806.0,0.0,2183.0,0,0,2,1,4,1,GD,9,TYP,0,NA,ATTCHD,ATTCHD,3,786.0,ATTCHD,ATTCHD,Y,0.0,0.0,0.0,0.0,0.0,NA,NA,0,2,2006,WD,NORMAL,229000,True,False
547,50,RL,70.0,8737.0,PAVE,NA,IR1,BNK,ALLPUB,INSIDE,GTL,BRKSIDE,NORM,NORM,1FAM,1.5FIN,6,7,1923,1950,GABLE,COMPSHG,BRKFACE,WD SDNG,None,0.0,TA,TA,BRKTIL,GD,TA,GD,REC,300.0,TA,0.0,765.0,1065.0,GASA,EX,Y,FUSEA,915.0,720.0,0.0,1635.0,0,0,1,1,3,1,TA,6,TYP,1,GD,DETCHD,DETCHD,2,440.0,DETCHD,DETCHD,Y,0.0,38.0,0.0,144.0,0.0,NA,NA,0,5,2007,WD,NORMAL,210000,True,False
548,85,RL,54.0,7244.0,PAVE,NA,REG,LVL,ALLPUB,INSIDE,GTL,MITCHEL,NORM,NORM,1FAM,SFOYER,5,7,1970,1970,GABLE,COMPSHG,VINYLSD,VINYLSD,None,0.0,TA,GD,CBLOCK,GD,TA,GD,ALQ,619.0,TA,0.0,149.0,768.0,GASA,EX,Y,SBRKR,768.0,0.0,0.0,768.0,1,0,1,0,2,1,TA,5,TYP,0,NA,DETCHD,DETCHD,2,624.0,DETCHD,DETCHD,Y,104.0,0.0,0.0,0.0,0.0,NA,NA,0,4,2007,WD,NORMAL,129500,True,False
549,20,RM,49.0,8235.0,PAVE,NA,IR1,HLS,ALLPUB,INSIDE,GTL,OLDTOWN,FEEDR,RRNN,1FAM,1STORY,5,7,1955,1995,GABLE,COMPSHG,METALSD,METALSD,None,0.0,TA,GD,CBLOCK,TA,TA,TA,LWQ,180.0,TA,645.0,0.0,825.0,GASA,TA,Y,SBRKR,825.0,0.0,0.0,825.0,1,0,1,0,2,1,TA,4,TYP,0,NA,DETCHD,DETCHD,2,720.0,DETCHD,DETCHD,Y,140.0,50.0,0.0,0.0,0.0,NA,NA,0,6,2008,WD,NORMAL,125000,True,False
550,60,FV,75.0,9375.0,PAVE,NA,REG,LVL,ALLPUB,INSIDE,GTL,SOMERST,NORM,NORM,1FAM,2STORY,7,5,2003,2004,GABLE,COMPSHG,VINYLSD,VINYLSD,None,0.0,GD,TA,PCONC,GD,TA,GD,UNF,0.0,TA,0.0,912.0,912.0,GASA,EX,Y,SBRKR,912.0,1182.0,0.0,2094.0,0,0,2,1,4,1,GD,8,TYP,1,GD,BUILTIN,BUILTIN,2,615.0,BUILTIN,BUILTIN,Y,182.0,182.0,0.0,0.0,0.0,NA,NA,0,11,2009,WD,NORMAL,263000,True,False
551,120,RL,53.0,4043.0,PAVE,NA,REG,LVL,ALLPUB,INSIDE,GTL,NPKVILL,NORM,NORM,TWNHSE,1STORY,6,6,1977,1977,GABLE,COMPSHG,PLYWOOD,PLYWOOD,None,0.0,TA,TA,CBLOCK,GD,TA,GD,ALQ,559.0,TA,0.0,510.0,1069.0,GASA,TA,Y,SBRKR,1069.0,0.0,0.0,1069.0,0,0,2,0,2,1,TA,4,TYP,0,NA,ATTCHD,ATTCHD,2,440.0,ATTCHD,ATTCHD,Y,0.0,55.0,0.0,0.0,200.0,NA,NA,0,10,2008,COD,ABNORML,140000,True,False
552,20,RM,50.0,6000.0,PAVE,NA,REG,LVL,ALLPUB,INSIDE,GTL,OLDTOWN,NORM,NORM,1FAM,1STORY,5,6,1957,1957,HIP,COMPSHG,BRKFACE,BRKFACE,None,0.0,TA,TA,CBLOCK,TA,TA,TA,REC,308.0,TA,0.0,620.0,928.0,GASA,GD,Y,FUSEA,928.0,0.0,0.0,928.0,0,0,1,0,3,1,TA,5,TYP,0,NA,ATTCHD,ATTCHD,1,288.0,ATTCHD,ATTCHD,Y,0.0,0.0,0.0,0.0,0.0,NA,NA,0,6,2008,WD,NORMAL,112500,True,False
553,20,RL,87.0,11146.0,PAVE,NA,IR1,LVL,ALLPUB,INSIDE,GTL,NRIDGHT,NORM,NORM,1FAM,1STORY,8,5,2006,2006,GABLE,COMPSHG,VINYLSD,VINYLSD,STONE,250.0,GD,TA,PCONC,EX,TA,EX,UNF,0.0,TA,0.0,1709.0,1709.0,GASA,EX,Y,SBRKR,1717.0,0.0,0.0,1717.0,0,0,2,0,3,1,GD,7,TYP,1,GD,ATTCHD,ATTCHD,3,908.0,ATTCHD,ATTCHD,Y,169.0,39.0,0.0,0.0,0.0,NA,NA,0,7,2009,WD,NORMAL,255500,True,False
554,20,RL,67.0,8777.0,PAVE,NA,REG,LVL,ALLPUB,INSIDE,GTL,EDWARDS,FEEDR,NORM,1FAM,1STORY,4,5,1949,2003,GABLE,COMPSHG,VINYLSD,VINYLSD,None,0.0,TA,TA,CBLOCK,NA,NA,NA,NA,0.0,NA,0.0,0.0,0.0,GASA,EX,Y,SBRKR,1126.0,0.0,0.0,1126.0,0,0,2,0,2,1,GD,5,TYP,0,NA,DETCHD,DETCHD,2,520.0,DETCHD,DETCHD,N,0.0,96.0,0.0,0.0,0.0,NA,NA,0,5,2009,WD,NORMAL,108000,True,False
555,60,RL,85.0,10625.0,PAVE,NA,REG,LVL,ALLPUB,INSIDE,GTL,NRIDGHT,NORM,NORM,1FAM,2STORY,7,5,2003,2004,GABLE,COMPSHG,VINYLSD,VINYLSD,BRKFACE,292.0,GD,TA,PCONC,GD,TA,GD,GLQ,866.0,TA,0.0,132.0,998.0,GASA,EX,Y,SBRKR,1006.0,1040.0,0.0,2046.0,1,0,2,1,3,1,GD,8,TYP,1,GD,BUILTIN,BUILTIN,3,871.0,BUILTIN,BUILTIN,Y,320.0,62.0,0.0,0.0,0.0,NA,NA,0,8,2008,WD,NORMAL,284000,True,False
556,45,RM,58.0,6380.0,PAVE,NA,REG,LVL,ALLPUB,INSIDE,GTL,BRKSIDE,NORM,NORM,1FAM,1.5UNF,5,6,1922,1950,GABLE,COMPSHG,METALSD,METALSD,None,0.0,TA,TA,BRKTIL,TA,FA,TA,UNF,0.0,FA,0.0,993.0,993.0,GASA,TA,Y,FUSEA,1048.0,0.0,0.0,1048.0,0,0,1,0,2,1,TA,5,TYP,1,GD,DETCHD,DETCHD,1,280.0,DETCHD,DETCHD,Y,0.0,0.0,116.0,0.0,0.0,NA,NA,0,8,2006,WD,NORMAL,113000,True,False
557,20,RL,69.0,14850.0,PAVE,NA,IR1,LVL,ALLPUB,INSIDE,GTL,NAMES,NORM,NORM,1FAM,1STORY,5,5,1957,1957,GABLE,COMPSHG,WD SDNG,WD SDNG,None,0.0,TA,TA,CBLOCK,TA,TA,TA,REC,895.0,TA,0.0,197.0,1092.0,GASA,TA,Y,FUSEA,1092.0,0.0,0.0,1092.0,1,0,1,0,2,1,TA,6,TYP,1,TA,ATTCHD,ATTCHD,1,299.0,ATTCHD,ATTCHD,Y,268.0,0.0,0.0,0.0,122.0,NA,NA,0,5,2006,WD,NORMAL,141000,True,False
558,50,C (ALL),60.0,11040.0,PAVE,NA,REG,LOW,ALLPUB,INSIDE,MOD,IDOTRR,NORM,NORM,1FAM,1.5FIN,4,6,1920,1950,GABLE,COMPSHG,METALSD,METALSD,None,0.0,TA,TA,CBLOCK,TA,TA,TA,REC,637.0,TA,0.0,0.0,637.0,GASA,GD,Y,SBRKR,897.0,439.0,0.0,1336.0,0,0,1,1,3,1,TA,7,TYP,0,NA,CARPORT,CARPORT,1,570.0,CARPORT,CARPORT,Y,0.0,47.0,120.0,0.0,0.0,NA,NA,0,9,2006,COD,NORMAL,108000,True,False
559,60,RL,57.0,21872.0,PAVE,NA,IR2,HLS,ALLPUB,FR2,GTL,GILBERT,NORM,NORM,1FAM,2STORY,7,5,1996,1997,GABLE,COMPSHG,HDBOARD,HDBOARD,None,0.0,TA,TA,PCONC,GD,TA,GD,GLQ,604.0,TA,0.0,125.0,729.0,GASA,EX,Y,SBRKR,729.0,717.0,0.0,1446.0,0,1,2,1,3,1,TA,6,TYP,1,TA,ATTCHD,ATTCHD,2,406.0,ATTCHD,ATTCHD,Y,264.0,22.0,0.0,0.0,0.0,NA,NA,0,8,2008,WD,NORMAL,175000,True,False
560,120,RL,0.0,3196.0,PAVE,NA,REG,LVL,ALLPUB,INSIDE,GTL,BLMNGTN,NORM,NORM,TWNHSE,1STORY,7,5,2003,2004,GABLE,COMPSHG,VINYLSD,VINYLSD,BRKFACE,18.0,GD,TA,PCONC,GD,TA,GD,UNF,0.0,TA,0.0,1374.0,1374.0,GASA,EX,Y,SBRKR,1557.0,0.0,0.0,1557.0,0,0,2,0,2,1,GD,7,TYP,1,TA,ATTCHD,ATTCHD,2,420.0,ATTCHD,ATTCHD,Y,143.0,20.0,0.0,0.0,0.0,NA,NA,0,10,2006,WD,NORMAL,234000,True,False
561,20,RL,0.0,11341.0,PAVE,NA,IR1,LVL,ALLPUB,INSIDE,GTL,SAWYER,NORM,NORM,1FAM,1STORY,5,6,1957,1996,HIP,COMPSHG,WD SDNG,WD SDNG,BRKFACE,180.0,TA,TA,CBLOCK,GD,TA,GD,ALQ,1302.0,TA,0.0,90.0,1392.0,GASA,TA,Y,SBRKR,1392.0,0.0,0.0,1392.0,1,0,1,1,3,1,TA,5,MOD,1,GD,DETCHD,DETCHD,2,528.0,DETCHD,DETCHD,Y,0.0,0.0,0.0,0.0,95.0,NA,NA,0,5,2010,WD,NORMAL,121500,True,False
562,20,RL,77.0,10010.0,PAVE,NA,REG,LVL,ALLPUB,INSIDE,MOD,MITCHEL,NORM,NORM,1FAM,1STORY,5,5,1974,1975,GABLE,COMPSHG,HDBOARD,HDBOARD,None,0.0,TA,TA,CBLOCK,GD,TA,GD,ALQ,1071.0,TA,123.0,195.0,1389.0,GASA,GD,Y,SBRKR,1389.0,0.0,0.0,1389.0,1,0,1,0,2,1,TA,6,TYP,1,TA,ATTCHD,ATTCHD,2,418.0,ATTCHD,ATTCHD,Y,240.0,38.0,0.0,0.0,0.0,NA,NA,0,4,2006,WD,NORMAL,170000,True,False
563,30,RL,63.0,13907.0,PAVE,NA,REG,LVL,ALLPUB,INSIDE,GTL,EDWARDS,NORM,NORM,1FAM,1STORY,5,6,1940,1969,GABLE,COMPSHG,WDSHING,WD SHNG,None,0.0,TA,TA,CBLOCK,TA,TA,TA,BLQ,290.0,TA,0.0,706.0,996.0,GASA,EX,Y,SBRKR,996.0,0.0,0.0,996.0,1,0,1,0,3,1,TA,6,TYP,1,GD,NA,NA,0,0.0,NA,NA,Y,144.0,0.0,0.0,0.0,0.0,NA,NA,0,7,2008,WD,NORMAL,108000,False,False
564,50,RL,66.0,21780.0,PAVE,NA,REG,LVL,ALLPUB,INSIDE,GTL,EDWARDS,NORM,NORM,1FAM,1.5FIN,6,7,1918,1950,GABLE,COMPSHG,WD SDNG,WD SDNG,None,0.0,TA,TA,BRKTIL,GD,TA,GD,UNF,0.0,TA,0.0,1163.0,1163.0,GASA,EX,Y,SBRKR,1163.0,511.0,0.0,1674.0,0,0,2,0,4,1,TA,8,TYP,1,GD,DETCHD,DETCHD,2,396.0,DETCHD,DETCHD,N,72.0,36.0,0.0,0.0,144.0,NA,NA,0,7,2008,WD,NORMAL,185000,True,False
565,60,RL,0.0,13346.0,PAVE,NA,IR1,LVL,ALLPUB,CULDSAC,GTL,NORIDGE,NORM,NORM,1FAM,2STORY,7,5,1992,2000,GABLE,COMPSHG,HDBOARD,HDBOARD,None,0.0,GD,TA,PCONC,GD,TA,GD,GLQ,728.0,TA,0.0,367.0,1095.0,GASA,EX,Y,SBRKR,1166.0,1129.0,0.0,2295.0,1,0,2,1,4,1,GD,9,TYP,1,TA,ATTCHD,ATTCHD,2,590.0,ATTCHD,ATTCHD,Y,0.0,40.0,0.0,0.0,0.0,NA,NA,0,7,2006,WD,NORMAL,268000,True,False
566,70,RL,66.0,6858.0,PAVE,NA,REG,BNK,ALLPUB,CORNER,GTL,SWISU,NORM,NORM,1FAM,2STORY,6,4,1915,1950,GABLE,COMPSHG,WD SDNG,WD SDNG,None,0.0,TA,TA,PCONC,GD,TA,GD,UNF,0.0,TA,0.0,806.0,806.0,GASA,TA,N,FUSEF,841.0,806.0,0.0,1647.0,1,0,1,1,4,1,FA,6,TYP,0,NA,DETCHD,DETCHD,1,216.0,DETCHD,DETCHD,Y,0.0,66.0,136.0,0.0,0.0,NA,NA,0,5,2010,WD,NORMAL,128000,True,False
567,60,RL,77.0,11198.0,PAVE,NA,IR1,LVL,ALLPUB,INSIDE,GTL,STONEBR,NORM,NORM,1FAM,2STORY,9,5,2005,2007,HIP,COMPSHG,VINYLSD,VINYLSD,BRKFACE,245.0,GD,TA,PCONC,GD,GD,GD,UNF,0.0,GD,0.0,1122.0,1122.0,GASA,EX,Y,SBRKR,1134.0,1370.0,0.0,2504.0,0,0,2,1,4,1,EX,11,TYP,1,GD,BUILTIN,BUILTIN,3,656.0,BUILTIN,BUILTIN,Y,144.0,39.0,0.0,0.0,0.0,NA,NA,0,6,2008,WD,NORMAL,325000,True,False
568,20,RL,70.0,10171.0,PAVE,NA,IR1,LVL,ALLPUB,INSIDE,GTL,NRIDGHT,NORM,NORM,1FAM,1STORY,7,5,2004,2004,GABLE,COMPSHG,VINYLSD,VINYLSD,BRKFACE,168.0,GD,TA,PCONC,GD,TA,GD,GLQ,2.0,TA,0.0,1515.0,1517.0,GASA,EX,Y,SBRKR,1535.0,0.0,0.0,1535.0,0,0,2,0,3,1,GD,7,TYP,0,NA,ATTCHD,ATTCHD,2,532.0,ATTCHD,ATTCHD,Y,0.0,0.0,0.0,0.0,0.0,NA,NA,0,3,2010,WD,NORMAL,214000,True,False
569,50,RL,79.0,12327.0,PAVE,NA,IR1,LOW,ALLPUB,INSIDE,MOD,SAWYERW,NORM,NORM,1FAM,1.5FIN,8,8,1983,2009,GABLE,COMPSHG,WD SDNG,WD SDNG,None,0.0,GD,TA,CBLOCK,GD,TA,GD,GLQ,1441.0,TA,0.0,55.0,1496.0,GASA,EX,Y,SBRKR,1496.0,636.0,0.0,2132.0,1,0,1,1,1,1,GD,5,MIN2,1,GD,BUILTIN,BUILTIN,2,612.0,BUILTIN,BUILTIN,Y,349.0,40.0,0.0,0.0,0.0,NA,NA,0,9,2009,WD,NORMAL,316600,True,False
570,90,RL,0.0,7032.0,PAVE,NA,IR1,LVL,ALLPUB,CORNER,GTL,NAMES,NORM,NORM,DUPLEX,SFOYER,5,5,1979,1979,GABLE,COMPSHG,METALSD,METALSD,None,0.0,TA,TA,CBLOCK,GD,TA,GD,GLQ,943.0,TA,0.0,0.0,943.0,GASA,TA,Y,SBRKR,943.0,0.0,0.0,943.0,1,0,1,0,2,1,TA,4,TYP,2,TA,DETCHD,DETCHD,2,600.0,DETCHD,DETCHD,Y,42.0,0.0,0.0,0.0,0.0,NA,NA,0,12,2006,WD,NORMAL,135960,True,False
571,90,RL,74.0,13101.0,PAVE,NA,IR1,LVL,ALLPUB,INSIDE,GTL,NAMES,NORM,NORM,DUPLEX,1STORY,5,5,1965,1965,GABLE,COMPSHG,HDBOARD,HDBOARD,BRKFACE,108.0,TA,TA,CBLOCK,TA,TA,TA,LWQ,231.0,TA,0.0,1497.0,1728.0,GASA,TA,Y,SBRKR,1728.0,0.0,0.0,1728.0,0,0,2,0,6,2,TA,10,TYP,0,NA,DETCHD,DETCHD,2,576.0,DETCHD,DETCHD,Y,0.0,0.0,0.0,0.0,0.0,NA,NA,0,11,2008,WD,NORMAL,142600,True,False
572,20,RL,60.0,7332.0,PAVE,NA,REG,LVL,ALLPUB,INSIDE,GTL,NAMES,NORM,NORM,1FAM,1STORY,6,6,1959,1959,GABLE,COMPSHG,WDSHING,WD SHNG,BRKFACE,207.0,TA,TA,CBLOCK,TA,TA,TA,BLQ,414.0,TA,0.0,450.0,864.0,GASA,EX,Y,SBRKR,864.0,0.0,0.0,864.0,1,0,1,0,2,1,GD,4,TYP,0,NA,ATTCHD,ATTCHD,1,288.0,ATTCHD,ATTCHD,Y,168.0,0.0,0.0,0.0,0.0,NA,NA,0,10,2006,WD,ABNORML,120000,True,False
573,60,RL,83.0,13159.0,PAVE,NA,IR1,HLS,ALLPUB,CORNER,GTL,TIMBER,NORM,NORM,1FAM,2STORY,7,5,2009,2009,GABLE,COMPSHG,VINYLSD,VINYLSD,None,0.0,TA,TA,PCONC,EX,TA,EX,UNF,0.0,TA,0.0,846.0,846.0,GASA,GD,Y,SBRKR,846.0,846.0,0.0,1692.0,0,0,2,1,3,1,GD,6,TYP,0,NA,ATTCHD,ATTCHD,2,650.0,ATTCHD,ATTCHD,Y,208.0,114.0,0.0,0.0,0.0,NA,NA,0,7,2009,NEW,PARTIAL,224500,True,False
574,80,RL,76.0,9967.0,PAVE,NA,IR1,LVL,ALLPUB,INSIDE,GTL,GILBERT,NORM,NORM,1FAM,SLVL,7,5,2000,2000,GABLE,COMPSHG,VINYLSD,VINYLSD,None,0.0,TA,TA,PCONC,GD,TA,GD,UNF,0.0,TA,0.0,384.0,384.0,GASA,EX,Y,SBRKR,774.0,656.0,0.0,1430.0,0,0,2,1,3,1,TA,8,TYP,1,TA,BUILTIN,BUILTIN,2,400.0,BUILTIN,BUILTIN,Y,100.0,0.0,0.0,0.0,0.0,NA,NA,0,12,2007,WD,NORMAL,170000,True,False
575,80,RL,70.0,10500.0,PAVE,NA,REG,LVL,ALLPUB,FR2,GTL,NAMES,NORM,NORM,1FAM,SLVL,5,7,1971,2005,GAMBREL,COMPSHG,METALSD,ASPHSHN,BRKFACE,82.0,TA,TA,CBLOCK,TA,TA,TA,ALQ,349.0,TA,0.0,23.0,372.0,GASA,TA,Y,SBRKR,576.0,533.0,0.0,1109.0,0,1,1,0,3,1,TA,5,TYP,0,NA,BUILTIN,BUILTIN,1,288.0,BUILTIN,BUILTIN,Y,35.0,0.0,0.0,0.0,0.0,NA,NA,0,12,2007,WD,NORMAL,139000,True,False
576,50,RL,80.0,8480.0,PAVE,NA,REG,LVL,ALLPUB,INSIDE,GTL,NAMES,NORM,NORM,1FAM,1.5FIN,5,5,1947,1950,GABLE,COMPSHG,METALSD,METALSD,None,0.0,TA,TA,CBLOCK,TA,TA,TA,REC,442.0,TA,0.0,390.0,832.0,GASA,TA,Y,SBRKR,832.0,384.0,0.0,1216.0,0,0,1,0,2,1,TA,6,TYP,0,NA,DETCHD,DETCHD,1,336.0,DETCHD,DETCHD,Y,158.0,0.0,102.0,0.0,0.0,NA,NA,0,10,2008,COD,ABNORML,118500,True,False
577,50,RL,52.0,6292.0,PAVE,NA,REG,LVL,ALLPUB,INSIDE,GTL,SWISU,NORM,NORM,1FAM,1.5FIN,7,7,1928,1950,GABLE,COMPSHG,WD SDNG,WD SDNG,None,0.0,TA,TA,BRKTIL,TA,TA,TA,UNF,0.0,TA,0.0,861.0,861.0,GASA,GD,Y,SBRKR,877.0,600.0,0.0,1477.0,0,1,2,0,3,1,TA,6,TYP,1,GD,DETCHD,DETCHD,1,216.0,DETCHD,DETCHD,Y,0.0,50.0,0.0,0.0,0.0,NA,NA,0,8,2009,WD,NORMAL,145000,True,False
578,80,RL,96.0,11777.0,PAVE,NA,IR1,LVL,ALLPUB,INSIDE,GTL,SAWYER,NORM,NORM,1FAM,SLVL,5,6,1966,1966,GABLE,COMPSHG,VINYLSD,VINYLSD,BRKFACE,97.0,TA,TA,CBLOCK,TA,TA,TA,LWQ,328.0,TA,551.0,285.0,1164.0,GASA,EX,Y,SBRKR,1320.0,0.0,0.0,1320.0,1,0,1,0,3,1,TA,6,TYP,2,FA,ATTCHD,ATTCHD,2,564.0,ATTCHD,ATTCHD,Y,160.0,68.0,240.0,0.0,0.0,NA,NA,0,5,2006,WD,ABNORML,164500,True,False
579,160,FV,34.0,3604.0,PAVE,NA,REG,LVL,ALLPUB,CORNER,GTL,SOMERST,NORM,NORM,TWNHSE,2STORY,7,5,2007,2007,GABLE,COMPSHG,VINYLSD,VINYLSD,None,0.0,GD,TA,PCONC,GD,TA,GD,UNF,0.0,TA,0.0,689.0,689.0,GASA,EX,Y,SBRKR,703.0,689.0,0.0,1392.0,0,0,2,0,2,1,GD,5,TYP,0,NA,DETCHD,DETCHD,2,540.0,DETCHD,DETCHD,Y,0.0,102.0,0.0,0.0,0.0,NA,NA,0,2,2008,WD,ABNORML,146000,True,False
580,50,RM,81.0,12150.0,PAVE,NA,REG,LVL,ALLPUB,INSIDE,GTL,OLDTOWN,NORM,NORM,1FAM,1.5FIN,5,5,1954,1954,GABLE,COMPSHG,METALSD,METALSD,BRKFACE,335.0,TA,TA,BRKTIL,TA,TA,TA,UNF,0.0,TA,0.0,1050.0,1050.0,GASA,EX,N,FUSEF,1050.0,745.0,0.0,1795.0,0,0,2,0,4,1,TA,7,TYP,0,NA,ATTCHD,ATTCHD,1,352.0,ATTCHD,ATTCHD,Y,0.0,0.0,0.0,0.0,0.0,NA,NA,0,11,2008,WD,NORMAL,131500,True,False
581,20,RL,0.0,14585.0,PAVE,NA,IR1,LVL,ALLPUB,CULDSAC,GTL,NAMES,NORM,NORM,1FAM,1STORY,6,6,1960,1987,GABLE,COMPSHG,WD SDNG,WD SDNG,BRKFACE,85.0,TA,TA,CBLOCK,TA,TA,TA,BLQ,594.0,TA,219.0,331.0,1144.0,GASA,EX,Y,SBRKR,1429.0,0.0,0.0,1429.0,0,1,1,0,3,1,GD,7,TYP,2,GD,ATTCHD,ATTCHD,2,572.0,ATTCHD,ATTCHD,Y,216.0,110.0,0.0,0.0,0.0,NA,NA,0,6,2007,WD,NORMAL,181900,True,False
582,20,RL,98.0,12704.0,PAVE,NA,REG,LVL,ALLPUB,INSIDE,GTL,NRIDGHT,NORM,NORM,1FAM,1STORY,8,5,2008,2009,HIP,COMPSHG,VINYLSD,VINYLSD,BRKFACE,306.0,EX,TA,PCONC,EX,TA,EX,UNF,0.0,TA,0.0,2042.0,2042.0,GASA,EX,Y,SBRKR,2042.0,0.0,0.0,2042.0,0,0,2,1,3,1,EX,8,TYP,1,GD,ATTCHD,ATTCHD,3,1390.0,ATTCHD,ATTCHD,Y,0.0,90.0,0.0,0.0,0.0,NA,NA,0,8,2009,NEW,PARTIAL,253293,True,False
583,90,RL,81.0,11841.0,GRVL,NA,REG,LVL,ALLPUB,INSIDE,GTL,EDWARDS,NORM,NORM,DUPLEX,SFOYER,6,5,1990,1990,GABLE,COMPSHG,HDBOARD,HDBOARD,BRKFACE,104.0,TA,GD,CBLOCK,GD,TA,GD,GLQ,816.0,TA,0.0,0.0,816.0,GASA,TA,Y,SBRKR,816.0,0.0,0.0,816.0,1,0,1,0,3,1,TA,5,TYP,0,NA,NA,NA,0,0.0,NA,NA,Y,0.0,32.0,0.0,0.0,0.0,NA,NA,0,5,2007,WD,NORMAL,118500,False,False
584,75,RM,75.0,13500.0,PAVE,NA,REG,LVL,ALLPUB,INSIDE,GTL,OLDTOWN,ARTERY,POSA,1FAM,2.5UNF,10,9,1893,2000,GABLE,COMPSHG,WD SDNG,WD SDNG,None,0.0,EX,EX,BRKTIL,TA,TA,TA,UNF,0.0,TA,0.0,1237.0,1237.0,GASA,GD,Y,SBRKR,1521.0,1254.0,0.0,2775.0,0,0,3,1,3,1,GD,9,TYP,1,GD,DETCHD,DETCHD,2,880.0,DETCHD,DETCHD,Y,105.0,502.0,0.0,0.0,0.0,NA,NA,0,7,2008,WD,NORMAL,325000,True,False
585,50,RM,51.0,6120.0,PAVE,NA,REG,LVL,ALLPUB,INSIDE,GTL,BRKSIDE,NORM,NORM,1FAM,1.5FIN,4,7,1935,1995,GABLE,COMPSHG,ASBSHNG,ASBSHNG,None,0.0,TA,TA,BRKTIL,TA,TA,TA,UNF,0.0,TA,0.0,884.0,884.0,GASA,EX,Y,SBRKR,989.0,584.0,0.0,1573.0,0,0,1,0,3,1,GD,6,TYP,0,NA,DETCHD,DETCHD,1,240.0,DETCHD,DETCHD,Y,0.0,0.0,54.0,0.0,120.0,NA,NA,0,7,2009,WD,NORMAL,133000,True,False
586,20,RL,88.0,11443.0,PAVE,NA,REG,LVL,ALLPUB,INSIDE,GTL,TIMBER,NORM,NORM,1FAM,1STORY,8,5,2005,2006,HIP,COMPSHG,VINYLSD,VINYLSD,BRKFACE,208.0,GD,TA,PCONC,EX,TA,EX,GLQ,1460.0,TA,0.0,408.0,1868.0,GASA,EX,Y,SBRKR,2028.0,0.0,0.0,2028.0,1,0,2,0,2,1,GD,7,TYP,2,GD,ATTCHD,ATTCHD,3,880.0,ATTCHD,ATTCHD,Y,326.0,66.0,0.0,0.0,0.0,NA,NA,0,3,2006,NEW,PARTIAL,369900,True,False
587,30,RL,55.0,10267.0,PAVE,NA,REG,LVL,ALLPUB,INSIDE,GTL,BRKSIDE,RRAN,NORM,1FAM,1STORY,6,7,1918,2000,GABLE,COMPSHG,STUCCO,WD SHNG,None,0.0,TA,GD,BRKTIL,TA,GD,TA,REC,210.0,GD,606.0,0.0,816.0,GASA,EX,Y,SBRKR,838.0,0.0,0.0,838.0,1,0,1,0,2,1,FA,5,TYP,0,NA,DETCHD,DETCHD,1,275.0,DETCHD,DETCHD,N,0.0,0.0,112.0,0.0,0.0,NA,NA,0,5,2008,WD,NORMAL,130000,True,False
588,85,RL,74.0,8740.0,PAVE,NA,IR1,LVL,ALLPUB,INSIDE,GTL,SAWYER,NORM,NORM,1FAM,SFOYER,5,6,1982,1982,HIP,COMPSHG,HDBOARD,HDBOARD,None,0.0,TA,TA,CBLOCK,TA,TA,TA,ALQ,672.0,TA,0.0,168.0,840.0,GASA,TA,Y,SBRKR,860.0,0.0,0.0,860.0,1,0,1,0,2,1,TA,4,TYP,0,NA,DETCHD,DETCHD,2,528.0,DETCHD,DETCHD,Y,0.0,0.0,0.0,0.0,0.0,NA,NA,0,7,2009,WD,NORMAL,137000,True,False
589,20,RL,65.0,25095.0,PAVE,NA,IR1,LOW,ALLPUB,INSIDE,SEV,CLEARCR,NORM,NORM,1FAM,1STORY,5,8,1968,2003,FLAT,TAR&GRV,WD SDNG,WD SDNG,None,0.0,TA,TA,CBLOCK,TA,TA,TA,GLQ,1324.0,TA,0.0,113.0,1437.0,GASA,EX,Y,SBRKR,1473.0,0.0,0.0,1473.0,2,0,1,0,1,1,EX,5,TYP,2,GD,ATTCHD,ATTCHD,1,452.0,ATTCHD,ATTCHD,Y,0.0,48.0,0.0,0.0,60.0,NA,NA,0,6,2009,WD,PARTIAL,143000,True,False
590,40,RM,50.0,9100.0,PAVE,SHED,REG,LVL,ALLPUB,INSIDE,GTL,BRKSIDE,RRAN,FEEDR,1FAM,1STORY,5,6,1930,1960,GABLE,COMPSHG,VINYLSD,VINYLSD,None,0.0,TA,TA,BRKTIL,TA,TA,TA,UNF,0.0,TA,0.0,742.0,742.0,GASA,TA,Y,FUSEA,779.0,0.0,156.0,935.0,0,0,1,0,2,1,TA,4,TYP,0,NA,DETCHD,DETCHD,1,308.0,DETCHD,DETCHD,P,0.0,0.0,0.0,0.0,0.0,SHED,SHED,600,8,2008,WD,NORMAL,79500,True,False
591,60,RL,64.0,8320.0,PAVE,NA,REG,LVL,ALLPUB,INSIDE,GTL,COLLGCR,NORM,NORM,1FAM,2STORY,7,5,2004,2004,GABLE,COMPSHG,VINYLSD,VINYLSD,None,0.0,GD,TA,PCONC,GD,TA,GD,GLQ,490.0,TA,0.0,280.0,770.0,GASA,EX,Y,SBRKR,770.0,812.0,0.0,1582.0,0,0,2,1,3,1,GD,6,TYP,0,NA,ATTCHD,ATTCHD,2,520.0,ATTCHD,ATTCHD,Y,0.0,45.0,0.0,0.0,0.0,NA,NA,0,9,2008,WD,NORMAL,185900,True,False
592,60,RL,97.0,13478.0,PAVE,NA,IR1,LVL,ALLPUB,CORNER,GTL,NRIDGHT,NORM,NORM,1FAM,2STORY,10,5,2008,2008,GABLE,COMPSHG,CEMNTBD,CMENTBD,STONE,420.0,EX,TA,PCONC,EX,TA,EX,GLQ,1338.0,TA,0.0,384.0,1722.0,GASA,EX,Y,SBRKR,1728.0,568.0,0.0,2296.0,1,0,2,1,3,1,EX,10,TYP,1,GD,BUILTIN,BUILTIN,3,842.0,BUILTIN,BUILTIN,Y,382.0,274.0,0.0,0.0,0.0,NA,NA,0,6,2009,CONLI,NORMAL,451950,True,False
593,20,RL,60.0,6600.0,PAVE,NA,REG,LVL,ALLPUB,INSIDE,GTL,MITCHEL,NORM,NORM,1FAM,1STORY,5,8,1982,2003,GABLE,COMPSHG,HDBOARD,HDBOARD,None,0.0,TA,GD,PCONC,TA,GD,TA,GLQ,816.0,GD,0.0,0.0,816.0,GASA,EX,Y,SBRKR,816.0,0.0,0.0,816.0,1,0,1,0,2,1,TA,4,TYP,0,NA,DETCHD,DETCHD,2,816.0,DETCHD,DETCHD,Y,0.0,0.0,0.0,0.0,0.0,NA,NA,0,6,2008,WD,NORMAL,138000,True,False
594,120,RM,0.0,4435.0,PAVE,NA,REG,LVL,ALLPUB,INSIDE,GTL,COLLGCR,NORM,NORM,TWNHSE,1STORY,6,5,2003,2003,GABLE,COMPSHG,VINYLSD,VINYLSD,BRKFACE,170.0,GD,TA,PCONC,GD,TA,GD,GLQ,685.0,TA,0.0,163.0,848.0,GASA,EX,Y,SBRKR,848.0,0.0,0.0,848.0,1,0,1,0,1,1,GD,4,TYP,0,NA,ATTCHD,ATTCHD,2,420.0,ATTCHD,ATTCHD,Y,140.0,0.0,0.0,0.0,0.0,NA,NA,0,5,2009,WD,NORMAL,140000,True,False
595,20,RL,88.0,7990.0,PAVE,NA,IR1,LVL,ALLPUB,INSIDE,GTL,COLLGCR,NORM,NORM,1FAM,1STORY,5,6,1975,1975,HIP,COMPSHG,HDBOARD,HDBOARD,None,0.0,TA,TA,CBLOCK,GD,TA,GD,UNF,0.0,TA,0.0,924.0,924.0,GASA,TA,Y,SBRKR,924.0,0.0,0.0,924.0,0,0,1,0,3,1,TA,5,TYP,0,NA,DETCHD,DETCHD,1,280.0,DETCHD,DETCHD,Y,0.0,0.0,0.0,0.0,0.0,NA,NA,0,4,2008,WD,NORMAL,110000,True,False
596,20,RL,69.0,11302.0,PAVE,NA,IR1,LVL,ALLPUB,INSIDE,GTL,STONEBR,NORM,NORM,1FAM,1STORY,8,5,2005,2006,GABLE,COMPSHG,VINYLSD,OTHER,BRKFACE,238.0,GD,TA,PCONC,GD,TA,GD,GLQ,1422.0,TA,0.0,392.0,1814.0,GASA,EX,Y,SBRKR,1826.0,0.0,0.0,1826.0,1,0,2,0,3,1,GD,7,TYP,1,TA,ATTCHD,ATTCHD,3,758.0,ATTCHD,ATTCHD,Y,180.0,75.0,0.0,0.0,120.0,NA,NA,0,8,2006,NEW,PARTIAL,319000,True,False
597,70,RM,60.0,3600.0,PAVE,NA,REG,LVL,ALLPUB,INSIDE,GTL,OLDTOWN,NORM,NORM,1FAM,2STORY,6,7,1910,1993,GABLE,COMPSHG,VINYLSD,VINYLSD,None,0.0,TA,TA,CBLOCK,TA,TA,TA,UNF,0.0,TA,0.0,684.0,684.0,GASA,EX,N,FUSEA,684.0,684.0,0.0,1368.0,0,0,1,0,3,1,TA,7,TYP,0,NA,DETCHD,DETCHD,1,216.0,DETCHD,DETCHD,N,0.0,158.0,0.0,0.0,0.0,NA,NA,0,10,2006,WD,NORMAL,114504,True,False
598,120,RL,53.0,3922.0,PAVE,NA,REG,LVL,ALLPUB,INSIDE,GTL,BLMNGTN,NORM,NORM,TWNHSE,1STORY,7,5,2006,2007,GABLE,COMPSHG,VINYLSD,VINYLSD,BRKFACE,72.0,GD,TA,PCONC,EX,TA,EX,UNF,0.0,TA,0.0,1258.0,1258.0,GASA,EX,Y,SBRKR,1402.0,0.0,0.0,1402.0,0,2,0,2,2,1,GD,7,TYP,1,GD,ATTCHD,ATTCHD,3,648.0,ATTCHD,ATTCHD,Y,120.0,16.0,0.0,0.0,0.0,NA,NA,0,2,2007,NEW,PARTIAL,194201,True,False
599,20,RL,80.0,12984.0,PAVE,NA,REG,BNK,ALLPUB,INSIDE,GTL,CRAWFOR,NORM,NORM,1FAM,1STORY,5,6,1977,1977,GABLE,COMPSHG,PLYWOOD,PLYWOOD,BRKFACE,459.0,TA,TA,CBLOCK,GD,TA,GD,ALQ,1283.0,TA,147.0,0.0,1430.0,GASA,EX,Y,SBRKR,1647.0,0.0,0.0,1647.0,1,0,2,0,3,1,GD,7,TYP,1,TA,ATTCHD,ATTCHD,2,621.0,ATTCHD,ATTCHD,Y,0.0,0.0,0.0,0.0,0.0,NA,NA,0,3,2006,WD,NORMAL,217500,True,False
600,160,RM,24.0,1950.0,PAVE,NA,REG,LVL,ALLPUB,INSIDE,GTL,BLUESTE,NORM,NORM,TWNHS,2STORY,6,6,1980,1980,GABLE,COMPSHG,METALSD,METALSD,None,0.0,TA,GD,CBLOCK,GD,TA,GD,LWQ,81.0,TA,612.0,23.0,716.0,GASA,TA,Y,SBRKR,716.0,840.0,0.0,1556.0,1,0,2,1,3,1,TA,6,TYP,1,TA,ATTCHD,ATTCHD,2,452.0,ATTCHD,ATTCHD,Y,161.0,0.0,0.0,0.0,0.0,NA,NA,0,7,2008,COD,NORMAL,151000,True,False
601,60,RL,74.0,10927.0,PAVE,NA,REG,LVL,ALLPUB,INSIDE,GTL,NRIDGHT,NORM,NORM,1FAM,2STORY,8,5,2005,2005,GABLE,COMPSHG,VINYLSD,VINYLSD,BRKFACE,280.0,GD,TA,PCONC,GD,TA,GD,GLQ,546.0,TA,0.0,512.0,1058.0,GASA,EX,Y,SBRKR,1058.0,846.0,0.0,1904.0,1,0,2,1,3,1,EX,8,TYP,1,GD,BUILTIN,BUILTIN,2,736.0,BUILTIN,BUILTIN,Y,179.0,60.0,0.0,0.0,0.0,NA,NA,0,6,2006,WD,NORMAL,275000,True,False
602,50,RM,50.0,9000.0,PAVE,NA,REG,BNK,ALLPUB,INSIDE,GTL,IDOTRR,NORM,NORM,1FAM,1.5FIN,6,6,1937,1950,GABLE,COMPSHG,WD SDNG,WD SDNG,None,0.0,TA,GD,PCONC,TA,TA,TA,UNF,0.0,TA,0.0,780.0,780.0,GASA,TA,Y,SBRKR,780.0,595.0,0.0,1375.0,0,0,1,1,3,1,GD,6,TYP,1,GD,DETCHD,DETCHD,1,544.0,DETCHD,DETCHD,P,0.0,162.0,0.0,0.0,126.0,NA,NA,0,12,2007,WD,NORMAL,141000,True,False
603,60,RL,80.0,10041.0,PAVE,NA,IR1,LVL,ALLPUB,INSIDE,GTL,SAWYERW,NORM,NORM,1FAM,2STORY,8,5,1992,1992,GABLE,COMPSHG,HDBOARD,HDBOARD,None,0.0,GD,TA,PCONC,GD,TA,GD,GLQ,789.0,TA,0.0,119.0,908.0,GASA,EX,Y,SBRKR,927.0,988.0,0.0,1915.0,1,0,2,1,3,1,GD,8,TYP,1,TA,ATTCHD,ATTCHD,2,506.0,ATTCHD,ATTCHD,Y,120.0,150.0,0.0,0.0,0.0,NA,NA,0,2,2006,WD,ABNORML,220000,True,False
604,160,FV,30.0,3182.0,PAVE,NA,REG,LVL,ALLPUB,INSIDE,GTL,SOMERST,NORM,NORM,TWNHSE,2STORY,7,5,2004,2005,GABLE,COMPSHG,METALSD,METALSD,None,0.0,GD,TA,PCONC,GD,TA,GD,UNF,0.0,TA,0.0,600.0,600.0,GASA,EX,Y,SBRKR,600.0,600.0,0.0,1200.0,0,0,2,1,2,1,GD,4,TYP,0,NA,DETCHD,DETCHD,2,480.0,DETCHD,DETCHD,Y,0.0,172.0,0.0,0.0,0.0,NA,NA,0,6,2010,WD,NORMAL,151000,True,False
605,20,RL,88.0,12803.0,PAVE,NA,IR1,LVL,ALLPUB,INSIDE,GTL,COLLGCR,NORM,NORM,1FAM,1STORY,7,5,2002,2002,GABLE,COMPSHG,VINYLSD,VINYLSD,BRKFACE,99.0,GD,TA,PCONC,GD,TA,GD,GLQ,922.0,TA,0.0,572.0,1494.0,GASA,EX,Y,SBRKR,1494.0,0.0,0.0,1494.0,1,0,2,0,3,1,GD,6,TYP,1,TA,ATTCHD,ATTCHD,2,530.0,ATTCHD,ATTCHD,Y,192.0,36.0,0.0,0.0,0.0,NA,NA,0,9,2008,WD,NORMAL,221000,True,False
606,60,RL,85.0,13600.0,PAVE,NA,REG,LVL,ALLPUB,INSIDE,GTL,NAMES,NORM,NORM,1FAM,2STORY,7,6,1965,1990,GABLE,COMPSHG,HDBOARD,HDBOARD,BRKFACE,176.0,TA,TA,CBLOCK,TA,TA,TA,BLQ,454.0,TA,0.0,314.0,768.0,GASA,TA,Y,SBRKR,1186.0,800.0,0.0,1986.0,0,0,2,1,3,1,TA,7,TYP,3,FA,ATTCHD,ATTCHD,2,486.0,ATTCHD,ATTCHD,Y,0.0,42.0,0.0,0.0,189.0,NA,NA,0,10,2009,WD,NORMAL,205000,True,False
607,20,RL,82.0,12464.0,PAVE,NA,IR2,LOW,ALLPUB,CORNER,MOD,COLLGCR,NORM,NORM,1FAM,1STORY,5,5,1996,1996,GABLE,COMPSHG,VINYLSD,VINYLSD,None,0.0,TA,GD,PCONC,GD,TA,GD,GLQ,732.0,TA,0.0,308.0,1040.0,GASA,GD,Y,SBRKR,1040.0,0.0,0.0,1040.0,1,0,1,0,3,1,GD,6,TYP,0,NA,DETCHD,DETCHD,2,576.0,DETCHD,DETCHD,Y,168.0,0.0,0.0,0.0,0.0,NA,NA,0,11,2009,WD,NORMAL,152000,True,False
608,20,RL,78.0,7800.0,PAVE,NA,REG,BNK,ALLPUB,INSIDE,MOD,EDWARDS,NORM,NORM,1FAM,2STORY,5,8,1948,2002,GABLE,COMPSHG,METALSD,METALSD,None,0.0,TA,GD,CBLOCK,TA,GD,TA,GLQ,603.0,GD,0.0,293.0,896.0,GASA,EX,Y,SBRKR,1112.0,896.0,0.0,2008.0,1,0,3,0,3,1,EX,8,TYP,0,NA,ATTCHD,ATTCHD,1,230.0,ATTCHD,ATTCHD,Y,103.0,0.0,0.0,0.0,0.0,NA,NA,0,8,2006,WD,NORMAL,225000,True,False
609,70,RL,78.0,12168.0,PAVE,NA,REG,HLS,ALLPUB,INSIDE,MOD,CRAWFOR,NORM,NORM,1FAM,2STORY,8,6,1934,1998,GABLE,COMPSHG,BRKFACE,WD SDNG,None,0.0,TA,TA,PCONC,GD,TA,GD,BLQ,428.0,TA,0.0,537.0,965.0,GASA,TA,Y,SBRKR,1940.0,1254.0,0.0,3194.0,0,0,2,1,4,1,TA,10,TYP,2,GD,BASMENT,BASMENT,2,380.0,BASMENT,BASMENT,Y,0.0,0.0,0.0,0.0,0.0,NA,NA,0,9,2007,WD,ALLOCA,359100,True,False
610,20,RL,61.0,7943.0,PAVE,NA,REG,LVL,ALLPUB,INSIDE,GTL,SAWYER,FEEDR,NORM,1FAM,1STORY,4,5,1961,1961,GABLE,COMPSHG,VINYLSD,VINYLSD,BRKCMN,192.0,TA,FA,CBLOCK,TA,TA,TA,REC,903.0,TA,0.0,126.0,1029.0,GASA,GD,Y,SBRKR,1029.0,0.0,0.0,1029.0,1,0,1,0,3,1,TA,5,TYP,0,NA,ATTCHD,ATTCHD,1,261.0,ATTCHD,ATTCHD,Y,64.0,0.0,39.0,0.0,0.0,NA,NA,0,4,2007,WD,NORMAL,118500,True,False
611,60,RL,0.0,11050.0,PAVE,NA,REG,LVL,ALLPUB,INSIDE,GTL,COLLGCR,POSN,NORM,1FAM,2STORY,9,5,2000,2000,HIP,COMPSHG,VINYLSD,VINYLSD,BRKFACE,204.0,GD,TA,PCONC,EX,TA,EX,GLQ,904.0,TA,0.0,536.0,1440.0,GASA,EX,Y,SBRKR,1476.0,677.0,0.0,2153.0,1,0,2,1,3,1,EX,8,TYP,2,EX,ATTCHD,ATTCHD,3,736.0,ATTCHD,ATTCHD,Y,253.0,142.0,0.0,0.0,0.0,NA,NA,0,5,2009,WD,NORMAL,313000,True,False
612,80,RL,0.0,10395.0,PAVE,SHED,IR1,LVL,ALLPUB,FR2,GTL,NWAMES,NORM,NORM,1FAM,SLVL,6,6,1978,1978,GABLE,COMPSHG,HDBOARD,HDBOARD,BRKFACE,233.0,TA,TA,CBLOCK,GD,TA,GD,ALQ,605.0,TA,0.0,427.0,1032.0,GASA,TA,Y,SBRKR,1032.0,0.0,0.0,1032.0,0,1,2,0,3,1,TA,6,TYP,1,TA,ATTCHD,ATTCHD,2,564.0,ATTCHD,ATTCHD,Y,0.0,0.0,0.0,0.0,0.0,SHED,SHED,500,7,2007,WD,NORMAL,148000,True,False
613,60,RL,0.0,11885.0,PAVE,NA,REG,LVL,ALLPUB,INSIDE,GTL,COLLGCR,NORM,NORM,1FAM,2STORY,8,5,2001,2001,GABLE,COMPSHG,VINYLSD,VINYLSD,BRKFACE,108.0,GD,TA,PCONC,GD,TA,GD,GLQ,990.0,TA,0.0,309.0,1299.0,GASA,EX,Y,SBRKR,1299.0,573.0,0.0,1872.0,1,0,2,1,3,1,EX,7,TYP,1,TA,BUILTIN,BUILTIN,2,531.0,BUILTIN,BUILTIN,Y,160.0,122.0,0.0,0.0,0.0,NA,NA,0,11,2009,WD,NORMAL,261500,True,False
614,20,RL,70.0,8402.0,PAVE,NA,REG,LVL,ALLPUB,INSIDE,GTL,MITCHEL,FEEDR,NORM,1FAM,1STORY,5,5,2007,2007,GABLE,COMPSHG,VINYLSD,VINYLSD,None,0.0,TA,TA,PCONC,GD,TA,GD,ALQ,206.0,TA,0.0,914.0,1120.0,GASA,EX,Y,SBRKR,1120.0,0.0,0.0,1120.0,0,0,1,0,3,1,TA,6,TYP,0,NA,NA,NA,0,0.0,NA,NA,Y,0.0,30.0,0.0,0.0,0.0,NA,NA,0,12,2007,NEW,PARTIAL,147000,False,False
615,180,RM,21.0,1491.0,PAVE,NA,REG,LVL,ALLPUB,INSIDE,GTL,MEADOWV,NORM,NORM,TWNHSE,SFOYER,4,6,1972,1972,GABLE,COMPSHG,CEMNTBD,CMENTBD,None,0.0,TA,TA,CBLOCK,GD,TA,GD,LWQ,150.0,TA,480.0,0.0,630.0,GASA,EX,Y,SBRKR,630.0,0.0,0.0,630.0,1,0,1,0,1,1,TA,3,TYP,0,NA,NA,NA,0,0.0,NA,NA,Y,96.0,24.0,0.0,0.0,0.0,NA,NA,0,5,2010,WD,NORMAL,75500,False,False
616,85,RL,80.0,8800.0,PAVE,NA,REG,LVL,ALLPUB,INSIDE,GTL,NAMES,FEEDR,NORM,1FAM,SFOYER,6,7,1963,1963,GABLE,COMPSHG,METALSD,METALSD,BRKFACE,156.0,TA,GD,PCONC,TA,TA,TA,GLQ,763.0,TA,0.0,173.0,936.0,GASA,EX,Y,SBRKR,1054.0,0.0,0.0,1054.0,1,0,1,0,3,1,GD,6,TYP,0,NA,ATTCHD,ATTCHD,2,480.0,ATTCHD,ATTCHD,Y,120.0,0.0,0.0,0.0,0.0,NA,NA,0,5,2010,WD,ABNORML,137500,True,False
617,60,RL,0.0,7861.0,PAVE,NA,IR1,LVL,ALLPUB,INSIDE,GTL,GILBERT,NORM,NORM,1FAM,2STORY,6,5,2002,2003,GABLE,COMPSHG,VINYLSD,VINYLSD,None,0.0,GD,TA,PCONC,GD,TA,GD,GLQ,457.0,TA,0.0,326.0,783.0,GASA,EX,Y,SBRKR,807.0,702.0,0.0,1509.0,1,0,2,1,3,1,GD,7,TYP,1,GD,ATTCHD,ATTCHD,2,393.0,ATTCHD,ATTCHD,Y,100.0,75.0,0.0,0.0,0.0,NA,NA,0,6,2006,WD,NORMAL,183200,True,False
618,45,RL,59.0,7227.0,PAVE,NA,REG,HLS,ALLPUB,CORNER,MOD,NAMES,ARTERY,NORM,1FAM,1.5UNF,6,6,1954,1954,GABLE,COMPSHG,METALSD,METALSD,None,0.0,TA,TA,CBLOCK,TA,TA,TA,UNF,0.0,TA,0.0,832.0,832.0,GASA,GD,Y,SBRKR,832.0,0.0,0.0,832.0,0,0,1,0,2,1,GD,4,TYP,0,NA,DETCHD,DETCHD,2,528.0,DETCHD,DETCHD,Y,0.0,0.0,0.0,0.0,0.0,NA,NA,0,6,2008,WD,NORMAL,105500,True,False
619,20,RL,90.0,11694.0,PAVE,NA,REG,LVL,ALLPUB,INSIDE,GTL,NRIDGHT,NORM,NORM,1FAM,1STORY,9,5,2007,2007,HIP,COMPSHG,CEMNTBD,CMENTBD,BRKFACE,452.0,EX,TA,PCONC,EX,TA,EX,GLQ,48.0,TA,0.0,1774.0,1822.0,GASA,EX,Y,SBRKR,1828.0,0.0,0.0,1828.0,0,0,2,0,3,1,GD,9,TYP,1,GD,ATTCHD,ATTCHD,3,774.0,ATTCHD,ATTCHD,Y,0.0,108.0,0.0,0.0,260.0,NA,NA,0,7,2007,NEW,PARTIAL,314813,True,False
620,60,RL,85.0,12244.0,PAVE,NA,REG,LVL,ALLPUB,INSIDE,GTL,TIMBER,NORM,NORM,1FAM,2STORY,8,5,2003,2003,HIP,COMPSHG,VINYLSD,VINYLSD,STONE,226.0,GD,TA,PCONC,GD,TA,GD,GLQ,871.0,TA,0.0,611.0,1482.0,GASA,EX,Y,SBRKR,1482.0,780.0,0.0,2262.0,1,0,2,1,4,1,GD,10,TYP,2,GD,ATTCHD,ATTCHD,3,749.0,ATTCHD,ATTCHD,Y,168.0,0.0,0.0,0.0,0.0,NA,NA,0,8,2008,WD,NORMAL,305000,True,False
621,30,RL,45.0,8248.0,PAVE,NA,REG,LVL,ALLPUB,INSIDE,GTL,EDWARDS,NORM,NORM,1FAM,1STORY,3,3,1914,1950,GABLE,COMPSHG,STUCCO,STUCCO,None,0.0,TA,TA,BRKTIL,TA,TA,TA,BLQ,41.0,TA,0.0,823.0,864.0,GASA,TA,N,FUSEF,864.0,0.0,0.0,864.0,1,0,1,0,2,1,TA,5,TYP,0,NA,NA,NA,0,0.0,NA,NA,N,0.0,0.0,100.0,0.0,0.0,NA,NA,0,9,2008,WD,NORMAL,67000,False,False
622,60,RL,90.0,10800.0,PAVE,NA,REG,LVL,ALLPUB,INSIDE,GTL,NWAMES,NORM,NORM,1FAM,2STORY,6,7,1974,1997,GABLE,COMPSHG,HDBOARD,HDBOARD,None,0.0,TA,TA,CBLOCK,TA,TA,TA,ALQ,956.0,TA,182.0,384.0,1522.0,GASA,TA,Y,SBRKR,1548.0,1066.0,0.0,2614.0,0,0,2,1,4,1,TA,9,TYP,1,TA,ATTCHD,ATTCHD,2,624.0,ATTCHD,ATTCHD,Y,38.0,243.0,0.0,0.0,0.0,NA,NA,0,6,2008,WD,NORMAL,240000,True,False
623,20,RL,71.0,7064.0,PAVE,NA,REG,LVL,ALLPUB,INSIDE,GTL,SAWYER,NORM,NORM,1FAM,1STORY,5,6,1977,1977,GABLE,COMPSHG,PLYWOOD,PLYWOOD,BRKFACE,153.0,TA,TA,CBLOCK,TA,TA,TA,BLQ,560.0,TA,0.0,420.0,980.0,GASA,TA,Y,SBRKR,980.0,0.0,0.0,980.0,0,0,1,0,3,1,TA,6,TYP,0,NA,DETCHD,DETCHD,2,484.0,DETCHD,DETCHD,Y,192.0,0.0,0.0,0.0,0.0,NA,NA,0,7,2009,WD,NORMAL,135000,True,False
624,160,FV,0.0,2117.0,PAVE,NA,REG,LVL,ALLPUB,INSIDE,GTL,SOMERST,NORM,NORM,TWNHSE,2STORY,6,5,2000,2000,GABLE,COMPSHG,METALSD,METALSD,BRKFACE,513.0,GD,TA,PCONC,GD,TA,GD,GLQ,420.0,TA,0.0,336.0,756.0,GASA,EX,Y,SBRKR,756.0,756.0,0.0,1512.0,0,0,2,1,2,1,GD,4,TYP,1,TA,DETCHD,DETCHD,2,440.0,DETCHD,DETCHD,Y,0.0,32.0,0.0,0.0,0.0,NA,NA,0,6,2007,WD,NORMAL,168500,True,False
625,60,RL,80.0,10400.0,PAVE,NA,REG,LVL,ALLPUB,INSIDE,GTL,NWAMES,NORM,NORM,1FAM,2STORY,6,5,1972,1972,GABLE,COMPSHG,VINYLSD,VINYLSD,None,288.0,TA,TA,CBLOCK,TA,TA,TA,REC,247.0,TA,0.0,485.0,732.0,GASA,GD,Y,SBRKR,1012.0,778.0,0.0,1790.0,1,0,1,2,4,1,TA,8,MIN2,1,TA,ATTCHD,ATTCHD,2,484.0,ATTCHD,ATTCHD,Y,148.0,0.0,0.0,0.0,147.0,NA,NA,0,11,2006,WD,NORMAL,165150,True,False
626,20,RL,87.0,10000.0,PAVE,NA,IR1,LVL,ALLPUB,CORNER,GTL,NAMES,NORM,NORM,1FAM,1STORY,6,6,1962,1962,HIP,COMPSHG,WD SDNG,WD SDNG,BRKFACE,261.0,TA,TA,CBLOCK,TA,TA,TA,UNF,0.0,TA,0.0,1116.0,1116.0,GASA,TA,Y,SBRKR,1116.0,0.0,0.0,1116.0,0,0,1,1,3,1,TA,5,TYP,0,NA,ATTCHD,ATTCHD,2,440.0,ATTCHD,ATTCHD,Y,0.0,0.0,0.0,0.0,385.0,NA,NA,0,2,2010,WD,NORMAL,160000,True,False
627,20,RL,0.0,12342.0,PAVE,SHED,IR1,LVL,ALLPUB,INSIDE,GTL,NAMES,NORM,NORM,1FAM,1STORY,5,5,1960,1978,HIP,COMPSHG,WD SDNG,WD SDNG,None,0.0,TA,TA,CBLOCK,TA,TA,TA,UNF,0.0,TA,0.0,978.0,978.0,GASA,TA,Y,SBRKR,1422.0,0.0,0.0,1422.0,0,0,1,0,3,1,TA,6,MIN1,1,TA,ATTCHD,ATTCHD,1,286.0,ATTCHD,ATTCHD,Y,0.0,0.0,36.0,0.0,0.0,SHED,SHED,600,8,2007,WD,NORMAL,139900,True,False
628,80,RL,80.0,9600.0,PAVE,NA,REG,LVL,ALLPUB,INSIDE,GTL,NAMES,NORM,NORM,1FAM,SLVL,6,6,1955,1972,GABLE,COMPSHG,ASBSHNG,ASBSHNG,BRKFACE,164.0,TA,TA,CBLOCK,TA,TA,TA,BLQ,674.0,TA,132.0,350.0,1156.0,GASA,EX,Y,SBRKR,1520.0,0.0,0.0,1520.0,1,0,1,0,3,1,TA,7,TYP,2,GD,BASMENT,BASMENT,1,364.0,BASMENT,BASMENT,Y,0.0,0.0,189.0,0.0,0.0,NA,NA,0,3,2010,WD,NORMAL,153000,True,False
629,60,RL,70.0,11606.0,PAVE,NA,IR1,HLS,ALLPUB,INSIDE,SEV,NAMES,NORM,NORM,1FAM,2STORY,5,5,1969,1969,GABLE,COMPSHG,PLYWOOD,PLYWOOD,BRKFACE,192.0,TA,TA,PCONC,GD,TA,GD,REC,650.0,TA,0.0,390.0,1040.0,GASA,TA,Y,SBRKR,1040.0,1040.0,0.0,2080.0,0,1,1,2,5,1,FA,9,TYP,2,TA,ATTCHD,ATTCHD,2,504.0,ATTCHD,ATTCHD,Y,335.0,0.0,0.0,0.0,0.0,NA,NA,0,9,2007,WD,FAMILY,135000,True,False
630,80,RL,82.0,9020.0,PAVE,NA,REG,LVL,ALLPUB,CORNER,GTL,NAMES,FEEDR,NORM,1FAM,SLVL,6,5,1964,1964,GABLE,WDSHNGL,PLYWOOD,WD SDNG,BRKFACE,259.0,TA,TA,CBLOCK,TA,TA,TA,GLQ,624.0,TA,336.0,288.0,1248.0,GASA,TA,Y,SBRKR,1350.0,0.0,0.0,1350.0,1,0,1,1,3,1,TA,6,TYP,0,NA,ATTCHD,ATTCHD,2,520.0,ATTCHD,ATTCHD,Y,176.0,0.0,0.0,0.0,0.0,NA,NA,0,6,2008,WD,NORMAL,168500,True,False
631,70,RM,50.0,9000.0,PAVE,NA,REG,LVL,ALLPUB,CORNER,GTL,OLDTOWN,ARTERY,NORM,1FAM,2STORY,5,6,1880,1991,GABLE,COMPSHG,VINYLSD,VINYLSD,None,0.0,TA,TA,BRKTIL,FA,FA,FA,UNF,0.0,FA,0.0,636.0,636.0,GASA,TA,Y,FUSEA,1089.0,661.0,0.0,1750.0,0,0,1,0,3,1,EX,8,TYP,0,NA,DETCHD,DETCHD,1,240.0,DETCHD,DETCHD,N,0.0,0.0,293.0,0.0,0.0,NA,NA,0,6,2006,WD,ABNORML,124000,True,False
632,120,RL,34.0,4590.0,PAVE,NA,REG,LVL,ALLPUB,INSIDE,GTL,NRIDGHT,NORM,NORM,TWNHS,1STORY,8,5,2006,2006,GABLE,COMPSHG,VINYLSD,VINYLSD,STONE,108.0,GD,TA,PCONC,GD,GD,GD,GLQ,24.0,GD,0.0,1530.0,1554.0,GASA,EX,Y,SBRKR,1554.0,0.0,0.0,1554.0,0,0,2,0,2,1,GD,6,TYP,1,GD,ATTCHD,ATTCHD,2,627.0,ATTCHD,ATTCHD,Y,156.0,73.0,0.0,0.0,0.0,NA,NA,0,8,2007,WD,NORMAL,209500,True,False
633,20,RL,85.0,11900.0,PAVE,NA,REG,LVL,ALLPUB,INSIDE,GTL,NWAMES,NORM,NORM,1FAM,1STORY,7,5,1977,1977,HIP,COMPSHG,PLYWOOD,PLYWOOD,BRKFACE,209.0,TA,GD,CBLOCK,TA,TA,TA,ALQ,822.0,TA,0.0,564.0,1386.0,GASA,TA,Y,SBRKR,1411.0,0.0,0.0,1411.0,0,0,2,0,3,1,TA,6,TYP,1,TA,ATTCHD,ATTCHD,2,544.0,ATTCHD,ATTCHD,Y,192.0,0.0,0.0,0.0,0.0,NA,NA,0,4,2009,WD,FAMILY,82500,True,False
634,20,RL,80.0,9250.0,PAVE,NA,REG,LVL,ALLPUB,CORNER,GTL,NAMES,NORM,NORM,1FAM,1STORY,5,7,1954,2005,GABLE,COMPSHG,WD SDNG,WD SDNG,None,0.0,TA,TA,CBLOCK,TA,TA,TA,BLQ,480.0,TA,468.0,108.0,1056.0,GASA,TA,Y,SBRKR,1056.0,0.0,0.0,1056.0,0,1,1,0,3,1,TA,6,TYP,0,NA,ATTCHD,ATTCHD,1,260.0,ATTCHD,ATTCHD,Y,390.0,0.0,0.0,0.0,0.0,NA,NA,0,7,2007,WD,NORMAL,139400,True,False
635,90,RL,64.0,6979.0,PAVE,SHED,REG,LVL,ALLPUB,INSIDE,GTL,OLDTOWN,NORM,NORM,DUPLEX,SFOYER,6,5,1980,1980,GABLE,COMPSHG,PLYWOOD,PLYWOOD,None,0.0,TA,TA,CBLOCK,TA,TA,TA,GLQ,1056.0,TA,0.0,0.0,1056.0,GASA,GD,Y,SBRKR,1056.0,0.0,0.0,1056.0,2,0,0,0,0,2,TA,4,TYP,0,NA,DETCHD,DETCHD,2,576.0,DETCHD,DETCHD,Y,264.0,56.0,0.0,0.0,0.0,SHED,SHED,600,6,2010,WD,NORMAL,144000,True,False
636,190,RH,60.0,10896.0,PAVE,NA,REG,BNK,ALLPUB,INSIDE,GTL,SWISU,FEEDR,NORM,2FMCON,2.5FIN,6,7,1914,1995,HIP,COMPSHG,VINYLSD,VINYLSD,None,0.0,FA,TA,CBLOCK,TA,FA,TA,LWQ,256.0,FA,0.0,1184.0,1440.0,GASA,EX,Y,FUSEA,1440.0,1440.0,515.0,3395.0,0,0,2,0,8,2,FA,14,TYP,0,NA,NA,NA,0,0.0,NA,NA,N,0.0,110.0,0.0,0.0,0.0,NA,NA,0,3,2007,WD,ABNORML,200000,False,False
637,30,RM,51.0,6120.0,PAVE,NA,REG,LVL,ALLPUB,INSIDE,GTL,BRKSIDE,NORM,NORM,1FAM,1STORY,2,3,1936,1950,GABLE,COMPSHG,ASBSHNG,ASBSHNG,None,0.0,FA,FA,BRKTIL,TA,FA,TA,UNF,0.0,FA,0.0,264.0,264.0,GRAV,FA,N,FUSEA,800.0,0.0,0.0,800.0,0,0,1,0,1,1,FA,4,MAJ1,1,PO,NA,NA,0,0.0,NA,NA,N,0.0,0.0,0.0,0.0,0.0,NA,NA,0,1,2009,CONLW,NORMAL,60000,False,False
638,190,RM,50.0,6000.0,PAVE,NA,REG,LVL,ALLPUB,INSIDE,GTL,OLDTOWN,NORM,NORM,2FMCON,1.5FIN,5,4,1954,1954,GABLE,COMPSHG,WD SDNG,WD SDNG,None,0.0,TA,TA,CBLOCK,TA,TA,TA,UNF,0.0,TA,0.0,811.0,811.0,GASA,TA,Y,FUSEA,811.0,576.0,0.0,1387.0,0,0,2,0,3,2,GD,7,TYP,0,NA,BUILTIN,BUILTIN,1,256.0,BUILTIN,BUILTIN,Y,0.0,0.0,0.0,0.0,0.0,NA,NA,0,11,2009,WD,NORMAL,93000,True,False
639,30,RL,67.0,8777.0,PAVE,NA,REG,LVL,ALLPUB,INSIDE,GTL,EDWARDS,FEEDR,NORM,1FAM,1STORY,5,7,1910,1950,GABLE,COMPSHG,METALSD,WD SDNG,None,0.0,TA,TA,CBLOCK,FA,TA,FA,UNF,0.0,TA,0.0,796.0,796.0,GASA,GD,Y,FUSEA,796.0,0.0,0.0,796.0,0,0,1,0,2,1,TA,4,TYP,0,NA,NA,NA,0,0.0,NA,NA,P,328.0,0.0,164.0,0.0,0.0,NA,NA,0,5,2008,WD,NORMAL,85000,False,False
640,120,RL,53.0,3982.0,PAVE,NA,REG,LVL,ALLPUB,INSIDE,GTL,BLMNGTN,NORM,NORM,TWNHSE,1STORY,8,5,2006,2006,HIP,COMPSHG,VINYLSD,VINYLSD,None,0.0,GD,TA,PCONC,GD,GD,GD,GLQ,1154.0,GD,0.0,366.0,1520.0,GASA,EX,Y,SBRKR,1567.0,0.0,0.0,1567.0,1,0,2,0,1,1,EX,7,TYP,1,GD,ATTCHD,ATTCHD,3,648.0,ATTCHD,ATTCHD,Y,312.0,0.0,0.0,0.0,0.0,NA,NA,0,10,2006,NEW,PARTIAL,264561,True,False
641,120,RL,62.0,12677.0,PAVE,NA,IR1,LVL,ALLPUB,INSIDE,GTL,NRIDGHT,NORM,NORM,TWNHSE,1STORY,8,5,2003,2004,HIP,COMPSHG,METALSD,METALSD,BRKFACE,472.0,EX,TA,PCONC,EX,TA,EX,GLQ,1218.0,TA,0.0,300.0,1518.0,GASA,EX,Y,SBRKR,1518.0,0.0,0.0,1518.0,0,0,1,1,1,1,EX,6,TYP,1,GD,ATTCHD,ATTCHD,2,588.0,ATTCHD,ATTCHD,Y,185.0,140.0,0.0,0.0,0.0,NA,NA,0,4,2008,WD,NORMAL,274000,True,False
642,60,FV,0.0,7050.0,PAVE,NA,REG,LVL,ALLPUB,INSIDE,GTL,SOMERST,NORM,NORM,1FAM,2STORY,7,5,2001,2001,GABLE,COMPSHG,VINYLSD,VINYLSD,None,0.0,GD,TA,PCONC,GD,TA,GD,GLQ,738.0,TA,0.0,319.0,1057.0,GASA,EX,Y,SBRKR,1057.0,872.0,0.0,1929.0,1,0,2,1,3,1,GD,7,TYP,1,TA,ATTCHD,ATTCHD,2,650.0,ATTCHD,ATTCHD,Y,0.0,235.0,0.0,0.0,0.0,NA,NA,0,5,2007,WD,NORMAL,226000,True,False
643,80,RL,75.0,13860.0,PAVE,NA,REG,LVL,ALLPUB,INSIDE,GTL,NAMES,NORM,NORM,1FAM,SLVL,8,7,1972,1995,GABLE,COMPSHG,PLYWOOD,WD SDNG,None,0.0,GD,TA,CBLOCK,GD,TA,GD,GLQ,1410.0,TA,0.0,542.0,1952.0,GASA,GD,Y,SBRKR,2000.0,704.0,0.0,2704.0,1,0,2,1,4,1,EX,9,TYP,3,TA,ATTCHD,ATTCHD,2,538.0,ATTCHD,ATTCHD,Y,269.0,111.0,0.0,0.0,0.0,NA,NA,0,7,2009,WD,NORMAL,345000,True,False
644,60,RL,80.0,10793.0,PAVE,NA,REG,LVL,ALLPUB,INSIDE,GTL,NWAMES,RRAN,NORM,1FAM,2STORY,5,5,1969,1969,MANSARD,COMPSHG,WDSHING,HDBOARD,BRKFACE,263.0,TA,TA,CBLOCK,TA,TA,TA,REC,493.0,TA,287.0,0.0,780.0,GASA,EX,Y,SBRKR,780.0,840.0,0.0,1620.0,0,0,2,1,4,1,TA,7,MIN1,0,NA,ATTCHD,ATTCHD,2,462.0,ATTCHD,ATTCHD,Y,208.0,0.0,0.0,0.0,0.0,NA,NA,0,4,2007,WD,NORMAL,152000,True,False
645,20,FV,85.0,9187.0,PAVE,NA,REG,LVL,ALLPUB,INSIDE,GTL,SOMERST,NORM,NORM,1FAM,1STORY,9,5,2009,2009,GABLE,COMPSHG,CEMNTBD,CMENTBD,STONE,162.0,EX,TA,PCONC,EX,TA,EX,GLQ,1121.0,TA,0.0,645.0,1766.0,GASA,EX,Y,SBRKR,1766.0,0.0,0.0,1766.0,1,0,2,1,2,1,EX,7,TYP,1,GD,ATTCHD,ATTCHD,3,478.0,ATTCHD,ATTCHD,Y,195.0,130.0,0.0,0.0,0.0,NA,NA,0,10,2009,NEW,PARTIAL,370878,True,False
646,20,RL,0.0,10530.0,PAVE,NA,IR1,LVL,ALLPUB,CORNER,GTL,NAMES,NORM,NORM,1FAM,1STORY,6,5,1971,1971,HIP,COMPSHG,PLYWOOD,PLYWOOD,None,0.0,TA,TA,CBLOCK,TA,TA,TA,ALQ,282.0,TA,35.0,664.0,981.0,GASA,TA,Y,SBRKR,981.0,0.0,0.0,981.0,1,0,1,1,3,1,TA,5,TYP,0,NA,DETCHD,DETCHD,2,576.0,DETCHD,DETCHD,Y,0.0,312.0,40.0,0.0,0.0,NA,NA,0,3,2007,WD,NORMAL,143250,True,False
647,20,RL,60.0,7200.0,PAVE,NA,REG,LVL,ALLPUB,INSIDE,GTL,NAMES,NORM,NORM,1FAM,1STORY,5,5,1950,1950,HIP,COMPSHG,METALSD,METALSD,None,0.0,TA,TA,CBLOCK,NA,NA,NA,NA,0.0,NA,0.0,0.0,0.0,GASA,GD,Y,SBRKR,1048.0,0.0,0.0,1048.0,0,0,1,0,3,1,TA,7,MIN1,0,NA,DETCHD,DETCHD,2,420.0,DETCHD,DETCHD,Y,0.0,27.0,0.0,0.0,0.0,NA,NA,0,7,2008,WD,NORMAL,98300,True,False
648,20,RL,85.0,10452.0,PAVE,NA,IR1,LVL,ALLPUB,INSIDE,GTL,EDWARDS,NORM,NORM,1FAM,1STORY,6,5,1953,1953,HIP,COMPSHG,WD SDNG,WD SDNG,STONE,216.0,TA,TA,CBLOCK,TA,TA,TA,REC,500.0,TA,0.0,594.0,1094.0,GASA,EX,Y,SBRKR,1094.0,0.0,0.0,1094.0,0,0,1,0,3,1,TA,5,TYP,2,GD,ATTCHD,ATTCHD,2,495.0,ATTCHD,ATTCHD,Y,0.0,0.0,0.0,0.0,287.0,NA,NA,0,6,2008,WD,NORMAL,155000,True,False
649,60,RL,70.0,7700.0,PAVE,NA,REG,LVL,ALLPUB,INSIDE,GTL,NAMES,POSN,NORM,1FAM,2STORY,6,5,1966,1966,GABLE,COMPSHG,METALSD,METALSD,BRKFACE,351.0,TA,TA,CBLOCK,TA,TA,TA,UNF,0.0,TA,0.0,756.0,756.0,GASA,TA,Y,SBRKR,1051.0,788.0,0.0,1839.0,0,0,1,1,4,1,TA,7,TYP,1,TA,ATTCHD,ATTCHD,2,442.0,ATTCHD,ATTCHD,Y,0.0,124.0,216.0,0.0,0.0,NA,NA,0,6,2010,WD,NORMAL,155000,True,False
650,180,RM,21.0,1936.0,PAVE,NA,REG,LVL,ALLPUB,INSIDE,GTL,MEADOWV,NORM,NORM,TWNHS,SFOYER,4,6,1970,1970,GABLE,COMPSHG,CEMNTBD,CMENTBD,None,0.0,TA,TA,CBLOCK,GD,TA,GD,BLQ,131.0,TA,499.0,0.0,630.0,GASA,GD,Y,SBRKR,630.0,0.0,0.0,630.0,1,0,1,0,1,1,TA,3,TYP,0,NA,NA,NA,0,0.0,NA,NA,Y,0.0,0.0,0.0,0.0,0.0,NA,NA,0,12,2007,WD,NORMAL,84500,False,False
652,70,RL,60.0,9084.0,PAVE,NA,REG,LVL,ALLPUB,INSIDE,GTL,EDWARDS,ARTERY,NORM,1FAM,2STORY,4,5,1940,1950,GABLE,COMPSHG,METALSD,METALSD,None,0.0,TA,TA,CBLOCK,TA,TA,TA,UNF,0.0,TA,0.0,755.0,755.0,GASA,TA,Y,SBRKR,755.0,755.0,0.0,1510.0,1,0,1,0,4,1,TA,7,TYP,1,GD,DETCHD,DETCHD,1,296.0,DETCHD,DETCHD,P,120.0,0.0,0.0,0.0,0.0,NA,NA,0,10,2009,WD,NORMAL,108000,True,False
653,60,RL,70.0,8750.0,PAVE,NA,REG,LVL,ALLPUB,INSIDE,GTL,COLLGCR,NORM,NORM,1FAM,2STORY,7,5,1996,1996,GABLE,COMPSHG,VINYLSD,VINYLSD,None,0.0,GD,TA,PCONC,GD,TA,GD,UNF,0.0,TA,0.0,880.0,880.0,GASA,EX,Y,SBRKR,909.0,807.0,0.0,1716.0,0,0,2,1,2,1,GD,7,TYP,1,TA,ATTCHD,ATTCHD,2,512.0,ATTCHD,ATTCHD,Y,0.0,120.0,0.0,0.0,0.0,NA,NA,0,7,2009,WD,NORMAL,191000,True,False
654,50,RM,60.0,10320.0,PAVE,NA,REG,LVL,ALLPUB,INSIDE,GTL,IDOTRR,NORM,NORM,1FAM,1.5FIN,6,7,1906,1995,GABLE,COMPSHG,METALSD,METALSD,None,0.0,TA,TA,CBLOCK,TA,TA,TA,UNF,0.0,TA,0.0,756.0,756.0,GASA,EX,Y,SBRKR,756.0,713.0,0.0,1469.0,0,0,1,0,3,1,TA,7,TYP,0,NA,DETCHD,DETCHD,1,216.0,DETCHD,DETCHD,Y,57.0,0.0,239.0,0.0,0.0,NA,NA,0,6,2008,WD,NORMAL,135000,True,False
655,20,RL,91.0,10437.0,PAVE,NA,IR1,LVL,ALLPUB,INSIDE,GTL,NORIDGE,NORM,NORM,1FAM,1STORY,8,6,1995,1995,HIP,COMPSHG,METALSD,METALSD,BRKFACE,660.0,GD,GD,PCONC,GD,TA,GD,GLQ,1696.0,TA,0.0,413.0,2109.0,GASA,EX,Y,SBRKR,2113.0,0.0,0.0,2113.0,1,0,2,1,2,1,GD,7,TYP,1,TA,ATTCHD,ATTCHD,3,839.0,ATTCHD,ATTCHD,Y,236.0,46.0,0.0,0.0,0.0,NA,NA,0,8,2008,WD,NORMAL,350000,True,False
656,160,RM,21.0,1680.0,PAVE,NA,REG,LVL,ALLPUB,INSIDE,GTL,BRDALE,NORM,NORM,TWNHS,2STORY,6,5,1971,1971,GABLE,COMPSHG,HDBOARD,IMSTUCC,BRKFACE,381.0,TA,TA,CBLOCK,TA,TA,TA,UNF,0.0,TA,0.0,525.0,525.0,GASA,TA,Y,SBRKR,525.0,567.0,0.0,1092.0,0,0,1,1,3,1,TA,6,TYP,0,NA,DETCHD,DETCHD,1,264.0,DETCHD,DETCHD,Y,0.0,0.0,0.0,0.0,0.0,NA,NA,0,3,2010,WD,FAMILY,88000,True,False
657,20,RL,72.0,10007.0,PAVE,NA,IR1,LVL,ALLPUB,INSIDE,GTL,NAMES,NORM,NORM,1FAM,1STORY,5,7,1959,2006,GABLE,COMPSHG,HDBOARD,HDBOARD,BRKFACE,54.0,GD,TA,CBLOCK,TA,TA,TA,ALQ,806.0,TA,0.0,247.0,1053.0,GASA,EX,Y,SBRKR,1053.0,0.0,0.0,1053.0,1,0,1,1,3,1,GD,5,TYP,0,NA,ATTCHD,ATTCHD,1,312.0,ATTCHD,ATTCHD,Y,0.0,0.0,0.0,0.0,0.0,NA,NA,0,8,2008,WD,NORMAL,145500,True,False
658,70,RL,60.0,7200.0,PAVE,NA,REG,HLS,ALLPUB,INSIDE,MOD,CRAWFOR,NORM,NORM,1FAM,2STORY,7,6,1931,2000,GABLE,COMPSHG,STUCCO,WD SHNG,None,0.0,TA,FA,BRKTIL,GD,TA,GD,UNF,0.0,TA,0.0,776.0,776.0,GASA,TA,Y,SBRKR,851.0,651.0,0.0,1502.0,0,0,1,1,3,1,TA,6,TYP,1,GD,ATTCHD,ATTCHD,1,270.0,ATTCHD,ATTCHD,P,0.0,0.0,112.0,0.0,0.0,NA,NA,0,2,2008,WD,NORMAL,149000,True,False
659,50,RL,78.0,17503.0,PAVE,NA,REG,LVL,ALLPUB,INSIDE,GTL,NAMES,ARTERY,NORM,1FAM,1.5FIN,6,5,1948,1950,GABLE,COMPSHG,VINYLSD,VINYLSD,None,0.0,TA,TA,CBLOCK,TA,TA,TA,UNF,0.0,TA,0.0,912.0,912.0,GASA,TA,Y,SBRKR,912.0,546.0,0.0,1458.0,0,1,1,0,3,1,TA,6,TYP,1,GD,ATTCHD,ATTCHD,1,330.0,ATTCHD,ATTCHD,Y,192.0,0.0,0.0,0.0,0.0,NA,NA,0,1,2010,WD,ABNORML,97500,True,False
660,20,RL,75.0,9937.0,PAVE,NA,REG,LVL,ALLPUB,CORNER,GTL,EDWARDS,NORM,NORM,1FAM,1STORY,5,7,1964,1999,HIP,COMPSHG,METALSD,METALSD,None,0.0,TA,GD,PCONC,TA,TA,TA,BLQ,637.0,TA,0.0,849.0,1486.0,GASA,EX,Y,SBRKR,1486.0,0.0,0.0,1486.0,1,0,1,0,3,1,TA,7,TYP,0,NA,DETCHD,DETCHD,2,480.0,DETCHD,DETCHD,Y,0.0,0.0,0.0,0.0,0.0,NA,NA,0,3,2009,WD,NORMAL,167000,True,False
661,60,RL,0.0,12384.0,PAVE,NA,REG,LVL,ALLPUB,CULDSAC,GTL,NWAMES,NORM,NORM,1FAM,2STORY,7,7,1976,1976,GABLE,COMPSHG,PLYWOOD,PLYWOOD,BRKFACE,233.0,TA,TA,CBLOCK,GD,TA,GD,UNF,0.0,TA,0.0,793.0,793.0,GASA,TA,Y,SBRKR,1142.0,793.0,0.0,1935.0,0,0,2,1,3,1,TA,7,TYP,1,TA,ATTCHD,ATTCHD,2,550.0,ATTCHD,ATTCHD,Y,0.0,113.0,252.0,0.0,0.0,NA,NA,0,11,2007,WD,NORMAL,197900,True,False
662,60,RL,52.0,46589.0,PAVE,NA,IR2,LVL,ALLPUB,CULDSAC,GTL,NORIDGE,NORM,NORM,1FAM,2STORY,8,7,1994,2005,HIP,COMPSHG,VINYLSD,VINYLSD,BRKFACE,528.0,GD,TA,PCONC,GD,GD,GD,GLQ,1361.0,GD,180.0,88.0,1629.0,GASA,EX,Y,SBRKR,1686.0,762.0,0.0,2448.0,1,0,2,1,4,1,GD,8,TYP,1,TA,ATTCHD,ATTCHD,3,711.0,ATTCHD,ATTCHD,Y,517.0,76.0,0.0,0.0,0.0,NA,NA,0,7,2009,WD,NORMAL,402000,True,False
663,20,RL,120.0,13560.0,PAVE,NA,REG,LVL,ALLPUB,CORNER,GTL,NAMES,NORM,NORM,1FAM,1STORY,6,3,1968,1968,HIP,COMPSHG,WD SDNG,WD SDNG,BRKFACE,216.0,TA,TA,CBLOCK,FA,FA,FA,UNF,0.0,FA,0.0,1392.0,1392.0,GASA,GD,Y,SBRKR,1392.0,0.0,0.0,1392.0,1,0,1,0,2,1,TA,5,MAJ2,2,TA,ATTCHD,ATTCHD,2,576.0,ATTCHD,ATTCHD,Y,0.0,0.0,240.0,0.0,0.0,NA,NA,0,7,2009,WD,NORMAL,110000,True,False
664,85,RL,90.0,10012.0,PAVE,NA,REG,LVL,ALLPUB,INSIDE,GTL,EDWARDS,NORM,NORM,1FAM,SFOYER,4,5,1972,1972,GABLE,COMPSHG,PLYWOOD,PLYWOOD,None,0.0,TA,TA,CBLOCK,GD,TA,GD,BLQ,920.0,TA,180.0,38.0,1138.0,GASA,TA,Y,SBRKR,1181.0,0.0,0.0,1181.0,1,0,2,0,3,1,TA,6,TYP,0,NA,DETCHD,DETCHD,2,588.0,DETCHD,DETCHD,Y,0.0,0.0,180.0,0.0,0.0,NA,NA,0,4,2008,WD,NORMAL,137500,True,False
665,20,RL,49.0,20896.0,PAVE,NA,IR2,LVL,ALLPUB,CULDSAC,GTL,SOMERST,RRAN,NORM,1FAM,1STORY,8,5,2005,2006,GABLE,COMPSHG,VINYLSD,VINYLSD,None,0.0,GD,TA,PCONC,EX,TA,EX,GLQ,1721.0,TA,0.0,356.0,2077.0,GASA,EX,Y,SBRKR,2097.0,0.0,0.0,2097.0,1,0,1,1,1,1,EX,8,TYP,1,EX,ATTCHD,ATTCHD,3,1134.0,ATTCHD,ATTCHD,Y,192.0,267.0,0.0,0.0,0.0,NA,NA,0,1,2006,NEW,PARTIAL,423000,True,False
666,60,RL,106.0,11194.0,PAVE,NA,IR1,LVL,ALLPUB,CORNER,GTL,GILBERT,NORM,NORM,1FAM,2STORY,8,5,2000,2000,GABLE,COMPSHG,VINYLSD,VINYLSD,BRKFACE,40.0,GD,TA,PCONC,GD,TA,GD,UNF,0.0,TA,0.0,1406.0,1406.0,GASA,EX,Y,SBRKR,1454.0,482.0,0.0,1936.0,0,0,2,1,3,1,GD,7,TYP,1,TA,ATTCHD,ATTCHD,2,504.0,ATTCHD,ATTCHD,Y,188.0,124.0,0.0,0.0,0.0,NA,NA,0,11,2006,WD,NORMAL,230500,True,False
667,60,RL,0.0,18450.0,PAVE,NA,IR1,LVL,ALLPUB,INSIDE,GTL,NAMES,NORM,NORM,1FAM,2STORY,6,5,1965,1979,FLAT,TAR&GRV,PLYWOOD,PLYWOOD,BRKCMN,113.0,TA,GD,CBLOCK,GD,TA,GD,LWQ,187.0,TA,723.0,111.0,1021.0,GASA,TA,Y,SBRKR,1465.0,915.0,0.0,2380.0,0,0,2,1,3,1,TA,7,SEV,1,PO,CARPORT,CARPORT,2,596.0,CARPORT,CARPORT,Y,0.0,265.0,0.0,0.0,0.0,NA,NA,0,8,2007,WD,ABNORML,129000,True,False
668,20,RL,65.0,8125.0,PAVE,NA,REG,LVL,ALLPUB,INSIDE,GTL,SAWYERW,NORM,NORM,1FAM,1STORY,6,5,1994,1998,GABLE,COMPSHG,HDBOARD,HDBOARD,BRKFACE,258.0,TA,TA,PCONC,GD,TA,GD,GLQ,1138.0,TA,0.0,270.0,1408.0,GASA,EX,Y,SBRKR,1679.0,0.0,0.0,1679.0,1,0,2,0,3,1,GD,7,TYP,1,FA,ATTCHD,ATTCHD,2,575.0,ATTCHD,ATTCHD,Y,224.0,42.0,0.0,0.0,0.0,NA,NA,0,10,2008,WD,NORMAL,193500,True,False
669,20,RL,0.0,14175.0,PAVE,NA,REG,BNK,ALLPUB,CORNER,MOD,SAWYER,NORM,NORM,1FAM,1STORY,5,6,1956,1987,GABLE,COMPSHG,CEMNTBD,WD SDNG,None,0.0,TA,TA,CBLOCK,TA,TA,TA,REC,988.0,TA,0.0,200.0,1188.0,GASA,GD,Y,SBRKR,1437.0,0.0,0.0,1437.0,1,0,1,1,3,1,TA,6,MIN2,1,TA,DETCHD,DETCHD,2,576.0,DETCHD,DETCHD,Y,304.0,0.0,0.0,0.0,0.0,NA,NA,0,11,2006,WD,NORMAL,168000,True,False
670,30,RL,80.0,11600.0,PAVE,NA,REG,LVL,ALLPUB,INSIDE,GTL,CRAWFOR,NORM,NORM,1FAM,1STORY,4,5,1922,1950,GABLE,COMPSHG,METALSD,METALSD,None,0.0,TA,TA,BRKTIL,FA,TA,FA,UNF,0.0,TA,0.0,700.0,700.0,GASA,EX,Y,SBRKR,1180.0,0.0,0.0,1180.0,0,0,1,0,2,1,FA,5,TYP,1,GD,DETCHD,DETCHD,1,252.0,DETCHD,DETCHD,Y,0.0,0.0,67.0,0.0,0.0,NA,NA,0,7,2006,WD,NORMAL,137500,True,False
671,60,RL,64.0,8633.0,PAVE,NA,REG,LVL,ALLPUB,FR2,GTL,COLLGCR,NORM,NORM,1FAM,2STORY,6,5,2005,2005,GABLE,COMPSHG,VINYLSD,VINYLSD,None,0.0,GD,TA,PCONC,GD,TA,GD,GLQ,193.0,TA,0.0,545.0,738.0,GASA,EX,Y,SBRKR,738.0,738.0,0.0,1476.0,1,0,2,1,3,1,GD,7,TYP,0,NA,ATTCHD,ATTCHD,2,540.0,ATTCHD,ATTCHD,Y,100.0,35.0,0.0,0.0,0.0,NA,NA,0,2,2009,WD,NORMAL,173500,True,False
672,70,RH,54.0,6629.0,PAVE,NA,REG,LVL,ALLPUB,INSIDE,GTL,EDWARDS,ARTERY,NORM,1FAM,2STORY,6,6,1925,1950,GAMBREL,COMPSHG,WD SDNG,WD SDNG,None,0.0,TA,GD,BRKTIL,TA,TA,TA,BLQ,551.0,TA,0.0,121.0,672.0,GASA,TA,N,SBRKR,697.0,672.0,0.0,1369.0,1,0,2,0,3,1,TA,6,TYP,0,NA,DETCHD,DETCHD,1,300.0,DETCHD,DETCHD,Y,147.0,0.0,0.0,0.0,0.0,NA,NA,0,7,2009,WD,NORMAL,103600,True,False
673,20,RL,0.0,11250.0,PAVE,NA,IR1,LVL,ALLPUB,INSIDE,GTL,VEENKER,NORM,NORM,1FAM,1STORY,6,6,1977,1977,GABLE,COMPSHG,PLYWOOD,PLYWOOD,None,0.0,GD,TA,CBLOCK,GD,TA,GD,ALQ,767.0,TA,0.0,441.0,1208.0,GASA,TA,Y,SBRKR,1208.0,0.0,0.0,1208.0,1,0,1,1,3,1,TA,6,TYP,1,TA,ATTCHD,ATTCHD,2,546.0,ATTCHD,ATTCHD,Y,198.0,42.0,0.0,0.0,0.0,NA,NA,0,6,2006,WD,NORMAL,165000,True,False
674,20,RL,110.0,14442.0,PAVE,NA,REG,LVL,ALLPUB,INSIDE,GTL,CRAWFOR,NORM,NORM,1FAM,1STORY,6,7,1957,2004,HIP,COMPSHG,CEMNTBD,CMENTBD,BRKFACE,106.0,TA,TA,PCONC,TA,TA,TA,GLQ,1186.0,TA,0.0,291.0,1477.0,GASA,EX,Y,SBRKR,1839.0,0.0,0.0,1839.0,1,0,2,0,3,1,GD,7,TYP,2,TA,ATTCHD,ATTCHD,2,416.0,ATTCHD,ATTCHD,Y,0.0,87.0,0.0,0.0,200.0,NA,NA,0,6,2007,WD,NORMAL,257500,True,False
675,20,RL,80.0,9200.0,PAVE,NA,REG,LVL,ALLPUB,INSIDE,GTL,NAMES,NORM,NORM,1FAM,1STORY,6,6,1965,1965,GABLE,COMPSHG,HDBOARD,HDBOARD,None,0.0,TA,TA,CBLOCK,TA,TA,TA,REC,892.0,TA,0.0,244.0,1136.0,GASA,TA,Y,SBRKR,1136.0,0.0,0.0,1136.0,1,0,1,0,3,1,TA,5,TYP,1,GD,ATTCHD,ATTCHD,1,384.0,ATTCHD,ATTCHD,Y,426.0,0.0,0.0,0.0,0.0,NA,NA,0,7,2008,WD,NORMAL,140000,True,False
676,160,RL,24.0,2289.0,PAVE,NA,REG,LVL,ALLPUB,INSIDE,GTL,NPKVILL,NORM,NORM,TWNHS,2STORY,6,6,1978,1978,GABLE,COMPSHG,PLYWOOD,BRK CMN,None,0.0,TA,TA,CBLOCK,TA,TA,TA,ALQ,311.0,TA,0.0,544.0,855.0,GASA,TA,Y,SBRKR,855.0,586.0,0.0,1441.0,0,0,2,1,3,1,TA,7,TYP,1,TA,ATTCHD,ATTCHD,2,440.0,ATTCHD,ATTCHD,Y,28.0,0.0,0.0,0.0,0.0,NA,NA,0,4,2009,WD,NORMAL,148500,True,False
677,70,RM,60.0,9600.0,PAVE,NA,REG,LVL,ALLPUB,INSIDE,GTL,OLDTOWN,NORM,NORM,1FAM,2STORY,4,2,1900,1950,GABLE,COMPSHG,ASBSHNG,STUCCO,None,0.0,TA,TA,BRKTIL,TA,FA,TA,UNF,0.0,FA,0.0,1095.0,1095.0,GASW,FA,N,SBRKR,1095.0,679.0,0.0,1774.0,1,0,2,0,4,2,TA,8,MIN2,0,NA,2TYPES,2TYPES,3,779.0,2TYPES,2TYPES,N,0.0,0.0,90.0,0.0,0.0,NA,NA,0,5,2006,WD,NORMAL,87000,True,False
678,30,RL,52.0,9022.0,PAVE,NA,REG,LVL,ALLPUB,INSIDE,GTL,OLDTOWN,NORM,NORM,1FAM,1STORY,5,8,1924,2006,GABLE,COMPSHG,VINYLSD,VINYLSD,None,0.0,GD,TA,BRKTIL,TA,TA,TA,UNF,0.0,TA,0.0,768.0,768.0,GASA,EX,Y,SBRKR,792.0,0.0,0.0,792.0,0,0,1,0,2,1,GD,5,TYP,0,NA,DETCHD,DETCHD,1,240.0,DETCHD,DETCHD,N,316.0,0.0,120.0,0.0,0.0,NA,NA,0,5,2009,WD,NORMAL,109500,True,False
679,20,RL,80.0,11844.0,PAVE,NA,IR1,LVL,ALLPUB,INSIDE,GTL,STONEBR,NORM,NORM,1FAM,1STORY,8,5,2008,2008,HIP,COMPSHG,VINYLSD,VINYLSD,STONE,464.0,GD,TA,PCONC,EX,TA,EX,UNF,0.0,TA,0.0,2046.0,2046.0,GASA,EX,Y,SBRKR,2046.0,0.0,0.0,2046.0,0,0,2,1,3,1,GD,7,TYP,1,GD,ATTCHD,ATTCHD,3,834.0,ATTCHD,ATTCHD,Y,322.0,82.0,0.0,0.0,0.0,NA,NA,0,7,2009,NEW,PARTIAL,372500,True,False
680,20,RL,0.0,9945.0,PAVE,NA,IR1,LVL,ALLPUB,INSIDE,GTL,SAWYER,NORM,NORM,1FAM,1STORY,5,5,1961,1961,HIP,COMPSHG,WD SDNG,WD SDNG,BRKFACE,57.0,TA,TA,CBLOCK,TA,TA,TA,REC,827.0,TA,0.0,161.0,988.0,GASA,TA,Y,SBRKR,988.0,0.0,0.0,988.0,1,0,1,0,3,1,TA,5,TYP,0,NA,DETCHD,DETCHD,2,572.0,DETCHD,DETCHD,Y,0.0,0.0,0.0,0.0,0.0,NA,NA,0,10,2007,WD,NORMAL,128500,True,False
681,120,RL,50.0,8012.0,PAVE,NA,REG,LVL,ALLPUB,INSIDE,GTL,SAWYERW,NORM,NORM,TWNHSE,1STORY,6,5,1980,1980,GABLE,COMPSHG,PLYWOOD,PLYWOOD,None,0.0,TA,TA,CBLOCK,GD,TA,GD,BLQ,543.0,TA,119.0,261.0,923.0,GASA,TA,Y,SBRKR,923.0,0.0,0.0,923.0,0,0,2,0,2,1,TA,5,TYP,1,TA,ATTCHD,ATTCHD,1,264.0,ATTCHD,ATTCHD,Y,80.0,0.0,0.0,0.0,0.0,NA,NA,0,5,2010,WD,NORMAL,143000,True,False
682,50,RH,55.0,4500.0,PAVE,NA,IR2,BNK,ALLPUB,INSIDE,GTL,SWISU,NORM,NORM,1FAM,1.5FIN,5,5,1932,2000,GABLE,COMPSHG,VINYLSD,STUCCO,None,0.0,TA,TA,BRKTIL,TA,TA,TA,REC,182.0,TA,0.0,611.0,793.0,GASA,EX,Y,SBRKR,848.0,672.0,0.0,1520.0,0,0,1,0,3,1,TA,6,TYP,0,NA,DETCHD,DETCHD,1,281.0,DETCHD,DETCHD,Y,0.0,0.0,56.0,0.0,0.0,NA,NA,0,7,2009,WD,ABNORML,159434,True,False
683,120,RL,0.0,2887.0,PAVE,NA,REG,HLS,ALLPUB,INSIDE,GTL,CLEARCR,NORM,NORM,1FAM,1STORY,6,5,1996,1997,GABLE,COMPSHG,WD SDNG,WD SDNG,None,0.0,TA,TA,PCONC,GD,TA,GD,GLQ,1003.0,TA,0.0,288.0,1291.0,GASA,EX,Y,SBRKR,1291.0,0.0,0.0,1291.0,1,0,1,0,2,1,GD,6,TYP,1,GD,ATTCHD,ATTCHD,2,431.0,ATTCHD,ATTCHD,Y,307.0,0.0,0.0,0.0,0.0,NA,NA,0,11,2008,WD,NORMAL,173000,True,False
684,20,RL,90.0,11248.0,PAVE,NA,IR1,LVL,ALLPUB,CORNER,GTL,COLLGCR,NORM,NORM,1FAM,1STORY,9,5,2002,2002,HIP,COMPSHG,VINYLSD,VINYLSD,STONE,215.0,GD,TA,PCONC,GD,TA,GD,GLQ,1059.0,TA,0.0,567.0,1626.0,GASA,EX,Y,SBRKR,1668.0,0.0,0.0,1668.0,1,0,2,0,3,1,GD,7,TYP,1,TA,ATTCHD,ATTCHD,3,702.0,ATTCHD,ATTCHD,Y,257.0,45.0,0.0,0.0,0.0,NA,NA,0,7,2007,WD,NORMAL,285000,True,False
685,60,RL,58.0,16770.0,PAVE,NA,IR2,LVL,ALLPUB,CULDSAC,GTL,NORIDGE,NORM,NORM,1FAM,2STORY,7,5,1998,1998,GABLE,COMPSHG,VINYLSD,VINYLSD,BRKFACE,30.0,GD,TA,PCONC,GD,TA,GD,UNF,0.0,TA,0.0,1195.0,1195.0,GASA,GD,Y,SBRKR,1195.0,644.0,0.0,1839.0,0,0,2,1,4,1,TA,7,TYP,0,NA,ATTCHD,ATTCHD,2,486.0,ATTCHD,ATTCHD,Y,0.0,81.0,0.0,0.0,0.0,NA,NA,0,6,2010,WD,NORMAL,221000,True,False
686,160,RL,0.0,5062.0,PAVE,NA,IR1,LVL,ALLPUB,CULDSAC,GTL,STONEBR,NORM,NORM,TWNHSE,2STORY,7,5,1984,1984,GABLE,COMPSHG,HDBOARD,HDBOARD,None,0.0,GD,TA,CBLOCK,GD,TA,GD,GLQ,828.0,TA,182.0,180.0,1190.0,GASA,GD,Y,SBRKR,1190.0,900.0,0.0,2090.0,1,0,2,0,3,1,GD,6,MIN1,1,TA,ATTCHD,ATTCHD,2,577.0,ATTCHD,ATTCHD,Y,219.0,0.0,0.0,0.0,0.0,NA,NA,0,9,2007,WD,NORMAL,207500,True,False
687,60,FV,84.0,10207.0,PAVE,NA,REG,LVL,ALLPUB,INSIDE,GTL,SOMERST,NORM,NORM,1FAM,2STORY,7,6,2007,2007,GABLE,COMPSHG,VINYLSD,VINYLSD,None,0.0,GD,TA,PCONC,GD,TA,GD,UNF,0.0,TA,0.0,874.0,874.0,GASA,EX,Y,SBRKR,874.0,887.0,0.0,1761.0,0,0,3,0,3,1,GD,7,TYP,0,NA,ATTCHD,ATTCHD,2,578.0,ATTCHD,ATTCHD,Y,144.0,105.0,0.0,0.0,0.0,NA,NA,0,8,2007,NEW,PARTIAL,227875,True,False
688,160,FV,0.0,5105.0,PAVE,NA,IR2,LVL,ALLPUB,FR2,GTL,SOMERST,NORM,NORM,TWNHSE,2STORY,7,5,2004,2004,GABLE,COMPSHG,METALSD,METALSD,None,0.0,GD,TA,PCONC,GD,TA,GD,GLQ,239.0,TA,0.0,312.0,551.0,GASA,EX,Y,SBRKR,551.0,551.0,0.0,1102.0,0,0,2,1,2,1,GD,4,TYP,0,NA,DETCHD,DETCHD,2,480.0,DETCHD,DETCHD,Y,0.0,60.0,0.0,0.0,0.0,NA,NA,0,3,2007,WD,NORMAL,148800,True,False
689,20,RL,60.0,8089.0,PAVE,NA,REG,HLS,ALLPUB,INSIDE,GTL,STONEBR,NORM,NORM,1FAM,1STORY,8,6,2007,2007,GABLE,COMPSHG,METALSD,METALSD,BRKFACE,0.0,GD,TA,PCONC,GD,TA,GD,GLQ,945.0,TA,0.0,474.0,1419.0,GASA,EX,Y,SBRKR,1419.0,0.0,0.0,1419.0,1,0,2,0,2,1,GD,7,TYP,1,GD,ATTCHD,ATTCHD,2,567.0,ATTCHD,ATTCHD,Y,140.0,0.0,0.0,0.0,0.0,NA,NA,0,10,2007,NEW,PARTIAL,392000,True,False
690,120,RL,61.0,7577.0,PAVE,NA,IR1,LVL,ALLPUB,CORNER,GTL,NRIDGHT,NORM,NORM,TWNHSE,1STORY,6,5,2005,2006,GABLE,COMPSHG,VINYLSD,VINYLSD,STONE,256.0,GD,TA,PCONC,GD,TA,GD,ALQ,20.0,TA,0.0,1342.0,1362.0,GASA,EX,Y,SBRKR,1362.0,0.0,0.0,1362.0,0,0,2,0,2,1,GD,6,TYP,1,GD,ATTCHD,ATTCHD,2,460.0,ATTCHD,ATTCHD,Y,192.0,28.0,0.0,0.0,0.0,NA,NA,0,6,2007,WD,NORMAL,194700,True,False
691,120,RM,0.0,4426.0,PAVE,NA,REG,LVL,ALLPUB,INSIDE,GTL,COLLGCR,NORM,NORM,TWNHSE,1STORY,6,5,2004,2004,GABLE,COMPSHG,VINYLSD,VINYLSD,BRKFACE,147.0,GD,TA,PCONC,GD,TA,GD,GLQ,697.0,TA,0.0,151.0,848.0,GASA,EX,Y,SBRKR,848.0,0.0,0.0,848.0,1,0,1,0,1,1,GD,3,TYP,1,TA,ATTCHD,ATTCHD,2,420.0,ATTCHD,ATTCHD,Y,149.0,0.0,0.0,0.0,0.0,NA,NA,0,5,2008,WD,NORMAL,141000,True,False
692,60,RL,104.0,21535.0,PAVE,NA,IR1,LVL,ALLPUB,CORNER,GTL,NORIDGE,NORM,NORM,1FAM,2STORY,10,6,1994,1995,GABLE,WDSHNGL,HDBOARD,HDBOARD,BRKFACE,1170.0,EX,TA,PCONC,EX,TA,EX,GLQ,1455.0,TA,0.0,989.0,2444.0,GASA,EX,Y,SBRKR,2444.0,1872.0,0.0,4316.0,0,1,3,1,4,1,EX,10,TYP,2,EX,ATTCHD,ATTCHD,3,832.0,ATTCHD,ATTCHD,Y,382.0,50.0,0.0,0.0,0.0,NA,NA,0,1,2007,WD,NORMAL,755000,True,False
693,60,RL,42.0,26178.0,PAVE,NA,IR1,LVL,ALLPUB,INSIDE,MOD,TIMBER,NORM,NORM,1FAM,2STORY,7,5,1989,1990,HIP,COMPSHG,METALSD,METALSD,BRKFACE,293.0,GD,TA,PCONC,GD,TA,GD,GLQ,965.0,TA,0.0,245.0,1210.0,GASA,EX,Y,SBRKR,1238.0,1281.0,0.0,2519.0,1,0,2,1,4,1,GD,9,TYP,2,GD,ATTCHD,ATTCHD,2,628.0,ATTCHD,ATTCHD,Y,320.0,27.0,0.0,0.0,0.0,NA,NA,0,4,2006,WD,NORMAL,335000,True,False
694,30,RL,60.0,5400.0,PAVE,NA,REG,LVL,ALLPUB,CORNER,SEV,OLDTOWN,NORM,NORM,1FAM,1STORY,5,6,1921,1968,GABLE,COMPSHG,METALSD,METALSD,None,0.0,TA,TA,BRKTIL,TA,TA,TA,UNF,0.0,TA,0.0,1073.0,1073.0,GASA,EX,Y,SBRKR,1073.0,0.0,0.0,1073.0,0,0,1,0,2,1,TA,4,TYP,0,NA,DETCHD,DETCHD,1,326.0,DETCHD,DETCHD,Y,0.0,0.0,112.0,0.0,0.0,NA,NA,0,12,2006,WD,ABNORML,108480,True,False
695,50,RM,51.0,6120.0,PAVE,NA,REG,LVL,ALLPUB,CORNER,GTL,BRKSIDE,NORM,NORM,1FAM,1.5FIN,5,6,1936,1950,GABLE,COMPSHG,WD SDNG,WD SDNG,None,0.0,TA,FA,BRKTIL,TA,TA,TA,UNF,0.0,TA,0.0,927.0,927.0,GASA,TA,Y,SBRKR,1067.0,472.0,0.0,1539.0,0,0,1,1,3,1,TA,5,TYP,0,NA,DETCHD,DETCHD,2,576.0,DETCHD,DETCHD,Y,112.0,0.0,0.0,0.0,0.0,NA,NA,0,4,2009,WD,NORMAL,141500,True,False
696,20,RL,54.0,13811.0,PAVE,NA,IR1,LVL,ALLPUB,INSIDE,GTL,TIMBER,NORM,NORM,1FAM,1STORY,6,6,1987,1987,GABLE,COMPSHG,HDBOARD,HDBOARD,BRKFACE,72.0,TA,TA,CBLOCK,GD,GD,GD,GLQ,980.0,GD,40.0,92.0,1112.0,GASA,GD,Y,SBRKR,1137.0,0.0,0.0,1137.0,1,0,2,0,2,1,GD,5,TYP,1,TA,ATTCHD,ATTCHD,2,551.0,ATTCHD,ATTCHD,Y,125.0,0.0,0.0,0.0,0.0,NA,NA,0,7,2006,WD,NORMAL,176000,True,False
697,30,RM,50.0,6000.0,PAVE,NA,REG,LVL,ALLPUB,INSIDE,GTL,BRKSIDE,NORM,NORM,1FAM,1STORY,5,7,1921,1950,GABLE,COMPSHG,WD SDNG,WD SHNG,None,0.0,TA,TA,CBLOCK,TA,TA,TA,LWQ,616.0,TA,0.0,0.0,616.0,GASA,GD,Y,SBRKR,616.0,0.0,0.0,616.0,0,0,1,0,2,1,TA,4,TYP,0,NA,DETCHD,DETCHD,1,205.0,DETCHD,DETCHD,Y,0.0,0.0,129.0,0.0,0.0,NA,NA,0,6,2006,WD,NORMAL,89000,True,False
698,20,RL,57.0,6420.0,PAVE,NA,IR1,LVL,ALLPUB,INSIDE,GTL,EDWARDS,NORM,NORM,1FAM,1STORY,5,7,1952,1952,GABLE,COMPSHG,WD SDNG,WD SDNG,None,0.0,TA,TA,PCONC,EX,GD,EX,LWQ,210.0,GD,551.0,219.0,980.0,GASA,FA,Y,FUSEA,1148.0,0.0,0.0,1148.0,0,1,1,0,2,1,TA,6,TYP,0,NA,DETCHD,DETCHD,1,308.0,DETCHD,DETCHD,Y,0.0,0.0,0.0,0.0,0.0,NA,NA,0,9,2006,WD,NORMAL,123500,True,False
699,20,RL,65.0,8450.0,PAVE,NA,REG,LVL,ALLPUB,INSIDE,GTL,SAWYER,RRAE,NORM,1FAM,1STORY,5,8,1965,2009,GABLE,COMPSHG,METALSD,METALSD,None,0.0,TA,GD,CBLOCK,TA,TA,TA,GLQ,553.0,TA,117.0,224.0,894.0,GASA,EX,Y,SBRKR,894.0,0.0,0.0,894.0,1,0,1,0,3,1,TA,5,TYP,1,GD,DETCHD,DETCHD,1,336.0,DETCHD,DETCHD,Y,416.0,144.0,0.0,0.0,0.0,NA,NA,0,4,2010,WD,NORMAL,138500,True,False
700,120,FV,59.0,4282.0,PAVE,NA,IR2,LVL,ALLPUB,INSIDE,GTL,SOMERST,NORM,NORM,TWNHSE,1STORY,7,5,2004,2004,GABLE,COMPSHG,METALSD,METALSD,None,0.0,GD,TA,PCONC,GD,TA,GD,GLQ,16.0,TA,0.0,1375.0,1391.0,GASA,EX,Y,SBRKR,1391.0,0.0,0.0,1391.0,0,0,2,0,2,1,GD,5,TYP,0,NA,ATTCHD,ATTCHD,2,530.0,ATTCHD,ATTCHD,Y,156.0,158.0,0.0,0.0,0.0,NA,NA,0,7,2008,WD,NORMAL,196000,True,False
701,20,RL,85.0,14331.0,PAVE,NA,REG,LVL,ALLPUB,INSIDE,GTL,TIMBER,NORM,NORM,1FAM,1STORY,8,5,2002,2002,HIP,COMPSHG,VINYLSD,VINYLSD,BRKFACE,630.0,GD,TA,PCONC,EX,TA,EX,GLQ,1274.0,TA,0.0,526.0,1800.0,GASA,EX,Y,SBRKR,1800.0,0.0,0.0,1800.0,1,0,2,0,3,1,GD,7,TYP,1,GD,ATTCHD,ATTCHD,3,765.0,ATTCHD,ATTCHD,Y,270.0,78.0,0.0,0.0,0.0,NA,NA,0,5,2006,WD,NORMAL,312500,True,False
702,20,RL,80.0,9600.0,PAVE,NA,REG,LVL,ALLPUB,INSIDE,GTL,NWAMES,NORM,NORM,1FAM,1STORY,7,5,1969,1969,HIP,COMPSHG,HDBOARD,HDBOARD,BRKFACE,168.0,TA,TA,CBLOCK,TA,TA,TA,UNF,0.0,TA,0.0,1164.0,1164.0,GASA,TA,Y,SBRKR,1164.0,0.0,0.0,1164.0,0,0,1,1,3,1,TA,6,TYP,0,NA,ATTCHD,ATTCHD,2,528.0,ATTCHD,ATTCHD,Y,0.0,0.0,0.0,0.0,0.0,NA,NA,0,7,2006,COD,NORMAL,140000,True,False
703,60,RL,82.0,12438.0,PAVE,NA,IR1,LVL,ALLPUB,INSIDE,GTL,STONEBR,NORM,NORM,1FAM,2STORY,8,5,2006,2006,HIP,COMPSHG,VINYLSD,VINYLSD,BRKFACE,466.0,EX,TA,PCONC,EX,GD,EX,UNF,0.0,GD,0.0,1234.0,1234.0,GASA,EX,Y,SBRKR,1264.0,1312.0,0.0,2576.0,0,0,2,1,4,1,EX,10,TYP,1,GD,BUILTIN,BUILTIN,3,666.0,BUILTIN,BUILTIN,Y,324.0,100.0,0.0,0.0,0.0,NA,NA,0,7,2006,NEW,PARTIAL,361919,True,False
704,190,RM,76.0,7630.0,PAVE,NA,REG,LVL,ALLPUB,INSIDE,GTL,OLDTOWN,FEEDR,NORM,2FMCON,2STORY,5,9,1900,1996,GABLE,COMPSHG,WD SDNG,WD SDNG,None,0.0,TA,GD,BRKTIL,GD,TA,GD,UNF,0.0,TA,0.0,360.0,360.0,GASA,GD,Y,SBRKR,1032.0,780.0,0.0,1812.0,0,0,2,0,4,2,GD,8,TYP,1,PO,DETCHD,DETCHD,2,672.0,DETCHD,DETCHD,N,344.0,0.0,40.0,0.0,0.0,NA,NA,0,5,2010,WD,NORMAL,140000,True,False
705,20,RL,70.0,8400.0,PAVE,NA,REG,LVL,ALLPUB,INSIDE,GTL,COLLGCR,NORM,NORM,1FAM,1STORY,7,5,2004,2005,GABLE,COMPSHG,VINYLSD,VINYLSD,BRKFACE,109.0,GD,TA,PCONC,GD,TA,GD,GLQ,712.0,TA,0.0,761.0,1473.0,GASA,EX,Y,SBRKR,1484.0,0.0,0.0,1484.0,1,0,2,0,3,1,GD,7,TYP,0,NA,ATTCHD,ATTCHD,2,606.0,ATTCHD,ATTCHD,Y,0.0,35.0,0.0,144.0,0.0,NA,NA,0,5,2010,WD,NORMAL,213000,True,False
706,190,RM,70.0,5600.0,PAVE,OTHR,REG,LVL,ALLPUB,INSIDE,GTL,IDOTRR,NORM,NORM,2FMCON,2STORY,4,5,1930,1950,HIP,COMPSHG,VINYLSD,WD SHNG,None,0.0,FA,FA,SLAB,NA,NA,NA,NA,0.0,NA,0.0,0.0,0.0,GASA,FA,N,SBRKR,372.0,720.0,0.0,1092.0,0,0,2,0,3,2,FA,7,MOD,0,NA,NA,NA,0,0.0,NA,NA,N,0.0,0.0,0.0,0.0,0.0,OTHR,OTHR,3500,7,2010,WD,NORMAL,55000,False,False
707,20,RL,0.0,115149.0,PAVE,NA,IR2,LOW,ALLPUB,CULDSAC,SEV,CLEARCR,NORM,NORM,1FAM,1STORY,7,5,1971,2002,GABLE,COMPSHG,PLYWOOD,PLYWOOD,STONE,351.0,TA,TA,CBLOCK,GD,TA,GD,GLQ,1219.0,TA,0.0,424.0,1643.0,GASA,TA,Y,SBRKR,1824.0,0.0,0.0,1824.0,1,0,2,0,2,1,GD,5,TYP,2,TA,ATTCHD,ATTCHD,2,739.0,ATTCHD,ATTCHD,Y,380.0,48.0,0.0,0.0,0.0,NA,NA,0,6,2007,WD,NORMAL,302000,True,False
708,120,RL,48.0,6240.0,PAVE,NA,REG,LVL,ALLPUB,INSIDE,GTL,NRIDGHT,NORM,NORM,TWNHSE,1STORY,8,5,2006,2006,HIP,COMPSHG,METALSD,METALSD,BRKFACE,176.0,GD,TA,PCONC,GD,TA,GD,GLQ,863.0,TA,0.0,461.0,1324.0,GASA,EX,Y,SBRKR,1324.0,0.0,0.0,1324.0,1,0,2,0,2,1,GD,6,TYP,1,GD,ATTCHD,ATTCHD,2,550.0,ATTCHD,ATTCHD,Y,192.0,38.0,0.0,0.0,0.0,NA,NA,0,12,2009,WD,NORMAL,254000,True,False
709,60,RL,65.0,9018.0,PAVE,NA,IR1,LVL,ALLPUB,INSIDE,GTL,GILBERT,NORM,NORM,1FAM,2STORY,7,5,2007,2007,HIP,COMPSHG,VINYLSD,VINYLSD,None,0.0,GD,TA,PCONC,GD,TA,GD,UNF,0.0,TA,0.0,728.0,728.0,GASA,EX,Y,SBRKR,728.0,728.0,0.0,1456.0,0,0,2,1,3,1,GD,8,TYP,1,GD,ATTCHD,ATTCHD,2,400.0,ATTCHD,ATTCHD,Y,100.0,24.0,0.0,0.0,0.0,NA,NA,0,7,2007,NEW,PARTIAL,179540,True,False
710,20,RL,0.0,7162.0,PAVE,NA,IR1,LVL,ALLPUB,INSIDE,GTL,SAWYER,NORM,NORM,1FAM,1STORY,5,7,1966,1966,GABLE,COMPSHG,HDBOARD,HDBOARD,BRKCMN,41.0,TA,TA,PCONC,TA,TA,TA,UNF,0.0,TA,0.0,876.0,876.0,GASA,TA,Y,SBRKR,904.0,0.0,0.0,904.0,0,0,1,0,3,1,TA,6,TYP,0,NA,ATTCHD,ATTCHD,1,408.0,ATTCHD,ATTCHD,Y,0.0,0.0,0.0,0.0,0.0,NA,NA,0,12,2008,WD,ABNORML,109900,True,False
711,30,RL,56.0,4130.0,PAVE,NA,IR1,LVL,ALLPUB,INSIDE,GTL,BRKSIDE,NORM,NORM,1FAM,1STORY,3,6,1935,2003,GABLE,COMPSHG,VINYLSD,VINYLSD,None,0.0,GD,TA,CBLOCK,TA,TA,TA,UNF,0.0,TA,0.0,270.0,270.0,GASA,GD,Y,SBRKR,729.0,0.0,0.0,729.0,0,0,1,0,2,1,TA,5,MAJ2,0,NA,NA,NA,0,0.0,NA,NA,N,0.0,0.0,0.0,0.0,0.0,NA,NA,0,7,2008,WD,NORMAL,52000,False,False
712,50,C (ALL),66.0,8712.0,PAVE,NA,REG,HLS,ALLPUB,INSIDE,MOD,IDOTRR,NORM,NORM,1FAM,1.5FIN,4,7,1900,1950,GABLE,COMPSHG,METALSD,METALSD,None,0.0,TA,TA,STONE,TA,TA,TA,UNF,0.0,TA,0.0,859.0,859.0,GASA,GD,Y,SBRKR,859.0,319.0,0.0,1178.0,0,0,1,0,2,1,TA,7,TYP,0,NA,DETCHD,DETCHD,1,384.0,DETCHD,DETCHD,N,68.0,0.0,98.0,0.0,0.0,NA,NA,0,1,2010,WD,ABNORML,102776,True,False
713,120,RL,40.0,4671.0,PAVE,NA,IR1,HLS,ALLPUB,INSIDE,GTL,STONEBR,NORM,NORM,TWNHSE,1STORY,8,5,1988,1989,GABLE,COMPSHG,HDBOARD,HDBOARD,None,0.0,GD,TA,PCONC,GD,TA,GD,GLQ,767.0,TA,0.0,461.0,1228.0,GASA,GD,Y,SBRKR,1228.0,0.0,0.0,1228.0,1,0,2,0,2,1,GD,5,TYP,1,GD,ATTCHD,ATTCHD,2,472.0,ATTCHD,ATTCHD,Y,168.0,120.0,0.0,0.0,0.0,NA,NA,0,10,2008,WD,NORMAL,189000,True,False
714,190,RL,60.0,9873.0,PAVE,NA,REG,LVL,ALLPUB,INSIDE,GTL,BRKSIDE,RRAN,NORM,2FMCON,1STORY,4,5,1970,1970,GABLE,COMPSHG,HDBOARD,HDBOARD,BRKFACE,160.0,TA,TA,CBLOCK,TA,TA,TA,ALQ,789.0,TA,0.0,171.0,960.0,GASW,TA,N,SBRKR,960.0,0.0,0.0,960.0,1,0,1,0,3,1,TA,6,TYP,0,NA,DETCHD,DETCHD,2,576.0,DETCHD,DETCHD,Y,0.0,288.0,0.0,0.0,0.0,NA,NA,0,5,2006,WD,NORMAL,129000,True,False
715,60,RL,0.0,13517.0,PAVE,NA,IR1,LVL,ALLPUB,CULDSAC,GTL,SAWYER,RRAE,NORM,1FAM,2STORY,6,8,1976,2005,GABLE,COMPSHG,HDBOARD,PLYWOOD,BRKFACE,289.0,GD,TA,CBLOCK,TA,TA,TA,GLQ,533.0,TA,0.0,192.0,725.0,GASA,EX,Y,SBRKR,725.0,754.0,0.0,1479.0,0,0,2,1,3,1,GD,6,TYP,0,NA,ATTCHD,ATTCHD,2,475.0,ATTCHD,ATTCHD,Y,0.0,44.0,0.0,0.0,0.0,NA,NA,0,3,2010,WD,NORMAL,130500,True,False
716,20,RL,78.0,10140.0,PAVE,NA,REG,LVL,ALLPUB,INSIDE,GTL,NWAMES,NORM,NORM,1FAM,1STORY,6,5,1974,1974,HIP,COMPSHG,HDBOARD,HDBOARD,BRKFACE,174.0,TA,TA,CBLOCK,GD,TA,GD,UNF,0.0,TA,0.0,1064.0,1064.0,GASA,TA,Y,SBRKR,1350.0,0.0,0.0,1350.0,0,0,2,0,3,1,TA,7,TYP,1,TA,ATTCHD,ATTCHD,2,478.0,ATTCHD,ATTCHD,Y,0.0,0.0,0.0,0.0,0.0,NA,NA,0,8,2009,WD,NORMAL,165000,True,False
717,70,RM,60.0,10800.0,PAVE,NA,REG,BNK,ALLPUB,INSIDE,GTL,OLDTOWN,NORM,NORM,1FAM,2STORY,7,8,1890,1998,GABLE,COMPSHG,WD SDNG,VINYLSD,None,0.0,TA,GD,BRKTIL,TA,TA,TA,UNF,0.0,TA,0.0,718.0,718.0,GASA,EX,Y,SBRKR,1576.0,978.0,0.0,2554.0,0,0,1,1,3,1,TA,8,TYP,0,NA,DETCHD,DETCHD,2,704.0,DETCHD,DETCHD,P,0.0,48.0,143.0,0.0,0.0,NA,NA,0,7,2007,WD,NORMAL,159500,True,False
718,20,RL,80.0,10000.0,PAVE,NA,REG,LVL,ALLPUB,INSIDE,GTL,NWAMES,NORM,NORM,1FAM,1STORY,5,6,1973,2000,GABLE,COMPSHG,HDBOARD,HDBOARD,None,0.0,TA,TA,CBLOCK,GD,TA,GD,BLQ,1084.0,TA,0.0,92.0,1176.0,GASA,GD,Y,SBRKR,1178.0,0.0,0.0,1178.0,0,1,1,1,3,1,GD,5,TYP,1,FA,ATTCHD,ATTCHD,2,439.0,ATTCHD,ATTCHD,Y,224.0,0.0,0.0,0.0,0.0,NA,NA,0,11,2008,WD,NORMAL,157000,True,False
719,60,RL,96.0,10542.0,PAVE,NA,REG,LVL,ALLPUB,INSIDE,GTL,NORIDGE,NORM,NORM,1FAM,2STORY,7,5,1993,1994,HIP,COMPSHG,WD SDNG,IMSTUCC,BRKFACE,651.0,GD,TA,PCONC,GD,TA,GD,GLQ,1173.0,TA,0.0,138.0,1311.0,GASA,EX,Y,SBRKR,1325.0,1093.0,0.0,2418.0,1,0,2,1,3,1,GD,9,TYP,1,TA,ATTCHD,ATTCHD,3,983.0,ATTCHD,ATTCHD,Y,250.0,154.0,216.0,0.0,0.0,NA,NA,0,8,2008,WD,NORMAL,341000,True,False
720,20,RL,69.0,9920.0,PAVE,NA,IR1,LVL,ALLPUB,INSIDE,GTL,COLLGCR,NORM,NORM,1FAM,1STORY,5,6,1969,1969,GABLE,COMPSHG,HDBOARD,PLYWOOD,None,0.0,TA,TA,CBLOCK,GD,TA,GD,ALQ,523.0,TA,0.0,448.0,971.0,GASA,TA,Y,SBRKR,971.0,0.0,0.0,971.0,0,0,1,1,3,1,TA,5,TYP,1,PO,ATTCHD,ATTCHD,1,300.0,ATTCHD,ATTCHD,Y,0.0,0.0,0.0,0.0,0.0,NA,NA,0,5,2006,WD,NORMAL,128500,True,False
721,120,RL,0.0,6563.0,PAVE,NA,IR1,LOW,ALLPUB,CULDSAC,MOD,STONEBR,NORM,NORM,1FAM,1STORY,8,5,1985,1985,GABLE,COMPSHG,HDBOARD,HDBOARD,None,0.0,GD,TA,PCONC,GD,TA,GD,GLQ,1148.0,TA,0.0,594.0,1742.0,GASA,TA,Y,SBRKR,1742.0,0.0,0.0,1742.0,1,0,2,0,2,1,GD,5,TYP,1,TA,ATTCHD,ATTCHD,2,564.0,ATTCHD,ATTCHD,Y,114.0,28.0,234.0,0.0,0.0,NA,NA,0,12,2006,WD,NORMAL,275000,True,False
722,120,RM,0.0,4426.0,PAVE,NA,REG,LVL,ALLPUB,INSIDE,GTL,COLLGCR,NORM,NORM,TWNHSE,1STORY,6,5,2004,2004,GABLE,COMPSHG,VINYLSD,VINYLSD,BRKFACE,169.0,GD,TA,PCONC,GD,TA,GD,GLQ,662.0,TA,0.0,186.0,848.0,GASA,EX,Y,SBRKR,848.0,0.0,0.0,848.0,1,0,1,0,1,1,GD,3,TYP,0,NA,ATTCHD,ATTCHD,2,420.0,ATTCHD,ATTCHD,Y,160.0,0.0,0.0,0.0,0.0,NA,NA,0,5,2010,WD,NORMAL,143000,True,False
723,20,RL,70.0,8120.0,PAVE,NA,REG,LVL,ALLPUB,INSIDE,GTL,NAMES,NORM,NORM,1FAM,1STORY,4,7,1970,1970,GABLE,COMPSHG,METALSD,METALSD,None,0.0,TA,GD,CBLOCK,TA,TA,TA,ALQ,191.0,TA,0.0,673.0,864.0,GASA,EX,Y,SBRKR,864.0,0.0,0.0,864.0,0,0,1,0,3,1,TA,5,TYP,0,NA,DETCHD,DETCHD,2,463.0,DETCHD,DETCHD,Y,0.0,0.0,0.0,0.0,0.0,NA,NA,0,7,2009,WD,NORMAL,124500,True,False
724,50,RL,60.0,8172.0,PAVE,NA,REG,LVL,ALLPUB,INSIDE,GTL,EDWARDS,NORM,NORM,1FAM,1.5FIN,4,6,1954,1972,GABLE,COMPSHG,METALSD,METALSD,None,0.0,TA,TA,PCONC,TA,TA,TA,UNF,0.0,TA,0.0,941.0,941.0,GASA,EX,Y,SBRKR,997.0,473.0,0.0,1470.0,0,0,2,0,4,1,TA,7,TYP,0,NA,DETCHD,DETCHD,1,548.0,DETCHD,DETCHD,Y,0.0,0.0,0.0,0.0,156.0,NA,NA,0,5,2008,WD,NORMAL,135000,True,False
725,20,RL,86.0,13286.0,PAVE,NA,IR1,LVL,ALLPUB,INSIDE,GTL,EDWARDS,NORM,NORM,1FAM,1STORY,9,5,2007,2008,HIP,COMPSHG,CEMNTBD,CMENTBD,STONE,340.0,EX,TA,PCONC,EX,TA,EX,GLQ,1234.0,TA,0.0,464.0,1698.0,GASA,EX,Y,SBRKR,1698.0,0.0,0.0,1698.0,1,0,2,0,3,1,EX,8,TYP,1,GD,ATTCHD,ATTCHD,3,768.0,ATTCHD,ATTCHD,Y,327.0,64.0,0.0,0.0,0.0,NA,NA,0,2,2009,WD,NORMAL,320000,True,False
726,20,RL,60.0,6960.0,PAVE,SHED,REG,LVL,ALLPUB,INSIDE,GTL,NAMES,NORM,NORM,1FAM,1STORY,4,6,1970,1970,GABLE,COMPSHG,HDBOARD,PLYWOOD,None,0.0,TA,TA,CBLOCK,TA,TA,TA,ALQ,375.0,TA,239.0,250.0,864.0,GASA,TA,Y,SBRKR,864.0,0.0,0.0,864.0,0,0,1,0,3,1,GD,5,TYP,0,NA,DETCHD,DETCHD,2,660.0,DETCHD,DETCHD,Y,96.0,0.0,0.0,0.0,0.0,SHED,SHED,500,11,2009,WD,NORMAL,120500,True,False
727,20,RL,0.0,21695.0,PAVE,NA,IR1,LVL,ALLPUB,CORNER,GTL,CRAWFOR,NORM,NORM,1FAM,1STORY,6,9,1988,2007,HIP,COMPSHG,WD SDNG,PLYWOOD,BRKFACE,260.0,GD,GD,CBLOCK,GD,TA,GD,GLQ,808.0,TA,0.0,72.0,880.0,GASA,EX,Y,SBRKR,1680.0,0.0,0.0,1680.0,1,0,2,0,3,1,GD,5,TYP,1,GD,ATTCHD,ATTCHD,2,540.0,ATTCHD,ATTCHD,Y,292.0,44.0,0.0,182.0,0.0,NA,NA,0,12,2009,WD,NORMAL,222000,True,False
728,20,RL,64.0,7314.0,PAVE,NA,REG,LVL,ALLPUB,INSIDE,GTL,COLLGCR,NORM,NORM,1FAM,1STORY,7,5,2007,2007,GABLE,COMPSHG,VINYLSD,VINYLSD,STONE,82.0,GD,TA,PCONC,GD,TA,GD,GLQ,724.0,TA,0.0,508.0,1232.0,GASA,EX,Y,SBRKR,1232.0,0.0,0.0,1232.0,1,0,2,0,2,1,GD,6,TYP,0,NA,ATTCHD,ATTCHD,2,632.0,ATTCHD,ATTCHD,Y,132.0,0.0,0.0,0.0,0.0,NA,NA,0,2,2009,WD,NORMAL,194500,True,False
729,90,RL,85.0,11475.0,PAVE,NA,REG,LVL,ALLPUB,CORNER,GTL,NAMES,NORM,NORM,DUPLEX,1STORY,5,5,1958,1958,GABLE,COMPSHG,VINYLSD,VINYLSD,BRKFACE,95.0,TA,TA,CBLOCK,TA,TA,TA,UNF,0.0,TA,0.0,1584.0,1584.0,GASA,TA,Y,SBRKR,1776.0,0.0,0.0,1776.0,1,0,2,0,4,2,TA,9,TYP,0,NA,DETCHD,DETCHD,3,888.0,DETCHD,DETCHD,Y,0.0,25.0,0.0,0.0,0.0,NA,NA,0,7,2009,COD,ABNORML,110000,True,False
730,30,RM,52.0,6240.0,PAVE,NA,REG,LVL,ALLPUB,INSIDE,GTL,IDOTRR,NORM,NORM,1FAM,1.5FIN,4,5,1925,1950,GABLE,COMPSHG,METALSD,METALSD,None,0.0,TA,TA,CBLOCK,TA,TA,TA,BLQ,152.0,TA,0.0,628.0,780.0,GASA,TA,Y,FUSEA,848.0,0.0,360.0,1208.0,0,0,1,0,2,1,TA,5,TYP,0,NA,DETCHD,DETCHD,2,539.0,DETCHD,DETCHD,Y,0.0,23.0,112.0,0.0,0.0,NA,NA,0,1,2009,WD,NORMAL,103000,True,False
731,120,RL,39.0,5389.0,PAVE,NA,IR1,LVL,ALLPUB,INSIDE,GTL,STONEBR,NORM,NORM,TWNHSE,1STORY,8,5,1995,1996,GABLE,COMPSHG,CEMNTBD,CMENTBD,None,0.0,GD,TA,PCONC,GD,TA,GD,GLQ,1180.0,TA,0.0,415.0,1595.0,GASA,EX,Y,SBRKR,1616.0,0.0,0.0,1616.0,1,0,2,0,2,1,GD,5,TYP,1,TA,ATTCHD,ATTCHD,2,608.0,ATTCHD,ATTCHD,Y,237.0,152.0,0.0,0.0,0.0,NA,NA,0,3,2010,WD,NORMAL,236500,True,False
732,80,RL,73.0,9590.0,PAVE,NA,IR1,LVL,ALLPUB,CORNER,GTL,TIMBER,NORM,NORM,1FAM,SLVL,7,5,2003,2003,GABLE,COMPSHG,VINYLSD,VINYLSD,BRKFACE,442.0,GD,TA,PCONC,EX,TA,EX,GLQ,786.0,TA,0.0,82.0,868.0,GASA,EX,Y,SBRKR,1146.0,0.0,0.0,1146.0,1,0,2,0,3,1,GD,6,TYP,1,GD,ATTCHD,ATTCHD,2,438.0,ATTCHD,ATTCHD,Y,160.0,22.0,0.0,0.0,0.0,NA,NA,0,5,2007,WD,NORMAL,187500,True,False
733,60,RL,75.0,11404.0,PAVE,NA,IR1,LVL,ALLPUB,INSIDE,GTL,COLLGCR,NORM,NORM,1FAM,2STORY,7,5,1998,1999,GABLE,COMPSHG,VINYLSD,VINYLSD,BRKFACE,202.0,GD,TA,PCONC,GD,TA,GD,ALQ,252.0,TA,0.0,901.0,1153.0,GASA,EX,Y,SBRKR,1153.0,878.0,0.0,2031.0,0,0,2,1,3,1,GD,8,TYP,1,TA,ATTCHD,ATTCHD,2,541.0,ATTCHD,ATTCHD,Y,192.0,84.0,0.0,0.0,0.0,NA,NA,0,7,2008,WD,NORMAL,222500,True,False
734,20,RL,80.0,10000.0,PAVE,SHED,REG,LVL,ALLPUB,CORNER,GTL,SAWYER,FEEDR,NORM,1FAM,1STORY,5,6,1961,1983,HIP,COMPSHG,HDBOARD,HDBOARD,None,0.0,TA,TA,CBLOCK,TA,TA,TA,BLQ,594.0,TA,0.0,270.0,864.0,GASA,EX,Y,SBRKR,1144.0,0.0,0.0,1144.0,1,0,1,0,3,1,TA,6,TYP,1,TA,ATTCHD,ATTCHD,1,264.0,ATTCHD,ATTCHD,Y,165.0,0.0,0.0,0.0,0.0,SHED,SHED,400,3,2009,WD,NORMAL,131400,True,False
735,20,RL,0.0,8978.0,PAVE,NA,IR1,LVL,ALLPUB,CORNER,GTL,SAWYER,NORM,NORM,1FAM,1STORY,5,5,1968,1968,GABLE,COMPSHG,PLYWOOD,PLYWOOD,None,0.0,TA,TA,PCONC,TA,TA,TA,UNF,0.0,TA,0.0,948.0,948.0,GASA,TA,Y,SBRKR,948.0,0.0,0.0,948.0,0,0,1,0,3,1,TA,6,TYP,0,NA,ATTCHD,ATTCHD,1,300.0,ATTCHD,ATTCHD,Y,147.0,0.0,0.0,0.0,0.0,NA,NA,0,5,2007,WD,FAMILY,108000,True,False
736,75,RM,60.0,10800.0,PAVE,NA,REG,LVL,ALLPUB,INSIDE,GTL,OLDTOWN,NORM,NORM,1FAM,2.5UNF,7,7,1914,1970,GABLE,COMPSHG,WD SDNG,WD SDNG,None,0.0,TA,TA,BRKTIL,GD,TA,GD,REC,390.0,TA,0.0,490.0,880.0,GASW,FA,N,SBRKR,880.0,888.0,0.0,1768.0,0,0,1,1,2,1,TA,6,TYP,2,TA,DETCHD,DETCHD,2,320.0,DETCHD,DETCHD,N,0.0,341.0,0.0,0.0,0.0,NA,NA,0,10,2006,WD,NORMAL,163000,True,False
737,90,RL,60.0,8544.0,PAVE,NA,REG,LVL,ALLPUB,INSIDE,GTL,NAMES,NORM,NORM,DUPLEX,1STORY,3,4,1950,1950,GABLE,COMPSHG,STUCCO,STONE,None,0.0,TA,TA,CBLOCK,NA,NA,NA,NA,0.0,NA,0.0,0.0,0.0,GASA,GD,N,FUSEF,1040.0,0.0,0.0,1040.0,0,0,2,0,2,2,TA,6,TYP,0,NA,DETCHD,DETCHD,2,400.0,DETCHD,DETCHD,Y,0.0,0.0,0.0,0.0,0.0,NA,NA,0,7,2006,WD,NORMAL,93500,True,False
738,60,RL,72.0,10463.0,PAVE,NA,IR1,HLS,ALLPUB,CULDSAC,GTL,GILBERT,NORM,NORM,1FAM,2STORY,8,5,2005,2005,GABLE,COMPSHG,VINYLSD,VINYLSD,None,0.0,GD,TA,PCONC,GD,TA,GD,UNF,0.0,TA,0.0,893.0,893.0,GASA,EX,Y,SBRKR,901.0,900.0,0.0,1801.0,0,0,2,1,3,1,GD,8,TYP,1,GD,ATTCHD,ATTCHD,3,800.0,ATTCHD,ATTCHD,Y,0.0,116.0,0.0,0.0,0.0,NA,NA,0,6,2006,WD,NORMAL,239900,True,False
739,90,RL,60.0,10800.0,PAVE,NA,REG,LVL,ALLPUB,INSIDE,GTL,EDWARDS,NORM,NORM,DUPLEX,1STORY,5,5,1987,1988,GABLE,COMPSHG,PLYWOOD,PLYWOOD,None,0.0,TA,TA,CBLOCK,GD,GD,GD,GLQ,1200.0,GD,0.0,0.0,1200.0,GASA,TA,Y,SBRKR,1200.0,0.0,0.0,1200.0,3,0,3,0,3,1,TA,5,TYP,0,NA,NA,NA,0,0.0,NA,NA,Y,120.0,0.0,0.0,0.0,0.0,NA,NA,0,3,2009,WD,ALLOCA,179000,False,False
740,60,RL,65.0,9313.0,PAVE,NA,IR1,LVL,ALLPUB,INSIDE,GTL,COLLGCR,NORM,NORM,1FAM,2STORY,7,5,2004,2004,GABLE,COMPSHG,VINYLSD,VINYLSD,None,0.0,GD,TA,PCONC,GD,TA,GD,UNF,0.0,TA,0.0,864.0,864.0,GASA,EX,Y,SBRKR,864.0,864.0,0.0,1728.0,0,0,2,1,3,1,GD,7,TYP,0,NA,ATTCHD,ATTCHD,2,572.0,ATTCHD,ATTCHD,Y,187.0,56.0,0.0,0.0,0.0,NA,NA,0,4,2009,WD,NORMAL,190000,True,False
741,70,RM,60.0,9600.0,PAVE,NA,REG,LVL,ALLPUB,INSIDE,GTL,OLDTOWN,NORM,NORM,1FAM,2STORY,5,7,1910,2002,GABLE,COMPSHG,WD SDNG,WD SHNG,None,0.0,TA,GD,BRKTIL,FA,FA,FA,UNF,0.0,FA,0.0,264.0,264.0,GASA,EX,Y,SBRKR,768.0,664.0,0.0,1432.0,0,0,2,0,2,1,TA,7,TYP,0,NA,DETCHD,DETCHD,2,360.0,DETCHD,DETCHD,Y,270.0,0.0,112.0,0.0,0.0,NA,NA,0,5,2007,WD,ABNORML,132000,True,False
742,20,RL,65.0,6768.0,PAVE,NA,IR1,LVL,ALLPUB,INSIDE,GTL,SAWYER,FEEDR,NORM,1FAM,1STORY,6,8,1961,1996,HIP,COMPSHG,HDBOARD,HDBOARD,None,0.0,TA,GD,CBLOCK,TA,TA,TA,GLQ,832.0,TA,0.0,80.0,912.0,GASA,GD,Y,SBRKR,912.0,0.0,0.0,912.0,1,1,1,0,3,1,GD,5,TYP,0,NA,DETCHD,DETCHD,1,288.0,DETCHD,DETCHD,Y,168.0,0.0,0.0,0.0,0.0,NA,NA,0,5,2008,WD,NORMAL,142000,True,False
743,20,RL,65.0,8450.0,PAVE,NA,REG,LVL,ALLPUB,INSIDE,GTL,SAWYERW,NORM,NORM,1FAM,1STORY,7,5,2000,2001,GABLE,COMPSHG,VINYLSD,VINYLSD,BRKFACE,108.0,TA,TA,PCONC,GD,TA,GD,UNF,0.0,TA,0.0,1349.0,1349.0,GASA,EX,Y,SBRKR,1349.0,0.0,0.0,1349.0,0,0,2,0,3,1,TA,6,TYP,0,NA,ATTCHD,ATTCHD,2,539.0,ATTCHD,ATTCHD,Y,120.0,55.0,0.0,0.0,0.0,NA,NA,0,12,2007,WD,NORMAL,179000,True,False
744,80,RL,70.0,12886.0,PAVE,NA,IR1,LVL,ALLPUB,INSIDE,GTL,SAWYER,NORM,NORM,1FAM,SLVL,5,6,1963,1999,GABLE,COMPSHG,HDBOARD,HDBOARD,None,0.0,TA,TA,CBLOCK,GD,TA,GD,ALQ,444.0,TA,0.0,76.0,520.0,GASA,EX,Y,SBRKR,1464.0,0.0,0.0,1464.0,0,1,2,0,3,1,TA,6,MIN2,1,TA,ATTCHD,ATTCHD,2,480.0,ATTCHD,ATTCHD,Y,302.0,0.0,0.0,0.0,100.0,NA,NA,0,10,2009,WD,NORMAL,175000,True,False
745,120,RL,41.0,5395.0,PAVE,NA,IR1,HLS,ALLPUB,INSIDE,GTL,STONEBR,NORM,NORM,TWNHSE,1STORY,8,5,1993,1993,GABLE,COMPSHG,HDBOARD,HDBOARD,None,0.0,GD,TA,PCONC,GD,TA,GD,GLQ,733.0,TA,0.0,604.0,1337.0,GASA,GD,Y,SBRKR,1337.0,0.0,0.0,1337.0,1,0,2,0,2,1,GD,5,TYP,1,TA,ATTCHD,ATTCHD,2,462.0,ATTCHD,ATTCHD,Y,96.0,0.0,70.0,168.0,0.0,NA,NA,0,10,2008,WD,NORMAL,180000,True,False
746,60,RL,0.0,8963.0,PAVE,NA,IR1,LVL,ALLPUB,INSIDE,GTL,NWAMES,NORM,NORM,1FAM,2STORY,8,9,1976,1996,HIP,COMPSHG,VINYLSD,VINYLSD,BRKFACE,289.0,EX,GD,CBLOCK,TA,GD,TA,GLQ,575.0,GD,80.0,487.0,1142.0,GASA,EX,Y,SBRKR,1175.0,1540.0,0.0,2715.0,0,1,3,1,4,1,GD,11,TYP,2,TA,BUILTIN,BUILTIN,2,831.0,BUILTIN,BUILTIN,Y,0.0,204.0,0.0,0.0,0.0,NA,NA,0,7,2008,WD,NORMAL,299800,True,False
747,60,RL,0.0,8795.0,PAVE,NA,IR1,LVL,ALLPUB,INSIDE,GTL,GILBERT,NORM,NORM,1FAM,2STORY,7,5,2000,2000,GABLE,COMPSHG,VINYLSD,VINYLSD,None,0.0,GD,TA,PCONC,GD,TA,GD,GLQ,300.0,TA,0.0,652.0,952.0,GASA,EX,Y,SBRKR,980.0,1276.0,0.0,2256.0,0,0,2,1,4,1,GD,8,TYP,1,TA,BUILTIN,BUILTIN,2,554.0,BUILTIN,BUILTIN,Y,224.0,54.0,0.0,0.0,0.0,NA,NA,0,4,2009,WD,NORMAL,236000,True,False
748,70,RM,65.0,11700.0,PAVE,NA,IR1,LVL,ALLPUB,CORNER,GTL,OLDTOWN,NORM,NORM,1FAM,2STORY,7,7,1880,2003,MANSARD,COMPSHG,STUCCO,STUCCO,None,0.0,GD,TA,STONE,TA,FA,TA,UNF,0.0,FA,0.0,1240.0,1240.0,GASW,TA,N,SBRKR,1320.0,1320.0,0.0,2640.0,0,0,1,1,4,1,GD,8,TYP,1,GD,DETCHD,DETCHD,4,864.0,DETCHD,DETCHD,N,181.0,0.0,386.0,0.0,0.0,NA,NA,0,5,2009,WD,NORMAL,265979,True,False
749,20,RL,59.0,10593.0,PAVE,NA,IR1,LVL,ALLPUB,INSIDE,GTL,NORIDGE,NORM,NORM,1FAM,1STORY,7,5,1996,1996,HIP,COMPSHG,VINYLSD,VINYLSD,BRKFACE,338.0,GD,TA,PCONC,GD,TA,GD,GLQ,919.0,TA,0.0,801.0,1720.0,GASA,EX,Y,SBRKR,1720.0,0.0,0.0,1720.0,1,0,2,0,3,1,GD,7,TYP,1,TA,ATTCHD,ATTCHD,2,527.0,ATTCHD,ATTCHD,Y,240.0,56.0,154.0,0.0,0.0,NA,NA,0,3,2010,WD,NORMAL,260400,True,False
750,50,RL,50.0,8405.0,PAVE,NA,REG,LVL,ALLPUB,INSIDE,GTL,EDWARDS,NORM,NORM,1FAM,1.5FIN,4,3,1945,1950,GABLE,COMPSHG,WDSHING,WD SHNG,None,0.0,TA,TA,SLAB,NA,NA,NA,NA,0.0,NA,0.0,0.0,0.0,WALL,TA,N,FUSEF,1088.0,441.0,0.0,1529.0,0,0,2,0,4,1,TA,9,MOD,0,NA,DETCHD,DETCHD,1,240.0,DETCHD,DETCHD,N,92.0,0.0,185.0,0.0,0.0,NA,NA,0,4,2009,WD,NORMAL,98000,True,False
751,50,RM,55.0,8800.0,PAVE,NA,REG,LVL,ALLPUB,CORNER,GTL,OLDTOWN,NORM,NORM,1FAM,1.5FIN,4,7,1910,2004,GABLE,COMPSHG,WD SDNG,WD SDNG,None,0.0,TA,TA,BRKTIL,TA,FA,TA,UNF,0.0,FA,0.0,576.0,576.0,GASA,GD,Y,SBRKR,792.0,348.0,0.0,1140.0,0,0,1,0,3,1,TA,7,MIN2,0,NA,NA,NA,0,0.0,NA,NA,N,0.0,160.0,0.0,0.0,0.0,NA,NA,0,6,2010,WD,NORMAL,96500,False,False
752,60,RL,0.0,7750.0,PAVE,NA,REG,LVL,ALLPUB,INSIDE,GTL,GILBERT,RRAN,NORM,1FAM,2STORY,7,5,2003,2003,GABLE,COMPSHG,VINYLSD,VINYLSD,None,0.0,GD,TA,PCONC,GD,TA,GD,UNF,0.0,TA,0.0,660.0,660.0,GASA,EX,Y,SBRKR,660.0,660.0,0.0,1320.0,0,0,2,1,3,1,GD,6,TYP,0,NA,ATTCHD,ATTCHD,2,400.0,ATTCHD,ATTCHD,Y,0.0,48.0,0.0,0.0,0.0,NA,NA,0,8,2007,WD,NORMAL,162000,True,False
753,20,RL,79.0,9236.0,PAVE,NA,IR1,LVL,ALLPUB,INSIDE,GTL,COLLGCR,NORM,NORM,1FAM,1STORY,6,5,1997,1997,GABLE,COMPSHG,VINYLSD,VINYLSD,None,0.0,TA,GD,PCONC,GD,TA,GD,GLQ,1200.0,TA,0.0,279.0,1479.0,GASA,EX,Y,SBRKR,1494.0,0.0,0.0,1494.0,1,0,2,0,3,1,GD,6,TYP,0,NA,ATTCHD,ATTCHD,2,576.0,ATTCHD,ATTCHD,Y,168.0,27.0,0.0,0.0,0.0,NA,NA,0,7,2006,WD,NORMAL,217000,True,False
754,60,RL,80.0,10240.0,PAVE,NA,REG,LVL,ALLPUB,INSIDE,GTL,NRIDGHT,NORM,NORM,1FAM,2STORY,8,5,2005,2005,GABLE,COMPSHG,VINYLSD,VINYLSD,BRKFACE,178.0,GD,TA,PCONC,GD,TA,GD,UNF,0.0,TA,0.0,1030.0,1030.0,GASA,GD,Y,SBRKR,1038.0,1060.0,0.0,2098.0,0,0,2,1,3,1,EX,8,TYP,1,GD,ATTCHD,ATTCHD,3,878.0,ATTCHD,ATTCHD,Y,192.0,52.0,0.0,0.0,0.0,NA,NA,0,3,2006,WD,NORMAL,275500,True,False
755,20,RL,61.0,7930.0,PAVE,NA,REG,LVL,ALLPUB,INSIDE,GTL,NAMES,NORM,NORM,1FAM,1STORY,6,8,1969,2005,GABLE,COMPSHG,PLYWOOD,PLYWOOD,None,0.0,TA,TA,CBLOCK,TA,TA,TA,GLQ,439.0,TA,472.0,115.0,1026.0,GASA,GD,Y,SBRKR,1026.0,0.0,0.0,1026.0,1,0,1,0,3,1,GD,5,TYP,0,NA,DETCHD,DETCHD,2,440.0,DETCHD,DETCHD,Y,171.0,48.0,0.0,0.0,0.0,NA,NA,0,7,2009,WD,NORMAL,156000,True,False
756,160,FV,34.0,3230.0,PAVE,NA,REG,LVL,ALLPUB,INSIDE,GTL,SOMERST,NORM,NORM,TWNHSE,2STORY,6,5,1999,1999,GABLE,COMPSHG,METALSD,METALSD,BRKFACE,894.0,TA,TA,PCONC,GD,TA,GD,GLQ,381.0,TA,0.0,348.0,729.0,GASA,GD,Y,SBRKR,742.0,729.0,0.0,1471.0,0,0,2,1,3,1,TA,6,TYP,0,NA,DETCHD,DETCHD,2,440.0,DETCHD,DETCHD,Y,0.0,24.0,0.0,0.0,0.0,NA,NA,0,3,2009,WD,NORMAL,172500,True,False
757,60,RL,68.0,10769.0,PAVE,NA,IR1,LVL,ALLPUB,INSIDE,GTL,COLLGCR,NORM,NORM,1FAM,2STORY,8,5,2007,2007,GABLE,COMPSHG,VINYLSD,VINYLSD,None,0.0,GD,TA,PCONC,GD,TA,GD,GLQ,20.0,TA,0.0,846.0,866.0,GASA,EX,Y,SBRKR,866.0,902.0,0.0,1768.0,0,0,2,1,3,1,GD,7,TYP,0,NA,ATTCHD,ATTCHD,2,578.0,ATTCHD,ATTCHD,Y,144.0,105.0,0.0,0.0,0.0,NA,NA,0,4,2009,WD,NORMAL,212000,True,False
758,60,RL,0.0,11616.0,PAVE,NA,IR1,LVL,ALLPUB,CULDSAC,GTL,SAWYER,NORM,NORM,1FAM,2STORY,6,5,1978,1978,HIP,COMPSHG,HDBOARD,HDBOARD,BRKCMN,328.0,TA,TA,CBLOCK,TA,TA,TA,REC,438.0,TA,0.0,234.0,672.0,GASA,TA,Y,SBRKR,672.0,714.0,0.0,1386.0,0,0,2,1,3,1,TA,6,TYP,1,TA,ATTCHD,ATTCHD,2,440.0,ATTCHD,ATTCHD,Y,335.0,0.0,0.0,0.0,0.0,NA,NA,0,4,2010,WD,ABNORML,158900,True,False
759,160,FV,24.0,2280.0,PAVE,NA,REG,LVL,ALLPUB,INSIDE,GTL,SOMERST,NORM,NORM,TWNHS,2STORY,7,5,1999,1999,GABLE,COMPSHG,METALSD,METALSD,BRKFACE,360.0,TA,TA,PCONC,GD,TA,GD,ALQ,549.0,TA,0.0,195.0,744.0,GASA,GD,Y,SBRKR,757.0,744.0,0.0,1501.0,0,0,2,1,3,1,TA,6,TYP,0,NA,DETCHD,DETCHD,2,440.0,DETCHD,DETCHD,Y,0.0,0.0,0.0,0.0,0.0,NA,NA,0,8,2008,WD,NORMAL,179400,True,False
760,60,RL,65.0,12257.0,PAVE,NA,IR1,LVL,ALLPUB,INSIDE,GTL,NORIDGE,NORM,NORM,1FAM,2STORY,8,5,1995,1995,GABLE,COMPSHG,VINYLSD,VINYLSD,BRKFACE,513.0,GD,TA,PCONC,GD,TA,GD,LWQ,56.0,TA,64.0,1198.0,1318.0,GASA,EX,Y,SBRKR,1328.0,1203.0,0.0,2531.0,0,0,2,1,4,1,GD,9,TYP,1,TA,ATTCHD,ATTCHD,3,752.0,ATTCHD,ATTCHD,Y,222.0,98.0,0.0,0.0,0.0,NA,NA,0,11,2007,WD,NORMAL,290000,True,False
761,20,RL,70.0,9100.0,PAVE,SHED,REG,LVL,ALLPUB,INSIDE,GTL,NAMES,NORM,NORM,1FAM,1STORY,6,6,1959,1959,HIP,COMPSHG,WD SDNG,WD SDNG,None,0.0,TA,TA,CBLOCK,TA,TA,TA,REC,612.0,TA,0.0,252.0,864.0,GASA,EX,Y,SBRKR,864.0,0.0,0.0,864.0,0,0,1,0,2,1,TA,5,TYP,0,NA,DETCHD,DETCHD,1,300.0,DETCHD,DETCHD,Y,0.0,0.0,0.0,0.0,0.0,SHED,SHED,450,10,2009,WD,NORMAL,127500,True,False
762,30,RM,60.0,6911.0,PAVE,NA,REG,LVL,ALLPUB,FR2,GTL,BRKSIDE,FEEDR,NORM,1FAM,1STORY,5,5,1924,1950,GABLE,COMPSHG,WD SDNG,WD SDNG,None,0.0,TA,TA,PCONC,TA,TA,TA,LWQ,405.0,TA,0.0,740.0,1145.0,GASA,TA,Y,SBRKR,1301.0,0.0,0.0,1301.0,0,0,1,0,2,1,FA,5,MIN1,0,NA,DETCHD,DETCHD,2,440.0,DETCHD,DETCHD,Y,0.0,0.0,0.0,0.0,0.0,NA,NA,0,10,2009,WD,NORMAL,100000,True,False
763,60,FV,72.0,8640.0,PAVE,NA,REG,LVL,ALLPUB,INSIDE,GTL,SOMERST,NORM,NORM,1FAM,2STORY,7,5,2009,2009,GABLE,COMPSHG,VINYLSD,VINYLSD,None,0.0,TA,TA,PCONC,GD,TA,GD,GLQ,24.0,TA,0.0,732.0,756.0,GASA,EX,Y,SBRKR,764.0,783.0,0.0,1547.0,0,0,2,1,3,1,GD,7,TYP,0,NA,ATTCHD,ATTCHD,2,614.0,ATTCHD,ATTCHD,Y,169.0,45.0,0.0,0.0,0.0,NA,NA,0,6,2010,CON,NORMAL,215200,True,False
764,60,RL,82.0,9430.0,PAVE,NA,REG,LVL,ALLPUB,INSIDE,GTL,NORIDGE,NORM,NORM,1FAM,2STORY,8,5,1999,1999,GABLE,COMPSHG,VINYLSD,VINYLSD,BRKFACE,673.0,GD,TA,PCONC,GD,TA,GD,GLQ,1163.0,TA,0.0,89.0,1252.0,GASA,EX,Y,SBRKR,1268.0,1097.0,0.0,2365.0,1,0,2,1,3,1,GD,8,TYP,1,GD,ATTCHD,ATTCHD,3,856.0,ATTCHD,ATTCHD,Y,0.0,128.0,0.0,0.0,180.0,NA,NA,0,7,2009,WD,NORMAL,337000,True,False
765,120,RL,30.0,9549.0,PAVE,NA,IR1,LVL,ALLPUB,CULDSAC,GTL,VEENKER,NORM,NORM,TWNHSE,1STORY,8,5,1995,1996,HIP,COMPSHG,BRKFACE,BRKFACE,None,0.0,GD,GD,PCONC,GD,GD,GD,LWQ,437.0,GD,1057.0,0.0,1494.0,GASA,EX,Y,SBRKR,1494.0,0.0,0.0,1494.0,1,0,1,1,2,1,EX,6,TYP,1,GD,ATTCHD,ATTCHD,2,481.0,ATTCHD,ATTCHD,Y,0.0,30.0,0.0,0.0,216.0,NA,NA,0,4,2006,WD,NORMAL,270000,True,False
766,20,RL,75.0,14587.0,PAVE,NA,IR1,LVL,ALLPUB,INSIDE,GTL,SOMERST,NORM,NORM,1FAM,1STORY,9,5,2008,2008,GABLE,COMPSHG,VINYLSD,VINYLSD,STONE,284.0,GD,TA,PCONC,GD,TA,GD,UNF,0.0,TA,0.0,1498.0,1498.0,GASA,EX,Y,SBRKR,1506.0,0.0,0.0,1506.0,0,0,2,0,2,1,EX,6,TYP,1,GD,ATTCHD,ATTCHD,2,592.0,ATTCHD,ATTCHD,Y,0.0,174.0,0.0,0.0,0.0,NA,NA,0,8,2008,NEW,PARTIAL,264132,True,False
767,60,RL,80.0,10421.0,PAVE,SHED,REG,LVL,ALLPUB,INSIDE,GTL,NWAMES,NORM,NORM,1FAM,2STORY,7,5,1988,1988,GABLE,COMPSHG,HDBOARD,HDBOARD,BRKFACE,42.0,TA,TA,CBLOCK,GD,TA,GD,GLQ,394.0,TA,0.0,586.0,980.0,GASA,TA,Y,SBRKR,980.0,734.0,0.0,1714.0,0,0,2,1,3,1,TA,7,TYP,1,TA,ATTCHD,ATTCHD,2,496.0,ATTCHD,ATTCHD,Y,228.0,66.0,156.0,0.0,0.0,SHED,SHED,500,3,2010,WD,NORMAL,196500,True,False
768,50,RL,75.0,12508.0,PAVE,SHED,IR1,LVL,ALLPUB,INSIDE,GTL,MITCHEL,NORM,NORM,1FAM,1.5FIN,6,7,1940,1985,GABLE,COMPSHG,VINYLSD,VINYLSD,None,0.0,TA,TA,CBLOCK,GD,TA,GD,ALQ,660.0,TA,0.0,323.0,983.0,GASA,EX,Y,SBRKR,983.0,767.0,0.0,1750.0,1,0,2,0,4,1,TA,7,MOD,0,NA,ATTCHD,ATTCHD,1,423.0,ATTCHD,ATTCHD,Y,245.0,0.0,156.0,0.0,0.0,SHED,SHED,1300,7,2008,WD,NORMAL,160000,True,False
769,20,RL,70.0,9100.0,PAVE,NA,REG,LVL,ALLPUB,INSIDE,GTL,COLLGCR,NORM,NORM,1FAM,1STORY,7,5,2004,2005,HIP,COMPSHG,VINYLSD,VINYLSD,None,0.0,GD,TA,PCONC,GD,TA,GD,GLQ,24.0,TA,0.0,1836.0,1860.0,GASA,EX,Y,SBRKR,1836.0,0.0,0.0,1836.0,0,0,2,0,3,1,GD,8,TYP,1,GD,ATTCHD,ATTCHD,2,484.0,ATTCHD,ATTCHD,Y,120.0,33.0,0.0,0.0,0.0,NA,NA,0,10,2006,WD,NORMAL,216837,True,False
770,60,RL,47.0,53504.0,PAVE,NA,IR2,HLS,ALLPUB,CULDSAC,MOD,STONEBR,NORM,NORM,1FAM,2STORY,8,5,2003,2003,HIP,COMPSHG,CEMNTBD,WD SHNG,BRKFACE,603.0,EX,TA,PCONC,GD,TA,GD,ALQ,1416.0,TA,0.0,234.0,1650.0,GASA,EX,Y,SBRKR,1690.0,1589.0,0.0,3279.0,1,0,3,1,4,1,EX,12,MOD,1,GD,BUILTIN,BUILTIN,3,841.0,BUILTIN,BUILTIN,Y,503.0,36.0,0.0,0.0,210.0,NA,NA,0,6,2010,WD,NORMAL,538000,True,False
771,85,RL,0.0,7252.0,PAVE,NA,IR1,LVL,ALLPUB,CULDSAC,GTL,SAWYER,NORM,NORM,1FAM,SFOYER,5,5,1982,1982,HIP,COMPSHG,WD SDNG,WD SDNG,None,0.0,TA,TA,CBLOCK,GD,TA,GD,GLQ,685.0,TA,0.0,173.0,858.0,GASA,TA,Y,SBRKR,858.0,0.0,0.0,858.0,1,0,1,0,2,1,TA,5,TYP,0,NA,DETCHD,DETCHD,2,576.0,DETCHD,DETCHD,Y,120.0,0.0,0.0,0.0,0.0,NA,NA,0,4,2009,WD,NORMAL,134900,True,False
772,20,RL,67.0,8877.0,PAVE,NA,REG,LVL,ALLPUB,INSIDE,GTL,EDWARDS,NORM,NORM,1FAM,1STORY,4,5,1951,1951,GABLE,COMPSHG,WD SDNG,WD SDNG,None,0.0,TA,TA,CBLOCK,FA,FA,FA,LWQ,836.0,FA,0.0,0.0,836.0,GASA,TA,Y,FUSEF,1220.0,0.0,0.0,1220.0,0,0,1,0,2,1,TA,6,TYP,0,NA,DETCHD,DETCHD,2,396.0,DETCHD,DETCHD,Y,0.0,0.0,0.0,0.0,0.0,NA,NA,0,4,2006,COD,NORMAL,102000,True,False
773,80,RL,94.0,7819.0,PAVE,NA,REG,LVL,ALLPUB,INSIDE,GTL,EDWARDS,NORM,NORM,1FAM,SLVL,6,5,1976,1976,GABLE,COMPSHG,PLYWOOD,PLYWOOD,None,0.0,TA,TA,CBLOCK,TA,TA,TA,ALQ,422.0,TA,127.0,480.0,1029.0,GASA,TA,Y,SBRKR,1117.0,0.0,0.0,1117.0,1,0,1,0,3,1,TA,6,TYP,1,TA,DETCHD,DETCHD,2,672.0,DETCHD,DETCHD,Y,144.0,0.0,0.0,0.0,0.0,NA,NA,0,3,2010,WD,ABNORML,107000,True,False
774,20,RL,70.0,10150.0,PAVE,NA,REG,LVL,ALLPUB,INSIDE,GTL,NAMES,FEEDR,NORM,1FAM,1STORY,5,5,1958,1958,GABLE,COMPSHG,WD SDNG,WD SDNG,None,1.0,TA,TA,CBLOCK,TA,TA,TA,REC,456.0,TA,0.0,456.0,912.0,GASA,EX,Y,FUSEA,912.0,0.0,0.0,912.0,0,0,1,0,2,1,TA,5,TYP,0,NA,ATTCHD,ATTCHD,1,275.0,ATTCHD,ATTCHD,Y,0.0,0.0,0.0,0.0,0.0,NA,NA,0,7,2007,COD,NORMAL,114500,True,False
775,20,RL,110.0,14226.0,PAVE,NA,REG,LVL,ALLPUB,CORNER,GTL,NRIDGHT,NORM,NORM,1FAM,1STORY,8,5,2006,2006,HIP,COMPSHG,VINYLSD,VINYLSD,BRKFACE,375.0,GD,TA,PCONC,GD,TA,GD,UNF,0.0,TA,0.0,1935.0,1935.0,GASA,GD,Y,SBRKR,1973.0,0.0,0.0,1973.0,0,0,2,0,3,1,GD,9,TYP,1,GD,ATTCHD,ATTCHD,3,895.0,ATTCHD,ATTCHD,Y,315.0,45.0,0.0,0.0,0.0,NA,NA,0,7,2007,NEW,PARTIAL,395000,True,False
776,120,RM,32.0,4500.0,PAVE,NA,REG,LVL,ALLPUB,FR2,GTL,MITCHEL,NORM,NORM,TWNHSE,1STORY,6,5,1998,1998,HIP,COMPSHG,VINYLSD,VINYLSD,BRKFACE,320.0,TA,TA,PCONC,EX,TA,EX,GLQ,866.0,TA,0.0,338.0,1204.0,GASA,EX,Y,SBRKR,1204.0,0.0,0.0,1204.0,1,0,2,0,2,1,TA,5,TYP,0,NA,ATTCHD,ATTCHD,2,412.0,ATTCHD,ATTCHD,Y,0.0,247.0,0.0,0.0,0.0,NA,NA,0,6,2009,WD,NORMAL,162000,True,False
777,20,RL,86.0,11210.0,PAVE,NA,IR1,LVL,ALLPUB,INSIDE,GTL,COLLGCR,NORM,NORM,1FAM,1STORY,7,5,2005,2006,GABLE,COMPSHG,VINYLSD,VINYLSD,BRKFACE,240.0,GD,TA,PCONC,GD,TA,GD,GLQ,20.0,TA,0.0,1594.0,1614.0,GASA,EX,Y,SBRKR,1614.0,0.0,0.0,1614.0,0,0,2,0,3,1,GD,7,TYP,0,NA,ATTCHD,ATTCHD,3,865.0,ATTCHD,ATTCHD,Y,144.0,59.0,0.0,0.0,0.0,NA,NA,0,7,2006,NEW,PARTIAL,221500,True,False
778,20,RL,100.0,13350.0,PAVE,NA,IR1,LVL,ALLPUB,INSIDE,GTL,SAWYER,NORM,NORM,1FAM,1STORY,5,5,1974,1974,HIP,COMPSHG,HDBOARD,PLYWOOD,None,0.0,TA,TA,CBLOCK,TA,TA,TA,ALQ,762.0,TA,0.0,102.0,864.0,GASA,TA,Y,SBRKR,894.0,0.0,0.0,894.0,1,0,1,0,3,1,TA,5,TYP,1,FA,ATTCHD,ATTCHD,2,440.0,ATTCHD,ATTCHD,Y,241.0,0.0,0.0,0.0,0.0,NA,NA,0,6,2006,WD,NORMAL,142500,True,False
779,90,RH,60.0,8400.0,PAVE,NA,REG,LVL,ALLPUB,INSIDE,GTL,SAWYERW,FEEDR,NORM,DUPLEX,1STORY,5,5,1977,1977,GABLE,COMPSHG,PLYWOOD,PLYWOOD,BRKFACE,320.0,TA,TA,SLAB,NA,NA,NA,NA,0.0,NA,0.0,0.0,0.0,GASA,TA,Y,SBRKR,2020.0,0.0,0.0,2020.0,0,0,2,0,4,2,TA,10,TYP,2,TA,DETCHD,DETCHD,2,630.0,DETCHD,DETCHD,Y,0.0,0.0,0.0,0.0,0.0,NA,NA,0,10,2007,WD,NORMAL,144000,True,False
780,90,RL,78.0,10530.0,PAVE,NA,REG,LVL,ALLPUB,INSIDE,GTL,MITCHEL,NORM,NORM,DUPLEX,SFOYER,6,5,1977,1977,GABLE,COMPSHG,PLYWOOD,IMSTUCC,BRKFACE,90.0,TA,TA,CBLOCK,GD,TA,GD,GLQ,975.0,TA,0.0,0.0,975.0,GASA,TA,Y,SBRKR,1004.0,0.0,0.0,1004.0,1,0,1,0,2,1,TA,4,TYP,0,NA,ATTCHD,ATTCHD,2,504.0,ATTCHD,ATTCHD,Y,0.0,0.0,0.0,0.0,0.0,NA,NA,0,5,2006,WD,NORMAL,135000,True,False
781,20,RL,63.0,7875.0,PAVE,NA,REG,LVL,ALLPUB,INSIDE,GTL,GILBERT,NORM,NORM,1FAM,1STORY,7,5,1995,1996,GABLE,COMPSHG,HDBOARD,HDBOARD,BRKFACE,38.0,TA,TA,PCONC,GD,GD,GD,UNF,0.0,GD,0.0,1237.0,1237.0,GASA,GD,Y,SBRKR,1253.0,0.0,0.0,1253.0,0,0,2,0,3,1,TA,6,TYP,1,TA,ATTCHD,ATTCHD,2,402.0,ATTCHD,ATTCHD,Y,220.0,21.0,0.0,0.0,0.0,NA,NA,0,6,2007,WD,NORMAL,176000,True,False
782,60,RL,65.0,7153.0,PAVE,NA,REG,LVL,ALLPUB,INSIDE,GTL,SAWYERW,NORM,NORM,1FAM,2STORY,6,5,1992,1992,GABLE,COMPSHG,VINYLSD,VINYLSD,None,0.0,GD,GD,PCONC,GD,TA,GD,ALQ,387.0,TA,0.0,374.0,761.0,GASA,EX,Y,SBRKR,810.0,793.0,0.0,1603.0,0,0,2,1,3,1,GD,7,TYP,0,NA,ATTCHD,ATTCHD,2,484.0,ATTCHD,ATTCHD,Y,0.0,124.0,0.0,0.0,0.0,NA,NA,0,7,2006,WD,NORMAL,175900,True,False
783,20,RL,67.0,16285.0,PAVE,NA,IR2,LVL,ALLPUB,INSIDE,GTL,COLLGCR,NORM,NORM,1FAM,1STORY,7,5,2001,2002,GABLE,COMPSHG,VINYLSD,VINYLSD,None,0.0,GD,TA,PCONC,GD,TA,GD,UNF,0.0,TA,0.0,1413.0,1413.0,GASA,EX,Y,SBRKR,1430.0,0.0,0.0,1430.0,0,0,2,0,3,1,GD,6,TYP,0,NA,ATTCHD,ATTCHD,2,605.0,ATTCHD,ATTCHD,Y,0.0,33.0,0.0,0.0,0.0,NA,NA,0,6,2009,WD,NORMAL,187100,True,False
784,85,RL,0.0,9101.0,PAVE,NA,IR1,LVL,ALLPUB,CORNER,GTL,MITCHEL,NORM,NORM,1FAM,SFOYER,5,6,1978,1978,GABLE,COMPSHG,PLYWOOD,PLYWOOD,BRKFACE,104.0,TA,GD,PCONC,GD,TA,GD,GLQ,1097.0,TA,0.0,0.0,1097.0,GASA,EX,Y,SBRKR,1110.0,0.0,0.0,1110.0,1,0,1,0,1,1,GD,4,TYP,1,TA,ATTCHD,ATTCHD,2,602.0,ATTCHD,ATTCHD,Y,303.0,30.0,0.0,0.0,0.0,NA,NA,0,7,2009,WD,NORMAL,165500,True,False
785,75,RM,35.0,6300.0,PAVE,NA,REG,LVL,ALLPUB,INSIDE,GTL,OLDTOWN,NORM,NORM,1FAM,2.5UNF,6,6,1914,2001,GABLE,COMPSHG,WD SDNG,WD SHNG,None,0.0,TA,TA,CBLOCK,TA,TA,TA,UNF,0.0,TA,0.0,742.0,742.0,GASA,EX,Y,SBRKR,742.0,742.0,0.0,1484.0,0,0,2,0,3,1,TA,9,TYP,1,GD,NA,NA,0,0.0,NA,NA,Y,0.0,291.0,134.0,0.0,0.0,NA,NA,0,6,2008,WD,NORMAL,128000,False,False
786,20,RL,0.0,9790.0,PAVE,NA,REG,LVL,ALLPUB,INSIDE,GTL,NWAMES,FEEDR,NORM,1FAM,1STORY,6,5,1967,1967,GABLE,COMPSHG,BRKFACE,WD SDNG,None,0.0,TA,TA,CBLOCK,TA,TA,TA,REC,251.0,TA,630.0,491.0,1372.0,GASA,TA,Y,SBRKR,1342.0,0.0,0.0,1342.0,0,0,2,0,3,1,TA,7,TYP,1,GD,ATTCHD,ATTCHD,2,457.0,ATTCHD,ATTCHD,Y,0.0,0.0,0.0,0.0,197.0,NA,NA,0,9,2009,WD,NORMAL,161500,True,False
787,50,RM,60.0,10800.0,PAVE,SHED,REG,LVL,ALLPUB,INSIDE,GTL,OLDTOWN,ARTERY,NORM,1FAM,1.5FIN,5,6,1915,1950,GABLE,COMPSHG,METALSD,METALSD,None,0.0,TA,GD,PCONC,FA,TA,FA,LWQ,686.0,TA,0.0,0.0,686.0,GASA,TA,Y,SBRKR,966.0,686.0,0.0,1652.0,1,0,2,0,4,1,TA,7,TYP,0,NA,DETCHD,DETCHD,1,416.0,DETCHD,DETCHD,Y,0.0,0.0,196.0,0.0,0.0,SHED,SHED,1200,6,2010,WD,NORMAL,139000,True,False
788,60,RL,76.0,10142.0,PAVE,NA,IR1,LVL,ALLPUB,INSIDE,GTL,SAWYERW,NORM,NORM,1FAM,2STORY,7,5,2004,2004,GABLE,COMPSHG,VINYLSD,VINYLSD,None,0.0,GD,TA,PCONC,GD,TA,GD,GLQ,656.0,TA,0.0,300.0,956.0,GASA,EX,Y,SBRKR,956.0,1128.0,0.0,2084.0,1,0,2,1,4,1,GD,8,TYP,0,NA,BUILTIN,BUILTIN,2,618.0,BUILTIN,BUILTIN,Y,0.0,45.0,0.0,0.0,0.0,NA,NA,0,1,2010,WD,NORMAL,233000,True,False
789,20,RM,50.0,6000.0,PAVE,NA,REG,LVL,ALLPUB,CORNER,GTL,OLDTOWN,NORM,NORM,1FAM,1STORY,4,7,1954,2000,GABLE,COMPSHG,METALSD,METALSD,None,0.0,TA,TA,CBLOCK,TA,TA,TA,UNF,0.0,TA,0.0,901.0,901.0,GASA,EX,Y,SBRKR,901.0,0.0,0.0,901.0,0,0,1,0,2,1,TA,4,TYP,0,NA,DETCHD,DETCHD,1,281.0,DETCHD,DETCHD,Y,0.0,0.0,0.0,0.0,0.0,NA,NA,0,8,2008,WD,NORMAL,107900,True,False
790,60,RL,0.0,12205.0,PAVE,NA,IR1,LOW,ALLPUB,INSIDE,GTL,CLEARCR,NORM,NORM,1FAM,2STORY,6,8,1966,2007,GABLE,COMPSHG,HDBOARD,HDBOARD,BRKFACE,157.0,TA,TA,CBLOCK,TA,FA,TA,LWQ,568.0,FA,0.0,264.0,832.0,GASA,GD,Y,SBRKR,976.0,1111.0,0.0,2087.0,0,0,2,1,5,1,GD,9,TYP,0,NA,ATTCHD,ATTCHD,2,444.0,ATTCHD,ATTCHD,Y,133.0,168.0,0.0,0.0,0.0,NA,NA,0,7,2007,WD,NORMAL,187500,True,False
791,120,RL,43.0,3182.0,PAVE,NA,REG,LVL,ALLPUB,INSIDE,GTL,BLMNGTN,NORM,NORM,TWNHSE,1STORY,7,5,2005,2006,GABLE,COMPSHG,VINYLSD,VINYLSD,BRKFACE,11.0,GD,TA,PCONC,GD,TA,GD,GLQ,16.0,TA,0.0,1129.0,1145.0,GASA,EX,Y,SBRKR,1145.0,0.0,0.0,1145.0,0,0,2,0,2,1,GD,5,TYP,1,GD,ATTCHD,ATTCHD,2,397.0,ATTCHD,ATTCHD,Y,100.0,16.0,0.0,0.0,0.0,NA,NA,0,9,2009,WD,NORMAL,160200,True,False
792,80,RL,0.0,11333.0,PAVE,NA,IR1,LVL,ALLPUB,CORNER,GTL,MITCHEL,NORM,NORM,1FAM,SLVL,6,5,1976,1976,GABLE,COMPSHG,HDBOARD,HDBOARD,None,0.0,TA,TA,PCONC,GD,TA,GD,ALQ,539.0,TA,0.0,490.0,1029.0,GASA,TA,Y,SBRKR,1062.0,0.0,0.0,1062.0,1,0,1,0,3,1,TA,5,TYP,2,TA,ATTCHD,ATTCHD,2,539.0,ATTCHD,ATTCHD,Y,120.0,0.0,0.0,0.0,0.0,NA,NA,0,5,2007,WD,NORMAL,146800,True,False
793,60,RL,92.0,9920.0,PAVE,NA,IR1,LVL,ALLPUB,CULDSAC,GTL,NORIDGE,NORM,NORM,1FAM,2STORY,7,5,1996,1997,GABLE,COMPSHG,METALSD,METALSD,None,0.0,GD,TA,PCONC,GD,TA,GD,GLQ,862.0,TA,0.0,255.0,1117.0,GASA,EX,Y,SBRKR,1127.0,886.0,0.0,2013.0,1,0,2,1,3,1,TA,8,TYP,1,TA,ATTCHD,ATTCHD,2,455.0,ATTCHD,ATTCHD,Y,180.0,130.0,0.0,0.0,0.0,NA,NA,0,6,2007,WD,NORMAL,269790,True,False
794,20,RL,76.0,9158.0,PAVE,NA,REG,LVL,ALLPUB,INSIDE,GTL,SOMERST,NORM,NORM,1FAM,1STORY,8,5,2007,2007,GABLE,COMPSHG,CEMNTBD,CMENTBD,STONE,140.0,GD,TA,PCONC,GD,TA,GD,UNF,0.0,TA,0.0,1496.0,1496.0,GASA,EX,Y,SBRKR,1496.0,0.0,0.0,1496.0,0,0,2,0,3,1,GD,7,TYP,0,NA,ATTCHD,ATTCHD,2,474.0,ATTCHD,ATTCHD,Y,168.0,130.0,0.0,0.0,0.0,NA,NA,0,6,2007,NEW,PARTIAL,225000,True,False
795,60,RL,0.0,10832.0,PAVE,SHED,IR1,LVL,ALLPUB,CORNER,GTL,GILBERT,NORM,NORM,1FAM,2STORY,7,5,1994,1996,GABLE,COMPSHG,METALSD,METALSD,None,0.0,GD,TA,PCONC,GD,TA,GD,UNF,0.0,TA,0.0,712.0,712.0,GASA,EX,Y,SBRKR,1086.0,809.0,0.0,1895.0,0,0,2,1,3,1,GD,7,TYP,1,TA,ATTCHD,ATTCHD,2,409.0,ATTCHD,ATTCHD,Y,143.0,46.0,0.0,0.0,0.0,SHED,SHED,500,10,2008,WD,NORMAL,194500,True,False
796,60,RL,70.0,8400.0,PAVE,NA,REG,LVL,ALLPUB,INSIDE,GTL,SAWYERW,NORM,NORM,1FAM,2STORY,6,6,1980,1981,GABLE,COMPSHG,HDBOARD,HDBOARD,BRKFACE,130.0,TA,TA,CBLOCK,GD,TA,GD,UNF,0.0,TA,0.0,650.0,650.0,GASA,TA,Y,SBRKR,888.0,676.0,0.0,1564.0,0,0,2,1,3,1,TA,7,TYP,1,TA,ATTCHD,ATTCHD,2,476.0,ATTCHD,ATTCHD,Y,0.0,50.0,0.0,0.0,204.0,NA,NA,0,4,2010,WD,NORMAL,171000,True,False
797,20,RL,71.0,8197.0,PAVE,NA,REG,LVL,ALLPUB,INSIDE,GTL,SAWYER,NORM,NORM,1FAM,1STORY,6,5,1977,1977,GABLE,COMPSHG,PLYWOOD,PLYWOOD,BRKFACE,148.0,TA,TA,CBLOCK,TA,TA,TA,UNF,0.0,TA,0.0,660.0,660.0,GASA,EX,Y,SBRKR,1285.0,0.0,0.0,1285.0,0,0,1,1,3,1,TA,7,TYP,1,TA,ATTCHD,ATTCHD,2,528.0,ATTCHD,ATTCHD,Y,138.0,0.0,0.0,0.0,0.0,NA,NA,0,4,2007,WD,NORMAL,143500,True,False
798,20,RL,57.0,7677.0,PAVE,NA,REG,LVL,ALLPUB,INSIDE,GTL,NAMES,NORM,NORM,1FAM,1STORY,5,5,1953,1953,GABLE,COMPSHG,VINYLSD,VINYLSD,None,0.0,TA,TA,CBLOCK,TA,TA,TA,BLQ,570.0,TA,0.0,203.0,773.0,GASA,GD,Y,SBRKR,773.0,0.0,0.0,773.0,0,0,1,0,2,1,TA,4,TYP,0,NA,ATTCHD,ATTCHD,1,240.0,ATTCHD,ATTCHD,Y,0.0,0.0,0.0,0.0,0.0,NA,NA,0,4,2008,WD,ABNORML,110000,True,False
799,60,RL,104.0,13518.0,PAVE,NA,REG,LVL,ALLPUB,INSIDE,GTL,NRIDGHT,NORM,NORM,1FAM,2STORY,9,5,2008,2009,HIP,COMPSHG,VINYLSD,VINYLSD,STONE,860.0,EX,TA,PCONC,EX,TA,EX,UNF,0.0,TA,0.0,1926.0,1926.0,GASA,EX,Y,SBRKR,1966.0,1174.0,0.0,3140.0,0,0,3,1,4,1,EX,11,TYP,2,GD,BUILTIN,BUILTIN,3,820.0,BUILTIN,BUILTIN,Y,144.0,78.0,0.0,0.0,0.0,NA,NA,0,7,2009,NEW,PARTIAL,485000,True,False
800,50,RL,60.0,7200.0,PAVE,NA,REG,LVL,ALLPUB,CORNER,GTL,SWISU,FEEDR,NORM,1FAM,1.5FIN,5,7,1937,1950,GABLE,COMPSHG,WD SDNG,WD SDNG,BRKFACE,252.0,TA,TA,BRKTIL,GD,TA,GD,ALQ,569.0,TA,0.0,162.0,731.0,GASA,EX,Y,SBRKR,981.0,787.0,0.0,1768.0,1,0,1,1,3,1,GD,7,TYP,2,TA,DETCHD,DETCHD,1,240.0,DETCHD,DETCHD,Y,0.0,0.0,264.0,0.0,0.0,NA,NA,0,6,2007,WD,NORMAL,175000,True,False
801,60,RL,79.0,12798.0,PAVE,SHED,IR1,HLS,ALLPUB,INSIDE,MOD,CLEARCR,FEEDR,NORM,1FAM,2STORY,6,5,1997,1997,GABLE,COMPSHG,VINYLSD,VINYLSD,None,0.0,TA,TA,PCONC,GD,TA,GD,GLQ,462.0,TA,0.0,154.0,616.0,GASA,GD,Y,SBRKR,616.0,1072.0,0.0,1688.0,1,0,2,1,4,1,GD,8,TYP,0,NA,ATTCHD,ATTCHD,2,603.0,ATTCHD,ATTCHD,Y,403.0,114.0,185.0,0.0,0.0,SHED,SHED,400,5,2008,WD,NORMAL,200000,True,False
802,30,RM,40.0,4800.0,PAVE,NA,REG,LVL,ALLPUB,INSIDE,GTL,IDOTRR,NORM,NORM,1FAM,1STORY,4,7,1916,1990,GABLE,COMPSHG,METALSD,METALSD,None,0.0,TA,TA,CBLOCK,TA,TA,TA,LWQ,197.0,TA,0.0,999.0,1196.0,GASA,EX,Y,FUSEA,1196.0,0.0,0.0,1196.0,1,0,1,0,2,1,TA,5,TYP,0,NA,DETCHD,DETCHD,2,440.0,DETCHD,DETCHD,Y,0.0,0.0,0.0,0.0,0.0,NA,NA,0,7,2007,WD,NORMAL,109900,True,False
803,60,RL,63.0,8199.0,PAVE,NA,REG,LVL,ALLPUB,INSIDE,GTL,COLLGCR,NORM,NORM,1FAM,2STORY,7,5,2005,2005,GABLE,COMPSHG,WDSHING,WD SHNG,None,0.0,GD,TA,PCONC,GD,TA,GD,GLQ,648.0,TA,0.0,80.0,728.0,GASA,EX,Y,SBRKR,728.0,728.0,0.0,1456.0,1,0,2,1,3,1,GD,7,TYP,1,GD,ATTCHD,ATTCHD,2,410.0,ATTCHD,ATTCHD,Y,36.0,18.0,0.0,0.0,0.0,NA,NA,0,10,2008,WD,NORMAL,189000,True,False
804,60,RL,107.0,13891.0,PAVE,NA,REG,LVL,ALLPUB,INSIDE,GTL,NRIDGHT,NORM,NORM,1FAM,2STORY,9,5,2008,2009,HIP,COMPSHG,VINYLSD,VINYLSD,STONE,424.0,EX,TA,PCONC,EX,TA,EX,UNF,0.0,TA,0.0,1734.0,1734.0,GASA,EX,Y,SBRKR,1734.0,1088.0,0.0,2822.0,0,0,3,1,4,1,EX,12,TYP,1,GD,BUILTIN,BUILTIN,3,1020.0,BUILTIN,BUILTIN,Y,52.0,170.0,0.0,0.0,192.0,NA,NA,0,1,2009,NEW,PARTIAL,582933,True,False
805,20,RL,75.0,9000.0,PAVE,NA,REG,LVL,ALLPUB,INSIDE,GTL,NAMES,NORM,NORM,1FAM,1STORY,5,5,1954,1954,GABLE,COMPSHG,WD SDNG,WD SDNG,None,0.0,TA,TA,CBLOCK,TA,TA,TA,LWQ,812.0,TA,0.0,124.0,936.0,GASA,TA,Y,SBRKR,1128.0,0.0,0.0,1128.0,0,0,1,0,2,1,TA,5,MIN1,0,NA,ATTCHD,ATTCHD,1,286.0,ATTCHD,ATTCHD,Y,0.0,0.0,0.0,0.0,0.0,NA,NA,0,6,2006,WD,FAMILY,118000,True,False
806,20,RL,91.0,12274.0,PAVE,NA,IR1,LVL,ALLPUB,FR2,GTL,SOMERST,NORM,NORM,1FAM,1STORY,7,5,2008,2008,GABLE,COMPSHG,VINYLSD,VINYLSD,STONE,256.0,GD,TA,PCONC,GD,TA,GD,UNF,0.0,TA,0.0,1417.0,1417.0,GASA,EX,Y,SBRKR,1428.0,0.0,0.0,1428.0,0,0,2,0,3,1,EX,6,TYP,0,NA,ATTCHD,ATTCHD,2,554.0,ATTCHD,ATTCHD,Y,0.0,60.0,0.0,0.0,0.0,NA,NA,0,7,2008,NEW,PARTIAL,227680,True,False
807,80,RL,75.0,9750.0,PAVE,NA,REG,LVL,ALLPUB,INSIDE,GTL,NAMES,NORM,NORM,1FAM,SLVL,5,5,1967,1967,GABLE,COMPSHG,VINYLSD,VINYLSD,None,0.0,TA,TA,PCONC,TA,TA,TA,ALQ,400.0,TA,480.0,100.0,980.0,GASA,GD,Y,SBRKR,980.0,0.0,0.0,980.0,0,0,2,0,3,1,TA,6,TYP,0,NA,ATTCHD,ATTCHD,1,384.0,ATTCHD,ATTCHD,Y,68.0,0.0,0.0,0.0,0.0,NA,NA,0,10,2006,WD,NORMAL,135500,True,False
808,70,RL,144.0,21384.0,PAVE,NA,REG,LVL,ALLPUB,INSIDE,GTL,BRKSIDE,NORM,NORM,1FAM,2STORY,5,6,1923,2004,GABLE,COMPSHG,WD SDNG,WD SDNG,None,0.0,TA,TA,CBLOCK,TA,TA,TA,GLQ,1309.0,TA,0.0,15.0,1324.0,GASA,EX,Y,SBRKR,1072.0,504.0,0.0,1576.0,2,0,1,1,3,1,GD,6,TYP,1,TA,ATTCHD,ATTCHD,2,528.0,ATTCHD,ATTCHD,Y,0.0,312.0,0.0,0.0,0.0,NA,NA,0,5,2009,WD,NORMAL,223500,True,False
809,80,RL,85.0,13400.0,PAVE,NA,REG,LVL,ALLPUB,INSIDE,GTL,NAMES,NORM,NORM,1FAM,SLVL,5,5,1966,1966,GABLE,COMPSHG,VINYLSD,VINYLSD,BRKFACE,1047.0,TA,TA,CBLOCK,TA,TA,TA,ALQ,516.0,TA,128.0,380.0,1024.0,GASA,TA,Y,SBRKR,1086.0,0.0,0.0,1086.0,1,0,1,0,3,1,TA,6,TYP,1,GD,ATTCHD,ATTCHD,2,484.0,ATTCHD,ATTCHD,Y,0.0,0.0,0.0,0.0,0.0,NA,NA,0,6,2006,WD,NORMAL,159950,True,False
810,75,RM,90.0,8100.0,PAVE,NA,REG,LVL,ALLPUB,CORNER,GTL,OLDTOWN,NORM,NORM,1FAM,2.5UNF,5,5,1898,1965,HIP,COMPSHG,ASBSHNG,ASBSHNG,None,0.0,TA,TA,PCONC,TA,TA,TA,UNF,0.0,TA,0.0,849.0,849.0,GASA,TA,N,FUSEA,1075.0,1063.0,0.0,2138.0,0,0,2,0,2,3,TA,11,TYP,0,NA,DETCHD,DETCHD,2,360.0,DETCHD,DETCHD,N,40.0,156.0,0.0,0.0,0.0,NA,NA,0,11,2009,WD,NORMAL,106000,True,False
811,20,RL,78.0,10140.0,PAVE,NA,REG,LVL,ALLPUB,INSIDE,GTL,NWAMES,NORM,NORM,1FAM,1STORY,6,6,1974,1999,HIP,COMPSHG,HDBOARD,HDBOARD,BRKFACE,99.0,TA,TA,CBLOCK,TA,TA,TA,ALQ,663.0,TA,377.0,0.0,1040.0,GASA,FA,Y,SBRKR,1309.0,0.0,0.0,1309.0,1,0,1,1,3,1,GD,5,TYP,1,FA,ATTCHD,ATTCHD,2,484.0,ATTCHD,ATTCHD,Y,265.0,0.0,0.0,0.0,0.0,NA,NA,0,1,2006,WD,NORMAL,181000,True,True
812,120,RM,0.0,4438.0,PAVE,NA,REG,LVL,ALLPUB,INSIDE,GTL,COLLGCR,NORM,NORM,TWNHSE,1STORY,6,5,2004,2004,GABLE,COMPSHG,VINYLSD,VINYLSD,BRKFACE,169.0,GD,TA,PCONC,GD,TA,GD,GLQ,662.0,TA,0.0,186.0,848.0,GASA,EX,Y,SBRKR,848.0,0.0,0.0,848.0,1,0,1,0,1,1,GD,4,TYP,1,GD,ATTCHD,ATTCHD,2,420.0,ATTCHD,ATTCHD,Y,140.0,0.0,0.0,0.0,0.0,NA,NA,0,6,2008,CONLD,NORMAL,144500,True,False
813,20,C (ALL),66.0,8712.0,GRVL,SHED,REG,BNK,ALLPUB,INSIDE,MOD,IDOTRR,NORM,NORM,1FAM,1STORY,5,5,1952,1952,HIP,COMPSHG,WD SDNG,WD SDNG,None,0.0,FA,TA,CBLOCK,TA,TA,TA,UNF,0.0,TA,0.0,540.0,540.0,GASA,TA,N,FUSEA,1044.0,0.0,0.0,1044.0,0,0,1,0,2,1,FA,4,TYP,0,NA,BASMENT,BASMENT,2,504.0,BASMENT,BASMENT,N,0.0,0.0,0.0,0.0,0.0,SHED,SHED,54,6,2010,WD,ALLOCA,55993,True,False
814,20,RL,75.0,9750.0,PAVE,SHED,REG,LVL,ALLPUB,INSIDE,GTL,NAMES,NORM,NORM,1FAM,1STORY,6,6,1958,1958,GABLE,COMPSHG,METALSD,METALSD,BRKFACE,243.0,TA,TA,CBLOCK,TA,TA,TA,REC,608.0,TA,0.0,834.0,1442.0,GASA,GD,Y,SBRKR,1442.0,0.0,0.0,1442.0,0,0,1,1,4,1,TA,7,TYP,0,NA,ATTCHD,ATTCHD,1,301.0,ATTCHD,ATTCHD,Y,0.0,0.0,275.0,0.0,0.0,SHED,SHED,500,4,2007,COD,NORMAL,157900,True,False
815,50,RL,45.0,8248.0,PAVE,NA,REG,LVL,ALLPUB,INSIDE,GTL,EDWARDS,NORM,NORM,1FAM,1.5FIN,5,7,1918,1950,GABLE,COMPSHG,STUCCO,STUCCO,None,0.0,TA,TA,BRKTIL,TA,TA,TA,UNF,0.0,TA,0.0,686.0,686.0,GASW,GD,Y,SBRKR,686.0,564.0,0.0,1250.0,0,1,1,1,3,1,FA,7,TYP,0,NA,DETCHD,DETCHD,1,280.0,DETCHD,DETCHD,P,207.0,0.0,96.0,0.0,0.0,NA,NA,0,7,2006,WD,NORMAL,116000,True,False
816,20,RL,48.0,12137.0,PAVE,NA,IR2,LVL,ALLPUB,CULDSAC,GTL,COLLGCR,NORM,NORM,1FAM,1STORY,7,5,1998,1998,GABLE,COMPSHG,VINYLSD,VINYLSD,BRKFACE,442.0,TA,TA,PCONC,GD,TA,GD,UNF,0.0,TA,0.0,1649.0,1649.0,GASA,EX,Y,SBRKR,1661.0,0.0,0.0,1661.0,0,0,2,0,3,1,GD,6,TYP,0,NA,ATTCHD,ATTCHD,2,598.0,ATTCHD,ATTCHD,Y,0.0,34.0,0.0,0.0,0.0,NA,NA,0,5,2010,WD,NORMAL,224900,True,False
817,20,RL,0.0,11425.0,PAVE,NA,IR1,LVL,ALLPUB,CORNER,GTL,NAMES,NORM,NORM,1FAM,1STORY,5,6,1954,1954,GABLE,COMPSHG,BRKFACE,BRKFACE,None,0.0,TA,TA,CBLOCK,TA,TA,TA,BLQ,486.0,TA,0.0,522.0,1008.0,GASA,GD,Y,SBRKR,1008.0,0.0,0.0,1008.0,0,0,1,0,2,1,TA,4,TYP,1,GD,ATTCHD,ATTCHD,1,275.0,ATTCHD,ATTCHD,Y,0.0,0.0,120.0,0.0,0.0,NA,NA,0,7,2006,WD,NORMAL,137000,True,False
818,20,RL,0.0,13265.0,PAVE,NA,IR1,LVL,ALLPUB,CULDSAC,GTL,MITCHEL,NORM,NORM,1FAM,1STORY,8,5,2002,2002,HIP,COMPSHG,CEMNTBD,CMENTBD,BRKFACE,148.0,GD,TA,PCONC,GD,TA,GD,GLQ,1218.0,TA,0.0,350.0,1568.0,GASA,EX,Y,SBRKR,1689.0,0.0,0.0,1689.0,1,0,2,0,3,1,GD,7,TYP,2,GD,ATTCHD,ATTCHD,3,857.0,ATTCHD,ATTCHD,Y,150.0,59.0,0.0,0.0,0.0,NA,NA,0,7,2008,WD,NORMAL,271000,True,False
819,80,RL,80.0,8816.0,PAVE,NA,REG,LVL,ALLPUB,INSIDE,GTL,CLEARCR,NORM,NORM,1FAM,SLVL,6,7,1971,1971,GABLE,COMPSHG,HDBOARD,HDBOARD,BRKFACE,80.0,TA,TA,CBLOCK,TA,TA,TA,GLQ,504.0,TA,0.0,506.0,1010.0,GASA,GD,Y,SBRKR,1052.0,0.0,0.0,1052.0,1,0,1,0,3,1,TA,6,TYP,0,NA,ATTCHD,ATTCHD,2,440.0,ATTCHD,ATTCHD,Y,0.0,0.0,0.0,0.0,0.0,NA,NA,0,6,2010,WD,NORMAL,155000,True,False
820,120,RL,44.0,6371.0,PAVE,NA,IR1,LVL,ALLPUB,INSIDE,GTL,NRIDGHT,NORM,NORM,TWNHSE,1STORY,7,5,2009,2010,GABLE,COMPSHG,VINYLSD,VINYLSD,STONE,128.0,GD,TA,PCONC,GD,TA,GD,GLQ,733.0,TA,0.0,625.0,1358.0,GASA,EX,Y,SBRKR,1358.0,0.0,0.0,1358.0,1,0,2,0,2,1,GD,6,TYP,1,GD,ATTCHD,ATTCHD,2,484.0,ATTCHD,ATTCHD,Y,192.0,35.0,0.0,0.0,0.0,NA,NA,0,6,2010,NEW,PARTIAL,224000,True,False
821,60,RL,72.0,7226.0,PAVE,NA,IR1,LVL,ALLPUB,CULDSAC,GTL,COLLGCR,NORM,NORM,1FAM,2STORY,7,5,2003,2003,GABLE,COMPSHG,VINYLSD,VINYLSD,None,0.0,GD,TA,PCONC,GD,TA,GD,UNF,0.0,TA,0.0,798.0,798.0,GASA,EX,Y,SBRKR,798.0,842.0,0.0,1640.0,0,0,2,1,3,1,GD,6,TYP,0,NA,ATTCHD,ATTCHD,2,595.0,ATTCHD,ATTCHD,Y,0.0,45.0,0.0,0.0,0.0,NA,NA,0,6,2008,WD,NORMAL,183000,True,False
822,20,RM,60.0,6000.0,PAVE,NA,REG,BNK,ALLPUB,INSIDE,MOD,OLDTOWN,NORM,NORM,2FMCON,1STORY,4,4,1953,1953,GABLE,COMPSHG,METALSD,METALSD,None,0.0,FA,TA,CBLOCK,FA,TA,FA,UNF,0.0,TA,0.0,936.0,936.0,GASA,TA,N,SBRKR,936.0,0.0,0.0,936.0,0,0,1,0,2,1,TA,4,MIN2,0,NA,DETCHD,DETCHD,2,576.0,DETCHD,DETCHD,Y,0.0,32.0,112.0,0.0,0.0,NA,NA,0,2,2009,WD,NORMAL,93000,True,False
823,60,RL,0.0,12394.0,PAVE,NA,IR1,LVL,ALLPUB,CORNER,GTL,GILBERT,NORM,NORM,1FAM,2STORY,7,5,2003,2003,GABLE,COMPSHG,VINYLSD,VINYLSD,None,0.0,GD,TA,PCONC,GD,TA,GD,UNF,0.0,TA,0.0,847.0,847.0,GASA,EX,Y,SBRKR,847.0,886.0,0.0,1733.0,0,0,2,1,3,1,GD,7,TYP,1,GD,BUILTIN,BUILTIN,2,433.0,BUILTIN,BUILTIN,Y,100.0,48.0,0.0,0.0,0.0,NA,NA,0,10,2007,WD,FAMILY,225000,True,False
824,50,RL,60.0,9900.0,PAVE,NA,REG,LVL,ALLPUB,INSIDE,GTL,SWISU,NORM,NORM,1FAM,1.5FIN,6,7,1940,1950,GABLE,COMPSHG,VINYLSD,VINYLSD,None,0.0,TA,TA,BRKTIL,TA,TA,TA,UNF,0.0,TA,0.0,778.0,778.0,GASA,TA,Y,SBRKR,944.0,545.0,0.0,1489.0,0,0,2,0,3,1,TA,7,TYP,1,GD,DETCHD,DETCHD,1,240.0,DETCHD,DETCHD,Y,335.0,0.0,0.0,0.0,0.0,NA,NA,0,7,2009,WD,NORMAL,139500,True,False
825,20,FV,81.0,11216.0,PAVE,NA,REG,LVL,ALLPUB,INSIDE,GTL,SOMERST,NORM,NORM,1FAM,1STORY,8,5,2006,2006,GABLE,COMPSHG,VINYLSD,VINYLSD,None,0.0,GD,TA,PCONC,GD,GD,GD,UNF,0.0,GD,0.0,1489.0,1489.0,GASA,EX,Y,SBRKR,1489.0,0.0,0.0,1489.0,0,0,2,0,3,1,GD,7,TYP,1,GD,ATTCHD,ATTCHD,2,776.0,ATTCHD,ATTCHD,Y,0.0,140.0,0.0,0.0,0.0,NA,NA,0,6,2006,NEW,PARTIAL,232600,True,False
826,20,RL,114.0,14803.0,PAVE,NA,REG,LVL,ALLPUB,INSIDE,GTL,NRIDGHT,POSN,POSN,1FAM,1STORY,10,5,2007,2008,HIP,COMPSHG,CEMNTBD,CMENTBD,BRKFACE,816.0,EX,TA,PCONC,EX,TA,EX,GLQ,1636.0,TA,0.0,442.0,2078.0,GASA,EX,Y,SBRKR,2084.0,0.0,0.0,2084.0,1,0,2,0,2,1,EX,7,TYP,1,GD,ATTCHD,ATTCHD,3,1220.0,ATTCHD,ATTCHD,Y,188.0,45.0,0.0,0.0,0.0,NA,NA,0,6,2008,NEW,PARTIAL,385000,True,False
827,45,RM,50.0,6130.0,PAVE,NA,REG,LVL,ALLPUB,INSIDE,GTL,BRKSIDE,NORM,NORM,1FAM,1.5UNF,5,6,1924,1950,GABLE,COMPSHG,METALSD,METALSD,None,0.0,TA,TA,BRKTIL,TA,TA,TA,ALQ,784.0,TA,0.0,0.0,784.0,GASA,GD,Y,SBRKR,784.0,0.0,0.0,784.0,1,0,1,0,2,1,GD,5,TYP,0,NA,NA,NA,0,0.0,NA,NA,Y,0.0,0.0,116.0,0.0,0.0,NA,NA,0,5,2008,WD,NORMAL,109500,False,False
828,20,RL,65.0,8529.0,PAVE,NA,IR1,LVL,ALLPUB,INSIDE,GTL,SAWYERW,NORM,NORM,1FAM,1STORY,7,5,2001,2001,GABLE,COMPSHG,VINYLSD,VINYLSD,None,0.0,GD,TA,PCONC,GD,TA,GD,GLQ,20.0,TA,0.0,1434.0,1454.0,GASA,EX,Y,SBRKR,1434.0,0.0,0.0,1434.0,0,0,2,0,3,1,GD,6,TYP,1,TA,ATTCHD,ATTCHD,2,527.0,ATTCHD,ATTCHD,Y,290.0,39.0,0.0,0.0,0.0,NA,NA,0,4,2009,WD,NORMAL,189000,True,False
829,60,RL,0.0,28698.0,PAVE,NA,IR2,LOW,ALLPUB,CULDSAC,SEV,CLEARCR,NORM,NORM,1FAM,2STORY,5,5,1967,1967,FLAT,TAR&GRV,PLYWOOD,PLYWOOD,None,0.0,TA,TA,PCONC,TA,GD,TA,LWQ,249.0,GD,764.0,0.0,1013.0,GASA,TA,Y,SBRKR,1160.0,966.0,0.0,2126.0,0,1,2,1,3,1,TA,7,MIN2,0,NA,ATTCHD,ATTCHD,2,538.0,ATTCHD,ATTCHD,Y,486.0,0.0,0.0,0.0,225.0,NA,NA,0,6,2009,WD,ABNORML,185000,True,False
830,160,FV,24.0,2544.0,PAVE,NA,REG,LVL,ALLPUB,INSIDE,GTL,SOMERST,NORM,NORM,TWNHS,2STORY,7,5,2005,2005,GABLE,COMPSHG,METALSD,METALSD,None,0.0,GD,TA,PCONC,GD,TA,GD,UNF,0.0,TA,0.0,600.0,600.0,GASA,EX,Y,SBRKR,520.0,623.0,80.0,1223.0,0,0,2,1,2,1,GD,4,TYP,0,NA,DETCHD,DETCHD,2,480.0,DETCHD,DETCHD,Y,0.0,166.0,0.0,0.0,0.0,NA,NA,0,7,2006,WD,NORMAL,147400,True,False
831,20,RL,80.0,11900.0,PAVE,NA,IR1,LVL,ALLPUB,CORNER,GTL,NAMES,NORM,NORM,1FAM,1STORY,6,5,1957,1957,GABLE,COMPSHG,HDBOARD,HDBOARD,BRKFACE,387.0,TA,TA,CBLOCK,TA,TA,TA,REC,1040.0,TA,0.0,352.0,1392.0,GASA,TA,Y,FUSEA,1392.0,0.0,0.0,1392.0,1,0,1,1,3,1,TA,6,TYP,2,GD,ATTCHD,ATTCHD,2,458.0,ATTCHD,ATTCHD,Y,0.0,0.0,0.0,0.0,192.0,NA,NA,0,6,2008,WD,NORMAL,166000,True,False
832,160,FV,30.0,3180.0,PAVE,NA,REG,LVL,ALLPUB,INSIDE,GTL,SOMERST,NORM,NORM,TWNHSE,2STORY,7,5,2005,2005,GABLE,COMPSHG,METALSD,METALSD,None,0.0,TA,TA,PCONC,GD,TA,GD,UNF,0.0,TA,0.0,600.0,600.0,GASA,EX,Y,SBRKR,520.0,600.0,80.0,1200.0,0,0,2,1,2,1,GD,4,TYP,0,NA,DETCHD,DETCHD,2,480.0,DETCHD,DETCHD,Y,0.0,166.0,0.0,0.0,0.0,NA,NA,0,6,2006,WD,NORMAL,151000,True,False
833,60,RL,44.0,9548.0,PAVE,NA,IR1,LVL,ALLPUB,CULDSAC,GTL,COLLGCR,NORM,NORM,1FAM,2STORY,7,6,2003,2003,GABLE,COMPSHG,VINYLSD,VINYLSD,BRKFACE,223.0,GD,TA,PCONC,GD,TA,GD,GLQ,483.0,TA,0.0,458.0,941.0,GASA,EX,Y,SBRKR,941.0,888.0,0.0,1829.0,1,0,2,1,3,1,GD,7,TYP,1,TA,ATTCHD,ATTCHD,2,613.0,ATTCHD,ATTCHD,Y,192.0,39.0,0.0,0.0,0.0,NA,NA,0,1,2010,WD,NORMAL,237000,True,False
834,20,RL,100.0,10004.0,PAVE,NA,REG,LVL,ALLPUB,INSIDE,GTL,NAMES,NORM,NORM,1FAM,1STORY,6,6,1964,1964,GABLE,COMPSHG,HDBOARD,PLYWOOD,BRKFACE,180.0,TA,TA,CBLOCK,TA,TA,TA,REC,196.0,TA,345.0,975.0,1516.0,GASA,TA,Y,SBRKR,1516.0,0.0,0.0,1516.0,0,0,1,1,3,1,TA,6,TYP,0,NA,ATTCHD,ATTCHD,2,472.0,ATTCHD,ATTCHD,Y,0.0,0.0,0.0,0.0,152.0,NA,NA,0,2,2009,WD,NORMAL,167000,True,False
835,20,RL,75.0,7875.0,PAVE,NA,REG,LVL,ALLPUB,INSIDE,GTL,NAMES,NORM,NORM,1FAM,1STORY,5,6,1961,1961,GABLE,COMPSHG,VINYLSD,VINYLSD,BRKFACE,136.0,TA,TA,CBLOCK,TA,TA,TA,REC,572.0,TA,0.0,572.0,1144.0,GASA,GD,Y,SBRKR,1144.0,0.0,0.0,1144.0,1,0,1,0,3,1,TA,6,TYP,0,NA,ATTCHD,ATTCHD,2,456.0,ATTCHD,ATTCHD,Y,0.0,0.0,0.0,0.0,0.0,NA,NA,0,9,2008,WD,NORMAL,139950,True,False
836,20,RL,60.0,9600.0,PAVE,NA,REG,LVL,ALLPUB,INSIDE,GTL,SAWYER,NORM,NORM,1FAM,1STORY,4,7,1950,1995,GABLE,COMPSHG,VINYLSD,HDBOARD,None,0.0,TA,TA,CBLOCK,GD,TA,GD,BLQ,442.0,TA,0.0,625.0,1067.0,GASA,TA,Y,SBRKR,1067.0,0.0,0.0,1067.0,0,0,2,0,2,1,GD,4,MIN2,0,NA,ATTCHD,ATTCHD,2,436.0,ATTCHD,ATTCHD,Y,290.0,0.0,0.0,0.0,0.0,NA,NA,0,2,2010,WD,NORMAL,128000,True,False
837,30,RM,90.0,8100.0,PAVE,NA,REG,LVL,ALLPUB,INSIDE,GTL,OLDTOWN,NORM,NORM,1FAM,1STORY,5,6,1948,1973,GABLE,COMPSHG,VINYLSD,VINYLSD,None,0.0,TA,TA,BRKTIL,TA,TA,TA,REC,338.0,TA,0.0,1221.0,1559.0,GASA,GD,Y,SBRKR,1559.0,0.0,0.0,1559.0,1,0,1,0,2,1,TA,5,MIN2,0,NA,DETCHD,DETCHD,2,812.0,DETCHD,DETCHD,Y,0.0,116.0,230.0,0.0,0.0,NA,NA,0,6,2007,COD,NORMAL,153500,True,False
838,160,RM,21.0,1680.0,PAVE,NA,REG,LVL,ALLPUB,INSIDE,GTL,BRDALE,NORM,NORM,TWNHS,2STORY,6,5,1973,1973,GABLE,COMPSHG,HDBOARD,HDBOARD,BRKFACE,158.0,TA,TA,CBLOCK,TA,TA,TA,BLQ,330.0,TA,0.0,153.0,483.0,GASA,TA,Y,SBRKR,483.0,504.0,0.0,987.0,1,0,1,1,2,1,TA,5,TYP,0,NA,DETCHD,DETCHD,1,264.0,DETCHD,DETCHD,Y,0.0,0.0,0.0,0.0,0.0,NA,NA,0,11,2008,WD,NORMAL,100000,True,False
839,20,RL,75.0,9525.0,PAVE,NA,REG,LVL,ALLPUB,INSIDE,GTL,COLLGCR,NORM,NORM,1FAM,1STORY,5,6,1995,2006,GABLE,COMPSHG,VINYLSD,VINYLSD,None,0.0,TA,TA,PCONC,GD,TA,GD,UNF,0.0,TA,0.0,1099.0,1099.0,GASA,EX,Y,SBRKR,1099.0,0.0,0.0,1099.0,0,0,1,1,3,1,GD,6,TYP,0,NA,ATTCHD,ATTCHD,1,352.0,ATTCHD,ATTCHD,Y,278.0,0.0,0.0,0.0,0.0,NA,NA,0,6,2008,WD,NORMAL,144000,True,False
840,50,RL,70.0,11767.0,PAVE,NA,REG,LVL,ALLPUB,INSIDE,GTL,EDWARDS,NORM,NORM,1FAM,1.5FIN,5,6,1946,1995,GABLE,COMPSHG,METALSD,METALSD,None,0.0,TA,TA,CBLOCK,TA,TA,TA,BLQ,352.0,TA,0.0,416.0,768.0,GASA,EX,Y,SBRKR,768.0,432.0,0.0,1200.0,0,0,1,0,3,1,TA,6,TYP,0,NA,DETCHD,DETCHD,1,240.0,DETCHD,DETCHD,Y,0.0,0.0,0.0,0.0,0.0,NA,NA,0,5,2008,WD,NORMAL,130500,True,False
841,70,RH,0.0,12155.0,PAVE,NA,IR1,LVL,ALLPUB,INSIDE,GTL,SWISU,NORM,NORM,1FAM,2STORY,6,8,1925,1950,GABLE,COMPSHG,WD SDNG,WD SDNG,None,0.0,TA,TA,BRKTIL,TA,TA,TA,BLQ,156.0,TA,0.0,516.0,672.0,GASA,TA,N,SBRKR,810.0,672.0,0.0,1482.0,0,0,2,0,4,1,FA,7,TYP,0,NA,DETCHD,DETCHD,1,400.0,DETCHD,DETCHD,P,0.0,0.0,254.0,0.0,0.0,NA,NA,0,3,2008,WD,NORMAL,140000,True,False
842,70,RM,60.0,10440.0,PAVE,NA,REG,LVL,ALLPUB,INSIDE,GTL,OLDTOWN,NORM,NORM,1FAM,2STORY,5,8,1904,2002,GABLE,COMPSHG,METALSD,METALSD,None,0.0,TA,TA,PCONC,TA,TA,TA,UNF,0.0,TA,0.0,650.0,650.0,GASA,GD,Y,SBRKR,958.0,581.0,0.0,1539.0,0,0,2,0,3,1,GD,8,TYP,1,PO,DETCHD,DETCHD,2,686.0,DETCHD,DETCHD,P,70.0,78.0,68.0,0.0,0.0,NA,NA,0,6,2008,WD,NORMAL,157500,True,False
843,80,RL,82.0,9020.0,PAVE,NA,REG,LVL,ALLPUB,INSIDE,GTL,NAMES,NORM,NORM,1FAM,SLVL,6,7,1966,1966,GABLE,COMPSHG,HDBOARD,HDBOARD,BRKFACE,183.0,TA,TA,CBLOCK,TA,TA,TA,REC,312.0,TA,539.0,276.0,1127.0,GASA,TA,Y,SBRKR,1165.0,0.0,0.0,1165.0,1,0,1,1,3,1,TA,6,TYP,0,NA,ATTCHD,ATTCHD,2,490.0,ATTCHD,ATTCHD,Y,0.0,129.0,0.0,0.0,0.0,NA,NA,0,5,2008,WD,NORMAL,174900,True,False
844,90,RL,80.0,8000.0,PAVE,NA,REG,LVL,ALLPUB,CORNER,GTL,NAMES,ARTERY,NORM,DUPLEX,1STORY,5,4,1961,1961,GABLE,COMPSHG,BRKFACE,BRKFACE,None,0.0,TA,TA,CBLOCK,TA,TA,TA,UNF,0.0,TA,0.0,1800.0,1800.0,GASA,EX,N,SBRKR,1800.0,0.0,0.0,1800.0,0,0,2,0,6,2,TA,10,TYP,0,NA,NA,NA,0,0.0,NA,NA,Y,0.0,0.0,0.0,0.0,0.0,NA,NA,0,7,2007,WD,NORMAL,141000,False,False
845,50,RM,100.0,12665.0,PAVE,NA,IR1,LVL,ALLPUB,INSIDE,GTL,OLDTOWN,ARTERY,NORM,1FAM,1.5FIN,5,8,1915,1950,GABLE,COMPSHG,WD SDNG,WD SDNG,None,0.0,TA,TA,BRKTIL,TA,TA,TA,UNF,0.0,TA,0.0,876.0,876.0,GASA,GD,Y,SBRKR,876.0,540.0,0.0,1416.0,0,0,1,1,4,1,TA,7,TYP,1,GD,DETCHD,DETCHD,3,720.0,DETCHD,DETCHD,Y,418.0,0.0,194.0,0.0,0.0,NA,NA,0,6,2008,WD,NORMAL,153900,True,False
846,85,RL,0.0,16647.0,PAVE,NA,IR1,LVL,ALLPUB,CULDSAC,GTL,SAWYER,RRAE,NORM,1FAM,SFOYER,5,5,1975,1981,GABLE,COMPSHG,HDBOARD,HDBOARD,None,0.0,TA,TA,CBLOCK,GD,TA,GD,ALQ,1390.0,TA,0.0,0.0,1390.0,GASA,TA,Y,SBRKR,1701.0,0.0,0.0,1701.0,1,0,2,0,3,1,TA,6,MIN2,2,TA,BASMENT,BASMENT,2,611.0,BASMENT,BASMENT,Y,0.0,0.0,0.0,0.0,0.0,NA,NA,0,1,2007,WD,NORMAL,171000,True,False
847,60,RL,75.0,9317.0,PAVE,NA,REG,LVL,ALLPUB,INSIDE,GTL,SAWYERW,NORM,NORM,1FAM,2STORY,7,5,1993,1993,GABLE,COMPSHG,HDBOARD,HDBOARD,BRKFACE,137.0,GD,TA,PCONC,GD,TA,GD,ALQ,513.0,TA,0.0,227.0,740.0,GASA,EX,Y,SBRKR,1006.0,769.0,0.0,1775.0,1,0,2,1,3,1,GD,7,TYP,1,TA,ATTCHD,ATTCHD,2,425.0,ATTCHD,ATTCHD,Y,234.0,72.0,192.0,0.0,0.0,NA,NA,0,7,2009,WD,NORMAL,213000,True,False
848,20,RL,36.0,15523.0,PAVE,NA,IR1,LVL,ALLPUB,CULDSAC,GTL,COLLGCR,NORM,NORM,1FAM,1STORY,5,6,1972,1972,GABLE,COMPSHG,HDBOARD,PLYWOOD,None,0.0,TA,TA,CBLOCK,TA,TA,TA,BLQ,460.0,TA,0.0,404.0,864.0,GASA,EX,Y,SBRKR,864.0,0.0,0.0,864.0,1,0,1,0,3,1,TA,5,TYP,1,FA,ATTCHD,ATTCHD,1,338.0,ATTCHD,ATTCHD,Y,0.0,0.0,0.0,0.0,0.0,NA,NA,0,8,2009,WD,NORMAL,133500,True,False
849,50,RL,75.0,45600.0,PAVE,NA,IR2,BNK,ALLPUB,INSIDE,GTL,CLEARCR,NORM,NORM,1FAM,1.5FIN,6,8,1908,1997,GABLE,COMPSHG,WD SDNG,WD SDNG,None,0.0,TA,TA,BRKTIL,TA,TA,TA,UNF,0.0,TA,0.0,907.0,907.0,GASA,TA,Y,SBRKR,1307.0,1051.0,0.0,2358.0,0,0,3,0,5,1,TA,10,TYP,1,GD,DETCHD,DETCHD,2,360.0,DETCHD,DETCHD,Y,486.0,40.0,0.0,0.0,175.0,NA,NA,0,9,2008,WD,NORMAL,240000,True,False
850,80,RL,80.0,9600.0,PAVE,NA,REG,LVL,ALLPUB,FR2,GTL,VEENKER,FEEDR,NORM,1FAM,SLVL,6,7,1976,1994,HIP,COMPSHG,PLYWOOD,PLYWOOD,BRKFACE,360.0,GD,GD,CBLOCK,TA,TA,TA,UNF,0.0,TA,0.0,528.0,528.0,GASA,EX,Y,SBRKR,1094.0,761.0,0.0,1855.0,0,0,2,1,3,1,TA,7,TYP,1,TA,ATTCHD,ATTCHD,2,512.0,ATTCHD,ATTCHD,Y,113.0,100.0,0.0,0.0,0.0,NA,NA,0,8,2007,WD,NORMAL,187000,True,False
851,120,RM,36.0,4435.0,PAVE,NA,REG,LVL,ALLPUB,INSIDE,GTL,COLLGCR,NORM,NORM,TWNHSE,1STORY,6,5,2003,2003,GABLE,COMPSHG,VINYLSD,VINYLSD,BRKFACE,170.0,GD,TA,PCONC,GD,TA,GD,GLQ,659.0,TA,0.0,189.0,848.0,GASA,EX,Y,SBRKR,848.0,0.0,0.0,848.0,1,0,1,0,1,1,GD,3,TYP,0,NA,ATTCHD,ATTCHD,2,420.0,ATTCHD,ATTCHD,Y,140.0,0.0,0.0,0.0,0.0,NA,NA,0,11,2007,WD,NORMAL,131500,True,False
852,120,RL,0.0,3196.0,PAVE,NA,REG,LVL,ALLPUB,INSIDE,GTL,BLMNGTN,NORM,NORM,TWNHSE,1STORY,8,5,2003,2003,GABLE,COMPSHG,VINYLSD,VINYLSD,BRKFACE,40.0,GD,TA,PCONC,GD,TA,GD,UNF,0.0,TA,0.0,1273.0,1273.0,GASA,EX,Y,SBRKR,1456.0,0.0,0.0,1456.0,0,0,2,0,2,1,GD,7,TYP,1,TA,ATTCHD,ATTCHD,2,400.0,ATTCHD,ATTCHD,Y,143.0,20.0,0.0,0.0,0.0,NA,NA,0,5,2006,WD,NORMAL,215000,True,False
853,75,RL,53.0,7128.0,PAVE,NA,REG,LVL,ALLPUB,INSIDE,GTL,CRAWFOR,NORM,NORM,1FAM,2.5UNF,7,5,1941,1950,GABLE,COMPSHG,METALSD,METALSD,None,0.0,TA,GD,CBLOCK,TA,TA,TA,REC,364.0,TA,0.0,554.0,918.0,GASA,GD,Y,SBRKR,918.0,728.0,0.0,1646.0,0,0,2,0,4,1,TA,7,TYP,2,GD,DETCHD,DETCHD,1,240.0,DETCHD,DETCHD,Y,0.0,0.0,0.0,0.0,126.0,NA,NA,0,8,2007,WD,NORMAL,164000,True,False
854,80,RL,0.0,12095.0,PAVE,NA,IR1,LVL,ALLPUB,CORNER,GTL,NAMES,NORM,NORM,1FAM,SLVL,6,6,1964,1964,GABLE,COMPSHG,METALSD,HDBOARD,BRKFACE,115.0,TA,GD,CBLOCK,TA,TA,TA,REC,564.0,TA,0.0,563.0,1127.0,GASA,TA,Y,SBRKR,1445.0,0.0,0.0,1445.0,0,0,1,1,3,1,TA,7,TYP,1,FA,ATTCHD,ATTCHD,2,645.0,ATTCHD,ATTCHD,Y,180.0,0.0,0.0,0.0,0.0,NA,NA,0,8,2009,WD,NORMAL,158000,True,False
855,20,RL,102.0,17920.0,PAVE,NA,REG,LVL,ALLPUB,INSIDE,GTL,SAWYER,NORM,NORM,1FAM,1STORY,5,4,1955,1974,HIP,COMPSHG,WD SDNG,PLYWOOD,None,0.0,TA,TA,CBLOCK,TA,TA,TA,ALQ,306.0,TA,1085.0,372.0,1763.0,GASA,TA,Y,SBRKR,1779.0,0.0,0.0,1779.0,1,0,1,1,3,1,TA,6,TYP,1,GD,ATTCHD,ATTCHD,2,454.0,ATTCHD,ATTCHD,Y,0.0,418.0,0.0,0.0,312.0,NA,NA,0,7,2006,WD,ABNORML,170000,True,False
856,20,RL,0.0,6897.0,PAVE,NA,IR1,LVL,ALLPUB,CORNER,GTL,SAWYER,NORM,NORM,1FAM,1STORY,5,8,1962,2010,GABLE,COMPSHG,HDBOARD,HDBOARD,None,0.0,TA,GD,CBLOCK,TA,TA,TA,ALQ,659.0,TA,0.0,381.0,1040.0,GASA,EX,Y,SBRKR,1040.0,0.0,0.0,1040.0,1,0,1,1,3,1,TA,6,TYP,0,NA,DETCHD,DETCHD,1,260.0,DETCHD,DETCHD,Y,0.0,104.0,0.0,0.0,0.0,NA,NA,0,4,2010,WD,NORMAL,127000,True,False
857,80,RL,0.0,10970.0,PAVE,NA,IR1,LOW,ALLPUB,INSIDE,MOD,COLLGCR,NORM,NORM,1FAM,SLVL,6,6,1978,1978,GABLE,COMPSHG,PLYWOOD,HDBOARD,None,0.0,TA,TA,CBLOCK,GD,GD,GD,GLQ,505.0,GD,435.0,0.0,940.0,GASA,TA,Y,SBRKR,1026.0,0.0,0.0,1026.0,1,0,1,0,3,1,TA,5,TYP,0,NA,DETCHD,DETCHD,2,576.0,DETCHD,DETCHD,Y,0.0,0.0,34.0,0.0,0.0,NA,NA,0,10,2008,WD,NORMAL,147000,True,False
858,60,RL,65.0,8125.0,PAVE,NA,REG,LVL,ALLPUB,INSIDE,GTL,GILBERT,NORM,NORM,1FAM,2STORY,6,5,1994,1995,GABLE,COMPSHG,HDBOARD,HDBOARD,None,0.0,TA,TA,PCONC,GD,TA,GD,UNF,0.0,TA,0.0,702.0,702.0,GASA,GD,Y,SBRKR,702.0,779.0,0.0,1481.0,0,0,2,1,3,1,TA,6,TYP,1,TA,ATTCHD,ATTCHD,2,343.0,ATTCHD,ATTCHD,Y,0.0,36.0,0.0,0.0,0.0,NA,NA,0,3,2009,WD,NORMAL,174000,True,False
859,20,RL,80.0,10400.0,PAVE,NA,REG,LVL,ALLPUB,INSIDE,GTL,NWAMES,NORM,NORM,1FAM,1STORY,7,5,1976,1976,GABLE,COMPSHG,HDBOARD,HDBOARD,BRKFACE,189.0,TA,TA,CBLOCK,GD,TA,GD,UNF,0.0,TA,0.0,1090.0,1090.0,GASA,TA,Y,SBRKR,1370.0,0.0,0.0,1370.0,0,0,2,0,3,1,TA,6,TYP,1,TA,ATTCHD,ATTCHD,2,479.0,ATTCHD,ATTCHD,Y,0.0,0.0,0.0,0.0,0.0,NA,NA,0,6,2009,WD,FAMILY,152000,True,False
860,60,RL,0.0,11029.0,PAVE,NA,IR1,LVL,ALLPUB,CORNER,GTL,NWAMES,POSA,NORM,1FAM,2STORY,6,7,1968,1984,GABLE,COMPSHG,HDBOARD,HDBOARD,BRKFACE,220.0,TA,TA,CBLOCK,TA,TA,TA,BLQ,619.0,TA,0.0,435.0,1054.0,GASA,TA,Y,SBRKR,1512.0,1142.0,0.0,2654.0,1,0,2,1,4,1,GD,9,TYP,1,GD,ATTCHD,ATTCHD,2,619.0,ATTCHD,ATTCHD,Y,0.0,65.0,0.0,0.0,222.0,NA,NA,0,8,2006,WD,NORMAL,250000,True,False
861,50,RL,55.0,7642.0,PAVE,NA,REG,LVL,ALLPUB,CORNER,GTL,CRAWFOR,NORM,NORM,1FAM,1.5FIN,7,8,1918,1998,GABLE,COMPSHG,WD SDNG,WD SDNG,None,0.0,GD,TA,BRKTIL,TA,TA,TA,UNF,0.0,TA,0.0,912.0,912.0,GASA,GD,Y,SBRKR,912.0,514.0,0.0,1426.0,0,0,1,1,3,1,GD,7,TYP,1,GD,DETCHD,DETCHD,1,216.0,DETCHD,DETCHD,Y,0.0,240.0,0.0,0.0,0.0,NA,NA,0,6,2007,WD,NORMAL,189950,True,False
862,190,RL,75.0,11625.0,PAVE,NA,REG,LVL,ALLPUB,INSIDE,GTL,SAWYER,NORM,NORM,2FMCON,1STORY,5,4,1965,1965,HIP,COMPSHG,PLYWOOD,HDBOARD,None,0.0,TA,TA,PCONC,TA,TA,TA,BLQ,841.0,TA,0.0,198.0,1039.0,GASA,EX,Y,SBRKR,1039.0,0.0,0.0,1039.0,1,0,1,1,3,1,TA,6,TYP,0,NA,ATTCHD,ATTCHD,2,504.0,ATTCHD,ATTCHD,Y,0.0,0.0,0.0,0.0,0.0,NA,NA,0,4,2010,WD,NORMAL,131500,True,False
863,20,RL,81.0,9672.0,PAVE,NA,REG,LVL,ALLPUB,CORNER,GTL,SAWYERW,NORM,NORM,1FAM,1STORY,6,5,1984,1985,HIP,COMPSHG,HDBOARD,PLYWOOD,None,0.0,TA,TA,PCONC,GD,TA,GD,GLQ,338.0,TA,0.0,702.0,1040.0,GASA,TA,Y,SBRKR,1097.0,0.0,0.0,1097.0,0,0,2,0,3,1,TA,6,TYP,0,NA,ATTCHD,ATTCHD,2,480.0,ATTCHD,ATTCHD,Y,0.0,0.0,0.0,0.0,0.0,NA,NA,0,5,2010,WD,NORMAL,152000,True,False
864,20,RL,70.0,7931.0,PAVE,NA,REG,LVL,ALLPUB,INSIDE,GTL,NAMES,NORM,NORM,1FAM,1STORY,5,5,1959,1959,HIP,COMPSHG,BRKFACE,PLYWOOD,None,0.0,TA,TA,CBLOCK,TA,TA,TA,BLQ,1148.0,TA,0.0,0.0,1148.0,GASA,TA,Y,SBRKR,1148.0,0.0,0.0,1148.0,1,0,1,0,3,1,TA,6,TYP,0,NA,ATTCHD,ATTCHD,1,672.0,ATTCHD,ATTCHD,Y,0.0,0.0,0.0,0.0,0.0,NA,NA,0,7,2009,WD,NORMAL,132500,True,False
865,20,FV,72.0,8640.0,PAVE,NA,REG,LVL,ALLPUB,INSIDE,GTL,SOMERST,NORM,NORM,1FAM,1STORY,7,5,2007,2008,GABLE,COMPSHG,VINYLSD,VINYLSD,None,0.0,GD,TA,PCONC,EX,TA,EX,UNF,0.0,TA,0.0,1372.0,1372.0,GASA,EX,Y,SBRKR,1372.0,0.0,0.0,1372.0,0,0,2,0,3,1,GD,6,TYP,0,NA,ATTCHD,ATTCHD,2,529.0,ATTCHD,ATTCHD,Y,0.0,140.0,0.0,0.0,0.0,NA,NA,0,5,2008,NEW,PARTIAL,250580,True,False
866,20,RL,0.0,8750.0,PAVE,NA,IR1,LVL,ALLPUB,INSIDE,GTL,NAMES,NORM,NORM,1FAM,1STORY,5,6,1970,1970,GABLE,COMPSHG,METALSD,METALSD,BRKFACE,76.0,TA,TA,CBLOCK,TA,TA,TA,BLQ,828.0,TA,0.0,174.0,1002.0,GASA,TA,Y,SBRKR,1002.0,0.0,0.0,1002.0,1,0,1,0,3,1,TA,5,TYP,0,NA,DETCHD,DETCHD,2,902.0,DETCHD,DETCHD,Y,0.0,0.0,0.0,0.0,0.0,NA,NA,0,8,2009,WD,NORMAL,148500,True,False
867,20,RL,67.0,10656.0,PAVE,NA,IR1,HLS,ALLPUB,INSIDE,GTL,TIMBER,NORM,NORM,1FAM,1STORY,8,5,2006,2007,GABLE,COMPSHG,VINYLSD,VINYLSD,STONE,274.0,GD,TA,PCONC,GD,TA,GD,UNF,0.0,TA,0.0,1638.0,1638.0,GASA,EX,Y,SBRKR,1646.0,0.0,0.0,1646.0,0,0,2,0,3,1,GD,6,TYP,1,GD,ATTCHD,ATTCHD,3,870.0,ATTCHD,ATTCHD,Y,192.0,80.0,0.0,0.0,0.0,NA,NA,0,11,2007,NEW,PARTIAL,248900,True,False
868,20,RL,85.0,6970.0,PAVE,SHED,REG,LVL,ALLPUB,CORNER,GTL,SAWYER,FEEDR,NORM,1FAM,1STORY,4,5,1961,1961,GABLE,COMPSHG,VINYLSD,VINYLSD,None,0.0,TA,TA,CBLOCK,TA,TA,TA,ALQ,932.0,TA,0.0,108.0,1040.0,GASA,TA,Y,SBRKR,1120.0,0.0,0.0,1120.0,1,0,1,1,3,1,FA,5,TYP,0,NA,ATTCHD,ATTCHD,2,544.0,ATTCHD,ATTCHD,Y,168.0,0.0,0.0,0.0,0.0,SHED,SHED,400,5,2007,WD,NORMAL,129000,True,False
869,60,RL,0.0,14762.0,PAVE,NA,IR2,LVL,ALLPUB,CORNER,GTL,GILBERT,FEEDR,NORM,1FAM,2STORY,5,6,1948,1950,GABLE,COMPSHG,PLYWOOD,PLYWOOD,None,0.0,TA,TA,SLAB,NA,NA,NA,NA,0.0,NA,0.0,0.0,0.0,GASA,GD,Y,SBRKR,1547.0,720.0,53.0,2320.0,0,0,2,0,2,1,TA,7,TYP,1,TA,ATTCHD,ATTCHD,2,672.0,ATTCHD,ATTCHD,P,120.0,144.0,0.0,0.0,0.0,NA,NA,0,5,2006,WD,NORMAL,169000,True,False
870,60,RL,80.0,9938.0,PAVE,NA,REG,LVL,ALLPUB,INSIDE,GTL,SAWYERW,NORM,NORM,1FAM,2STORY,7,5,1993,1994,GABLE,COMPSHG,METALSD,METALSD,BRKFACE,246.0,GD,TA,PCONC,GD,TA,GD,GLQ,750.0,TA,0.0,300.0,1050.0,GASA,EX,Y,SBRKR,1062.0,887.0,0.0,1949.0,1,0,2,1,3,1,GD,8,TYP,1,TA,ATTCHD,ATTCHD,2,574.0,ATTCHD,ATTCHD,Y,156.0,90.0,0.0,0.0,0.0,NA,NA,0,6,2010,WD,NORMAL,236000,True,False
871,20,RL,60.0,6600.0,PAVE,NA,REG,LVL,ALLPUB,INSIDE,GTL,NAMES,POSN,NORM,1FAM,1STORY,5,5,1962,1962,HIP,COMPSHG,METALSD,METALSD,None,0.0,TA,TA,CBLOCK,TA,TA,TA,UNF,0.0,TA,0.0,894.0,894.0,GASA,GD,N,SBRKR,894.0,0.0,0.0,894.0,0,0,1,0,2,1,TA,5,TYP,0,NA,DETCHD,DETCHD,1,308.0,DETCHD,DETCHD,Y,0.0,0.0,0.0,0.0,0.0,NA,NA,0,8,2009,WD,NORMAL,109500,True,False
872,60,RL,70.0,8750.0,PAVE,NA,REG,LVL,ALLPUB,INSIDE,GTL,COLLGCR,NORM,NORM,1FAM,2STORY,6,5,1998,1998,GABLE,COMPSHG,VINYLSD,VINYLSD,BRKFACE,116.0,TA,TA,PCONC,GD,TA,GD,GLQ,505.0,TA,0.0,299.0,804.0,GASA,EX,Y,SBRKR,804.0,878.0,0.0,1682.0,0,0,2,1,3,1,GD,7,TYP,0,NA,ATTCHD,ATTCHD,2,523.0,ATTCHD,ATTCHD,Y,0.0,77.0,0.0,0.0,0.0,NA,NA,0,6,2010,WD,NORMAL,200500,True,False
873,20,RL,74.0,8892.0,PAVE,NA,REG,LVL,ALLPUB,CORNER,GTL,NAMES,NORM,NORM,1FAM,1STORY,5,7,1953,1996,GABLE,COMPSHG,WDSHING,WD SHNG,None,0.0,GD,TA,STONE,TA,TA,TA,UNF,0.0,TA,0.0,105.0,105.0,GASA,GD,Y,SBRKR,910.0,0.0,0.0,910.0,0,0,1,0,3,1,GD,5,TYP,0,NA,ATTCHD,ATTCHD,2,414.0,ATTCHD,ATTCHD,Y,196.0,0.0,150.0,0.0,0.0,NA,NA,0,10,2008,WD,NORMAL,116000,True,False
874,40,RL,60.0,12144.0,PAVE,OTHR,REG,LVL,ALLPUB,INSIDE,GTL,NAMES,NORM,NORM,1FAM,1STORY,5,7,1949,1950,GABLE,COMPSHG,HDBOARD,HDBOARD,None,0.0,GD,TA,CBLOCK,TA,TA,TA,REC,375.0,TA,0.0,457.0,832.0,GASA,GD,Y,SBRKR,1036.0,0.0,232.0,1268.0,0,0,1,0,3,1,TA,6,TYP,1,GD,ATTCHD,ATTCHD,1,288.0,ATTCHD,ATTCHD,Y,0.0,28.0,0.0,0.0,0.0,OTHR,OTHR,0,9,2009,WD,NORMAL,133000,True,False
875,50,RM,52.0,5720.0,PAVE,NA,REG,LVL,ALLPUB,INSIDE,GTL,OLDTOWN,ARTERY,NORM,1FAM,1.5FIN,5,6,1941,1950,GABLE,COMPSHG,WD SDNG,WD SDNG,None,0.0,TA,TA,CBLOCK,TA,TA,TA,UNF,0.0,TA,0.0,676.0,676.0,GASA,EX,Y,SBRKR,676.0,455.0,0.0,1131.0,0,0,1,1,3,1,TA,5,TYP,0,NA,DETCHD,DETCHD,1,200.0,DETCHD,DETCHD,Y,26.0,0.0,0.0,0.0,0.0,NA,NA,0,8,2009,WD,ABNORML,66500,True,False
876,60,FV,75.0,9000.0,PAVE,NA,REG,LVL,ALLPUB,INSIDE,GTL,SOMERST,NORM,NORM,1FAM,2STORY,8,5,2007,2007,GABLE,COMPSHG,CEMNTBD,CMENTBD,None,0.0,GD,TA,PCONC,GD,TA,GD,GLQ,64.0,TA,0.0,1120.0,1184.0,GASA,EX,Y,SBRKR,1184.0,1426.0,0.0,2610.0,0,0,2,1,4,1,EX,11,TYP,1,GD,BUILTIN,BUILTIN,2,550.0,BUILTIN,BUILTIN,Y,208.0,364.0,0.0,0.0,0.0,NA,NA,0,8,2007,NEW,PARTIAL,303477,True,False
877,20,RL,94.0,25286.0,PAVE,NA,REG,HLS,ALLPUB,INSIDE,MOD,MITCHEL,NORM,NORM,1FAM,1STORY,4,5,1963,1963,GABLE,COMPSHG,HDBOARD,PLYWOOD,None,0.0,TA,TA,PCONC,TA,TA,TA,ALQ,633.0,TA,0.0,431.0,1064.0,GASA,GD,Y,SBRKR,1040.0,0.0,0.0,1040.0,1,0,1,0,3,1,TA,5,TYP,0,NA,ATTCHD,ATTCHD,2,648.0,ATTCHD,ATTCHD,Y,0.0,0.0,0.0,0.0,0.0,NA,NA,0,1,2007,WD,NORMAL,132250,True,False
878,60,RL,74.0,8834.0,PAVE,NA,REG,LVL,ALLPUB,INSIDE,GTL,NRIDGHT,NORM,NORM,1FAM,2STORY,9,5,2004,2005,HIP,COMPSHG,VINYLSD,VINYLSD,STONE,216.0,GD,TA,PCONC,EX,TA,EX,GLQ,1170.0,TA,0.0,292.0,1462.0,GASA,EX,Y,SBRKR,1462.0,762.0,0.0,2224.0,1,0,2,1,4,1,EX,10,TYP,1,GD,ATTCHD,ATTCHD,3,738.0,ATTCHD,ATTCHD,Y,184.0,0.0,0.0,0.0,0.0,NA,NA,0,6,2009,WD,NORMAL,350000,True,False
879,85,RL,88.0,11782.0,PAVE,SHED,IR1,LVL,ALLPUB,INSIDE,GTL,SAWYER,NORM,NORM,1FAM,SFOYER,5,7,1961,1995,GABLE,COMPSHG,HDBOARD,HDBOARD,None,0.0,TA,TA,CBLOCK,TA,TA,TA,ALQ,899.0,TA,0.0,210.0,1109.0,GASA,TA,Y,SBRKR,1155.0,0.0,0.0,1155.0,1,0,1,0,3,1,GD,6,MIN2,0,NA,DETCHD,DETCHD,2,576.0,DETCHD,DETCHD,Y,192.0,0.0,0.0,0.0,0.0,SHED,SHED,400,6,2010,WD,NORMAL,148000,True,False
880,20,RL,0.0,7000.0,PAVE,NA,IR1,LVL,ALLPUB,CULDSAC,GTL,COLLGCR,NORM,NORM,1FAM,1STORY,5,8,1978,2005,GABLE,COMPSHG,VINYLSD,VINYLSD,BRKFACE,90.0,GD,GD,CBLOCK,TA,TA,TA,ALQ,646.0,TA,0.0,218.0,864.0,GASA,EX,Y,SBRKR,864.0,0.0,0.0,864.0,1,0,1,0,3,1,TA,6,TYP,0,NA,ATTCHD,ATTCHD,1,336.0,ATTCHD,ATTCHD,Y,0.0,0.0,0.0,0.0,0.0,NA,NA,0,7,2009,WD,NORMAL,136500,True,False
881,20,RL,60.0,7024.0,PAVE,NA,REG,LVL,ALLPUB,INSIDE,GTL,EDWARDS,NORM,NORM,1FAM,1STORY,5,5,2005,2006,GABLE,COMPSHG,VINYLSD,VINYLSD,None,0.0,TA,TA,PCONC,EX,GD,EX,ALQ,980.0,GD,0.0,110.0,1090.0,GASA,GD,Y,SBRKR,1090.0,0.0,0.0,1090.0,1,0,1,1,2,1,TA,5,TYP,0,NA,ATTCHD,ATTCHD,2,450.0,ATTCHD,ATTCHD,Y,0.0,49.0,0.0,0.0,0.0,NA,NA,0,6,2007,WD,NORMAL,157000,True,False
882,50,RL,44.0,13758.0,PAVE,NA,IR1,LVL,ALLPUB,CULDSAC,GTL,TIMBER,NORM,NORM,1FAM,1.5FIN,7,5,1990,1991,GABLE,COMPSHG,HDBOARD,HDBOARD,BRKFACE,117.0,GD,GD,CBLOCK,GD,TA,GD,LWQ,902.0,TA,0.0,254.0,1156.0,GASA,EX,Y,SBRKR,1187.0,530.0,0.0,1717.0,0,0,2,1,3,1,GD,7,TYP,1,TA,ATTCHD,ATTCHD,2,400.0,ATTCHD,ATTCHD,Y,168.0,36.0,0.0,0.0,0.0,NA,NA,0,4,2007,WD,NORMAL,187500,True,False
883,60,RL,0.0,9636.0,PAVE,NA,IR1,LVL,ALLPUB,CORNER,GTL,GILBERT,NORM,NORM,1FAM,2STORY,6,5,1992,1993,GABLE,COMPSHG,VINYLSD,VINYLSD,None,0.0,TA,TA,PCONC,GD,TA,GD,UNF,0.0,TA,0.0,808.0,808.0,GASA,GD,Y,SBRKR,808.0,785.0,0.0,1593.0,0,0,2,1,3,1,TA,7,TYP,1,TA,BUILTIN,BUILTIN,2,389.0,BUILTIN,BUILTIN,Y,342.0,40.0,0.0,0.0,0.0,NA,NA,0,12,2009,WD,NORMAL,178000,True,False
884,75,RL,60.0,6204.0,PAVE,NA,REG,BNK,ALLPUB,INSIDE,GTL,SWISU,NORM,NORM,1FAM,2.5FIN,4,5,1912,1950,GABLE,COMPSHG,WD SDNG,WD SDNG,None,0.0,GD,TA,PCONC,TA,FA,TA,UNF,0.0,FA,0.0,795.0,795.0,GASA,TA,N,SBRKR,954.0,795.0,481.0,2230.0,1,0,1,0,5,1,TA,10,TYP,0,NA,DETCHD,DETCHD,1,440.0,DETCHD,DETCHD,Y,0.0,188.0,0.0,0.0,0.0,NA,NA,0,3,2006,WD,NORMAL,118500,True,False
885,20,RL,65.0,7150.0,PAVE,NA,REG,LVL,ALLPUB,INSIDE,GTL,NAMES,NORM,NORM,1FAM,1STORY,5,5,1967,1967,GABLE,COMPSHG,HDBOARD,HDBOARD,BRKFACE,60.0,TA,TA,CBLOCK,TA,TA,TA,BLQ,432.0,TA,0.0,460.0,892.0,GASA,TA,Y,SBRKR,892.0,0.0,0.0,892.0,0,0,1,0,3,1,TA,5,TYP,0,NA,ATTCHD,ATTCHD,1,288.0,ATTCHD,ATTCHD,Y,0.0,0.0,0.0,0.0,0.0,NA,NA,0,7,2009,WD,NORMAL,100000,True,False
886,120,FV,50.0,5119.0,PAVE,NA,IR1,LVL,ALLPUB,CULDSAC,GTL,SOMERST,NORM,NORM,TWNHSE,1STORY,9,5,1999,2000,GABLE,COMPSHG,METALSD,METALSD,BRKFACE,60.0,GD,TA,PCONC,EX,TA,EX,GLQ,1238.0,TA,0.0,460.0,1698.0,GASA,EX,Y,SBRKR,1709.0,0.0,0.0,1709.0,1,0,2,0,2,1,GD,5,TYP,1,TA,ATTCHD,ATTCHD,2,506.0,ATTCHD,ATTCHD,Y,97.0,65.0,0.0,0.0,0.0,NA,NA,0,1,2008,CWD,ABNORML,328900,True,False
887,90,RL,70.0,8393.0,PAVE,NA,REG,LVL,ALLPUB,CORNER,GTL,NAMES,NORM,NORM,DUPLEX,1STORY,5,5,1959,2005,GABLE,COMPSHG,METALSD,METALSD,BRKFACE,122.0,TA,TA,CBLOCK,TA,TA,TA,LWQ,528.0,TA,0.0,1098.0,1626.0,GASA,EX,Y,SBRKR,1712.0,0.0,0.0,1712.0,0,0,2,0,4,2,TA,8,TYP,0,NA,ATTCHD,ATTCHD,2,588.0,ATTCHD,ATTCHD,Y,272.0,54.0,0.0,0.0,0.0,NA,NA,0,6,2006,WD,FAMILY,145000,True,False
888,50,RL,59.0,16466.0,PAVE,NA,IR1,LVL,ALLPUB,INSIDE,GTL,EDWARDS,NORM,NORM,1FAM,1.5FIN,5,7,1955,1955,GABLE,COMPSHG,METALSD,METALSD,None,0.0,TA,GD,PCONC,TA,TA,TA,UNF,0.0,TA,0.0,816.0,816.0,GASA,TA,Y,SBRKR,872.0,521.0,0.0,1393.0,0,0,1,1,3,1,TA,8,TYP,0,NA,ATTCHD,ATTCHD,1,300.0,ATTCHD,ATTCHD,Y,121.0,0.0,0.0,0.0,265.0,NA,NA,0,4,2008,WD,NORMAL,135500,True,False
889,20,RL,95.0,15865.0,PAVE,NA,IR1,LVL,ALLPUB,INSIDE,MOD,NAMES,NORM,NORM,1FAM,1STORY,8,6,1970,1970,FLAT,TAR&GRV,WD SDNG,WD SDNG,None,0.0,GD,GD,PCONC,TA,GD,TA,ALQ,351.0,GD,823.0,1043.0,2217.0,GASA,EX,Y,SBRKR,2217.0,0.0,0.0,2217.0,1,0,2,0,4,1,GD,8,TYP,1,TA,ATTCHD,ATTCHD,2,621.0,ATTCHD,ATTCHD,Y,81.0,207.0,0.0,0.0,224.0,NA,NA,0,10,2007,WD,NORMAL,268000,True,False
890,20,RL,128.0,12160.0,PAVE,NA,REG,LVL,ALLPUB,INSIDE,GTL,NAMES,FEEDR,NORM,1FAM,1STORY,6,4,1953,1953,HIP,COMPSHG,WD SDNG,WD SDNG,BRKFACE,90.0,TA,TA,CBLOCK,TA,TA,TA,BLQ,1024.0,TA,0.0,481.0,1505.0,GASA,EX,Y,SBRKR,1505.0,0.0,0.0,1505.0,1,0,1,0,2,1,TA,6,TYP,1,TA,ATTCHD,ATTCHD,2,505.0,ATTCHD,ATTCHD,Y,0.0,0.0,0.0,162.0,0.0,NA,NA,0,2,2009,WD,NORMAL,149500,True,False
891,50,RL,60.0,8064.0,PAVE,SHED,REG,LVL,ALLPUB,CORNER,GTL,NAMES,ARTERY,NORM,1FAM,1.5FIN,5,7,1949,2006,GABLE,COMPSHG,METALSD,METALSD,None,0.0,TA,GD,CBLOCK,TA,TA,TA,UNF,0.0,TA,0.0,672.0,672.0,GASA,EX,Y,SBRKR,672.0,252.0,0.0,924.0,0,0,1,0,3,1,TA,6,TYP,1,PO,DETCHD,DETCHD,2,576.0,DETCHD,DETCHD,Y,0.0,0.0,0.0,0.0,0.0,SHED,SHED,2000,7,2007,WD,NORMAL,122900,True,False
892,60,RL,70.0,11184.0,PAVE,NA,REG,LVL,ALLPUB,INSIDE,GTL,SAWYER,NORM,NORM,1FAM,2STORY,6,5,1978,1978,HIP,COMPSHG,HDBOARD,HDBOARD,BRKFACE,92.0,TA,TA,CBLOCK,TA,TA,TA,LWQ,226.0,TA,500.0,192.0,918.0,GASA,GD,Y,SBRKR,918.0,765.0,0.0,1683.0,0,0,2,1,3,1,TA,7,TYP,1,TA,ATTCHD,ATTCHD,2,440.0,ATTCHD,ATTCHD,Y,243.0,0.0,0.0,0.0,0.0,NA,NA,0,7,2009,WD,NORMAL,172500,True,False
893,20,RL,70.0,8414.0,PAVE,NA,REG,LVL,ALLPUB,INSIDE,GTL,SAWYER,NORM,NORM,1FAM,1STORY,6,8,1963,2003,HIP,COMPSHG,HDBOARD,HDBOARD,None,0.0,TA,TA,CBLOCK,TA,TA,TA,GLQ,663.0,TA,0.0,396.0,1059.0,GASA,TA,Y,SBRKR,1068.0,0.0,0.0,1068.0,0,1,1,0,3,1,TA,6,TYP,0,NA,ATTCHD,ATTCHD,1,264.0,ATTCHD,ATTCHD,Y,192.0,0.0,0.0,0.0,0.0,NA,NA,0,2,2006,WD,NORMAL,154500,True,False
894,20,RL,0.0,13284.0,PAVE,NA,REG,LVL,ALLPUB,INSIDE,GTL,SAWYER,POSN,NORM,1FAM,1STORY,5,5,1954,1954,GABLE,COMPSHG,WD SDNG,PLYWOOD,None,0.0,TA,TA,PCONC,GD,TA,GD,BLQ,1064.0,TA,0.0,319.0,1383.0,GASA,TA,Y,SBRKR,1383.0,0.0,0.0,1383.0,1,0,1,0,3,1,TA,6,TYP,1,GD,ATTCHD,ATTCHD,1,354.0,ATTCHD,ATTCHD,Y,511.0,116.0,0.0,0.0,0.0,NA,NA,0,6,2008,WD,NORMAL,165000,True,False
895,90,RL,64.0,7018.0,PAVE,NA,REG,BNK,ALLPUB,INSIDE,GTL,SAWYERW,NORM,NORM,DUPLEX,1STORY,5,5,1979,1979,GABLE,COMPSHG,PLYWOOD,PLYWOOD,None,0.0,TA,TA,SLAB,NA,NA,NA,NA,0.0,NA,0.0,0.0,0.0,GASA,TA,Y,SBRKR,1535.0,0.0,0.0,1535.0,0,0,2,0,4,2,TA,8,TYP,0,NA,ATTCHD,ATTCHD,2,400.0,ATTCHD,ATTCHD,Y,0.0,0.0,0.0,0.0,0.0,NA,NA,0,6,2009,WD,ALLOCA,118858,True,False
896,60,RL,71.0,7056.0,PAVE,NA,REG,LVL,ALLPUB,INSIDE,GTL,NAMES,NORM,NORM,1FAM,2STORY,6,5,1963,1963,HIP,COMPSHG,HDBOARD,HDBOARD,BRKFACE,415.0,TA,TA,CBLOCK,TA,TA,TA,BLQ,400.0,TA,0.0,380.0,780.0,GASA,TA,Y,SBRKR,983.0,813.0,0.0,1796.0,1,0,1,1,4,1,TA,8,TYP,1,TA,ATTCHD,ATTCHD,2,483.0,ATTCHD,ATTCHD,Y,0.0,50.0,0.0,0.0,0.0,NA,NA,0,10,2008,WD,NORMAL,140000,True,False
897,30,RM,50.0,8765.0,PAVE,NA,REG,LVL,ALLPUB,INSIDE,GTL,IDOTRR,NORM,NORM,1FAM,1STORY,4,6,1936,1950,GABLE,COMPSHG,WD SDNG,WD SDNG,None,0.0,TA,TA,BRKTIL,TA,TA,TA,ALQ,285.0,TA,0.0,666.0,951.0,GASA,EX,N,SBRKR,951.0,0.0,0.0,951.0,0,0,1,0,2,1,TA,6,TYP,0,NA,DETCHD,DETCHD,1,327.0,DETCHD,DETCHD,Y,0.0,28.0,0.0,0.0,0.0,NA,NA,0,4,2006,WD,ABNORML,106500,True,False
898,90,RL,64.0,7018.0,PAVE,NA,REG,LVL,ALLPUB,INSIDE,GTL,SAWYERW,FEEDR,NORM,DUPLEX,2STORY,5,5,1979,1979,GABLE,COMPSHG,PLYWOOD,PLYWOOD,None,0.0,TA,TA,SLAB,NA,NA,NA,NA,0.0,NA,0.0,0.0,0.0,GASA,TA,Y,SBRKR,1120.0,1120.0,0.0,2240.0,0,0,2,0,6,2,TA,12,TYP,0,NA,DETCHD,DETCHD,2,528.0,DETCHD,DETCHD,Y,154.0,0.0,0.0,0.0,0.0,NA,NA,0,6,2009,WD,ALLOCA,142953,True,False
899,20,RL,100.0,12919.0,PAVE,NA,IR1,LVL,ALLPUB,INSIDE,GTL,NRIDGHT,NORM,NORM,1FAM,1STORY,9,5,2009,2010,HIP,COMPSHG,VINYLSD,VINYLSD,STONE,760.0,EX,TA,PCONC,EX,TA,EX,GLQ,2188.0,TA,0.0,142.0,2330.0,GASA,EX,Y,SBRKR,2364.0,0.0,0.0,2364.0,1,0,2,1,2,1,EX,11,TYP,2,GD,ATTCHD,ATTCHD,3,820.0,ATTCHD,ATTCHD,Y,0.0,67.0,0.0,0.0,0.0,NA,NA,0,3,2010,NEW,PARTIAL,611657,True,False
900,20,RL,65.0,6993.0,PAVE,NA,REG,LVL,ALLPUB,INSIDE,GTL,SAWYER,FEEDR,NORM,1FAM,1STORY,5,7,1961,1994,GABLE,COMPSHG,HDBOARD,PLYWOOD,None,0.0,TA,TA,CBLOCK,TA,TA,TA,BLQ,465.0,TA,0.0,447.0,912.0,GASA,TA,Y,SBRKR,1236.0,0.0,0.0,1236.0,0,0,1,0,3,1,TA,6,TYP,1,TA,ATTCHD,ATTCHD,1,288.0,ATTCHD,ATTCHD,Y,0.0,0.0,0.0,0.0,0.0,NA,NA,0,6,2006,WD,NORMAL,135000,True,False
901,20,RL,0.0,7340.0,PAVE,NA,IR1,LVL,ALLPUB,INSIDE,GTL,NAMES,NORM,NORM,1FAM,1STORY,4,6,1971,1971,GABLE,COMPSHG,HDBOARD,HDBOARD,None,0.0,TA,TA,CBLOCK,TA,TA,TA,ALQ,322.0,TA,0.0,536.0,858.0,GASA,TA,Y,SBRKR,858.0,0.0,0.0,858.0,0,0,1,0,2,1,TA,4,TYP,0,NA,DETCHD,DETCHD,1,684.0,DETCHD,DETCHD,Y,0.0,0.0,0.0,0.0,0.0,NA,NA,0,6,2007,WD,NORMAL,110000,True,False
902,20,RL,64.0,8712.0,PAVE,NA,IR1,LVL,ALLPUB,INSIDE,GTL,NAMES,NORM,NORM,1FAM,1STORY,5,7,1957,2000,HIP,COMPSHG,METALSD,METALSD,None,0.0,TA,GD,CBLOCK,TA,TA,TA,BLQ,860.0,TA,0.0,132.0,992.0,GASA,TA,Y,SBRKR,1306.0,0.0,0.0,1306.0,1,0,1,0,2,1,TA,5,TYP,0,NA,DETCHD,DETCHD,1,756.0,DETCHD,DETCHD,Y,0.0,0.0,0.0,0.0,0.0,NA,NA,0,5,2009,WD,NORMAL,153000,True,False
903,60,RL,63.0,7875.0,PAVE,NA,REG,LVL,ALLPUB,INSIDE,GTL,GILBERT,NORM,NORM,1FAM,2STORY,7,5,2003,2003,GABLE,COMPSHG,VINYLSD,VINYLSD,None,0.0,GD,TA,PCONC,GD,TA,GD,UNF,0.0,TA,0.0,783.0,783.0,GASA,EX,Y,SBRKR,807.0,702.0,0.0,1509.0,0,0,2,1,3,1,GD,8,TYP,1,GD,ATTCHD,ATTCHD,2,393.0,ATTCHD,ATTCHD,Y,0.0,75.0,0.0,0.0,0.0,NA,NA,0,7,2006,WD,NORMAL,180000,True,False
904,20,RL,50.0,14859.0,PAVE,NA,IR1,HLS,ALLPUB,CULDSAC,GTL,GILBERT,NORM,NORM,1FAM,1STORY,7,5,2006,2006,HIP,COMPSHG,VINYLSD,VINYLSD,BRKFACE,27.0,GD,TA,PCONC,GD,TA,GD,UNF,0.0,TA,0.0,1670.0,1670.0,GASA,EX,Y,SBRKR,1670.0,0.0,0.0,1670.0,0,0,2,0,3,1,GD,7,TYP,1,GD,ATTCHD,ATTCHD,3,690.0,ATTCHD,ATTCHD,Y,144.0,60.0,0.0,0.0,0.0,NA,NA,0,8,2006,NEW,PARTIAL,240000,True,False
905,20,RL,0.0,6173.0,PAVE,NA,IR1,LVL,ALLPUB,INSIDE,GTL,SAWYER,NORM,NORM,1FAM,1STORY,5,6,1967,1967,GABLE,COMPSHG,HDBOARD,WD SDNG,BRKFACE,75.0,TA,TA,CBLOCK,TA,TA,TA,GLQ,599.0,TA,0.0,277.0,876.0,GASA,TA,Y,SBRKR,902.0,0.0,0.0,902.0,0,0,1,0,3,1,TA,6,TYP,0,NA,ATTCHD,ATTCHD,1,288.0,ATTCHD,ATTCHD,Y,0.0,0.0,0.0,0.0,0.0,NA,NA,0,8,2007,WD,NORMAL,125500,True,False
906,20,RL,80.0,9920.0,PAVE,NA,REG,LVL,ALLPUB,INSIDE,GTL,NAMES,NORM,NORM,1FAM,1STORY,5,5,1954,1954,GABLE,COMPSHG,HDBOARD,HDBOARD,STONE,110.0,TA,TA,CBLOCK,TA,TA,TA,REC,354.0,TA,290.0,412.0,1056.0,GASA,TA,Y,SBRKR,1063.0,0.0,0.0,1063.0,1,0,1,0,3,1,TA,6,TYP,0,NA,ATTCHD,ATTCHD,1,280.0,ATTCHD,ATTCHD,Y,0.0,0.0,164.0,0.0,0.0,NA,NA,0,2,2010,WD,NORMAL,128000,True,False
907,20,RL,116.0,13501.0,PAVE,NA,IR1,LVL,ALLPUB,CORNER,GTL,SOMERST,NORM,NORM,1FAM,1STORY,8,5,2006,2006,GABLE,COMPSHG,VINYLSD,VINYLSD,STONE,208.0,GD,TA,PCONC,GD,TA,GD,GLQ,63.0,TA,0.0,1560.0,1623.0,GASA,EX,Y,SBRKR,1636.0,0.0,0.0,1636.0,1,0,2,0,3,1,GD,8,TYP,1,GD,ATTCHD,ATTCHD,3,865.0,ATTCHD,ATTCHD,Y,0.0,60.0,0.0,0.0,0.0,NA,NA,0,6,2007,WD,NORMAL,255000,True,False
908,50,RL,86.0,11500.0,PAVE,NA,IR1,LVL,ALLPUB,INSIDE,GTL,CRAWFOR,NORM,NORM,1FAM,1.5FIN,7,7,1936,1987,GABLE,COMPSHG,BRKFACE,BRKFACE,None,0.0,GD,TA,CBLOCK,GD,TA,GD,REC,223.0,TA,0.0,794.0,1017.0,GASA,GD,Y,SBRKR,1020.0,1037.0,0.0,2057.0,0,0,1,1,3,1,GD,6,TYP,1,GD,ATTCHD,ATTCHD,1,180.0,ATTCHD,ATTCHD,Y,0.0,0.0,0.0,0.0,322.0,NA,NA,0,6,2006,WD,NORMAL,250000,True,False
909,20,RL,0.0,8885.0,PAVE,NA,IR1,LOW,ALLPUB,INSIDE,MOD,MITCHEL,NORM,NORM,1FAM,1STORY,5,5,1983,1983,GABLE,COMPSHG,HDBOARD,HDBOARD,None,0.0,TA,TA,CBLOCK,GD,TA,GD,BLQ,301.0,TA,324.0,239.0,864.0,GASA,TA,Y,SBRKR,902.0,0.0,0.0,902.0,1,0,1,0,2,1,TA,5,TYP,0,NA,ATTCHD,ATTCHD,2,484.0,ATTCHD,ATTCHD,Y,164.0,0.0,0.0,0.0,0.0,NA,NA,0,6,2006,WD,NORMAL,131000,True,False
910,60,RL,149.0,12589.0,PAVE,NA,IR2,LVL,ALLPUB,INSIDE,GTL,GILBERT,NORM,NORM,1FAM,2STORY,6,5,2005,2005,GABLE,COMPSHG,VINYLSD,VINYLSD,None,0.0,GD,TA,PCONC,GD,TA,GD,UNF,0.0,TA,0.0,742.0,742.0,GASA,EX,Y,SBRKR,742.0,742.0,0.0,1484.0,0,0,2,1,3,1,GD,8,TYP,1,GD,ATTCHD,ATTCHD,2,390.0,ATTCHD,ATTCHD,Y,36.0,24.0,0.0,0.0,0.0,NA,NA,0,6,2009,WD,NORMAL,174000,True,False
911,90,RL,80.0,11600.0,PAVE,NA,REG,LVL,ALLPUB,CORNER,GTL,NAMES,FEEDR,NORM,DUPLEX,2STORY,5,5,1960,1960,GABLE,COMPSHG,METALSD,METALSD,BRKFACE,361.0,TA,TA,CBLOCK,TA,TA,TA,REC,443.0,TA,0.0,662.0,1105.0,GASA,TA,Y,FUSEA,1105.0,1169.0,0.0,2274.0,0,0,2,0,5,2,TA,12,TYP,0,NA,DETCHD,DETCHD,2,480.0,DETCHD,DETCHD,Y,0.0,0.0,0.0,0.0,0.0,NA,NA,0,1,2010,WD,NORMAL,154300,True,False
912,20,RL,0.0,9286.0,PAVE,NA,IR1,LVL,ALLPUB,CULDSAC,MOD,COLLGCR,NORM,NORM,1FAM,1STORY,5,7,1977,1989,GABLE,COMPSHG,HDBOARD,PLYWOOD,None,0.0,TA,TA,CBLOCK,GD,GD,GD,ALQ,196.0,GD,0.0,1072.0,1268.0,GASA,TA,Y,SBRKR,1268.0,0.0,0.0,1268.0,0,0,1,1,3,1,GD,5,TYP,0,NA,DETCHD,DETCHD,1,252.0,DETCHD,DETCHD,Y,173.0,0.0,0.0,0.0,0.0,NA,NA,0,10,2009,WD,NORMAL,143500,True,False
913,30,RM,51.0,6120.0,PAVE,SHED,REG,LVL,ALLPUB,INSIDE,GTL,BRKSIDE,NORM,NORM,1FAM,1STORY,5,7,1925,1950,GABLE,COMPSHG,METALSD,METALSD,None,0.0,TA,TA,BRKTIL,TA,TA,TA,REC,489.0,TA,0.0,279.0,768.0,GASA,TA,N,SBRKR,1015.0,0.0,0.0,1015.0,0,0,1,0,3,1,TA,6,MIN1,0,NA,DETCHD,DETCHD,1,450.0,DETCHD,DETCHD,Y,0.0,0.0,112.0,0.0,120.0,SHED,SHED,620,7,2006,WD,ABNORML,88000,True,False
914,90,RH,82.0,6270.0,PAVE,NA,REG,HLS,ALLPUB,INSIDE,GTL,CRAWFOR,NORM,NORM,DUPLEX,2STORY,5,6,1949,1950,GABLE,COMPSHG,METALSD,METALSD,None,0.0,TA,TA,CBLOCK,TA,TA,TA,BLQ,284.0,TA,0.0,717.0,1001.0,GASA,TA,N,FUSEA,1001.0,1001.0,0.0,2002.0,0,0,2,0,4,2,TA,8,TYP,0,NA,2TYPES,2TYPES,3,871.0,2TYPES,2TYPES,Y,0.0,0.0,0.0,0.0,0.0,NA,NA,0,8,2007,WD,NORMAL,145000,True,False
915,160,FV,30.0,3000.0,PAVE,NA,REG,LVL,ALLPUB,INSIDE,GTL,SOMERST,NORM,NORM,TWNHSE,2STORY,6,5,2009,2009,GABLE,COMPSHG,VINYLSD,VINYLSD,STONE,76.0,GD,TA,PCONC,GD,TA,GD,GLQ,294.0,TA,0.0,318.0,612.0,GASA,EX,Y,SBRKR,612.0,612.0,0.0,1224.0,0,0,2,1,2,1,GD,4,TYP,0,NA,DETCHD,DETCHD,2,528.0,DETCHD,DETCHD,Y,0.0,234.0,0.0,0.0,0.0,NA,NA,0,6,2009,NEW,PARTIAL,173733,True,False
916,160,RM,21.0,2001.0,PAVE,NA,REG,LVL,ALLPUB,INSIDE,GTL,MEADOWV,NORM,NORM,TWNHS,2STORY,4,5,1970,1970,GABLE,COMPSHG,CEMNTBD,CMENTBD,BRKFACE,80.0,TA,TA,CBLOCK,TA,TA,TA,UNF,0.0,TA,0.0,546.0,546.0,GASA,FA,Y,SBRKR,546.0,546.0,0.0,1092.0,0,0,1,1,3,1,TA,6,TYP,0,NA,ATTCHD,ATTCHD,1,286.0,ATTCHD,ATTCHD,Y,0.0,0.0,0.0,0.0,0.0,NA,NA,0,1,2007,WD,NORMAL,75000,True,False
917,20,C (ALL),50.0,9000.0,PAVE,NA,REG,LVL,ALLPUB,INSIDE,GTL,IDOTRR,NORM,NORM,1FAM,1STORY,2,3,1949,1950,GABLE,COMPSHG,ASBSHNG,ASBSHNG,None,0.0,TA,TA,CBLOCK,TA,TA,TA,BLQ,50.0,TA,0.0,430.0,480.0,GASA,TA,N,FUSEA,480.0,0.0,0.0,480.0,1,0,0,0,1,1,TA,4,TYP,0,NA,DETCHD,DETCHD,1,308.0,DETCHD,DETCHD,Y,0.0,0.0,0.0,0.0,0.0,NA,NA,0,10,2006,WD,ABNORML,35311,True,False
918,20,RL,0.0,17140.0,PAVE,NA,REG,LVL,ALLPUB,INSIDE,GTL,EDWARDS,NORM,NORM,1FAM,1STORY,4,6,1956,1956,GABLE,COMPSHG,VINYLSD,VINYLSD,None,0.0,TA,TA,CBLOCK,TA,TA,TA,ALQ,1059.0,TA,0.0,75.0,1134.0,GASA,EX,Y,FUSEA,1229.0,0.0,0.0,1229.0,0,0,1,0,3,1,TA,6,TYP,0,NA,ATTCHD,ATTCHD,1,284.0,ATTCHD,ATTCHD,Y,0.0,0.0,0.0,0.0,0.0,NA,NA,0,4,2009,WD,NORMAL,135000,True,False
919,60,RL,103.0,13125.0,PAVE,NA,IR1,LVL,ALLPUB,CORNER,GTL,SAWYERW,NORM,NORM,1FAM,2STORY,7,5,1991,1991,GABLE,COMPSHG,HDBOARD,HDBOARD,None,0.0,GD,TA,PCONC,EX,TA,EX,BLQ,48.0,TA,634.0,422.0,1104.0,GASA,EX,Y,SBRKR,912.0,1215.0,0.0,2127.0,1,0,2,1,4,1,GD,8,TYP,1,TA,ATTCHD,ATTCHD,3,833.0,ATTCHD,ATTCHD,Y,72.0,192.0,224.0,0.0,0.0,NA,NA,0,11,2007,WD,NORMAL,238000,True,False
920,20,RL,87.0,11029.0,PAVE,NA,IR1,LVL,ALLPUB,CORNER,GTL,NAMES,NORM,NORM,1FAM,1STORY,6,8,1958,2002,HIP,COMPSHG,METALSD,METALSD,None,0.0,EX,TA,CBLOCK,GD,TA,GD,ALQ,528.0,TA,411.0,245.0,1184.0,GASA,EX,Y,SBRKR,1414.0,0.0,0.0,1414.0,1,0,1,0,3,1,TA,6,MIN1,1,TA,ATTCHD,ATTCHD,2,601.0,ATTCHD,ATTCHD,Y,0.0,51.0,0.0,0.0,190.0,NA,NA,0,5,2008,WD,NORMAL,176500,True,False
921,60,RL,70.0,8462.0,PAVE,NA,IR1,LVL,ALLPUB,INSIDE,GTL,SAWYERW,NORM,NORM,1FAM,2STORY,6,5,1994,1994,GABLE,COMPSHG,HDBOARD,HDBOARD,BRKFACE,105.0,GD,GD,PCONC,GD,GD,GD,GLQ,814.0,GD,0.0,114.0,928.0,GASA,EX,Y,SBRKR,936.0,785.0,0.0,1721.0,0,1,2,1,3,1,GD,7,TYP,0,NA,ATTCHD,ATTCHD,2,471.0,ATTCHD,ATTCHD,Y,300.0,87.0,0.0,0.0,0.0,NA,NA,0,7,2007,WD,NORMAL,201000,True,False
922,90,RL,67.0,8777.0,PAVE,NA,REG,LVL,ALLPUB,INSIDE,GTL,EDWARDS,FEEDR,NORM,DUPLEX,1.5FIN,5,7,1900,2003,GABLE,COMPSHG,METALSD,METALSD,None,0.0,TA,TA,CBLOCK,TA,TA,TA,ALQ,1084.0,TA,0.0,188.0,1272.0,GASA,GD,Y,SBRKR,1272.0,928.0,0.0,2200.0,2,0,2,2,4,2,TA,9,TYP,0,NA,NA,NA,0,0.0,NA,NA,N,0.0,70.0,0.0,0.0,0.0,NA,NA,0,9,2008,WD,NORMAL,145900,False,False
923,20,RL,65.0,10237.0,PAVE,NA,REG,LVL,ALLPUB,INSIDE,GTL,GILBERT,RRAN,NORM,1FAM,1STORY,6,5,2005,2006,GABLE,COMPSHG,VINYLSD,VINYLSD,None,0.0,GD,TA,PCONC,GD,TA,GD,GLQ,28.0,TA,0.0,1288.0,1316.0,GASA,EX,Y,SBRKR,1316.0,0.0,0.0,1316.0,0,0,2,0,3,1,GD,6,TYP,1,GD,ATTCHD,ATTCHD,2,397.0,ATTCHD,ATTCHD,Y,100.0,0.0,0.0,23.0,0.0,NA,NA,0,10,2006,NEW,PARTIAL,169990,True,False
924,120,RL,50.0,8012.0,PAVE,NA,REG,LVL,ALLPUB,INSIDE,GTL,SAWYERW,NORM,NORM,TWNHSE,1STORY,6,5,1993,1994,GABLE,COMPSHG,PLYWOOD,PLYWOOD,None,0.0,GD,TA,PCONC,GD,TA,GD,LWQ,165.0,TA,841.0,598.0,1604.0,GASA,EX,Y,SBRKR,1617.0,0.0,0.0,1617.0,1,0,2,0,2,1,GD,5,TYP,1,FA,ATTCHD,ATTCHD,2,533.0,ATTCHD,ATTCHD,Y,0.0,69.0,0.0,0.0,0.0,NA,NA,0,7,2008,WD,NORMAL,193000,True,False
925,20,RL,79.0,10240.0,PAVE,NA,REG,LVL,ALLPUB,INSIDE,GTL,NWAMES,NORM,NORM,1FAM,1STORY,6,6,1980,1980,GABLE,COMPSHG,PLYWOOD,PLYWOOD,BRKFACE,157.0,TA,GD,CBLOCK,GD,TA,GD,BLQ,625.0,TA,1061.0,0.0,1686.0,GASA,TA,Y,SBRKR,1686.0,0.0,0.0,1686.0,1,0,2,0,3,1,TA,7,TYP,1,TA,ATTCHD,ATTCHD,2,612.0,ATTCHD,ATTCHD,Y,384.0,131.0,0.0,0.0,0.0,NA,NA,0,5,2006,WD,NORMAL,207500,True,False
926,20,RL,0.0,15611.0,PAVE,NA,IR1,LVL,ALLPUB,CORNER,GTL,NWAMES,NORM,NORM,1FAM,1STORY,5,6,1977,1977,GABLE,COMPSHG,VINYLSD,VINYLSD,None,0.0,TA,TA,PCONC,GD,TA,GD,ALQ,767.0,TA,93.0,266.0,1126.0,GASA,TA,Y,SBRKR,1126.0,0.0,0.0,1126.0,0,1,2,0,3,1,EX,6,TYP,0,NA,ATTCHD,ATTCHD,2,540.0,ATTCHD,ATTCHD,Y,180.0,0.0,0.0,0.0,0.0,NA,NA,0,3,2008,WD,ABNORML,175000,True,False
927,60,RL,93.0,11999.0,PAVE,NA,REG,LVL,ALLPUB,INSIDE,GTL,NRIDGHT,NORM,NORM,1FAM,2STORY,8,5,2003,2004,HIP,COMPSHG,VINYLSD,VINYLSD,BRKFACE,340.0,GD,TA,PCONC,GD,TA,GD,UNF,0.0,TA,0.0,1181.0,1181.0,GASA,EX,Y,SBRKR,1234.0,1140.0,0.0,2374.0,0,0,2,1,4,1,EX,10,TYP,1,GD,BUILTIN,BUILTIN,3,656.0,BUILTIN,BUILTIN,Y,104.0,100.0,0.0,0.0,0.0,NA,NA,0,5,2007,WD,NORMAL,285000,True,False
928,60,RL,0.0,9900.0,PAVE,NA,REG,LVL,ALLPUB,INSIDE,GTL,NWAMES,FEEDR,NORM,1FAM,2STORY,7,5,1968,1968,GABLE,COMPSHG,METALSD,METALSD,BRKFACE,342.0,TA,TA,CBLOCK,TA,TA,TA,BLQ,552.0,TA,0.0,280.0,832.0,GASA,GD,Y,SBRKR,1098.0,880.0,0.0,1978.0,0,0,2,1,4,1,TA,9,TYP,1,GD,ATTCHD,ATTCHD,2,486.0,ATTCHD,ATTCHD,Y,0.0,43.0,0.0,0.0,0.0,NA,NA,0,4,2008,WD,NORMAL,176000,True,False
929,20,RL,0.0,11838.0,PAVE,NA,REG,LVL,ALLPUB,INSIDE,GTL,COLLGCR,NORM,NORM,1FAM,1STORY,8,5,2001,2001,HIP,COMPSHG,VINYLSD,VINYLSD,None,0.0,GD,TA,PCONC,GD,TA,GD,UNF,0.0,TA,0.0,1753.0,1753.0,GASA,EX,Y,SBRKR,1788.0,0.0,0.0,1788.0,0,0,2,0,3,1,EX,7,TYP,1,TA,ATTCHD,ATTCHD,2,522.0,ATTCHD,ATTCHD,Y,202.0,151.0,0.0,0.0,0.0,NA,NA,0,6,2009,WD,NORMAL,236500,True,False
930,60,RL,0.0,13006.0,PAVE,NA,IR1,LVL,ALLPUB,CORNER,GTL,GILBERT,NORM,NORM,1FAM,2STORY,7,5,1997,1997,GABLE,COMPSHG,HDBOARD,HDBOARD,BRKFACE,285.0,TA,TA,PCONC,GD,TA,GD,UNF,0.0,TA,0.0,964.0,964.0,GASA,GD,Y,SBRKR,993.0,1243.0,0.0,2236.0,0,0,2,1,4,1,GD,8,TYP,1,TA,BUILTIN,BUILTIN,2,642.0,BUILTIN,BUILTIN,Y,0.0,0.0,0.0,0.0,0.0,NA,NA,0,11,2006,WD,NORMAL,222000,True,False
931,20,RL,73.0,8925.0,PAVE,NA,IR1,HLS,ALLPUB,INSIDE,GTL,TIMBER,NORM,NORM,1FAM,1STORY,8,5,2007,2007,GABLE,COMPSHG,VINYLSD,VINYLSD,None,0.0,GD,TA,PCONC,GD,TA,GD,GLQ,16.0,TA,0.0,1450.0,1466.0,GASA,EX,Y,SBRKR,1466.0,0.0,0.0,1466.0,0,0,2,0,3,1,GD,7,TYP,0,NA,ATTCHD,ATTCHD,3,610.0,ATTCHD,ATTCHD,Y,100.0,18.0,0.0,0.0,0.0,NA,NA,0,7,2009,WD,NORMAL,201000,True,False
932,20,RL,70.0,9100.0,PAVE,NA,REG,LVL,ALLPUB,INSIDE,GTL,NAMES,NORM,NORM,1FAM,1STORY,5,6,1965,1965,GABLE,COMPSHG,VINYLSD,VINYLSD,None,0.0,TA,TA,CBLOCK,TA,TA,TA,BLQ,338.0,TA,466.0,121.0,925.0,GASA,EX,Y,SBRKR,925.0,0.0,0.0,925.0,0,1,1,0,2,1,TA,5,TYP,0,NA,DETCHD,DETCHD,1,429.0,DETCHD,DETCHD,Y,0.0,0.0,0.0,0.0,0.0,NA,NA,0,7,2009,WD,NORMAL,117500,True,False
933,20,RL,84.0,11670.0,PAVE,NA,IR1,LVL,ALLPUB,CORNER,GTL,SOMERST,RRNN,NORM,1FAM,1STORY,9,5,2006,2006,HIP,COMPSHG,VINYLSD,IMSTUCC,STONE,302.0,EX,TA,PCONC,EX,GD,EX,UNF,0.0,GD,0.0,1905.0,1905.0,GASA,EX,Y,SBRKR,1905.0,0.0,0.0,1905.0,0,0,2,0,3,1,EX,8,TYP,1,GD,ATTCHD,ATTCHD,3,788.0,ATTCHD,ATTCHD,Y,0.0,191.0,0.0,0.0,0.0,NA,NA,0,3,2007,WD,NORMAL,320000,True,False
934,20,RL,63.0,8487.0,PAVE,NA,REG,LVL,ALLPUB,FR2,GTL,COLLGCR,NORM,NORM,1FAM,1STORY,7,5,2004,2004,GABLE,COMPSHG,VINYLSD,VINYLSD,BRKFACE,210.0,GD,TA,PCONC,GD,TA,GD,GLQ,20.0,TA,0.0,1480.0,1500.0,GASA,EX,Y,SBRKR,1500.0,0.0,0.0,1500.0,0,0,2,0,3,1,GD,6,TYP,0,NA,ATTCHD,ATTCHD,2,570.0,ATTCHD,ATTCHD,Y,192.0,36.0,0.0,0.0,0.0,NA,NA,0,8,2009,WD,NORMAL,190000,True,False
935,20,RL,313.0,27650.0,PAVE,NA,IR2,HLS,ALLPUB,INSIDE,MOD,NAMES,POSA,NORM,1FAM,1STORY,7,7,1960,2007,FLAT,TAR&GRV,WD SDNG,WD SDNG,None,0.0,TA,TA,CBLOCK,GD,TA,GD,GLQ,425.0,TA,0.0,160.0,585.0,GASA,EX,Y,SBRKR,2069.0,0.0,0.0,2069.0,1,0,2,0,4,1,GD,9,TYP,1,GD,ATTCHD,ATTCHD,2,505.0,ATTCHD,ATTCHD,Y,0.0,0.0,0.0,0.0,0.0,NA,NA,0,11,2008,WD,NORMAL,242000,True,False
936,30,RL,52.0,5825.0,PAVE,NA,IR1,LVL,ALLPUB,INSIDE,GTL,BRKSIDE,NORM,NORM,1FAM,1STORY,4,5,1926,1953,GABLE,COMPSHG,METALSD,METALSD,BRKFACE,108.0,TA,GD,PCONC,FA,TA,FA,UNF,0.0,TA,0.0,600.0,600.0,GASA,GD,Y,SBRKR,747.0,0.0,0.0,747.0,0,0,1,0,1,1,TA,5,TYP,0,NA,DETCHD,DETCHD,2,528.0,DETCHD,DETCHD,Y,0.0,0.0,32.0,0.0,0.0,NA,NA,0,6,2006,WD,NORMAL,79900,True,False
938,60,RL,75.0,9675.0,PAVE,NA,REG,LVL,ALLPUB,INSIDE,GTL,SOMERST,NORM,NORM,1FAM,2STORY,7,5,2005,2005,GABLE,COMPSHG,VINYLSD,VINYLSD,None,0.0,GD,TA,PCONC,GD,TA,GD,GLQ,341.0,TA,0.0,772.0,1113.0,GASA,EX,Y,SBRKR,1113.0,858.0,0.0,1971.0,0,0,2,1,3,1,GD,8,TYP,1,GD,ATTCHD,ATTCHD,2,689.0,ATTCHD,ATTCHD,Y,0.0,48.0,0.0,0.0,0.0,NA,NA,0,2,2009,WD,NORMAL,253000,True,False
939,60,RL,73.0,8760.0,PAVE,NA,REG,LVL,ALLPUB,INSIDE,GTL,COLLGCR,NORM,NORM,1FAM,2STORY,7,5,2006,2006,GABLE,COMPSHG,VINYLSD,VINYLSD,None,0.0,GD,TA,PCONC,GD,GD,GD,GLQ,464.0,GD,0.0,927.0,1391.0,GASA,EX,Y,SBRKR,1391.0,571.0,0.0,1962.0,0,0,2,1,3,1,GD,7,TYP,0,NA,ATTCHD,ATTCHD,3,868.0,ATTCHD,ATTCHD,Y,0.0,90.0,0.0,0.0,0.0,NA,NA,0,8,2006,NEW,PARTIAL,239799,True,False
940,70,RL,0.0,24090.0,PAVE,NA,REG,LVL,ALLPUB,INSIDE,GTL,CLEARCR,NORM,NORM,1FAM,2STORY,7,7,1940,1950,GABLE,COMPSHG,METALSD,METALSD,None,0.0,TA,GD,CBLOCK,TA,TA,TA,UNF,0.0,TA,0.0,1032.0,1032.0,GASA,EX,Y,SBRKR,1207.0,1196.0,0.0,2403.0,0,0,2,0,4,1,TA,10,TYP,2,TA,ATTCHD,ATTCHD,1,349.0,ATTCHD,ATTCHD,Y,56.0,0.0,318.0,0.0,0.0,NA,NA,0,6,2010,COD,NORMAL,244400,True,False
941,90,RL,55.0,12640.0,PAVE,NA,IR1,LVL,ALLPUB,INSIDE,GTL,MITCHEL,NORM,NORM,DUPLEX,1STORY,6,5,1976,1976,GABLE,COMPSHG,PLYWOOD,PLYWOOD,None,0.0,TA,TA,CBLOCK,TA,TA,TA,REC,936.0,TA,396.0,396.0,1728.0,GASA,TA,Y,SBRKR,1728.0,0.0,0.0,1728.0,0,0,2,0,4,2,TA,8,TYP,0,NA,ATTCHD,ATTCHD,2,574.0,ATTCHD,ATTCHD,Y,40.0,0.0,0.0,0.0,0.0,NA,NA,0,7,2006,WD,NORMAL,150900,True,False
942,60,RL,0.0,8755.0,PAVE,NA,IR1,LVL,ALLPUB,FR2,GTL,GILBERT,RRNN,NORM,1FAM,2STORY,7,5,1999,1999,GABLE,COMPSHG,VINYLSD,VINYLSD,BRKFACE,298.0,GD,TA,PCONC,GD,TA,GD,ALQ,772.0,TA,0.0,220.0,992.0,GASA,EX,Y,SBRKR,1022.0,1038.0,0.0,2060.0,1,0,2,1,3,1,GD,8,TYP,1,TA,BUILTIN,BUILTIN,2,390.0,BUILTIN,BUILTIN,Y,0.0,0.0,0.0,168.0,0.0,NA,NA,0,6,2009,WD,NORMAL,214000,True,False
943,90,RL,42.0,7711.0,PAVE,NA,IR1,LVL,ALLPUB,INSIDE,GTL,EDWARDS,NORM,NORM,DUPLEX,1STORY,4,3,1977,1977,GABLE,COMPSHG,METALSD,METALSD,None,0.0,TA,TA,PCONC,GD,TA,GD,GLQ,1440.0,TA,0.0,0.0,1440.0,GASA,TA,Y,SBRKR,1440.0,0.0,0.0,1440.0,2,0,2,0,4,2,TA,8,TYP,0,NA,NA,NA,0,0.0,NA,NA,N,321.0,0.0,0.0,0.0,0.0,NA,NA,0,8,2007,OTH,ABNORML,150000,False,False
944,90,RL,100.0,25000.0,PAVE,NA,REG,LOW,ALLPUB,INSIDE,GTL,MITCHEL,NORM,NORM,DUPLEX,1STORY,5,4,1967,1967,GABLE,COMPSHG,HDBOARD,PLYWOOD,None,0.0,TA,TA,CBLOCK,TA,TA,TA,UNF,0.0,TA,0.0,1632.0,1632.0,GASA,TA,Y,SBRKR,1632.0,0.0,0.0,1632.0,0,0,2,0,4,2,TA,8,TYP,0,NA,ATTCHD,ATTCHD,2,576.0,ATTCHD,ATTCHD,P,0.0,0.0,0.0,0.0,0.0,NA,NA,0,6,2007,WD,NORMAL,143000,True,False
945,20,RL,0.0,14375.0,PAVE,NA,IR1,LVL,NOSEWA,CULDSAC,GTL,TIMBER,NORM,NORM,1FAM,SLVL,6,6,1958,1958,GABLE,COMPSHG,HDBOARD,HDBOARD,BRKFACE,541.0,TA,TA,CBLOCK,TA,TA,TA,GLQ,111.0,TA,354.0,354.0,819.0,GASA,GD,Y,FUSEA,1344.0,0.0,0.0,1344.0,0,1,1,0,3,1,GD,7,TYP,1,GD,BASMENT,BASMENT,2,525.0,BASMENT,BASMENT,Y,0.0,118.0,0.0,0.0,233.0,NA,NA,0,1,2009,COD,ABNORML,137500,True,False
946,50,RM,98.0,8820.0,PAVE,NA,REG,LVL,ALLPUB,CORNER,GTL,OLDTOWN,NORM,NORM,1FAM,1.5FIN,5,6,1890,1996,HIP,COMPSHG,VINYLSD,VINYLSD,None,0.0,TA,TA,BRKTIL,TA,TA,TA,LWQ,1088.0,TA,0.0,0.0,1088.0,GASA,TA,Y,SBRKR,1188.0,561.0,120.0,1869.0,0,0,1,0,2,1,TA,7,TYP,0,NA,DETCHD,DETCHD,2,456.0,DETCHD,DETCHD,Y,48.0,0.0,244.0,0.0,0.0,NA,NA,0,9,2009,WD,NORMAL,124900,True,False
947,80,RL,70.0,8163.0,PAVE,NA,REG,LVL,ALLPUB,INSIDE,GTL,NAMES,NORM,NORM,1FAM,SLVL,5,6,1959,1959,GABLE,COMPSHG,HDBOARD,HDBOARD,BRKFACE,128.0,TA,GD,CBLOCK,TA,TA,TA,ALQ,748.0,TA,294.0,102.0,1144.0,GASA,TA,Y,SBRKR,1144.0,0.0,0.0,1144.0,1,0,1,0,3,1,TA,6,TYP,1,TA,ATTCHD,ATTCHD,1,796.0,ATTCHD,ATTCHD,Y,86.0,0.0,0.0,0.0,0.0,NA,NA,0,3,2006,WD,NORMAL,143000,True,False
948,20,RL,85.0,14536.0,PAVE,NA,REG,LVL,ALLPUB,INSIDE,GTL,TIMBER,NORM,NORM,1FAM,1STORY,8,5,2002,2003,HIP,COMPSHG,VINYLSD,VINYLSD,BRKFACE,236.0,GD,TA,PCONC,GD,TA,GD,GLQ,1300.0,TA,0.0,316.0,1616.0,GASA,EX,Y,SBRKR,1629.0,0.0,0.0,1629.0,1,0,2,0,3,1,GD,9,TYP,1,GD,ATTCHD,ATTCHD,3,808.0,ATTCHD,ATTCHD,Y,0.0,252.0,0.0,0.0,0.0,NA,NA,0,11,2007,WD,NORMAL,270000,True,False
950,20,RL,78.0,9360.0,PAVE,NA,REG,LVL,ALLPUB,INSIDE,GTL,NWAMES,NORM,NORM,1FAM,1STORY,6,7,1972,2006,HIP,COMPSHG,PLYWOOD,PLYWOOD,None,0.0,TA,TA,CBLOCK,TA,TA,TA,ALQ,982.0,TA,0.0,179.0,1161.0,GASA,TA,Y,SBRKR,1381.0,0.0,0.0,1381.0,1,0,1,1,3,1,GD,5,TYP,1,TA,ATTCHD,ATTCHD,2,676.0,ATTCHD,ATTCHD,Y,0.0,0.0,0.0,0.0,0.0,NA,NA,0,3,2010,WD,NORMAL,197500,True,False
951,20,RL,60.0,7200.0,PAVE,NA,REG,LVL,ALLPUB,INSIDE,GTL,NAMES,NORM,NORM,1FAM,1STORY,5,8,1950,2002,GABLE,COMPSHG,VINYLSD,VINYLSD,None,0.0,TA,TA,CBLOCK,TA,TA,TA,ALQ,398.0,TA,149.0,317.0,864.0,GASA,GD,Y,SBRKR,864.0,0.0,0.0,864.0,1,0,1,0,3,1,GD,5,TYP,0,NA,DETCHD,DETCHD,2,720.0,DETCHD,DETCHD,Y,194.0,0.0,0.0,0.0,0.0,NA,NA,0,7,2007,WD,NORMAL,129000,True,False
952,20,RH,60.0,7800.0,PAVE,NA,REG,LVL,ALLPUB,CORNER,GTL,SAWYERW,NORM,NORM,1FAM,1STORY,5,5,1965,1965,GABLE,COMPSHG,VINYLSD,VINYLSD,None,0.0,TA,TA,CBLOCK,TA,TA,TA,BLQ,641.0,TA,0.0,187.0,828.0,GASA,GD,Y,SBRKR,965.0,0.0,0.0,965.0,1,0,1,0,3,1,TA,6,TYP,0,NA,DETCHD,DETCHD,1,300.0,DETCHD,DETCHD,Y,421.0,0.0,0.0,0.0,0.0,NA,NA,0,7,2006,WD,ABNORML,119900,True,False
953,85,RL,60.0,7200.0,PAVE,NA,REG,LVL,ALLPUB,INSIDE,GTL,COLLGCR,NORM,NORM,1FAM,SFOYER,5,8,1972,2003,GABLE,COMPSHG,WDSHING,HDBOARD,None,0.0,TA,GD,CBLOCK,GD,TA,GD,GLQ,660.0,TA,0.0,108.0,768.0,GASA,GD,Y,SBRKR,768.0,0.0,0.0,768.0,0,1,1,0,2,1,TA,5,TYP,0,NA,DETCHD,DETCHD,1,396.0,DETCHD,DETCHD,Y,192.0,0.0,0.0,0.0,0.0,NA,NA,0,4,2009,WD,NORMAL,133900,True,False
954,60,RL,0.0,11075.0,PAVE,SHED,IR1,LVL,ALLPUB,INSIDE,MOD,MITCHEL,NORM,NORM,1FAM,2STORY,5,4,1969,1969,GABLE,COMPSHG,HDBOARD,HDBOARD,BRKFACE,232.0,TA,TA,CBLOCK,TA,TA,TA,ALQ,562.0,TA,193.0,29.0,784.0,GASA,EX,Y,SBRKR,1168.0,800.0,0.0,1968.0,0,1,2,1,4,1,TA,7,MIN2,1,PO,ATTCHD,ATTCHD,2,530.0,ATTCHD,ATTCHD,Y,305.0,189.0,0.0,0.0,0.0,SHED,SHED,400,9,2008,WD,NORMAL,172000,True,False
955,90,RL,35.0,9400.0,PAVE,NA,IR1,LVL,ALLPUB,CULDSAC,GTL,EDWARDS,NORM,NORM,DUPLEX,SFOYER,6,5,1975,1975,FLAT,TAR&GRV,WDSHING,PLYWOOD,BRKFACE,250.0,TA,TA,CBLOCK,GD,GD,GD,GLQ,945.0,GD,0.0,0.0,945.0,GASA,TA,Y,SBRKR,980.0,0.0,0.0,980.0,0,2,2,0,4,0,TA,4,TYP,0,NA,NA,NA,0,0.0,NA,NA,Y,0.0,0.0,0.0,0.0,0.0,NA,NA,0,10,2006,WD,ADJLAND,127500,False,False
956,90,RH,82.0,7136.0,PAVE,NA,IR1,HLS,ALLPUB,INSIDE,GTL,CRAWFOR,NORM,NORM,DUPLEX,2STORY,6,6,1946,1950,GABLE,COMPSHG,METALSD,METALSD,BRKFACE,423.0,TA,TA,CBLOCK,GD,TA,GD,REC,484.0,TA,0.0,495.0,979.0,GASA,TA,N,FUSEF,979.0,979.0,0.0,1958.0,0,0,2,0,4,2,TA,8,TYP,0,NA,ATTCHD,ATTCHD,2,492.0,ATTCHD,ATTCHD,Y,0.0,0.0,0.0,0.0,0.0,NA,NA,0,8,2007,WD,NORMAL,145000,True,False
957,160,RM,24.0,1300.0,PAVE,NA,REG,LVL,ALLPUB,INSIDE,GTL,BLUESTE,NORM,NORM,TWNHSE,2STORY,6,6,1980,1980,GABLE,COMPSHG,METALSD,METALSD,None,0.0,TA,TA,CBLOCK,GD,TA,GD,ALQ,285.0,TA,0.0,276.0,561.0,GASA,TA,Y,SBRKR,561.0,668.0,0.0,1229.0,0,0,1,1,2,1,TA,5,TYP,1,TA,ATTCHD,ATTCHD,2,462.0,ATTCHD,ATTCHD,Y,150.0,0.0,0.0,0.0,0.0,NA,NA,0,5,2009,WD,NORMAL,124000,True,False
958,20,RL,70.0,7420.0,PAVE,NA,REG,LVL,ALLPUB,INSIDE,GTL,SAWYER,NORM,NORM,1FAM,1STORY,5,5,1962,1962,HIP,COMPSHG,METALSD,METALSD,None,0.0,TA,TA,CBLOCK,TA,TA,TA,REC,417.0,TA,0.0,640.0,1057.0,GASA,TA,Y,SBRKR,1057.0,0.0,0.0,1057.0,0,0,1,0,3,1,TA,6,TYP,0,NA,DETCHD,DETCHD,2,576.0,DETCHD,DETCHD,Y,0.0,0.0,0.0,0.0,0.0,NA,NA,0,4,2007,WD,NORMAL,132000,True,False
959,20,RL,65.0,8450.0,PAVE,NA,REG,LVL,ALLPUB,INSIDE,GTL,COLLGCR,NORM,NORM,1FAM,1STORY,7,5,2003,2003,GABLE,COMPSHG,VINYLSD,VINYLSD,None,0.0,GD,TA,PCONC,GD,TA,GD,GLQ,699.0,TA,0.0,638.0,1337.0,GASA,EX,Y,SBRKR,1337.0,0.0,0.0,1337.0,1,0,2,0,3,1,GD,6,TYP,0,NA,ATTCHD,ATTCHD,2,531.0,ATTCHD,ATTCHD,Y,0.0,39.0,0.0,0.0,0.0,NA,NA,0,10,2007,WD,NORMAL,185000,True,False
960,160,FV,24.0,2572.0,PAVE,NA,REG,LVL,ALLPUB,FR2,GTL,SOMERST,NORM,NORM,TWNHS,2STORY,7,5,1999,1999,HIP,COMPSHG,METALSD,METALSD,None,0.0,GD,TA,PCONC,GD,TA,GD,ALQ,604.0,TA,0.0,92.0,696.0,GASA,EX,Y,SBRKR,696.0,720.0,0.0,1416.0,1,0,2,1,3,1,GD,6,TYP,0,NA,DETCHD,DETCHD,2,484.0,DETCHD,DETCHD,Y,0.0,44.0,0.0,0.0,0.0,NA,NA,0,5,2010,WD,NORMAL,155000,True,False
961,20,RL,50.0,7207.0,PAVE,NA,IR1,LVL,ALLPUB,INSIDE,GTL,BRKSIDE,NORM,NORM,1FAM,1STORY,5,7,1958,2008,GABLE,COMPSHG,WD SDNG,PLYWOOD,None,0.0,TA,GD,CBLOCK,TA,TA,TA,BLQ,696.0,TA,0.0,162.0,858.0,GASA,GD,Y,SBRKR,858.0,0.0,0.0,858.0,1,0,1,0,2,1,TA,4,TYP,0,NA,NA,NA,0,0.0,NA,NA,Y,117.0,0.0,0.0,0.0,0.0,NA,NA,0,2,2010,WD,NORMAL,116500,False,False
962,60,RL,0.0,12227.0,PAVE,NA,IR1,LVL,ALLPUB,CORNER,GTL,NWAMES,POSN,NORM,1FAM,2STORY,6,7,1977,1995,GABLE,COMPSHG,HDBOARD,HDBOARD,BRKFACE,424.0,TA,GD,CBLOCK,GD,GD,GD,ALQ,896.0,GD,0.0,434.0,1330.0,GASA,TA,Y,SBRKR,1542.0,1330.0,0.0,2872.0,1,0,2,1,4,1,TA,11,TYP,1,TA,ATTCHD,ATTCHD,2,619.0,ATTCHD,ATTCHD,Y,550.0,282.0,0.0,0.0,0.0,NA,NA,0,7,2008,WD,NORMAL,272000,True,False
963,160,RL,24.0,2308.0,PAVE,NA,REG,LVL,ALLPUB,CORNER,GTL,NPKVILL,NORM,NORM,TWNHSE,2STORY,6,6,1976,1976,GABLE,COMPSHG,PLYWOOD,BRK CMN,None,0.0,TA,TA,CBLOCK,GD,TA,GD,ALQ,556.0,TA,0.0,248.0,804.0,GASA,TA,Y,SBRKR,804.0,744.0,0.0,1548.0,1,0,2,1,3,1,GD,7,TYP,1,TA,DETCHD,DETCHD,2,440.0,DETCHD,DETCHD,Y,48.0,0.0,0.0,0.0,0.0,NA,NA,0,7,2007,WD,NORMAL,155000,True,False
964,20,RL,122.0,11923.0,PAVE,NA,IR1,LVL,ALLPUB,CORNER,GTL,COLLGCR,NORM,NORM,1FAM,1STORY,9,5,2007,2007,GABLE,COMPSHG,VINYLSD,VINYLSD,None,0.0,GD,TA,PCONC,EX,TA,EX,UNF,0.0,TA,0.0,1800.0,1800.0,GASA,EX,Y,SBRKR,1800.0,0.0,0.0,1800.0,0,0,2,0,2,1,EX,7,TYP,0,NA,ATTCHD,ATTCHD,2,702.0,ATTCHD,ATTCHD,Y,288.0,136.0,0.0,0.0,0.0,NA,NA,0,5,2009,WD,NORMAL,239000,True,False
965,60,RL,80.0,11316.0,PAVE,NA,REG,LVL,ALLPUB,CORNER,GTL,TIMBER,NORM,NORM,1FAM,2STORY,7,5,2002,2003,GABLE,COMPSHG,VINYLSD,VINYLSD,BRKFACE,44.0,GD,TA,PCONC,GD,TA,GD,GLQ,624.0,TA,0.0,193.0,817.0,GASA,EX,Y,SBRKR,824.0,1070.0,0.0,1894.0,1,0,2,1,4,1,GD,8,TYP,1,GD,BUILTIN,BUILTIN,2,510.0,BUILTIN,BUILTIN,Y,0.0,40.0,0.0,0.0,0.0,NA,NA,0,2,2010,WD,NORMAL,214900,True,False
966,60,RL,65.0,10237.0,PAVE,NA,REG,LVL,ALLPUB,INSIDE,GTL,GILBERT,RRAN,NORM,1FAM,2STORY,6,5,2005,2007,GABLE,COMPSHG,VINYLSD,VINYLSD,None,0.0,GD,TA,PCONC,GD,TA,GD,UNF,0.0,TA,0.0,783.0,783.0,GASA,EX,Y,SBRKR,783.0,701.0,0.0,1484.0,0,0,2,1,3,1,GD,8,TYP,1,GD,ATTCHD,ATTCHD,2,393.0,ATTCHD,ATTCHD,Y,0.0,72.0,0.0,0.0,0.0,NA,NA,0,7,2007,NEW,PARTIAL,178900,True,False
967,50,RL,130.0,9600.0,PAVE,NA,IR1,HLS,ALLPUB,INSIDE,GTL,CRAWFOR,NORM,NORM,1FAM,1.5FIN,5,7,1940,1950,GABLE,COMPSHG,METALSD,METALSD,None,0.0,GD,GD,BRKTIL,TA,FA,TA,REC,428.0,FA,0.0,300.0,728.0,GASA,EX,Y,SBRKR,976.0,332.0,0.0,1308.0,1,0,1,1,2,1,TA,7,MIN2,2,TA,DETCHD,DETCHD,1,256.0,DETCHD,DETCHD,Y,0.0,70.0,0.0,0.0,0.0,NA,NA,0,6,2009,WD,NORMAL,160000,True,False
968,20,RL,0.0,7390.0,PAVE,NA,IR1,LVL,ALLPUB,INSIDE,GTL,NAMES,NORM,NORM,1FAM,1STORY,5,7,1955,1955,HIP,COMPSHG,WD SDNG,WD SDNG,BRKFACE,151.0,TA,TA,CBLOCK,TA,TA,TA,ALQ,902.0,TA,0.0,196.0,1098.0,GASA,TA,Y,SBRKR,1098.0,0.0,0.0,1098.0,1,0,1,0,3,1,TA,6,TYP,0,NA,ATTCHD,ATTCHD,1,260.0,ATTCHD,ATTCHD,Y,0.0,0.0,0.0,0.0,0.0,NA,NA,0,7,2008,WD,NORMAL,135000,True,False
969,50,RM,50.0,5925.0,PAVE,NA,REG,LVL,ALLPUB,INSIDE,GTL,OLDTOWN,NORM,NORM,1FAM,1.5FIN,3,6,1910,1950,GABLE,COMPSHG,VINYLSD,VINYLSD,None,0.0,TA,TA,BRKTIL,TA,TA,TA,UNF,0.0,TA,0.0,600.0,600.0,GRAV,FA,N,SBRKR,600.0,368.0,0.0,968.0,0,0,1,0,2,1,TA,6,TYP,0,NA,NA,NA,0,0.0,NA,NA,Y,0.0,0.0,0.0,0.0,0.0,NA,NA,0,5,2009,WD,ABNORML,37900,False,False
970,190,RL,75.0,10382.0,PAVE,NA,REG,LVL,ALLPUB,INSIDE,GTL,NAMES,NORM,NORM,2FMCON,SLVL,6,5,1958,1958,HIP,COMPSHG,HDBOARD,HDBOARD,BRKFACE,105.0,TA,FA,CBLOCK,TA,TA,TA,ALQ,513.0,TA,0.0,75.0,588.0,GASA,TA,Y,SBRKR,1095.0,0.0,0.0,1095.0,1,0,1,0,2,1,TA,6,TYP,0,NA,ATTCHD,ATTCHD,1,264.0,ATTCHD,ATTCHD,Y,0.0,0.0,0.0,0.0,0.0,NA,NA,0,3,2006,CONLD,NORMAL,140000,True,False
971,50,RL,60.0,10800.0,PAVE,NA,REG,LVL,ALLPUB,INSIDE,GTL,NAMES,NORM,NORM,1FAM,1.5FIN,4,4,1949,1950,GABLE,COMPSHG,ASBSHNG,ASBSHNG,None,0.0,TA,TA,CBLOCK,TA,TA,TA,UNF,0.0,TA,0.0,720.0,720.0,GASA,TA,N,FUSEA,720.0,472.0,0.0,1192.0,0,0,1,1,4,1,TA,6,TYP,0,NA,NA,NA,0,0.0,NA,NA,Y,0.0,0.0,0.0,0.0,0.0,NA,NA,0,12,2006,WD,ABNORML,135000,False,False
972,160,RL,36.0,2268.0,PAVE,NA,REG,LVL,ALLPUB,INSIDE,GTL,NRIDGHT,NORM,NORM,TWNHS,2STORY,7,5,2003,2004,GABLE,COMPSHG,VINYLSD,WD SHNG,STONE,106.0,GD,TA,PCONC,GD,TA,GD,GLQ,567.0,TA,0.0,197.0,764.0,GASA,EX,Y,SBRKR,764.0,862.0,0.0,1626.0,0,0,2,0,2,1,GD,6,TYP,0,NA,BUILTIN,BUILTIN,2,474.0,BUILTIN,BUILTIN,Y,0.0,27.0,0.0,0.0,0.0,NA,NA,0,7,2009,WD,NORMAL,173000,True,False
973,120,RL,55.0,7892.0,PAVE,NA,REG,LVL,ALLPUB,INSIDE,GTL,SAWYERW,NORM,NORM,TWNHSE,1STORY,6,5,1979,1979,GABLE,COMPSHG,PLYWOOD,PLYWOOD,None,0.0,TA,TA,CBLOCK,GD,TA,GD,UNF,0.0,TA,0.0,918.0,918.0,GASA,TA,Y,SBRKR,918.0,0.0,0.0,918.0,0,0,2,0,2,1,TA,5,TYP,1,TA,ATTCHD,ATTCHD,1,264.0,ATTCHD,ATTCHD,Y,28.0,0.0,0.0,0.0,0.0,NA,NA,0,4,2010,WD,NORMAL,99500,True,False
975,70,RL,60.0,11414.0,PAVE,NA,IR1,LVL,ALLPUB,CORNER,GTL,BRKSIDE,RRAN,FEEDR,1FAM,2STORY,7,8,1910,1993,GABLE,COMPSHG,HDBOARD,HDBOARD,None,0.0,TA,GD,BRKTIL,GD,TA,GD,UNF,0.0,TA,0.0,728.0,728.0,GASA,TA,N,SBRKR,1136.0,883.0,0.0,2019.0,0,0,1,0,3,1,GD,8,TYP,0,NA,DETCHD,DETCHD,2,532.0,DETCHD,DETCHD,Y,509.0,135.0,0.0,0.0,0.0,NA,NA,0,10,2009,WD,NORMAL,167500,True,False
976,160,FV,0.0,2651.0,PAVE,NA,REG,LVL,ALLPUB,FR2,GTL,SOMERST,NORM,NORM,TWNHS,2STORY,7,5,2000,2000,GABLE,COMPSHG,METALSD,METALSD,None,0.0,GD,TA,PCONC,GD,TA,GD,GLQ,641.0,TA,0.0,32.0,673.0,GASA,EX,Y,SBRKR,673.0,709.0,0.0,1382.0,1,0,2,1,3,1,GD,6,TYP,0,NA,DETCHD,DETCHD,2,490.0,DETCHD,DETCHD,Y,153.0,50.0,0.0,0.0,0.0,NA,NA,0,4,2006,WD,NORMAL,165000,True,False
977,30,RL,51.0,5900.0,PAVE,NA,IR1,BNK,ALLPUB,INSIDE,GTL,BRKSIDE,NORM,NORM,1FAM,1STORY,4,7,1923,1958,GABLE,COMPSHG,WD SDNG,WD SDNG,None,0.0,TA,TA,PCONC,GD,TA,GD,UNF,0.0,TA,0.0,440.0,440.0,GASA,TA,Y,FUSEA,869.0,0.0,0.0,869.0,0,0,1,0,2,1,FA,4,TYP,0,NA,NA,NA,0,0.0,NA,NA,Y,0.0,0.0,0.0,0.0,0.0,NA,NA,0,8,2006,WD,NORMAL,85500,False,False
979,20,RL,68.0,9450.0,PAVE,NA,REG,BNK,ALLPUB,INSIDE,MOD,EDWARDS,NORM,NORM,1FAM,1STORY,4,5,1954,1954,GABLE,COMPSHG,METALSD,METALSD,None,0.0,TA,TA,CBLOCK,TA,TA,TA,LWQ,552.0,TA,0.0,342.0,894.0,GASA,EX,Y,SBRKR,894.0,0.0,0.0,894.0,0,0,1,0,3,1,TA,5,TYP,0,NA,DETCHD,DETCHD,2,400.0,DETCHD,DETCHD,Y,0.0,0.0,0.0,0.0,0.0,NA,NA,0,5,2007,WD,ABNORML,110000,True,False
980,20,RL,80.0,8816.0,PAVE,NA,REG,LVL,ALLPUB,CORNER,GTL,SAWYER,FEEDR,NORM,1FAM,1STORY,5,6,1963,1963,GABLE,COMPSHG,VINYLSD,VINYLSD,None,0.0,TA,TA,PCONC,TA,TA,TA,REC,651.0,TA,0.0,470.0,1121.0,GASA,TA,Y,SBRKR,1121.0,0.0,0.0,1121.0,1,0,1,0,3,1,TA,5,TYP,0,NA,DETCHD,DETCHD,2,480.0,DETCHD,DETCHD,Y,0.0,80.0,0.0,0.0,0.0,NA,NA,0,6,2009,WD,NORMAL,139000,True,False
981,85,RL,0.0,12122.0,PAVE,NA,IR1,LVL,ALLPUB,CORNER,GTL,NAMES,NORM,NORM,1FAM,SFOYER,7,9,1961,2007,GABLE,COMPSHG,CEMNTBD,CMENTBD,STONE,210.0,EX,TA,CBLOCK,TA,TA,TA,ALQ,867.0,TA,0.0,77.0,944.0,GASA,GD,Y,SBRKR,999.0,0.0,0.0,999.0,1,0,1,0,3,1,EX,6,TYP,0,NA,ATTCHD,ATTCHD,2,588.0,ATTCHD,ATTCHD,Y,144.0,76.0,0.0,0.0,0.0,NA,NA,0,7,2008,WD,NORMAL,178400,True,False
982,60,RL,98.0,12203.0,PAVE,NA,IR1,LVL,ALLPUB,CORNER,GTL,NORIDGE,NORM,NORM,1FAM,2STORY,8,5,1998,1999,HIP,COMPSHG,VINYLSD,VINYLSD,BRKFACE,975.0,GD,TA,PCONC,GD,TA,GD,GLQ,854.0,TA,0.0,371.0,1225.0,GASA,EX,Y,SBRKR,1276.0,1336.0,0.0,2612.0,1,0,2,1,4,1,GD,8,TYP,1,TA,ATTCHD,ATTCHD,3,676.0,ATTCHD,ATTCHD,Y,250.0,0.0,0.0,0.0,0.0,NA,NA,0,7,2009,WD,NORMAL,336000,True,False
983,20,RL,43.0,3182.0,PAVE,NA,REG,LVL,ALLPUB,INSIDE,GTL,BLMNGTN,NORM,NORM,1FAM,1STORY,7,5,2007,2007,GABLE,COMPSHG,VINYLSD,VINYLSD,BRKFACE,16.0,GD,TA,PCONC,GD,TA,GD,UNF,0.0,TA,0.0,1266.0,1266.0,GASA,EX,Y,SBRKR,1266.0,0.0,0.0,1266.0,0,0,2,0,2,1,GD,6,TYP,1,GD,ATTCHD,ATTCHD,2,388.0,ATTCHD,ATTCHD,Y,100.0,16.0,0.0,0.0,0.0,NA,NA,0,3,2008,WD,NORMAL,159895,True,False
984,60,RL,0.0,11250.0,PAVE,NA,REG,LVL,ALLPUB,CORNER,GTL,COLLGCR,NORM,NORM,1FAM,2STORY,8,5,2002,2002,GABLE,COMPSHG,CEMNTBD,CMENTBD,None,0.0,GD,TA,PCONC,GD,TA,GD,UNF,0.0,TA,0.0,1128.0,1128.0,GASA,EX,Y,SBRKR,1149.0,1141.0,0.0,2290.0,0,0,2,1,4,1,GD,9,TYP,1,GD,ATTCHD,ATTCHD,2,779.0,ATTCHD,ATTCHD,Y,0.0,0.0,0.0,0.0,0.0,NA,NA,0,5,2008,WD,NORMAL,255900,True,False
985,90,RL,75.0,10125.0,PAVE,NA,REG,LVL,ALLPUB,INSIDE,GTL,MITCHEL,NORM,NORM,DUPLEX,1.5FIN,5,5,1977,1977,GABLE,COMPSHG,PLYWOOD,PLYWOOD,None,0.0,TA,TA,CBLOCK,NA,NA,NA,NA,0.0,NA,0.0,0.0,0.0,GASA,TA,Y,SBRKR,1302.0,432.0,0.0,1734.0,0,0,2,0,4,2,GD,8,TYP,0,NA,ATTCHD,ATTCHD,2,539.0,ATTCHD,ATTCHD,Y,0.0,0.0,0.0,0.0,0.0,NA,NA,0,8,2009,COD,NORMAL,126000,True,False
986,190,RL,68.0,10880.0,PAVE,NA,REG,LVL,ALLPUB,INSIDE,GTL,EDWARDS,NORM,NORM,2FMCON,1STORY,5,5,1950,1950,GABLE,COMPSHG,METALSD,METALSD,None,0.0,TA,TA,CBLOCK,TA,TA,TA,ALQ,1040.0,TA,0.0,124.0,1164.0,GASW,TA,N,SBRKR,1164.0,0.0,0.0,1164.0,1,0,1,0,3,1,TA,5,TYP,0,NA,DETCHD,DETCHD,1,240.0,DETCHD,DETCHD,Y,0.0,48.0,0.0,0.0,0.0,NA,NA,0,8,2008,CONLD,NORMAL,125000,True,False
987,50,RM,59.0,5310.0,PAVE,NA,REG,LVL,ALLPUB,CORNER,GTL,OLDTOWN,FEEDR,NORM,1FAM,1.5FIN,6,8,1910,2003,HIP,COMPSHG,VINYLSD,VINYLSD,None,0.0,TA,GD,CBLOCK,TA,FA,TA,UNF,0.0,FA,0.0,485.0,485.0,GASA,GD,Y,SBRKR,1001.0,634.0,0.0,1635.0,0,0,1,0,2,1,GD,5,TYP,0,NA,ATTCHD,ATTCHD,1,255.0,ATTCHD,ATTCHD,Y,394.0,0.0,0.0,0.0,0.0,NA,NA,0,6,2006,WD,NORMAL,117000,True,False
988,20,RL,83.0,10159.0,PAVE,NA,IR1,LVL,ALLPUB,INSIDE,GTL,NRIDGHT,NORM,NORM,1FAM,1STORY,9,5,2009,2010,HIP,COMPSHG,VINYLSD,VINYLSD,STONE,450.0,EX,TA,PCONC,EX,TA,EX,GLQ,1646.0,TA,0.0,284.0,1930.0,GASA,EX,Y,SBRKR,1940.0,0.0,0.0,1940.0,1,0,2,1,3,1,EX,8,TYP,1,GD,ATTCHD,ATTCHD,3,606.0,ATTCHD,ATTCHD,Y,168.0,95.0,0.0,0.0,0.0,NA,NA,0,4,2010,NEW,PARTIAL,395192,True,False
989,60,RL,0.0,12046.0,PAVE,NA,IR1,LVL,ALLPUB,INSIDE,GTL,NWAMES,NORM,NORM,1FAM,2STORY,6,6,1976,1976,GABLE,COMPSHG,PLYWOOD,PLYWOOD,BRKFACE,298.0,TA,TA,CBLOCK,TA,TA,TA,LWQ,156.0,TA,0.0,692.0,848.0,GASA,TA,Y,SBRKR,1118.0,912.0,0.0,2030.0,0,0,2,1,4,1,GD,8,TYP,1,TA,ATTCHD,ATTCHD,2,551.0,ATTCHD,ATTCHD,Y,0.0,224.0,0.0,0.0,0.0,NA,NA,0,6,2007,WD,NORMAL,195000,True,False
990,60,FV,65.0,8125.0,PAVE,NA,REG,LVL,ALLPUB,INSIDE,GTL,SOMERST,NORM,NORM,1FAM,2STORY,7,5,2006,2006,GABLE,COMPSHG,VINYLSD,VINYLSD,None,0.0,GD,TA,PCONC,GD,GD,GD,UNF,0.0,GD,0.0,770.0,770.0,GASA,EX,Y,SBRKR,778.0,798.0,0.0,1576.0,0,0,2,1,3,1,GD,6,TYP,0,NA,ATTCHD,ATTCHD,2,614.0,ATTCHD,ATTCHD,Y,0.0,50.0,0.0,0.0,0.0,NA,NA,0,8,2006,NEW,PARTIAL,197000,True,False
991,60,RL,82.0,9452.0,PAVE,NA,REG,LVL,ALLPUB,INSIDE,GTL,NORIDGE,NORM,NORM,1FAM,2STORY,8,5,1997,1998,GABLE,COMPSHG,VINYLSD,VINYLSD,BRKFACE,423.0,GD,TA,PCONC,GD,TA,GD,GLQ,1074.0,TA,0.0,322.0,1396.0,GASA,EX,Y,SBRKR,1407.0,985.0,0.0,2392.0,1,0,2,1,3,1,GD,7,TYP,1,TA,ATTCHD,ATTCHD,3,870.0,ATTCHD,ATTCHD,Y,0.0,70.0,0.0,0.0,0.0,NA,NA,0,6,2006,WD,NORMAL,348000,True,False
992,70,RM,121.0,17671.0,PAVE,NA,REG,LVL,ALLPUB,CORNER,GTL,OLDTOWN,ARTERY,NORM,1FAM,2STORY,8,9,1882,1986,GABLE,COMPSHG,WD SDNG,WD SDNG,None,0.0,GD,GD,BRKTIL,TA,TA,TA,BLQ,216.0,TA,0.0,700.0,916.0,GASA,GD,Y,SBRKR,916.0,826.0,0.0,1742.0,0,0,1,1,4,1,GD,8,TYP,1,GD,ATTCHD,ATTCHD,2,424.0,ATTCHD,ATTCHD,P,0.0,169.0,0.0,0.0,0.0,NA,NA,0,11,2009,WD,NORMAL,168000,True,False
993,60,RL,80.0,9760.0,PAVE,NA,REG,LVL,ALLPUB,INSIDE,MOD,NAMES,NORM,NORM,1FAM,2STORY,6,8,1964,1993,HIP,COMPSHG,WD SDNG,WD SDNG,BRKFACE,340.0,TA,TA,CBLOCK,TA,TA,TA,BLQ,536.0,TA,117.0,169.0,822.0,GASA,GD,Y,SBRKR,1020.0,831.0,0.0,1851.0,0,0,2,1,3,1,GD,7,TYP,1,FA,ATTCHD,ATTCHD,2,440.0,ATTCHD,ATTCHD,Y,239.0,42.0,0.0,0.0,0.0,NA,NA,0,7,2007,WD,NORMAL,187000,True,False
994,60,RL,68.0,8846.0,PAVE,NA,REG,LVL,ALLPUB,INSIDE,GTL,COLLGCR,NORM,NORM,1FAM,2STORY,6,5,2005,2006,GABLE,COMPSHG,VINYLSD,VINYLSD,None,0.0,TA,TA,PCONC,GD,TA,GD,UNF,0.0,TA,0.0,750.0,750.0,GASA,EX,Y,SBRKR,750.0,750.0,0.0,1500.0,0,0,2,1,3,1,GD,6,TYP,0,NA,ATTCHD,ATTCHD,2,564.0,ATTCHD,ATTCHD,Y,0.0,35.0,0.0,0.0,0.0,NA,NA,0,8,2006,NEW,PARTIAL,173900,True,False
995,20,RL,96.0,12456.0,PAVE,NA,REG,LVL,ALLPUB,FR2,GTL,NRIDGHT,NORM,NORM,1FAM,1STORY,10,5,2006,2007,HIP,COMPSHG,CEMNTBD,CMENTBD,STONE,230.0,EX,TA,PCONC,EX,TA,EX,GLQ,1172.0,TA,0.0,528.0,1700.0,GASA,EX,Y,SBRKR,1718.0,0.0,0.0,1718.0,1,0,2,0,3,1,EX,7,TYP,1,GD,ATTCHD,ATTCHD,3,786.0,ATTCHD,ATTCHD,Y,216.0,48.0,0.0,0.0,0.0,NA,NA,0,7,2009,WD,NORMAL,337500,True,False
996,50,RL,51.0,4712.0,PAVE,NA,IR1,LVL,ALLPUB,INSIDE,MOD,BRKSIDE,FEEDR,NORM,1FAM,1.5FIN,4,7,1946,1950,GABLE,COMPSHG,METALSD,METALSD,None,0.0,TA,TA,CBLOCK,TA,TA,TA,ALQ,384.0,TA,0.0,363.0,747.0,GASA,TA,Y,SBRKR,774.0,456.0,0.0,1230.0,1,0,1,1,3,1,TA,5,TYP,0,NA,DETCHD,DETCHD,1,305.0,DETCHD,DETCHD,Y,0.0,57.0,0.0,0.0,63.0,NA,NA,0,8,2006,WD,ABNORML,121600,True,False
997,20,RL,0.0,10659.0,PAVE,NA,IR1,LVL,ALLPUB,INSIDE,GTL,NAMES,NORM,NORM,1FAM,1STORY,5,6,1961,1961,HIP,COMPSHG,WD SDNG,WD SDNG,None,0.0,TA,TA,CBLOCK,TA,TA,TA,REC,915.0,TA,0.0,135.0,1050.0,GASA,TA,Y,SBRKR,1050.0,0.0,0.0,1050.0,1,0,1,0,3,1,TA,6,TYP,0,NA,ATTCHD,ATTCHD,1,368.0,ATTCHD,ATTCHD,Y,0.0,319.0,0.0,0.0,0.0,NA,NA,0,1,2006,COD,NORMAL,136500,True,False
998,20,RL,0.0,11717.0,PAVE,NA,IR1,LVL,ALLPUB,INSIDE,GTL,NWAMES,POSA,NORM,1FAM,1STORY,6,6,1970,1970,HIP,COMPSHG,HDBOARD,HDBOARD,BRKFACE,571.0,TA,TA,CBLOCK,TA,TA,TA,UNF,0.0,TA,0.0,1442.0,1442.0,GASA,TA,Y,SBRKR,1442.0,0.0,0.0,1442.0,0,0,2,0,2,1,TA,6,TYP,1,TA,ATTCHD,ATTCHD,2,615.0,ATTCHD,ATTCHD,Y,371.0,0.0,0.0,0.0,0.0,NA,NA,0,2,2009,WD,NORMAL,185000,True,False
999,30,RM,60.0,9786.0,PAVE,NA,REG,LVL,ALLPUB,INSIDE,GTL,IDOTRR,NORM,NORM,1FAM,1STORY,3,4,1922,1950,HIP,COMPSHG,WD SDNG,WD SDNG,None,0.0,TA,TA,BRKTIL,TA,FA,TA,UNF,0.0,FA,0.0,1007.0,1007.0,GASA,FA,N,SBRKR,1077.0,0.0,0.0,1077.0,0,0,1,0,3,1,TA,6,TYP,1,GD,DETCHD,DETCHD,1,210.0,DETCHD,DETCHD,P,0.0,100.0,48.0,0.0,0.0,NA,NA,0,5,2006,WD,NORMAL,91000,True,False
1000,20,RL,64.0,6762.0,PAVE,NA,REG,LVL,ALLPUB,INSIDE,GTL,COLLGCR,NORM,NORM,1FAM,1STORY,7,5,2006,2006,GABLE,COMPSHG,VINYLSD,VINYLSD,STONE,24.0,GD,TA,PCONC,GD,TA,GD,GLQ,686.0,TA,0.0,501.0,1187.0,GASA,EX,Y,SBRKR,1208.0,0.0,0.0,1208.0,1,0,2,0,2,1,GD,6,TYP,0,NA,ATTCHD,ATTCHD,2,632.0,ATTCHD,ATTCHD,Y,105.0,61.0,0.0,0.0,0.0,NA,NA,0,2,2010,WD,NORMAL,206000,True,False
1001,20,RL,74.0,10206.0,PAVE,NA,REG,LVL,ALLPUB,CORNER,GTL,EDWARDS,NORM,NORM,1FAM,1STORY,3,3,1952,1952,FLAT,TAR&GRV,BRKCOMM,BRK CMN,None,0.0,TA,TA,SLAB,NA,NA,NA,NA,0.0,NA,0.0,0.0,0.0,GASW,FA,N,FUSEF,944.0,0.0,0.0,944.0,0,0,1,0,2,1,FA,4,MIN1,0,NA,DETCHD,DETCHD,2,528.0,DETCHD,DETCHD,Y,0.0,0.0,0.0,0.0,0.0,NA,NA,0,7,2009,WD,NORMAL,82000,True,False
1002,30,RL,60.0,5400.0,PAVE,NA,REG,LVL,ALLPUB,CORNER,GTL,OLDTOWN,NORM,NORM,1FAM,1STORY,5,6,1920,1950,GABLE,COMPSHG,WD SDNG,WD SDNG,None,0.0,TA,TA,BRKTIL,FA,TA,FA,UNF,0.0,TA,0.0,691.0,691.0,GASA,EX,Y,FUSEA,691.0,0.0,0.0,691.0,0,0,1,0,2,1,EX,4,TYP,0,NA,DETCHD,DETCHD,1,216.0,DETCHD,DETCHD,N,0.0,20.0,94.0,0.0,0.0,NA,NA,0,1,2007,WD,ABNORML,86000,True,False
1003,20,RL,75.0,11957.0,PAVE,NA,IR1,LVL,ALLPUB,INSIDE,GTL,SOMERST,RRAN,NORM,1FAM,1STORY,8,5,2006,2006,GABLE,COMPSHG,VINYLSD,VINYLSD,BRKFACE,53.0,GD,TA,PCONC,GD,TA,GD,GLQ,24.0,TA,0.0,1550.0,1574.0,GASA,EX,Y,SBRKR,1574.0,0.0,0.0,1574.0,0,0,2,0,3,1,GD,7,TYP,1,GD,ATTCHD,ATTCHD,3,824.0,ATTCHD,ATTCHD,Y,144.0,104.0,0.0,0.0,0.0,NA,NA,0,7,2008,WD,NORMAL,232000,True,False
1004,90,RL,0.0,11500.0,PAVE,NA,IR1,LVL,ALLPUB,CORNER,GTL,NWAMES,FEEDR,RRAN,DUPLEX,1STORY,5,6,1976,1976,GABLE,COMPSHG,VINYLSD,VINYLSD,BRKFACE,164.0,TA,TA,CBLOCK,TA,TA,TA,UNF,0.0,TA,0.0,1680.0,1680.0,GASA,FA,Y,SBRKR,1680.0,0.0,0.0,1680.0,0,0,2,0,4,2,TA,8,TYP,0,NA,DETCHD,DETCHD,2,528.0,DETCHD,DETCHD,Y,0.0,0.0,0.0,0.0,0.0,NA,NA,0,6,2007,WD,NORMAL,136905,True,False
1005,120,RL,43.0,3182.0,PAVE,NA,REG,LVL,ALLPUB,INSIDE,GTL,BLMNGTN,NORM,NORM,TWNHSE,1STORY,7,5,2005,2006,GABLE,COMPSHG,VINYLSD,VINYLSD,BRKFACE,16.0,GD,TA,PCONC,GD,TA,GD,GLQ,16.0,TA,0.0,1330.0,1346.0,GASA,EX,Y,SBRKR,1504.0,0.0,0.0,1504.0,0,0,2,0,1,1,GD,7,TYP,1,GD,ATTCHD,ATTCHD,2,457.0,ATTCHD,ATTCHD,Y,156.0,0.0,0.0,0.0,0.0,NA,NA,0,5,2009,WD,NORMAL,181000,True,False
1006,80,RL,65.0,8385.0,PAVE,NA,REG,LVL,ALLPUB,INSIDE,GTL,COLLGCR,NORM,NORM,1FAM,SLVL,5,8,1977,1977,GABLE,COMPSHG,HDBOARD,HDBOARD,BRKFACE,220.0,GD,TA,CBLOCK,GD,GD,GD,GLQ,595.0,GD,0.0,390.0,985.0,GASA,TA,Y,SBRKR,985.0,0.0,0.0,985.0,0,0,2,0,3,1,TA,6,TYP,0,NA,ATTCHD,ATTCHD,1,328.0,ATTCHD,ATTCHD,Y,210.0,0.0,0.0,0.0,0.0,NA,NA,0,11,2008,WD,NORMAL,149900,True,False
1007,20,RL,0.0,12155.0,PAVE,NA,IR3,LVL,ALLPUB,INSIDE,GTL,NAMES,POSN,NORM,1FAM,1STORY,6,3,1970,1970,GABLE,COMPSHG,PLYWOOD,PLYWOOD,None,0.0,TA,TA,CBLOCK,GD,TA,GD,LWQ,1237.0,TA,0.0,420.0,1657.0,GASA,GD,Y,SBRKR,1657.0,0.0,0.0,1657.0,0,1,2,0,3,1,TA,7,TYP,1,TA,ATTCHD,ATTCHD,2,484.0,ATTCHD,ATTCHD,Y,0.0,0.0,0.0,0.0,147.0,NA,NA,0,3,2007,WD,NORMAL,163500,True,False
1008,160,RM,21.0,2217.0,PAVE,NA,REG,LVL,ALLPUB,INSIDE,GTL,MEADOWV,NORM,NORM,TWNHSE,2STORY,4,4,1970,1970,GABLE,COMPSHG,CEMNTBD,CMENTBD,None,0.0,TA,TA,CBLOCK,TA,TA,TA,BLQ,273.0,TA,273.0,0.0,546.0,GASA,TA,Y,SBRKR,546.0,546.0,0.0,1092.0,0,0,1,1,3,1,TA,6,TYP,0,NA,ATTCHD,ATTCHD,1,286.0,ATTCHD,ATTCHD,Y,238.0,0.0,0.0,0.0,0.0,NA,NA,0,8,2009,WD,NORMAL,88000,True,False
1009,20,RL,43.0,12118.0,PAVE,NA,IR1,LVL,ALLPUB,CULDSAC,GTL,MITCHEL,NORM,NORM,1FAM,1STORY,7,5,2004,2005,HIP,COMPSHG,VINYLSD,VINYLSD,STONE,108.0,GD,TA,PCONC,EX,TA,EX,UNF,0.0,TA,0.0,1710.0,1710.0,GASA,EX,Y,SBRKR,1710.0,0.0,0.0,1710.0,0,0,2,0,3,1,GD,7,TYP,1,GD,ATTCHD,ATTCHD,2,550.0,ATTCHD,ATTCHD,Y,100.0,48.0,0.0,0.0,180.0,NA,NA,0,4,2009,WD,NORMAL,240000,True,False
1010,50,RL,60.0,6000.0,PAVE,NA,REG,LVL,ALLPUB,INSIDE,GTL,SWISU,NORM,NORM,1FAM,1.5FIN,5,5,1926,1950,GABLE,COMPSHG,WD SDNG,WD SDNG,None,0.0,TA,FA,BRKTIL,TA,TA,TA,UNF,0.0,TA,0.0,1008.0,1008.0,GASA,EX,Y,SBRKR,1008.0,0.0,514.0,1522.0,0,0,2,0,4,1,TA,7,TYP,0,NA,NA,NA,0,0.0,NA,NA,P,0.0,0.0,138.0,0.0,0.0,NA,NA,0,6,2006,WD,NORMAL,102000,False,False
1011,50,RL,115.0,21286.0,PAVE,NA,REG,LVL,ALLPUB,INSIDE,GTL,SAWYER,NORM,NORM,1FAM,1.5FIN,5,5,1948,1950,GABLE,COMPSHG,WD SDNG,WD SDNG,None,0.0,TA,TA,CBLOCK,TA,TA,TA,UNF,0.0,TA,0.0,720.0,720.0,GASA,TA,Y,SBRKR,720.0,551.0,0.0,1271.0,0,0,2,0,4,1,TA,7,TYP,1,GD,ATTCHD,ATTCHD,1,312.0,ATTCHD,ATTCHD,Y,0.0,0.0,108.0,0.0,0.0,NA,NA,0,8,2008,WD,NORMAL,135000,True,False
1012,90,RL,75.0,9825.0,PAVE,NA,REG,LVL,ALLPUB,INSIDE,GTL,EDWARDS,NORM,NORM,DUPLEX,1STORY,5,5,1965,1965,HIP,COMPSHG,ASPHSHN,ASPHSHN,None,0.0,TA,TA,CBLOCK,NA,NA,NA,NA,0.0,NA,0.0,0.0,0.0,GASA,TA,N,SBRKR,1664.0,0.0,0.0,1664.0,0,0,2,0,4,2,TA,8,TYP,0,NA,NA,NA,0,0.0,NA,NA,Y,0.0,0.0,0.0,0.0,0.0,NA,NA,0,5,2010,WD,NORMAL,100000,False,False
1013,70,RL,55.0,10592.0,PAVE,NA,REG,LVL,ALLPUB,INSIDE,GTL,CRAWFOR,NORM,NORM,1FAM,2STORY,6,7,1923,1996,HIP,COMPSHG,WD SDNG,WD SDNG,None,0.0,TA,GD,PCONC,TA,FA,TA,UNF,0.0,FA,0.0,602.0,602.0,GASA,TA,Y,SBRKR,900.0,602.0,0.0,1502.0,0,0,1,1,3,1,GD,7,TYP,2,TA,DETCHD,DETCHD,1,180.0,DETCHD,DETCHD,Y,96.0,0.0,112.0,0.0,53.0,NA,NA,0,8,2007,WD,NORMAL,165000,True,False
1014,30,RM,60.0,7200.0,PAVE,NA,REG,LVL,ALLPUB,INSIDE,GTL,OLDTOWN,NORM,NORM,1FAM,1STORY,5,4,1910,2006,HIP,COMPSHG,METALSD,STUCCO,None,0.0,TA,TA,BRKTIL,TA,TA,TA,ALQ,247.0,TA,465.0,310.0,1022.0,GASW,TA,N,SBRKR,1022.0,0.0,0.0,1022.0,1,0,1,0,2,1,TA,4,MAJ2,0,NA,DETCHD,DETCHD,1,280.0,DETCHD,DETCHD,Y,0.0,30.0,226.0,0.0,0.0,NA,NA,0,6,2009,WD,NORMAL,85000,True,False
1015,20,RL,60.0,11664.0,PAVE,NA,REG,LVL,ALLPUB,INSIDE,GTL,NAMES,ARTERY,NORM,1FAM,1STORY,6,5,1948,1950,GABLE,COMPSHG,METALSD,METALSD,BRKFACE,206.0,TA,TA,CBLOCK,TA,FA,TA,BLQ,336.0,FA,0.0,746.0,1082.0,GASA,TA,Y,SBRKR,1082.0,0.0,0.0,1082.0,0,0,1,0,2,1,TA,5,TYP,1,GD,DETCHD,DETCHD,1,240.0,DETCHD,DETCHD,Y,0.0,130.0,0.0,0.0,0.0,NA,NA,0,11,2007,WD,NORMAL,119200,True,False
1016,60,RL,70.0,8400.0,PAVE,NA,REG,LVL,ALLPUB,INSIDE,GTL,NWAMES,NORM,NORM,1FAM,2STORY,8,6,2001,2001,GABLE,COMPSHG,VINYLSD,VINYLSD,None,0.0,GD,TA,PCONC,GD,TA,GD,GLQ,643.0,TA,0.0,167.0,810.0,GASA,EX,Y,SBRKR,810.0,855.0,0.0,1665.0,1,0,2,1,3,1,GD,6,TYP,0,NA,ATTCHD,ATTCHD,2,528.0,ATTCHD,ATTCHD,Y,0.0,45.0,0.0,0.0,0.0,NA,NA,0,11,2009,WD,NORMAL,227000,True,False
1017,20,RL,73.0,11883.0,PAVE,NA,REG,LVL,ALLPUB,INSIDE,GTL,COLLGCR,NORM,NORM,1FAM,1STORY,7,5,1996,1996,HIP,COMPSHG,VINYLSD,VINYLSD,BRKFACE,196.0,GD,TA,PCONC,GD,TA,GD,GLQ,690.0,TA,0.0,814.0,1504.0,GASA,EX,Y,SBRKR,1504.0,0.0,0.0,1504.0,1,0,2,0,3,1,GD,6,TYP,1,TA,ATTCHD,ATTCHD,2,478.0,ATTCHD,ATTCHD,Y,115.0,66.0,0.0,0.0,0.0,NA,NA,0,6,2009,WD,NORMAL,203000,True,False
1018,120,RL,0.0,5814.0,PAVE,NA,IR1,LVL,ALLPUB,CULDSAC,GTL,STONEBR,NORM,NORM,TWNHSE,1STORY,8,5,1984,1984,GABLE,COMPSHG,HDBOARD,HDBOARD,None,0.0,GD,TA,CBLOCK,GD,TA,GD,GLQ,1036.0,TA,0.0,184.0,1220.0,GASA,GD,Y,SBRKR,1360.0,0.0,0.0,1360.0,1,0,1,0,1,1,GD,4,TYP,1,EX,ATTCHD,ATTCHD,2,565.0,ATTCHD,ATTCHD,Y,63.0,0.0,0.0,0.0,0.0,NA,NA,0,8,2009,COD,ABNORML,187500,True,False
1019,80,RL,0.0,10784.0,PAVE,NA,IR1,LVL,ALLPUB,FR2,GTL,GILBERT,NORM,NORM,1FAM,SLVL,7,5,1991,1992,GABLE,COMPSHG,HDBOARD,HDBOARD,BRKFACE,76.0,GD,TA,PCONC,GD,TA,GD,UNF,0.0,TA,0.0,384.0,384.0,GASA,GD,Y,SBRKR,802.0,670.0,0.0,1472.0,0,0,2,1,3,1,GD,7,TYP,1,TA,ATTCHD,ATTCHD,2,402.0,ATTCHD,ATTCHD,Y,164.0,0.0,0.0,0.0,0.0,NA,NA,0,5,2007,WD,NORMAL,160000,True,False
1020,120,RL,43.0,3013.0,PAVE,NA,REG,LVL,ALLPUB,INSIDE,GTL,BLMNGTN,NORM,NORM,TWNHSE,1STORY,7,5,2005,2005,GABLE,COMPSHG,VINYLSD,VINYLSD,BRKFACE,145.0,GD,TA,PCONC,GD,TA,GD,GLQ,16.0,TA,0.0,1346.0,1362.0,GASA,EX,Y,SBRKR,1506.0,0.0,0.0,1506.0,0,0,2,0,2,1,GD,6,TYP,1,GD,ATTCHD,ATTCHD,2,440.0,ATTCHD,ATTCHD,Y,142.0,20.0,0.0,0.0,0.0,NA,NA,0,4,2006,WD,NORMAL,213490,True,False
1021,20,RL,60.0,7024.0,PAVE,NA,REG,LVL,ALLPUB,INSIDE,GTL,EDWARDS,NORM,NORM,1FAM,1STORY,4,5,2005,2005,GABLE,COMPSHG,VINYLSD,VINYLSD,None,0.0,TA,TA,PCONC,GD,TA,GD,GLQ,1024.0,TA,0.0,108.0,1132.0,GASA,EX,Y,SBRKR,1132.0,0.0,0.0,1132.0,1,0,1,1,2,1,GD,5,TYP,0,NA,ATTCHD,ATTCHD,2,451.0,ATTCHD,ATTCHD,Y,252.0,64.0,0.0,0.0,0.0,NA,NA,0,6,2008,WD,NORMAL,176000,True,False
1022,20,RL,64.0,7406.0,PAVE,NA,REG,LVL,ALLPUB,INSIDE,GTL,COLLGCR,NORM,NORM,1FAM,1STORY,7,5,2006,2006,GABLE,COMPSHG,VINYLSD,VINYLSD,STONE,84.0,GD,TA,PCONC,GD,TA,GD,GLQ,684.0,TA,0.0,515.0,1199.0,GASA,EX,Y,SBRKR,1220.0,0.0,0.0,1220.0,1,0,2,0,2,1,GD,6,TYP,0,NA,ATTCHD,ATTCHD,2,632.0,ATTCHD,ATTCHD,Y,105.0,54.0,0.0,0.0,0.0,NA,NA,0,7,2006,NEW,PARTIAL,194000,True,False
1023,50,RM,52.0,9439.0,PAVE,NA,REG,LVL,ALLPUB,INSIDE,GTL,OLDTOWN,NORM,NORM,1FAM,1.5FIN,5,5,1930,1950,GABLE,COMPSHG,WD SDNG,WD SDNG,None,0.0,TA,TA,CBLOCK,TA,TA,TA,LWQ,324.0,TA,0.0,588.0,912.0,GASA,GD,Y,FUSEA,912.0,336.0,0.0,1248.0,0,0,1,0,2,1,TA,6,TYP,0,NA,DETCHD,DETCHD,1,160.0,DETCHD,DETCHD,Y,0.0,0.0,192.0,0.0,0.0,NA,NA,0,3,2007,WD,NORMAL,87000,True,False
1024,120,RL,43.0,3182.0,PAVE,NA,REG,LVL,ALLPUB,INSIDE,GTL,BLMNGTN,NORM,NORM,TWNHSE,1STORY,7,5,2005,2006,GABLE,COMPSHG,VINYLSD,VINYLSD,BRKFACE,14.0,GD,TA,PCONC,GD,GD,GD,GLQ,16.0,GD,0.0,1330.0,1346.0,GASA,EX,Y,SBRKR,1504.0,0.0,0.0,1504.0,0,0,2,0,2,1,GD,7,TYP,1,GD,ATTCHD,ATTCHD,2,437.0,ATTCHD,ATTCHD,Y,156.0,20.0,0.0,0.0,0.0,NA,NA,0,5,2008,WD,NORMAL,191000,True,False
1025,20,RL,0.0,15498.0,PAVE,NA,IR1,LVL,ALLPUB,CORNER,GTL,TIMBER,NORM,NORM,1FAM,1STORY,8,6,1976,1976,HIP,WDSHAKE,STONE,HDBOARD,None,0.0,GD,TA,CBLOCK,GD,TA,GD,ALQ,1165.0,TA,400.0,0.0,1565.0,GASA,TA,Y,SBRKR,2898.0,0.0,0.0,2898.0,1,0,2,0,2,1,GD,10,TYP,1,GD,ATTCHD,ATTCHD,2,665.0,ATTCHD,ATTCHD,Y,0.0,72.0,174.0,0.0,0.0,NA,NA,0,5,2008,COD,ABNORML,287000,True,False
1026,20,RL,70.0,7700.0,PAVE,NA,REG,LVL,ALLPUB,CORNER,GTL,COLLGCR,NORM,NORM,1FAM,1STORY,5,5,1972,1972,GABLE,COMPSHG,VINYLSD,VINYLSD,None,0.0,TA,TA,CBLOCK,TA,TA,TA,LWQ,138.0,TA,468.0,276.0,882.0,GASA,TA,Y,SBRKR,882.0,0.0,0.0,882.0,1,0,1,0,3,1,TA,5,TYP,0,NA,DETCHD,DETCHD,2,461.0,DETCHD,DETCHD,Y,96.0,0.0,0.0,0.0,0.0,NA,NA,0,3,2007,WD,NORMAL,112500,True,False
1027,20,RL,73.0,9300.0,PAVE,NA,REG,LVL,ALLPUB,INSIDE,GTL,NAMES,FEEDR,NORM,1FAM,1STORY,5,5,1960,1960,GABLE,COMPSHG,METALSD,HDBOARD,BRKFACE,324.0,TA,TA,CBLOCK,TA,TA,TA,REC,697.0,TA,0.0,571.0,1268.0,GASA,TA,Y,SBRKR,1264.0,0.0,0.0,1264.0,1,0,1,0,3,1,TA,6,TYP,2,GD,ATTCHD,ATTCHD,2,461.0,ATTCHD,ATTCHD,Y,0.0,0.0,0.0,0.0,143.0,NA,NA,0,4,2010,WD,NORMAL,167500,True,False
1028,20,RL,71.0,9520.0,PAVE,NA,IR1,HLS,ALLPUB,INSIDE,GTL,TIMBER,NORM,NORM,1FAM,1STORY,8,5,2007,2008,GABLE,COMPSHG,VINYLSD,VINYLSD,STONE,338.0,GD,TA,PCONC,GD,TA,GD,GLQ,1513.0,TA,0.0,125.0,1638.0,GASA,EX,Y,SBRKR,1646.0,0.0,0.0,1646.0,1,0,2,0,3,1,GD,7,TYP,1,GD,ATTCHD,ATTCHD,3,800.0,ATTCHD,ATTCHD,Y,192.0,44.0,0.0,0.0,0.0,NA,NA,0,4,2008,NEW,PARTIAL,293077,True,False
1029,50,RL,79.0,9492.0,PAVE,NA,REG,LVL,ALLPUB,INSIDE,GTL,NAMES,ARTERY,NORM,1FAM,1.5FIN,5,5,1941,1950,GABLE,COMPSHG,WDSHING,WD SHNG,None,0.0,TA,TA,CBLOCK,TA,TA,TA,REC,368.0,TA,41.0,359.0,768.0,GASA,TA,Y,SBRKR,968.0,408.0,0.0,1376.0,1,0,1,0,3,1,TA,6,TYP,1,GD,ATTCHD,ATTCHD,1,240.0,ATTCHD,ATTCHD,Y,0.0,0.0,0.0,0.0,0.0,NA,NA,0,4,2007,WD,NORMAL,105000,True,False
1030,160,RM,21.0,1680.0,PAVE,NA,REG,LVL,ALLPUB,INSIDE,GTL,BRDALE,NORM,NORM,TWNHS,2STORY,6,7,1972,1972,GABLE,COMPSHG,HDBOARD,HDBOARD,BRKFACE,281.0,TA,TA,CBLOCK,TA,TA,TA,BLQ,317.0,TA,0.0,355.0,672.0,GASA,GD,Y,SBRKR,672.0,546.0,0.0,1218.0,0,1,1,1,3,1,TA,7,TYP,0,NA,DETCHD,DETCHD,1,264.0,DETCHD,DETCHD,Y,0.0,28.0,0.0,0.0,0.0,NA,NA,0,5,2006,WD,NORMAL,118000,True,False
1031,190,RH,0.0,7082.0,PAVE,NA,REG,LVL,ALLPUB,INSIDE,GTL,SWISU,NORM,NORM,2FMCON,2STORY,5,8,1916,1995,GABLE,COMPSHG,VINYLSD,VINYLSD,None,0.0,TA,TA,PCONC,TA,TA,TA,UNF,0.0,TA,0.0,686.0,686.0,GASA,GD,Y,SBRKR,948.0,980.0,0.0,1928.0,0,0,2,0,5,2,TA,10,TYP,0,NA,NA,NA,0,0.0,NA,NA,N,0.0,0.0,228.0,0.0,0.0,NA,NA,0,7,2006,WD,NORMAL,160000,False,False
1032,75,RL,102.0,15863.0,PAVE,NA,REG,LVL,ALLPUB,CORNER,GTL,SWISU,NORM,NORM,1FAM,2.5FIN,7,3,1920,1970,GABLE,COMPSHG,WD SDNG,PLYWOOD,None,0.0,TA,TA,BRKTIL,TA,TA,TA,GLQ,523.0,TA,0.0,301.0,824.0,GASA,EX,Y,SBRKR,1687.0,998.0,397.0,3082.0,1,0,2,1,5,1,TA,12,TYP,2,TA,BASMENT,BASMENT,2,672.0,BASMENT,BASMENT,Y,136.0,63.0,0.0,0.0,0.0,NA,NA,0,8,2009,WD,NORMAL,197000,True,False
1033,60,RL,0.0,14541.0,PAVE,NA,IR1,LVL,ALLPUB,CORNER,GTL,NORIDGE,NORM,NORM,1FAM,2STORY,8,7,1993,1993,GABLE,COMPSHG,METALSD,METALSD,None,0.0,GD,GD,PCONC,GD,GD,GD,GLQ,1012.0,GD,0.0,326.0,1338.0,GASA,EX,Y,SBRKR,1352.0,1168.0,0.0,2520.0,1,0,2,1,5,1,GD,10,TYP,1,TA,ATTCHD,ATTCHD,3,796.0,ATTCHD,ATTCHD,Y,209.0,55.0,0.0,0.0,0.0,NA,NA,0,11,2006,WD,ABNORML,310000,True,False
1034,20,RL,0.0,8125.0,PAVE,NA,REG,LVL,ALLPUB,INSIDE,GTL,COLLGCR,NORM,NORM,1FAM,1STORY,7,5,2002,2002,GABLE,COMPSHG,VINYLSD,VINYLSD,STONE,295.0,GD,TA,PCONC,GD,TA,GD,GLQ,986.0,TA,0.0,668.0,1654.0,GASA,EX,Y,SBRKR,1654.0,0.0,0.0,1654.0,1,0,2,0,3,1,GD,6,TYP,0,NA,ATTCHD,ATTCHD,3,900.0,ATTCHD,ATTCHD,Y,0.0,136.0,0.0,0.0,0.0,NA,NA,0,2,2006,WD,NORMAL,230000,True,False
1035,30,RL,50.0,6305.0,PAVE,NA,REG,BNK,ALLPUB,INSIDE,GTL,CRAWFOR,NORM,NORM,1FAM,1STORY,5,7,1938,1950,GABLE,COMPSHG,METALSD,METALSD,None,0.0,TA,GD,PCONC,FA,FA,FA,UNF,0.0,FA,0.0,920.0,920.0,GASA,EX,Y,SBRKR,954.0,0.0,0.0,954.0,0,0,1,0,2,1,FA,5,TYP,1,GD,BASMENT,BASMENT,1,240.0,BASMENT,BASMENT,Y,0.0,0.0,0.0,0.0,0.0,NA,NA,0,6,2007,WD,NORMAL,119750,True,False
1036,20,RL,0.0,11500.0,PAVE,NA,IR1,LVL,ALLPUB,CULDSAC,GTL,EDWARDS,NORM,NORM,1FAM,1STORY,4,3,1957,1957,GABLE,COMPSHG,WD SDNG,WD SDNG,None,0.0,TA,GD,SLAB,NA,NA,NA,NA,0.0,NA,0.0,0.0,0.0,GASA,EX,N,SBRKR,845.0,0.0,0.0,845.0,0,0,1,0,3,1,TA,5,TYP,0,NA,DETCHD,DETCHD,1,290.0,DETCHD,DETCHD,N,186.0,0.0,0.0,0.0,0.0,NA,NA,0,1,2009,WD,NORMAL,84000,True,False
1037,20,RL,89.0,12898.0,PAVE,NA,IR1,HLS,ALLPUB,INSIDE,GTL,TIMBER,NORM,NORM,1FAM,1STORY,9,5,2007,2008,HIP,COMPSHG,VINYLSD,VINYLSD,STONE,70.0,GD,TA,PCONC,EX,TA,EX,GLQ,1022.0,TA,0.0,598.0,1620.0,GASA,EX,Y,SBRKR,1620.0,0.0,0.0,1620.0,1,0,2,0,2,1,EX,6,TYP,1,EX,ATTCHD,ATTCHD,3,912.0,ATTCHD,ATTCHD,Y,228.0,0.0,0.0,0.0,0.0,NA,NA,0,9,2009,WD,NORMAL,315500,True,False
1038,60,RL,0.0,9240.0,PAVE,NA,REG,LVL,ALLPUB,INSIDE,GTL,COLLGCR,NORM,NORM,1FAM,2STORY,8,5,2001,2002,GABLE,COMPSHG,VINYLSD,VINYLSD,BRKFACE,396.0,GD,TA,PCONC,GD,TA,GD,UNF,0.0,TA,0.0,1055.0,1055.0,GASA,EX,Y,SBRKR,1055.0,1208.0,0.0,2263.0,0,0,2,1,3,1,GD,7,TYP,1,TA,BUILTIN,BUILTIN,2,905.0,BUILTIN,BUILTIN,Y,0.0,45.0,0.0,0.0,189.0,NA,NA,0,9,2008,WD,NORMAL,287000,True,False
1039,160,RM,21.0,1533.0,PAVE,NA,REG,LVL,ALLPUB,INSIDE,GTL,MEADOWV,NORM,NORM,TWNHS,2STORY,4,6,1970,2008,GABLE,COMPSHG,CEMNTBD,CMENTBD,None,0.0,TA,TA,CBLOCK,TA,TA,TA,UNF,0.0,TA,0.0,546.0,546.0,GASA,TA,Y,SBRKR,798.0,546.0,0.0,1344.0,0,0,1,1,3,1,TA,6,TYP,1,TA,NA,NA,0,0.0,NA,NA,Y,0.0,0.0,0.0,0.0,0.0,NA,NA,0,5,2009,WD,NORMAL,97000,False,False
1040,180,RM,21.0,1477.0,PAVE,NA,REG,LVL,ALLPUB,INSIDE,GTL,MEADOWV,NORM,NORM,TWNHSE,SFOYER,4,4,1970,1970,GABLE,COMPSHG,CEMNTBD,CMENTBD,None,0.0,TA,TA,CBLOCK,GD,TA,GD,GLQ,509.0,TA,0.0,121.0,630.0,GASA,TA,Y,SBRKR,630.0,0.0,0.0,630.0,1,0,1,0,1,1,TA,3,TYP,0,NA,ATTCHD,ATTCHD,1,286.0,ATTCHD,ATTCHD,Y,0.0,0.0,0.0,0.0,0.0,NA,NA,0,4,2009,WD,NORMAL,80000,True,False
1041,20,RL,88.0,13125.0,PAVE,NA,REG,LVL,ALLPUB,CORNER,GTL,SAWYER,NORM,NORM,1FAM,1STORY,5,4,1957,2000,GABLE,COMPSHG,WD SDNG,WD SDNG,BRKCMN,67.0,TA,TA,CBLOCK,TA,TA,TA,REC,168.0,TA,682.0,284.0,1134.0,GASA,EX,Y,SBRKR,1803.0,0.0,0.0,1803.0,1,0,2,0,3,1,TA,8,MAJ1,1,TA,ATTCHD,ATTCHD,2,484.0,ATTCHD,ATTCHD,Y,0.0,0.0,0.0,0.0,0.0,NA,NA,0,1,2006,WD,NORMAL,155000,True,False
1042,60,RL,0.0,9130.0,PAVE,NA,REG,LVL,ALLPUB,INSIDE,GTL,NWAMES,FEEDR,NORM,1FAM,2STORY,6,8,1966,2000,HIP,COMPSHG,HDBOARD,HDBOARD,BRKFACE,252.0,TA,TA,CBLOCK,TA,TA,TA,GLQ,400.0,TA,64.0,336.0,800.0,GASA,GD,Y,SBRKR,800.0,832.0,0.0,1632.0,0,1,1,1,4,1,GD,7,TYP,0,NA,ATTCHD,ATTCHD,2,484.0,ATTCHD,ATTCHD,Y,0.0,40.0,0.0,0.0,0.0,NA,NA,0,7,2008,WD,NORMAL,173000,True,False
1043,120,RL,34.0,5381.0,PAVE,NA,IR1,LVL,ALLPUB,INSIDE,GTL,NRIDGHT,NORM,NORM,TWNHS,1STORY,6,5,2005,2005,GABLE,COMPSHG,VINYLSD,VINYLSD,STONE,135.0,GD,TA,PCONC,GD,TA,GD,ALQ,900.0,TA,0.0,406.0,1306.0,GASA,EX,Y,SBRKR,1306.0,0.0,0.0,1306.0,1,0,2,0,1,1,GD,5,TYP,1,GD,ATTCHD,ATTCHD,2,624.0,ATTCHD,ATTCHD,Y,170.0,63.0,0.0,0.0,0.0,NA,NA,0,8,2009,WD,NORMAL,196000,True,False
1044,60,RL,86.0,11839.0,PAVE,NA,REG,LVL,ALLPUB,INSIDE,GTL,SAWYERW,NORM,NORM,1FAM,2STORY,7,5,1990,1990,HIP,COMPSHG,HDBOARD,HDBOARD,BRKFACE,99.0,TA,TA,PCONC,GD,TA,GD,GLQ,1085.0,TA,0.0,390.0,1475.0,GASA,EX,Y,SBRKR,1532.0,797.0,0.0,2329.0,1,0,2,1,4,1,GD,10,TYP,1,EX,ATTCHD,ATTCHD,2,514.0,ATTCHD,ATTCHD,Y,192.0,121.0,0.0,0.0,0.0,NA,NA,0,5,2008,WD,NORMAL,262280,True,False
1045,20,RL,80.0,9600.0,PAVE,NA,REG,LVL,ALLPUB,INSIDE,GTL,NWAMES,POSN,NORM,1FAM,1STORY,8,5,1981,1981,HIP,WDSHNGL,BRKFACE,BRKFACE,None,0.0,GD,TA,PCONC,GD,TA,GD,ALQ,1104.0,TA,0.0,1420.0,2524.0,GASA,TA,Y,SBRKR,2524.0,0.0,0.0,2524.0,1,0,2,1,4,1,GD,9,TYP,1,GD,ATTCHD,ATTCHD,2,542.0,ATTCHD,ATTCHD,Y,474.0,120.0,0.0,0.0,0.0,NA,NA,0,7,2009,WD,NORMAL,278000,True,False
1046,20,RL,0.0,13680.0,PAVE,NA,IR1,LVL,ALLPUB,CULDSAC,GTL,EDWARDS,NORM,NORM,1FAM,1STORY,3,5,1955,1955,HIP,COMPSHG,BRKFACE,WD SDNG,None,0.0,TA,TA,SLAB,NA,NA,NA,NA,0.0,NA,0.0,0.0,0.0,GASA,EX,Y,FUSEA,1733.0,0.0,0.0,1733.0,0,0,2,0,4,1,TA,8,MIN2,1,GD,ATTCHD,ATTCHD,2,452.0,ATTCHD,ATTCHD,Y,0.0,0.0,0.0,0.0,0.0,NA,NA,0,6,2009,WD,NORMAL,139600,True,False
1047,60,RL,85.0,16056.0,PAVE,NA,IR1,LVL,ALLPUB,INSIDE,GTL,STONEBR,NORM,NORM,1FAM,2STORY,9,5,2005,2006,HIP,COMPSHG,CEMNTBD,CMENTBD,STONE,208.0,GD,TA,PCONC,EX,TA,EX,GLQ,240.0,TA,0.0,1752.0,1992.0,GASA,EX,Y,SBRKR,1992.0,876.0,0.0,2868.0,0,0,3,1,4,1,EX,11,TYP,1,GD,BUILTIN,BUILTIN,3,716.0,BUILTIN,BUILTIN,Y,214.0,108.0,0.0,0.0,0.0,NA,NA,0,7,2006,NEW,PARTIAL,556581,True,False
1048,20,RL,57.0,9245.0,PAVE,NA,IR2,LVL,ALLPUB,INSIDE,GTL,COLLGCR,NORM,NORM,1FAM,1STORY,5,5,1994,1995,GABLE,COMPSHG,VINYLSD,VINYLSD,None,0.0,TA,TA,PCONC,GD,TA,GD,GLQ,686.0,TA,0.0,304.0,990.0,GASA,EX,Y,SBRKR,990.0,0.0,0.0,990.0,0,1,1,0,3,1,TA,5,TYP,0,NA,DETCHD,DETCHD,2,672.0,DETCHD,DETCHD,Y,0.0,0.0,0.0,0.0,0.0,NA,NA,0,2,2008,WD,NORMAL,145000,True,False
1049,20,RL,100.0,21750.0,PAVE,NA,REG,LVL,ALLPUB,INSIDE,GTL,MITCHEL,NORM,NORM,1FAM,1STORY,5,4,1960,2006,HIP,COMPSHG,HDBOARD,HDBOARD,BRKFACE,75.0,TA,FA,SLAB,NA,NA,NA,NA,0.0,NA,0.0,0.0,0.0,GASA,TA,Y,SBRKR,1771.0,0.0,0.0,1771.0,0,0,1,0,3,1,TA,9,MIN1,1,TA,ATTCHD,ATTCHD,2,336.0,ATTCHD,ATTCHD,Y,0.0,0.0,0.0,0.0,0.0,NA,NA,0,11,2009,WD,NORMAL,115000,True,False
1050,20,RL,60.0,11100.0,PAVE,NA,REG,LOW,ALLPUB,INSIDE,GTL,EDWARDS,NORM,NORM,1FAM,1STORY,4,7,1946,2006,GABLE,COMPSHG,METALSD,METALSD,None,0.0,TA,TA,CBLOCK,NA,NA,NA,NA,0.0,NA,0.0,0.0,0.0,GASA,EX,Y,SBRKR,930.0,0.0,0.0,930.0,0,0,1,0,2,1,GD,6,TYP,0,NA,DETCHD,DETCHD,1,308.0,DETCHD,DETCHD,Y,0.0,0.0,0.0,0.0,0.0,NA,NA,0,4,2010,WD,ABNORML,84900,True,False
1051,20,RL,73.0,8993.0,PAVE,NA,IR1,LVL,ALLPUB,INSIDE,GTL,GILBERT,NORM,NORM,1FAM,1STORY,7,5,2007,2007,GABLE,COMPSHG,VINYLSD,VINYLSD,None,0.0,GD,TA,PCONC,GD,TA,GD,UNF,0.0,TA,0.0,1302.0,1302.0,GASA,EX,Y,SBRKR,1302.0,0.0,0.0,1302.0,0,0,2,0,3,1,GD,6,TYP,0,NA,ATTCHD,ATTCHD,2,436.0,ATTCHD,ATTCHD,Y,0.0,22.0,0.0,0.0,0.0,NA,NA,0,8,2007,NEW,PARTIAL,176485,True,False
1052,20,RL,103.0,11175.0,PAVE,NA,IR1,LVL,ALLPUB,CORNER,GTL,COLLGCR,NORM,NORM,1FAM,1STORY,7,5,2007,2007,GABLE,COMPSHG,VINYLSD,VINYLSD,None,0.0,GD,TA,PCONC,GD,TA,GD,UNF,0.0,TA,0.0,1316.0,1316.0,GASA,EX,Y,SBRKR,1316.0,0.0,0.0,1316.0,0,0,2,0,3,1,GD,6,TYP,1,GD,ATTCHD,ATTCHD,2,440.0,ATTCHD,ATTCHD,Y,0.0,20.0,0.0,0.0,0.0,NA,NA,0,10,2007,NEW,PARTIAL,200141,True,False
1053,60,RL,100.0,9500.0,PAVE,NA,REG,LVL,ALLPUB,CORNER,GTL,NAMES,ARTERY,NORM,1FAM,2STORY,6,6,1964,1978,GABLE,COMPSHG,VINYLSD,VINYLSD,BRKCMN,272.0,TA,TA,CBLOCK,TA,TA,TA,REC,442.0,TA,0.0,374.0,816.0,GASA,TA,Y,SBRKR,1127.0,850.0,0.0,1977.0,0,1,1,1,4,1,TA,9,TYP,1,TA,ATTCHD,ATTCHD,2,540.0,ATTCHD,ATTCHD,Y,0.0,52.0,0.0,0.0,0.0,NA,NA,0,6,2007,WD,NORMAL,165000,True,False
1054,20,RL,68.0,8562.0,PAVE,NA,REG,LVL,ALLPUB,INSIDE,MOD,EDWARDS,NORM,NORM,1FAM,1STORY,5,6,1957,2002,HIP,COMPSHG,HDBOARD,HDBOARD,STONE,145.0,TA,TA,CBLOCK,TA,TA,TA,REC,383.0,TA,0.0,833.0,1216.0,GASA,EX,Y,FUSEA,1526.0,0.0,0.0,1526.0,0,0,1,0,4,1,TA,7,MIN2,1,GD,BASMENT,BASMENT,1,364.0,BASMENT,BASMENT,Y,116.0,78.0,0.0,0.0,0.0,NA,NA,0,5,2010,WD,NORMAL,144500,True,False
1055,60,RL,90.0,11367.0,PAVE,NA,REG,LVL,ALLPUB,CORNER,GTL,COLLGCR,NORM,NORM,1FAM,2STORY,8,5,2002,2002,GABLE,COMPSHG,VINYLSD,VINYLSD,BRKFACE,210.0,GD,TA,PCONC,GD,TA,GD,GLQ,932.0,TA,0.0,133.0,1065.0,GASA,EX,Y,SBRKR,1091.0,898.0,0.0,1989.0,1,0,2,1,3,1,GD,7,TYP,1,GD,ATTCHD,ATTCHD,2,586.0,ATTCHD,ATTCHD,Y,199.0,60.0,0.0,0.0,0.0,NA,NA,0,11,2006,WD,NORMAL,255000,True,False
1056,20,RL,104.0,11361.0,PAVE,NA,REG,LVL,ALLPUB,INSIDE,GTL,NWAMES,NORM,NORM,1FAM,1STORY,6,5,1976,1976,GABLE,COMPSHG,PLYWOOD,PLYWOOD,BRKFACE,160.0,TA,TA,CBLOCK,GD,TA,GD,ALQ,644.0,TA,0.0,549.0,1193.0,GASA,TA,Y,SBRKR,1523.0,0.0,0.0,1523.0,0,1,2,0,3,1,TA,7,TYP,1,TA,ATTCHD,ATTCHD,2,478.0,ATTCHD,ATTCHD,Y,0.0,0.0,0.0,0.0,189.0,NA,NA,0,5,2008,COD,ABNORML,180000,True,False
1057,120,RL,43.0,7052.0,PAVE,NA,IR1,LVL,ALLPUB,INSIDE,GTL,NRIDGHT,NORM,NORM,TWNHSE,1STORY,7,5,2005,2005,GABLE,COMPSHG,VINYLSD,VINYLSD,STONE,240.0,GD,TA,PCONC,GD,TA,GD,GLQ,659.0,TA,0.0,705.0,1364.0,GASA,EX,Y,SBRKR,1364.0,0.0,0.0,1364.0,1,0,2,0,2,1,GD,6,TYP,1,GD,ATTCHD,ATTCHD,2,484.0,ATTCHD,ATTCHD,Y,192.0,36.0,0.0,0.0,0.0,NA,NA,0,6,2006,WD,NORMAL,185850,True,False
1058,60,RL,0.0,29959.0,PAVE,NA,IR2,LVL,ALLPUB,FR2,GTL,NORIDGE,NORM,NORM,1FAM,2STORY,7,6,1994,1994,GABLE,COMPSHG,HDBOARD,HDBOARD,None,0.0,GD,TA,PCONC,GD,TA,GD,GLQ,595.0,TA,0.0,378.0,973.0,GASA,EX,Y,SBRKR,979.0,871.0,0.0,1850.0,0,0,2,1,3,1,GD,7,TYP,1,GD,BUILTIN,BUILTIN,2,467.0,BUILTIN,BUILTIN,Y,168.0,98.0,0.0,0.0,0.0,NA,NA,0,1,2009,WD,NORMAL,248000,True,False
1059,60,RL,96.0,11308.0,PAVE,NA,IR1,LVL,ALLPUB,INSIDE,GTL,NRIDGHT,NORM,NORM,1FAM,2STORY,9,5,2008,2008,GABLE,COMPSHG,VINYLSD,VINYLSD,STONE,154.0,EX,TA,PCONC,EX,TA,EX,GLQ,936.0,TA,0.0,168.0,1104.0,GASA,EX,Y,SBRKR,1130.0,1054.0,0.0,2184.0,1,0,2,1,3,1,EX,10,TYP,1,GD,ATTCHD,ATTCHD,3,836.0,ATTCHD,ATTCHD,Y,0.0,102.0,0.0,0.0,0.0,NA,NA,0,7,2009,WD,NORMAL,335000,True,False
1060,50,RL,0.0,11275.0,PAVE,NA,IR1,HLS,ALLPUB,CORNER,MOD,CRAWFOR,NORM,NORM,1FAM,1.5FIN,6,7,1932,1950,GABLE,COMPSHG,METALSD,METALSD,BRKFACE,480.0,TA,TA,CBLOCK,TA,TA,TA,REC,297.0,TA,557.0,0.0,854.0,GASA,TA,Y,SBRKR,1096.0,895.0,0.0,1991.0,0,0,1,1,3,1,TA,7,TYP,1,GD,DETCHD,DETCHD,2,432.0,DETCHD,DETCHD,Y,0.0,0.0,19.0,0.0,0.0,NA,NA,0,3,2007,WD,NORMAL,220000,True,False
1061,120,RL,41.0,4920.0,PAVE,NA,REG,LVL,ALLPUB,INSIDE,GTL,STONEBR,NORM,NORM,TWNHSE,1STORY,8,5,2001,2001,GABLE,COMPSHG,CEMNTBD,CMENTBD,None,0.0,GD,TA,PCONC,GD,TA,GD,GLQ,616.0,TA,0.0,722.0,1338.0,GASA,EX,Y,SBRKR,1338.0,0.0,0.0,1338.0,1,0,2,0,2,1,GD,6,TYP,0,NA,ATTCHD,ATTCHD,2,582.0,ATTCHD,ATTCHD,Y,0.0,0.0,170.0,0.0,0.0,NA,NA,0,4,2010,WD,NORMAL,213500,True,False
1062,30,C (ALL),120.0,18000.0,GRVL,SHED,REG,LOW,ALLPUB,INSIDE,GTL,IDOTRR,NORM,NORM,1FAM,1STORY,3,4,1935,1950,GABLE,COMPSHG,METALSD,METALSD,None,0.0,FA,TA,CBLOCK,TA,TA,TA,UNF,0.0,TA,0.0,894.0,894.0,GASA,TA,Y,SBRKR,894.0,0.0,0.0,894.0,0,0,1,0,2,1,TA,6,TYP,0,NA,DETCHD,DETCHD,3,1248.0,DETCHD,DETCHD,Y,0.0,20.0,0.0,0.0,0.0,SHED,SHED,560,8,2008,CONLD,NORMAL,81000,True,False
1063,190,RM,85.0,13600.0,PAVE,NA,REG,LVL,ALLPUB,INSIDE,GTL,OLDTOWN,NORM,NORM,2FMCON,2STORY,5,5,1900,1950,GABLE,COMPSHG,WD SDNG,WD SDNG,None,0.0,TA,TA,BRKTIL,TA,TA,TA,UNF,0.0,TA,0.0,662.0,662.0,GASA,TA,N,SBRKR,1422.0,915.0,0.0,2337.0,0,0,2,0,5,2,TA,10,MIN2,0,NA,DETCHD,DETCHD,2,560.0,DETCHD,DETCHD,Y,0.0,57.0,0.0,0.0,0.0,NA,NA,0,9,2007,WD,NORMAL,90000,True,False
1064,30,RM,50.0,6000.0,PAVE,NA,REG,LVL,ALLPUB,INSIDE,GTL,OLDTOWN,ARTERY,NORM,1FAM,1STORY,6,6,1925,1980,GABLE,COMPSHG,METALSD,METALSD,None,0.0,TA,GD,BRKTIL,TA,TA,TA,BLQ,397.0,TA,0.0,706.0,1103.0,GASA,GD,Y,SBRKR,1103.0,0.0,0.0,1103.0,0,0,1,0,2,1,GD,5,TYP,1,GD,DETCHD,DETCHD,2,440.0,DETCHD,DETCHD,Y,166.0,120.0,0.0,0.0,0.0,NA,NA,0,7,2006,WD,NORMAL,110500,True,False
1065,20,RL,0.0,11000.0,PAVE,NA,IR1,LVL,ALLPUB,CULDSAC,GTL,NAMES,NORM,NORM,1FAM,1STORY,5,6,1966,1966,GABLE,COMPSHG,PLYWOOD,PLYWOOD,BRKFACE,200.0,TA,TA,CBLOCK,TA,TA,TA,BLQ,740.0,TA,230.0,184.0,1154.0,GASA,EX,Y,SBRKR,1154.0,0.0,0.0,1154.0,0,0,1,1,3,1,TA,6,TYP,1,PO,ATTCHD,ATTCHD,2,480.0,ATTCHD,ATTCHD,Y,0.0,58.0,0.0,0.0,0.0,NA,NA,0,11,2009,WD,NORMAL,154000,True,False
1066,60,RL,80.0,14000.0,PAVE,NA,REG,LVL,ALLPUB,INSIDE,MOD,CLEARCR,NORM,NORM,1FAM,2STORY,7,5,1996,1997,GABLE,COMPSHG,WD SDNG,WD SDNG,None,0.0,GD,TA,PCONC,EX,TA,EX,GLQ,1201.0,TA,0.0,105.0,1306.0,GASA,EX,Y,SBRKR,1306.0,954.0,0.0,2260.0,1,0,2,1,3,1,GD,7,TYP,0,NA,ATTCHD,ATTCHD,2,533.0,ATTCHD,ATTCHD,Y,296.0,44.0,0.0,0.0,0.0,NA,NA,0,4,2010,WD,NORMAL,328000,True,False
1067,60,RL,59.0,7837.0,PAVE,NA,IR1,LVL,ALLPUB,INSIDE,GTL,GILBERT,NORM,NORM,1FAM,2STORY,6,7,1993,1994,GABLE,COMPSHG,VINYLSD,VINYLSD,None,0.0,GD,TA,PCONC,GD,TA,GD,UNF,0.0,TA,0.0,799.0,799.0,GASA,GD,Y,SBRKR,799.0,772.0,0.0,1571.0,0,0,2,1,3,1,TA,7,TYP,1,TA,ATTCHD,ATTCHD,2,380.0,ATTCHD,ATTCHD,Y,0.0,40.0,0.0,0.0,0.0,NA,NA,0,5,2009,WD,NORMAL,178000,True,False
1068,60,RL,80.0,9760.0,PAVE,NA,REG,LVL,ALLPUB,INSIDE,MOD,NAMES,NORM,NORM,1FAM,2STORY,6,6,1964,1964,GABLE,COMPSHG,HDBOARD,HDBOARD,BRKFACE,360.0,TA,TA,CBLOCK,TA,TA,TA,GLQ,674.0,TA,106.0,0.0,780.0,GASA,TA,Y,SBRKR,798.0,813.0,0.0,1611.0,1,0,1,1,4,1,TA,7,TYP,0,NA,ATTCHD,ATTCHD,2,442.0,ATTCHD,ATTCHD,Y,328.0,128.0,0.0,0.0,189.0,NA,NA,0,6,2008,WD,NORMAL,167900,True,False
1069,160,RM,42.0,3964.0,PAVE,NA,REG,LVL,ALLPUB,INSIDE,GTL,MEADOWV,NORM,NORM,TWNHSE,2STORY,6,4,1973,1973,GABLE,COMPSHG,CEMNTBD,CMENTBD,None,0.0,TA,TA,CBLOCK,GD,TA,GD,ALQ,837.0,TA,0.0,105.0,942.0,GASA,GD,Y,SBRKR,1291.0,1230.0,0.0,2521.0,1,0,2,1,5,1,TA,10,MAJ1,1,GD,ATTCHD,ATTCHD,2,576.0,ATTCHD,ATTCHD,Y,728.0,20.0,0.0,0.0,0.0,NA,NA,0,6,2006,WD,NORMAL,151400,True,False
1070,45,RL,60.0,9600.0,PAVE,NA,REG,LVL,ALLPUB,INSIDE,GTL,NAMES,NORM,NORM,1FAM,1.5UNF,5,7,1949,2003,GABLE,COMPSHG,METALSD,METALSD,None,0.0,TA,TA,CBLOCK,TA,TA,TA,ALQ,220.0,TA,0.0,625.0,845.0,GASA,TA,Y,SBRKR,893.0,0.0,0.0,893.0,0,1,1,0,2,1,GD,4,TYP,0,NA,DETCHD,DETCHD,2,576.0,DETCHD,DETCHD,Y,0.0,0.0,0.0,0.0,0.0,NA,NA,0,5,2007,WD,NORMAL,135000,True,False
1071,20,RL,72.0,10152.0,PAVE,NA,REG,LVL,ALLPUB,INSIDE,GTL,NAMES,NORM,NORM,1FAM,1STORY,5,5,1956,1956,HIP,COMPSHG,METALSD,METALSD,BRKFACE,120.0,TA,TA,CBLOCK,TA,TA,TA,BLQ,586.0,TA,0.0,462.0,1048.0,GASA,TA,Y,SBRKR,1048.0,0.0,0.0,1048.0,1,0,1,0,3,1,TA,6,TYP,0,NA,ATTCHD,ATTCHD,1,286.0,ATTCHD,ATTCHD,Y,0.0,20.0,0.0,0.0,192.0,NA,NA,0,6,2007,WD,NORMAL,135000,True,False
1072,60,RL,78.0,11700.0,PAVE,NA,REG,LVL,ALLPUB,INSIDE,GTL,NWAMES,RRAN,NORM,1FAM,2STORY,6,6,1968,1968,GABLE,COMPSHG,METALSD,METALSD,None,0.0,TA,TA,CBLOCK,TA,TA,TA,REC,298.0,TA,0.0,429.0,727.0,GASA,EX,Y,SBRKR,829.0,727.0,0.0,1556.0,0,0,1,1,4,1,TA,8,TYP,0,NA,ATTCHD,ATTCHD,2,441.0,ATTCHD,ATTCHD,Y,0.0,0.0,0.0,0.0,0.0,NA,NA,0,5,2009,WD,NORMAL,154000,True,False
1073,50,RL,50.0,7585.0,PAVE,NA,REG,LVL,ALLPUB,INSIDE,GTL,EDWARDS,ARTERY,NORM,1FAM,1.5FIN,5,3,1948,1950,GABLE,COMPSHG,METALSD,METALSD,None,0.0,TA,TA,CBLOCK,FA,FA,FA,UNF,0.0,FA,0.0,810.0,810.0,GASA,FA,Y,FUSEA,1002.0,454.0,0.0,1456.0,1,1,1,0,4,1,TA,7,TYP,1,TA,DETCHD,DETCHD,1,280.0,DETCHD,DETCHD,P,0.0,0.0,0.0,0.0,0.0,NA,NA,0,8,2006,WD,NORMAL,91500,True,False
1074,60,RL,75.0,7950.0,PAVE,NA,IR1,BNK,ALLPUB,CORNER,GTL,EDWARDS,NORM,NORM,1FAM,2STORY,6,6,1977,1977,HIP,COMPSHG,HDBOARD,PLYWOOD,BRKFACE,140.0,TA,TA,CBLOCK,TA,TA,TA,BLQ,535.0,TA,0.0,155.0,690.0,GASA,TA,Y,SBRKR,698.0,728.0,0.0,1426.0,0,0,1,1,3,1,TA,6,TYP,0,NA,ATTCHD,ATTCHD,2,440.0,ATTCHD,ATTCHD,Y,252.0,0.0,0.0,0.0,0.0,NA,NA,0,7,2009,WD,NORMAL,159500,True,False
1075,20,RL,74.0,8556.0,PAVE,NA,REG,LVL,ALLPUB,INSIDE,GTL,COLLGCR,NORM,NORM,1FAM,1STORY,7,5,2006,2006,GABLE,COMPSHG,VINYLSD,VINYLSD,None,0.0,GD,TA,PCONC,GD,TA,GD,UNF,0.0,TA,0.0,1240.0,1240.0,GASA,EX,Y,SBRKR,1240.0,0.0,0.0,1240.0,0,0,2,0,2,1,GD,5,TYP,0,NA,ATTCHD,ATTCHD,3,826.0,ATTCHD,ATTCHD,Y,140.0,93.0,0.0,0.0,0.0,NA,NA,0,5,2007,WD,NORMAL,194000,True,False
1076,70,RL,75.0,13125.0,PAVE,NA,REG,LVL,ALLPUB,INSIDE,GTL,CRAWFOR,NORM,NORM,1FAM,2STORY,7,6,1940,1984,GABLE,COMPSHG,WD SDNG,WD SDNG,None,0.0,TA,TA,CBLOCK,TA,TA,TA,BLQ,410.0,TA,0.0,390.0,800.0,GASA,TA,Y,SBRKR,960.0,780.0,0.0,1740.0,0,0,1,1,3,1,TA,6,TYP,2,GD,ATTCHD,ATTCHD,1,240.0,ATTCHD,ATTCHD,Y,0.0,0.0,0.0,0.0,0.0,NA,NA,0,7,2007,CWD,NORMAL,219500,True,False
1077,50,RL,60.0,10800.0,PAVE,SHED,REG,LVL,ALLPUB,INSIDE,GTL,OLDTOWN,NORM,NORM,1FAM,1.5FIN,5,8,1936,1989,GABLE,COMPSHG,WD SDNG,WD SDNG,None,0.0,TA,TA,CBLOCK,FA,TA,FA,ALQ,626.0,TA,0.0,170.0,796.0,GASA,GD,Y,SBRKR,1096.0,370.0,0.0,1466.0,0,1,2,0,3,1,GD,7,MIN1,1,TA,ATTCHD,ATTCHD,2,566.0,ATTCHD,ATTCHD,Y,436.0,21.0,0.0,0.0,0.0,SHED,SHED,500,4,2006,WD,NORMAL,170000,True,False
1078,20,RL,0.0,15870.0,PAVE,NA,IR1,LVL,ALLPUB,CORNER,GTL,NAMES,NORM,NORM,1FAM,1STORY,5,5,1969,1969,GABLE,COMPSHG,VINYLSD,PLYWOOD,None,0.0,TA,TA,CBLOCK,TA,TA,TA,BLQ,75.0,TA,791.0,230.0,1096.0,GASA,EX,Y,SBRKR,1096.0,0.0,0.0,1096.0,1,0,1,0,3,1,TA,6,TYP,0,NA,ATTCHD,ATTCHD,1,299.0,ATTCHD,ATTCHD,Y,240.0,32.0,0.0,0.0,0.0,NA,NA,0,3,2006,WD,ABNORML,138800,True,False
1079,120,RM,37.0,4435.0,PAVE,NA,REG,LVL,ALLPUB,INSIDE,GTL,COLLGCR,NORM,NORM,TWNHSE,1STORY,6,5,2004,2004,GABLE,COMPSHG,VINYLSD,VINYLSD,BRKFACE,169.0,GD,TA,PCONC,GD,TA,GD,GLQ,662.0,TA,0.0,186.0,848.0,GASA,EX,Y,SBRKR,848.0,0.0,0.0,848.0,1,0,1,0,1,1,GD,3,TYP,1,GD,ATTCHD,ATTCHD,2,420.0,ATTCHD,ATTCHD,Y,140.0,0.0,0.0,0.0,0.0,NA,NA,0,5,2006,WD,NORMAL,155900,True,False
1080,20,RL,65.0,8775.0,PAVE,NA,REG,LVL,ALLPUB,INSIDE,GTL,COLLGCR,NORM,NORM,1FAM,1STORY,5,5,1994,1994,GABLE,COMPSHG,VINYLSD,VINYLSD,None,0.0,TA,TA,PCONC,GD,TA,GD,GLQ,495.0,TA,0.0,495.0,990.0,GASA,GD,Y,SBRKR,990.0,0.0,0.0,990.0,0,0,1,0,3,1,TA,5,TYP,0,NA,ATTCHD,ATTCHD,1,299.0,ATTCHD,ATTCHD,Y,0.0,64.0,0.0,0.0,0.0,NA,NA,0,4,2007,WD,NORMAL,126000,True,False
1081,20,RL,80.0,11040.0,PAVE,NA,REG,LVL,ALLPUB,INSIDE,GTL,NWAMES,NORM,NORM,1FAM,1STORY,6,7,1971,2004,GABLE,COMPSHG,VINYLSD,VINYLSD,BRKFACE,144.0,GD,GD,CBLOCK,TA,TA,TA,ALQ,656.0,TA,0.0,602.0,1258.0,GASA,EX,Y,SBRKR,1258.0,0.0,0.0,1258.0,0,1,2,0,3,1,GD,5,TYP,0,NA,ATTCHD,ATTCHD,2,528.0,ATTCHD,ATTCHD,Y,55.0,0.0,0.0,216.0,0.0,NA,NA,0,10,2008,COD,ABNORML,145000,True,False
1082,20,RL,75.0,7500.0,PAVE,NA,REG,LVL,ALLPUB,CORNER,GTL,SAWYER,FEEDR,NORM,1FAM,1STORY,5,5,1963,1963,GABLE,COMPSHG,HDBOARD,HDBOARD,None,0.0,TA,TA,CBLOCK,TA,TA,TA,ALQ,824.0,TA,0.0,216.0,1040.0,GASA,FA,Y,SBRKR,1040.0,0.0,0.0,1040.0,1,0,1,1,3,1,TA,5,TYP,0,NA,ATTCHD,ATTCHD,1,308.0,ATTCHD,ATTCHD,Y,0.0,0.0,220.0,0.0,0.0,NA,NA,0,6,2010,WD,NORMAL,133000,True,False
1083,20,RL,70.0,8749.0,PAVE,NA,REG,LVL,ALLPUB,INSIDE,GTL,COLLGCR,NORM,NORM,1FAM,1STORY,7,5,2002,2002,GABLE,COMPSHG,VINYLSD,VINYLSD,BRKFACE,100.0,GD,TA,PCONC,GD,TA,GD,UNF,0.0,TA,0.0,1459.0,1459.0,GASA,EX,Y,SBRKR,1459.0,0.0,0.0,1459.0,0,0,2,0,3,1,GD,6,TYP,1,GD,ATTCHD,ATTCHD,2,527.0,ATTCHD,ATTCHD,Y,192.0,39.0,0.0,0.0,0.0,NA,NA,0,9,2007,WD,NORMAL,192000,True,False
1084,20,RL,80.0,8800.0,PAVE,SHED,REG,LVL,ALLPUB,INSIDE,GTL,NAMES,NORM,NORM,1FAM,1STORY,6,6,1964,1964,HIP,COMPSHG,HDBOARD,HDBOARD,BRKFACE,425.0,TA,TA,CBLOCK,TA,TA,TA,BLQ,553.0,TA,0.0,698.0,1251.0,GASA,TA,Y,SBRKR,1251.0,0.0,0.0,1251.0,1,0,1,0,3,1,TA,6,TYP,2,GD,ATTCHD,ATTCHD,1,461.0,ATTCHD,ATTCHD,Y,0.0,116.0,0.0,0.0,0.0,SHED,SHED,700,3,2006,WD,NORMAL,160000,True,False
1085,60,RL,0.0,13031.0,PAVE,NA,IR2,LVL,ALLPUB,CORNER,GTL,GILBERT,NORM,NORM,1FAM,2STORY,6,5,1995,1996,GABLE,COMPSHG,HDBOARD,HDBOARD,None,0.0,TA,TA,PCONC,GD,TA,GD,ALQ,592.0,TA,0.0,99.0,691.0,GASA,GD,Y,SBRKR,691.0,807.0,0.0,1498.0,0,0,2,1,3,1,TA,6,TYP,1,TA,ATTCHD,ATTCHD,2,409.0,ATTCHD,ATTCHD,Y,315.0,44.0,0.0,0.0,0.0,NA,NA,0,7,2006,WD,NORMAL,187500,True,False
1086,85,RL,73.0,9069.0,PAVE,NA,REG,LVL,ALLPUB,INSIDE,GTL,SAWYERW,NORM,NORM,1FAM,SFOYER,6,6,1992,1992,GABLE,COMPSHG,HDBOARD,HDBOARD,None,0.0,TA,TA,PCONC,GD,TA,GD,GLQ,747.0,TA,0.0,189.0,936.0,GASA,EX,Y,SBRKR,996.0,0.0,0.0,996.0,1,0,1,0,2,1,GD,5,TYP,0,NA,ATTCHD,ATTCHD,2,564.0,ATTCHD,ATTCHD,Y,120.0,0.0,0.0,0.0,0.0,NA,NA,0,4,2010,WD,NORMAL,147000,True,False
1087,160,RM,0.0,1974.0,PAVE,NA,REG,LVL,ALLPUB,INSIDE,GTL,MEADOWV,NORM,NORM,TWNHSE,2STORY,4,5,1973,1973,GABLE,COMPSHG,CEMNTBD,CMENTBD,None,0.0,TA,TA,CBLOCK,TA,TA,TA,BLQ,334.0,TA,0.0,212.0,546.0,GASA,TA,Y,SBRKR,546.0,546.0,0.0,1092.0,0,0,1,1,3,1,TA,6,TYP,0,NA,ATTCHD,ATTCHD,1,286.0,ATTCHD,ATTCHD,Y,120.0,96.0,0.0,0.0,0.0,NA,NA,0,5,2010,WD,NORMAL,83500,True,False
1088,60,FV,85.0,10574.0,PAVE,NA,REG,LVL,ALLPUB,INSIDE,GTL,SOMERST,NORM,NORM,1FAM,2STORY,8,5,2005,2006,GABLE,COMPSHG,VINYLSD,VINYLSD,None,0.0,GD,TA,PCONC,GD,TA,GD,UNF,0.0,TA,0.0,1082.0,1082.0,GASA,EX,Y,SBRKR,1082.0,871.0,0.0,1953.0,0,0,2,1,3,1,GD,9,TYP,1,GD,ATTCHD,ATTCHD,3,1043.0,ATTCHD,ATTCHD,Y,160.0,50.0,0.0,0.0,0.0,NA,NA,0,5,2009,WD,NORMAL,252000,True,False
1089,160,RM,24.0,2522.0,PAVE,NA,REG,LVL,ALLPUB,INSIDE,GTL,EDWARDS,NORM,NORM,TWNHS,2STORY,7,5,2004,2004,GABLE,COMPSHG,VINYLSD,VINYLSD,STONE,50.0,GD,TA,PCONC,GD,TA,GD,UNF,0.0,TA,0.0,970.0,970.0,GASA,EX,Y,SBRKR,970.0,739.0,0.0,1709.0,0,0,2,0,3,1,GD,7,MAJ1,0,NA,DETCHD,DETCHD,2,380.0,DETCHD,DETCHD,Y,0.0,40.0,0.0,0.0,0.0,NA,NA,0,4,2006,WD,NORMAL,137500,True,False
1090,120,FV,37.0,3316.0,PAVE,NA,IR1,LVL,ALLPUB,INSIDE,GTL,SOMERST,NORM,NORM,TWNHSE,1STORY,8,5,2005,2005,GABLE,COMPSHG,METALSD,METALSD,None,0.0,GD,TA,PCONC,GD,TA,GD,GLQ,1039.0,TA,0.0,208.0,1247.0,GASA,EX,Y,SBRKR,1247.0,0.0,0.0,1247.0,1,0,1,1,1,1,GD,4,TYP,1,GD,ATTCHD,ATTCHD,2,550.0,ATTCHD,ATTCHD,Y,0.0,84.0,0.0,0.0,0.0,NA,NA,0,4,2006,WD,NORMAL,197000,True,False
1091,90,RL,60.0,8544.0,PAVE,NA,REG,LVL,ALLPUB,CORNER,GTL,NAMES,NORM,NORM,DUPLEX,1STORY,3,4,1950,1950,GABLE,COMPSHG,BRKFACE,BRKFACE,None,0.0,TA,TA,SLAB,NA,NA,NA,NA,0.0,NA,0.0,0.0,0.0,WALL,FA,N,FUSEA,1040.0,0.0,0.0,1040.0,0,0,2,0,2,2,TA,6,TYP,0,NA,DETCHD,DETCHD,2,400.0,DETCHD,DETCHD,Y,0.0,0.0,0.0,0.0,0.0,NA,NA,0,6,2009,WD,NORMAL,92900,True,False
1092,160,FV,24.0,2160.0,PAVE,NA,REG,LVL,ALLPUB,INSIDE,GTL,SOMERST,NORM,NORM,TWNHS,2STORY,7,5,1999,2000,GABLE,COMPSHG,METALSD,METALSD,BRKFACE,212.0,GD,TA,PCONC,GD,TA,GD,BLQ,510.0,TA,0.0,90.0,600.0,GASA,EX,Y,SBRKR,624.0,628.0,0.0,1252.0,1,0,2,1,2,1,GD,4,TYP,0,NA,DETCHD,DETCHD,2,462.0,DETCHD,DETCHD,Y,0.0,48.0,0.0,0.0,0.0,NA,NA,0,3,2008,WD,NORMAL,160000,True,False
1093,50,RL,60.0,8400.0,PAVE,NA,REG,BNK,ALLPUB,INSIDE,GTL,SWISU,NORM,NORM,1FAM,1.5FIN,6,5,1925,1950,GABLE,COMPSHG,METALSD,METALSD,None,0.0,TA,TA,PCONC,TA,TA,TA,REC,423.0,TA,0.0,758.0,1181.0,GASA,FA,Y,SBRKR,1390.0,304.0,0.0,1694.0,0,0,2,0,4,1,TA,7,TYP,1,GD,DETCHD,DETCHD,2,576.0,DETCHD,DETCHD,Y,342.0,0.0,128.0,0.0,0.0,NA,NA,0,6,2008,WD,NORMAL,136500,True,False
1094,20,RL,71.0,9230.0,PAVE,NA,REG,LVL,ALLPUB,CORNER,GTL,NAMES,FEEDR,NORM,1FAM,1STORY,5,8,1965,1998,HIP,COMPSHG,METALSD,METALSD,BRKFACE,166.0,TA,TA,CBLOCK,TA,TA,TA,GLQ,661.0,TA,0.0,203.0,864.0,GASA,GD,Y,SBRKR,1200.0,0.0,0.0,1200.0,1,0,1,1,1,1,GD,6,TYP,0,NA,DETCHD,DETCHD,2,884.0,DETCHD,DETCHD,Y,0.0,64.0,0.0,0.0,0.0,NA,NA,0,10,2006,WD,NORMAL,146000,True,False
1095,20,RL,74.0,5868.0,PAVE,NA,REG,LVL,ALLPUB,INSIDE,GTL,NAMES,NORM,NORM,1FAM,1STORY,5,7,1956,2000,GABLE,COMPSHG,METALSD,METALSD,None,0.0,TA,TA,CBLOCK,TA,TA,TA,BLQ,248.0,TA,240.0,448.0,936.0,GASA,EX,Y,SBRKR,936.0,0.0,0.0,936.0,1,0,1,0,2,1,TA,4,TYP,0,NA,ATTCHD,ATTCHD,1,308.0,ATTCHD,ATTCHD,Y,0.0,0.0,80.0,0.0,160.0,NA,NA,0,5,2010,WD,NORMAL,129000,True,False
1096,20,RL,78.0,9317.0,PAVE,NA,IR1,LVL,ALLPUB,INSIDE,GTL,COLLGCR,NORM,NORM,1FAM,1STORY,6,5,2006,2006,GABLE,COMPSHG,VINYLSD,VINYLSD,None,0.0,GD,TA,PCONC,GD,TA,GD,GLQ,24.0,TA,0.0,1290.0,1314.0,GASA,GD,Y,SBRKR,1314.0,0.0,0.0,1314.0,0,0,2,0,3,1,GD,6,TYP,1,GD,ATTCHD,ATTCHD,2,440.0,ATTCHD,ATTCHD,Y,0.0,22.0,0.0,0.0,0.0,NA,NA,0,3,2007,WD,NORMAL,176432,True,False
1097,70,RM,60.0,6882.0,PAVE,NA,REG,LVL,ALLPUB,INSIDE,GTL,IDOTRR,NORM,NORM,1FAM,2STORY,6,7,1914,2006,GABLE,COMPSHG,WD SDNG,WD SDNG,None,0.0,TA,TA,PCONC,TA,TA,TA,UNF,0.0,TA,0.0,684.0,684.0,GASA,TA,Y,SBRKR,773.0,582.0,0.0,1355.0,0,0,1,1,3,1,GD,7,TYP,0,NA,NA,NA,0,0.0,NA,NA,Y,136.0,0.0,115.0,0.0,0.0,NA,NA,0,3,2007,WD,NORMAL,127000,False,False
1098,120,RL,0.0,3696.0,PAVE,NA,REG,LVL,ALLPUB,INSIDE,GTL,STONEBR,NORM,NORM,TWNHSE,1STORY,8,5,1986,1986,GABLE,COMPSHG,HDBOARD,HDBOARD,None,0.0,GD,TA,CBLOCK,GD,TA,GD,UNF,0.0,TA,0.0,1074.0,1074.0,GASA,EX,Y,SBRKR,1088.0,0.0,0.0,1088.0,0,0,1,1,2,1,GD,5,TYP,0,NA,ATTCHD,ATTCHD,2,461.0,ATTCHD,ATTCHD,Y,0.0,74.0,137.0,0.0,0.0,NA,NA,0,10,2007,WD,NORMAL,170000,True,False
1099,50,RM,50.0,6000.0,PAVE,NA,REG,LVL,ALLPUB,INSIDE,GTL,BRKSIDE,NORM,NORM,1FAM,1.5FIN,4,6,1936,1950,GABLE,COMPSHG,METALSD,METALSD,None,0.0,TA,TA,BRKTIL,TA,TA,TA,BLQ,672.0,TA,0.0,0.0,672.0,GASA,TA,Y,SBRKR,757.0,567.0,0.0,1324.0,0,0,1,0,3,1,TA,6,TYP,0,NA,DETCHD,DETCHD,1,240.0,DETCHD,DETCHD,Y,0.0,0.0,0.0,0.0,0.0,NA,NA,0,7,2009,WD,NORMAL,128000,True,False
1100,20,RL,82.0,11880.0,PAVE,NA,IR1,LVL,ALLPUB,INSIDE,GTL,NWAMES,RRAN,NORM,1FAM,1STORY,7,5,1978,1978,GABLE,COMPSHG,PLYWOOD,PLYWOOD,BRKFACE,206.0,TA,TA,CBLOCK,GD,TA,GD,ALQ,704.0,TA,0.0,567.0,1271.0,GASA,TA,Y,SBRKR,1601.0,0.0,0.0,1601.0,0,0,2,0,3,1,TA,7,TYP,1,TA,ATTCHD,ATTCHD,2,478.0,ATTCHD,ATTCHD,Y,0.0,0.0,0.0,0.0,0.0,NA,NA,0,4,2009,COD,ABNORML,157000,True,False
1101,30,RL,60.0,8400.0,PAVE,NA,REG,BNK,ALLPUB,INSIDE,GTL,SWISU,NORM,NORM,1FAM,1STORY,2,5,1920,1950,GABLE,COMPSHG,WD SDNG,WD SDNG,None,0.0,TA,TA,CBLOCK,TA,FA,TA,REC,290.0,FA,0.0,0.0,290.0,GASA,TA,N,FUSEF,438.0,0.0,0.0,438.0,0,0,1,0,1,1,FA,3,TYP,0,NA,DETCHD,DETCHD,1,246.0,DETCHD,DETCHD,N,0.0,0.0,0.0,0.0,0.0,NA,NA,0,1,2009,WD,NORMAL,60000,True,False
1102,20,RL,61.0,9758.0,PAVE,NA,IR1,LVL,ALLPUB,INSIDE,GTL,NAMES,NORM,NORM,1FAM,1STORY,5,5,1971,1971,GABLE,COMPSHG,HDBOARD,METALSD,None,0.0,TA,TA,CBLOCK,TA,TA,TA,BLQ,412.0,TA,287.0,251.0,950.0,GASA,TA,Y,SBRKR,950.0,0.0,0.0,950.0,0,0,1,0,3,1,TA,5,TYP,0,NA,DETCHD,DETCHD,1,280.0,DETCHD,DETCHD,Y,0.0,0.0,0.0,0.0,0.0,NA,NA,0,7,2007,WD,NORMAL,119500,True,False
1103,20,RL,70.0,7000.0,PAVE,NA,REG,LVL,ALLPUB,INSIDE,GTL,NAMES,NORM,NORM,1FAM,1STORY,5,7,1960,2002,GABLE,COMPSHG,WD SDNG,WD SDNG,BRKFACE,45.0,TA,TA,CBLOCK,TA,TA,TA,REC,588.0,TA,0.0,422.0,1010.0,GASA,EX,Y,SBRKR,1134.0,0.0,0.0,1134.0,0,0,1,0,2,1,TA,6,TYP,0,NA,ATTCHD,ATTCHD,1,254.0,ATTCHD,ATTCHD,Y,0.0,16.0,0.0,0.0,0.0,NA,NA,0,4,2007,WD,FAMILY,135000,True,False
1104,20,RL,79.0,8910.0,PAVE,NA,REG,LVL,ALLPUB,CORNER,GTL,NAMES,NORM,NORM,1FAM,1STORY,6,6,1959,1959,HIP,COMPSHG,BRKFACE,BRKFACE,None,0.0,TA,TA,CBLOCK,TA,TA,TA,ALQ,655.0,TA,0.0,0.0,655.0,GASA,EX,Y,SBRKR,1194.0,0.0,0.0,1194.0,0,1,1,0,3,1,TA,6,TYP,1,FA,BUILTIN,BUILTIN,2,539.0,BUILTIN,BUILTIN,Y,0.0,0.0,192.0,0.0,0.0,NA,NA,0,7,2006,WD,NORMAL,159500,True,False
1105,160,RM,24.0,2016.0,PAVE,NA,REG,LVL,ALLPUB,INSIDE,GTL,BRDALE,NORM,NORM,TWNHSE,2STORY,5,5,1970,1970,GABLE,COMPSHG,HDBOARD,HDBOARD,BRKFACE,304.0,TA,TA,CBLOCK,TA,TA,TA,UNF,0.0,TA,0.0,630.0,630.0,GASA,TA,Y,SBRKR,630.0,672.0,0.0,1302.0,0,0,2,1,3,1,TA,6,TYP,0,NA,DETCHD,DETCHD,2,440.0,DETCHD,DETCHD,Y,0.0,0.0,0.0,0.0,0.0,NA,NA,0,4,2007,WD,NORMAL,106000,True,False
1106,60,RL,98.0,12256.0,PAVE,NA,IR1,LVL,ALLPUB,CORNER,GTL,NORIDGE,NORM,NORM,1FAM,2STORY,8,5,1994,1995,GABLE,COMPSHG,HDBOARD,HDBOARD,BRKFACE,362.0,GD,TA,PCONC,EX,TA,EX,GLQ,1032.0,TA,0.0,431.0,1463.0,GASA,EX,Y,SBRKR,1500.0,1122.0,0.0,2622.0,1,0,2,1,3,1,GD,9,TYP,2,TA,ATTCHD,ATTCHD,2,712.0,ATTCHD,ATTCHD,Y,186.0,32.0,0.0,0.0,0.0,NA,NA,0,4,2010,WD,NORMAL,325000,True,False
1107,20,RL,114.0,10357.0,PAVE,NA,IR1,LVL,ALLPUB,CORNER,GTL,SAWYERW,FEEDR,NORM,1FAM,1STORY,7,5,1990,1991,HIP,COMPSHG,HDBOARD,HDBOARD,None,0.0,GD,TA,PCONC,GD,TA,GD,GLQ,738.0,TA,0.0,172.0,910.0,GASA,GD,Y,SBRKR,1442.0,0.0,0.0,1442.0,1,0,2,0,3,1,GD,6,TYP,1,TA,ATTCHD,ATTCHD,2,719.0,ATTCHD,ATTCHD,Y,0.0,244.0,0.0,0.0,0.0,NA,NA,0,5,2007,WD,NORMAL,179900,True,False
1108,60,RL,168.0,23257.0,PAVE,NA,IR3,HLS,ALLPUB,CULDSAC,GTL,GILBERT,NORM,NORM,1FAM,2STORY,7,5,2006,2006,GABLE,COMPSHG,VINYLSD,VINYLSD,None,0.0,GD,TA,PCONC,EX,GD,EX,UNF,0.0,GD,0.0,868.0,868.0,GASA,EX,Y,SBRKR,887.0,1134.0,0.0,2021.0,0,0,2,1,3,1,GD,9,TYP,1,GD,BUILTIN,BUILTIN,2,422.0,BUILTIN,BUILTIN,Y,0.0,100.0,0.0,0.0,0.0,NA,NA,0,9,2006,NEW,PARTIAL,274725,True,False
1109,60,RL,0.0,8063.0,PAVE,NA,REG,LVL,ALLPUB,INSIDE,GTL,GILBERT,NORM,NORM,1FAM,2STORY,6,5,2000,2000,GABLE,COMPSHG,VINYLSD,VINYLSD,None,0.0,TA,TA,PCONC,GD,TA,GD,UNF,0.0,TA,0.0,924.0,924.0,GASA,EX,Y,SBRKR,948.0,742.0,0.0,1690.0,0,0,2,1,3,1,TA,7,TYP,1,TA,ATTCHD,ATTCHD,2,463.0,ATTCHD,ATTCHD,Y,100.0,48.0,0.0,0.0,0.0,NA,NA,0,11,2007,WD,ABNORML,181000,True,False
1110,20,RL,107.0,11362.0,PAVE,NA,IR1,LVL,ALLPUB,INSIDE,GTL,NRIDGHT,NORM,NORM,1FAM,1STORY,8,5,2004,2005,GABLE,COMPSHG,METALSD,METALSD,STONE,42.0,GD,TA,PCONC,EX,TA,EX,GLQ,1039.0,TA,0.0,797.0,1836.0,GASA,EX,Y,SBRKR,1836.0,0.0,0.0,1836.0,1,0,2,0,3,1,GD,7,TYP,1,GD,ATTCHD,ATTCHD,3,862.0,ATTCHD,ATTCHD,Y,125.0,185.0,0.0,0.0,0.0,NA,NA,0,3,2009,WD,NORMAL,280000,True,False
1111,60,RL,0.0,8000.0,PAVE,NA,REG,LVL,ALLPUB,INSIDE,GTL,GILBERT,NORM,NORM,1FAM,2STORY,6,5,1995,1996,GABLE,COMPSHG,HDBOARD,HDBOARD,None,0.0,TA,TA,PCONC,GD,TA,GD,GLQ,219.0,TA,0.0,554.0,773.0,GASA,GD,Y,SBRKR,773.0,885.0,0.0,1658.0,1,0,2,1,3,1,TA,8,TYP,1,TA,ATTCHD,ATTCHD,2,431.0,ATTCHD,ATTCHD,Y,224.0,84.0,0.0,0.0,0.0,NA,NA,0,6,2008,WD,NORMAL,188000,True,False
1112,60,RL,80.0,10480.0,PAVE,NA,REG,LVL,ALLPUB,INSIDE,GTL,NWAMES,NORM,NORM,1FAM,2STORY,7,6,1976,1976,HIP,COMPSHG,PLYWOOD,PLYWOOD,BRKFACE,660.0,TA,TA,CBLOCK,TA,TA,TA,ALQ,403.0,TA,0.0,400.0,803.0,GASA,TA,Y,SBRKR,1098.0,866.0,0.0,1964.0,0,0,2,1,4,1,TA,8,TYP,1,GD,ATTCHD,ATTCHD,2,483.0,ATTCHD,ATTCHD,Y,0.0,69.0,0.0,0.0,0.0,NA,NA,0,9,2008,WD,NORMAL,205000,True,False
1113,20,RL,73.0,7100.0,PAVE,NA,IR1,LVL,ALLPUB,CORNER,GTL,NAMES,NORM,NORM,1FAM,1STORY,5,7,1957,1957,GABLE,COMPSHG,WDSHING,WD SHNG,None,0.0,TA,TA,CBLOCK,TA,TA,TA,GLQ,708.0,TA,0.0,108.0,816.0,GASA,TA,Y,FUSEA,816.0,0.0,0.0,816.0,1,0,1,0,2,1,TA,5,TYP,0,NA,DETCHD,DETCHD,1,308.0,DETCHD,DETCHD,Y,0.0,0.0,0.0,0.0,0.0,NA,NA,0,7,2006,WD,NORMAL,129900,True,False
1114,20,RL,66.0,8923.0,PAVE,NA,REG,LVL,ALLPUB,INSIDE,GTL,NAMES,NORM,NORM,1FAM,1STORY,5,7,1953,2006,GABLE,COMPSHG,WD SDNG,WD SDNG,None,0.0,TA,TA,CBLOCK,TA,TA,TA,BLQ,643.0,TA,0.0,365.0,1008.0,GASA,GD,Y,SBRKR,1008.0,0.0,0.0,1008.0,1,0,1,0,2,1,GD,6,TYP,0,NA,ATTCHD,ATTCHD,1,240.0,ATTCHD,ATTCHD,Y,0.0,18.0,0.0,0.0,0.0,NA,NA,0,5,2007,WD,NORMAL,134500,True,False
1115,20,RL,90.0,5400.0,PAVE,NA,REG,LVL,ALLPUB,INSIDE,GTL,OLDTOWN,NORM,NORM,1FAM,1STORY,5,7,1954,2000,GABLE,COMPSHG,METALSD,METALSD,None,0.0,TA,GD,CBLOCK,TA,TA,TA,REC,415.0,TA,0.0,418.0,833.0,GASA,EX,Y,SBRKR,833.0,0.0,0.0,833.0,0,0,1,0,2,1,GD,4,TYP,0,NA,DETCHD,DETCHD,1,326.0,DETCHD,DETCHD,Y,0.0,0.0,0.0,0.0,0.0,NA,NA,0,8,2006,WD,NORMAL,117000,True,False
1116,20,RL,93.0,12085.0,PAVE,NA,REG,LVL,ALLPUB,INSIDE,GTL,NRIDGHT,NORM,NORM,1FAM,1STORY,8,5,2007,2007,HIP,COMPSHG,VINYLSD,VINYLSD,STONE,328.0,GD,TA,PCONC,EX,TA,EX,GLQ,1004.0,TA,0.0,730.0,1734.0,GASA,EX,Y,SBRKR,1734.0,0.0,0.0,1734.0,1,0,2,0,3,1,EX,7,TYP,1,GD,ATTCHD,ATTCHD,3,928.0,ATTCHD,ATTCHD,Y,0.0,0.0,0.0,0.0,0.0,NA,NA,0,11,2007,NEW,PARTIAL,318000,True,False
1117,80,RL,0.0,7750.0,PAVE,NA,REG,LVL,ALLPUB,INSIDE,GTL,GILBERT,NORM,NORM,1FAM,SLVL,8,5,2002,2002,HIP,COMPSHG,VINYLSD,VINYLSD,None,0.0,GD,TA,PCONC,GD,TA,GD,GLQ,353.0,TA,0.0,55.0,408.0,GASA,EX,Y,SBRKR,779.0,640.0,0.0,1419.0,1,0,2,1,3,1,GD,7,TYP,1,TA,BUILTIN,BUILTIN,2,527.0,BUILTIN,BUILTIN,Y,120.0,0.0,0.0,0.0,0.0,NA,NA,0,3,2009,WD,NORMAL,184100,True,False
1118,20,RL,57.0,9764.0,PAVE,NA,IR1,LVL,ALLPUB,FR2,GTL,SAWYER,FEEDR,NORM,1FAM,1STORY,5,7,1967,2003,GABLE,COMPSHG,VINYLSD,VINYLSD,None,0.0,TA,TA,CBLOCK,TA,TA,TA,BLQ,702.0,TA,0.0,192.0,894.0,GASA,EX,Y,SBRKR,894.0,0.0,0.0,894.0,1,0,1,0,3,1,GD,5,TYP,0,NA,ATTCHD,ATTCHD,2,450.0,ATTCHD,ATTCHD,Y,0.0,0.0,0.0,0.0,0.0,NA,NA,0,5,2008,WD,NORMAL,130000,True,False
1119,80,RL,85.0,13825.0,PAVE,NA,REG,LVL,ALLPUB,INSIDE,GTL,SAWYER,NORM,NORM,1FAM,SLVL,5,6,1958,1987,GABLE,COMPSHG,METALSD,METALSD,None,0.0,TA,GD,CBLOCK,TA,TA,TA,UNF,0.0,TA,0.0,533.0,533.0,GASA,TA,Y,SBRKR,1021.0,580.0,0.0,1601.0,0,1,1,0,3,1,TA,6,MIN2,0,NA,BUILTIN,BUILTIN,1,300.0,BUILTIN,BUILTIN,Y,280.0,34.0,0.0,0.0,0.0,NA,NA,0,12,2008,WD,NORMAL,140000,True,False
1120,20,RL,70.0,7560.0,PAVE,NA,REG,LVL,ALLPUB,INSIDE,GTL,NAMES,NORM,NORM,1FAM,1STORY,5,5,1959,1959,GABLE,COMPSHG,BRKFACE,WD SDNG,None,0.0,TA,TA,CBLOCK,TA,TA,TA,LWQ,369.0,TA,0.0,671.0,1040.0,GASA,TA,Y,FUSEA,1040.0,0.0,0.0,1040.0,0,0,1,0,3,1,TA,6,TYP,0,NA,ATTCHD,ATTCHD,1,286.0,ATTCHD,ATTCHD,Y,140.0,0.0,252.0,0.0,0.0,NA,NA,0,7,2006,WD,NORMAL,133700,True,False
1121,30,RM,59.0,8263.0,PAVE,NA,REG,BNK,ALLPUB,INSIDE,MOD,IDOTRR,NORM,NORM,1FAM,1STORY,6,5,1920,1950,GABLE,COMPSHG,BRKFACE,BRKFACE,None,0.0,TA,TA,BRKTIL,TA,TA,TA,UNF,0.0,TA,0.0,1012.0,1012.0,GASA,TA,Y,FUSEA,1012.0,0.0,0.0,1012.0,0,0,1,0,2,1,TA,6,TYP,1,GD,DETCHD,DETCHD,1,308.0,DETCHD,DETCHD,Y,0.0,22.0,112.0,0.0,0.0,NA,NA,0,5,2007,WD,NORMAL,118400,True,False
1122,20,RL,84.0,10084.0,PAVE,NA,REG,LVL,ALLPUB,INSIDE,GTL,COLLGCR,NORM,NORM,1FAM,1STORY,7,5,2005,2006,GABLE,COMPSHG,VINYLSD,VINYLSD,BRKFACE,196.0,GD,TA,PCONC,GD,TA,GD,GLQ,24.0,TA,0.0,1528.0,1552.0,GASA,EX,Y,SBRKR,1552.0,0.0,0.0,1552.0,0,0,2,0,3,1,GD,7,TYP,0,NA,ATTCHD,ATTCHD,3,782.0,ATTCHD,ATTCHD,Y,144.0,20.0,0.0,0.0,0.0,NA,NA,0,7,2006,NEW,PARTIAL,212900,True,False
1123,20,RL,0.0,8926.0,PAVE,NA,IR1,LVL,ALLPUB,CORNER,GTL,EDWARDS,NORM,NORM,1FAM,1STORY,4,3,1956,1956,GABLE,COMPSHG,ASBSHNG,ASBSHNG,None,0.0,TA,TA,CBLOCK,TA,TA,TA,UNF,0.0,TA,0.0,672.0,672.0,GASA,EX,Y,FUSEA,960.0,0.0,0.0,960.0,0,0,1,0,3,1,TA,5,TYP,0,NA,BASMENT,BASMENT,1,288.0,BASMENT,BASMENT,Y,64.0,0.0,0.0,0.0,160.0,NA,NA,0,10,2009,COD,ABNORML,112000,True,False
1124,20,RL,50.0,9405.0,PAVE,NA,REG,LVL,ALLPUB,INSIDE,GTL,EDWARDS,NORM,NORM,1FAM,1STORY,5,9,1947,2008,HIP,COMPSHG,VINYLSD,VINYLSD,None,0.0,TA,EX,CBLOCK,TA,TA,TA,UNF,0.0,TA,0.0,698.0,698.0,GASA,EX,Y,SBRKR,698.0,0.0,0.0,698.0,0,1,1,0,2,1,TA,4,TYP,0,NA,NA,NA,0,0.0,NA,NA,Y,0.0,200.0,0.0,0.0,0.0,NA,NA,0,6,2009,WD,NORMAL,118000,False,False
1125,80,RL,0.0,9125.0,PAVE,NA,IR1,LVL,ALLPUB,INSIDE,GTL,GILBERT,NORM,NORM,1FAM,SLVL,7,5,1992,1992,GABLE,COMPSHG,HDBOARD,HDBOARD,BRKFACE,170.0,TA,TA,PCONC,GD,TA,GD,UNF,0.0,TA,0.0,384.0,384.0,GASA,GD,Y,SBRKR,812.0,670.0,0.0,1482.0,0,0,2,1,3,1,GD,7,TYP,1,TA,ATTCHD,ATTCHD,2,392.0,ATTCHD,ATTCHD,Y,100.0,25.0,0.0,0.0,0.0,NA,NA,0,7,2007,WD,NORMAL,163900,True,False
1126,20,RL,60.0,10434.0,PAVE,NA,REG,LVL,ALLPUB,INSIDE,GTL,NAMES,NORM,NORM,1FAM,1STORY,4,5,1955,1955,GABLE,COMPSHG,PLYWOOD,PLYWOOD,None,0.0,TA,TA,CBLOCK,TA,TA,TA,UNF,0.0,TA,0.0,1005.0,1005.0,GASA,TA,Y,SBRKR,1005.0,0.0,0.0,1005.0,0,0,1,0,2,1,FA,5,TYP,1,TA,DETCHD,DETCHD,2,672.0,DETCHD,DETCHD,Y,0.0,0.0,0.0,0.0,0.0,NA,NA,0,11,2009,WD,NORMAL,115000,True,False
1127,120,RL,53.0,3684.0,PAVE,NA,REG,LVL,ALLPUB,INSIDE,GTL,BLMNGTN,NORM,NORM,TWNHSE,1STORY,7,5,2007,2007,HIP,COMPSHG,VINYLSD,VINYLSD,BRKFACE,130.0,GD,TA,PCONC,GD,TA,GD,UNF,0.0,TA,0.0,1373.0,1373.0,GASA,EX,Y,SBRKR,1555.0,0.0,0.0,1555.0,0,0,2,0,2,1,GD,7,TYP,1,TA,ATTCHD,ATTCHD,3,660.0,ATTCHD,ATTCHD,Y,143.0,20.0,0.0,0.0,0.0,NA,NA,0,6,2009,WD,NORMAL,174000,True,False
1128,20,RL,182.0,14572.0,PAVE,NA,IR3,LVL,ALLPUB,CORNER,GTL,GILBERT,NORM,NORM,1FAM,1STORY,7,5,2004,2004,HIP,COMPSHG,VINYLSD,VINYLSD,None,0.0,GD,TA,PCONC,GD,TA,GD,GLQ,1300.0,TA,0.0,230.0,1530.0,GASA,EX,Y,SBRKR,1530.0,0.0,0.0,1530.0,1,0,2,0,3,1,GD,7,TYP,1,GD,ATTCHD,ATTCHD,3,630.0,ATTCHD,ATTCHD,Y,144.0,36.0,0.0,0.0,0.0,NA,NA,0,11,2007,WD,FAMILY,259000,True,False
1129,60,RL,59.0,11796.0,PAVE,NA,IR1,LVL,ALLPUB,INSIDE,GTL,GILBERT,NORM,NORM,1FAM,2STORY,7,5,2004,2005,GABLE,COMPSHG,VINYLSD,VINYLSD,None,0.0,GD,TA,PCONC,GD,TA,GD,UNF,0.0,TA,0.0,847.0,847.0,GASA,EX,Y,SBRKR,847.0,1112.0,0.0,1959.0,0,0,2,1,4,1,GD,8,TYP,1,GD,BUILTIN,BUILTIN,2,434.0,BUILTIN,BUILTIN,Y,100.0,48.0,0.0,0.0,0.0,NA,NA,0,7,2007,WD,NORMAL,215000,True,False
1130,90,RM,60.0,7200.0,PAVE,NA,REG,LVL,ALLPUB,INSIDE,GTL,OLDTOWN,NORM,NORM,DUPLEX,SFOYER,5,5,1980,1980,GABLE,COMPSHG,METALSD,METALSD,BRKFACE,180.0,TA,TA,CBLOCK,GD,TA,GD,GLQ,936.0,TA,0.0,0.0,936.0,GASA,TA,Y,SBRKR,936.0,0.0,0.0,936.0,1,0,1,0,2,1,TA,4,TYP,0,NA,DETCHD,DETCHD,2,672.0,DETCHD,DETCHD,Y,49.0,0.0,0.0,0.0,0.0,NA,NA,0,8,2007,WD,NORMAL,140000,True,False
1131,50,RL,65.0,7804.0,PAVE,NA,REG,LVL,ALLPUB,INSIDE,GTL,SWISU,NORM,NORM,1FAM,1.5FIN,4,3,1928,1950,GABLE,COMPSHG,WDSHING,PLYWOOD,None,0.0,TA,TA,BRKTIL,TA,TA,TA,BLQ,622.0,TA,0.0,500.0,1122.0,GASA,TA,Y,SBRKR,1328.0,653.0,0.0,1981.0,1,0,2,0,4,1,GD,7,MIN2,2,TA,DETCHD,DETCHD,2,576.0,DETCHD,DETCHD,Y,431.0,44.0,0.0,0.0,0.0,NA,NA,0,12,2009,WD,NORMAL,135000,True,False
1132,20,RL,63.0,10712.0,PAVE,NA,REG,LVL,ALLPUB,INSIDE,GTL,MITCHEL,NORM,NORM,1FAM,1STORY,5,5,1991,1992,GABLE,COMPSHG,HDBOARD,HDBOARD,None,0.0,TA,TA,PCONC,GD,TA,GD,BLQ,212.0,TA,0.0,762.0,974.0,GASA,TA,Y,SBRKR,974.0,0.0,0.0,974.0,0,0,1,0,3,1,TA,5,TYP,0,NA,NA,NA,0,0.0,NA,NA,Y,0.0,28.0,0.0,0.0,0.0,NA,NA,0,9,2007,OTH,ABNORML,93500,False,False
1133,70,RM,90.0,9900.0,PAVE,NA,REG,LVL,ALLPUB,INSIDE,GTL,OLDTOWN,NORM,NORM,1FAM,2STORY,6,4,1880,1950,GABLE,COMPSHG,WD SDNG,WD SDNG,None,0.0,TA,TA,BRKTIL,TA,TA,TA,UNF,0.0,TA,0.0,1008.0,1008.0,GASW,TA,Y,SBRKR,1178.0,1032.0,0.0,2210.0,0,0,2,0,5,1,FA,8,TYP,0,NA,DETCHD,DETCHD,1,205.0,DETCHD,DETCHD,N,0.0,48.0,0.0,0.0,0.0,NA,NA,0,5,2007,WD,NORMAL,117500,True,False
1134,60,RL,80.0,9828.0,PAVE,NA,IR1,LVL,ALLPUB,INSIDE,GTL,SAWYERW,NORM,NORM,1FAM,2STORY,8,5,1995,1995,GABLE,COMPSHG,VINYLSD,VINYLSD,None,0.0,GD,TA,PCONC,GD,TA,GD,GLQ,584.0,TA,0.0,544.0,1128.0,GASA,EX,Y,SBRKR,1142.0,878.0,0.0,2020.0,0,0,2,1,3,1,GD,8,TYP,1,TA,ATTCHD,ATTCHD,2,466.0,ATTCHD,ATTCHD,Y,0.0,155.0,0.0,0.0,0.0,NA,NA,0,6,2009,WD,NORMAL,239500,True,False
1135,60,RL,57.0,8773.0,PAVE,NA,IR1,HLS,ALLPUB,INSIDE,GTL,GILBERT,NORM,NORM,1FAM,2STORY,6,5,1997,1997,GABLE,COMPSHG,VINYLSD,VINYLSD,None,0.0,TA,TA,PCONC,GD,TA,GD,UNF,0.0,TA,0.0,916.0,916.0,GASA,GD,Y,SBRKR,916.0,684.0,0.0,1600.0,0,0,2,1,3,1,TA,7,TYP,1,TA,ATTCHD,ATTCHD,2,460.0,ATTCHD,ATTCHD,Y,100.0,38.0,0.0,0.0,0.0,NA,NA,0,8,2007,WD,NORMAL,169000,True,False
1136,30,RM,60.0,6180.0,PAVE,NA,REG,LVL,ALLPUB,CORNER,GTL,BRKSIDE,NORM,NORM,1FAM,1STORY,6,5,1926,1950,GABLE,COMPSHG,WD SDNG,WD SDNG,None,0.0,TA,TA,BRKTIL,TA,TA,TA,UNF,0.0,TA,0.0,960.0,960.0,GASA,TA,N,SBRKR,986.0,0.0,0.0,986.0,0,0,1,0,2,1,TA,5,TYP,1,GD,DETCHD,DETCHD,1,180.0,DETCHD,DETCHD,Y,0.0,128.0,0.0,0.0,0.0,NA,NA,0,5,2007,WD,NORMAL,102000,True,False
1137,50,RL,80.0,9600.0,PAVE,NA,REG,LVL,ALLPUB,INSIDE,GTL,NAMES,NORM,NORM,1FAM,1.5FIN,6,5,1950,1950,GABLE,COMPSHG,VINYLSD,VINYLSD,None,0.0,TA,TA,CBLOCK,TA,TA,TA,BLQ,280.0,TA,0.0,752.0,1032.0,GASA,TA,Y,FUSEA,1032.0,220.0,0.0,1252.0,0,0,1,0,3,1,TA,6,TYP,0,NA,ATTCHD,ATTCHD,1,288.0,ATTCHD,ATTCHD,Y,0.0,0.0,96.0,0.0,0.0,NA,NA,0,4,2008,WD,ABNORML,119000,True,False
1138,50,RL,54.0,6342.0,PAVE,NA,REG,LVL,ALLPUB,INSIDE,GTL,SAWYER,FEEDR,NORM,1FAM,1.5FIN,5,8,1875,1996,GABLE,COMPSHG,VINYLSD,VINYLSD,None,0.0,TA,GD,CBLOCK,TA,TA,TA,UNF,0.0,TA,0.0,780.0,780.0,GASA,GD,N,SBRKR,780.0,240.0,0.0,1020.0,0,0,1,0,2,1,TA,6,TYP,0,NA,NA,NA,0,0.0,NA,NA,N,0.0,0.0,176.0,0.0,0.0,NA,NA,0,5,2010,WD,NORMAL,94000,False,False
1139,20,RL,0.0,9819.0,PAVE,NA,IR1,LVL,ALLPUB,INSIDE,MOD,MITCHEL,NORM,NORM,1FAM,1STORY,6,5,1977,1977,GABLE,COMPSHG,PLYWOOD,IMSTUCC,None,0.0,TA,TA,PCONC,TA,TA,TA,ALQ,1567.0,TA,0.0,0.0,1567.0,GASA,TA,Y,SBRKR,1567.0,0.0,0.0,1567.0,1,0,2,0,2,1,GD,5,TYP,2,TA,ATTCHD,ATTCHD,2,714.0,ATTCHD,ATTCHD,Y,264.0,32.0,0.0,0.0,0.0,NA,NA,0,5,2009,WD,NORMAL,196000,True,False
1140,30,RL,98.0,8731.0,PAVE,NA,IR1,LVL,ALLPUB,INSIDE,GTL,BRKSIDE,NORM,NORM,1FAM,1STORY,5,5,1920,1950,GABLE,COMPSHG,STUCCO,STUCCO,None,0.0,TA,FA,BRKTIL,TA,TA,TA,BLQ,645.0,TA,0.0,270.0,915.0,GASA,TA,Y,SBRKR,1167.0,0.0,0.0,1167.0,0,0,1,0,3,1,TA,6,MAJ1,1,GD,DETCHD,DETCHD,2,495.0,DETCHD,DETCHD,Y,0.0,0.0,216.0,0.0,126.0,NA,NA,0,5,2007,WD,NORMAL,144000,True,False
1141,20,RL,60.0,7350.0,PAVE,NA,REG,LVL,ALLPUB,CORNER,GTL,NAMES,NORM,NORM,1FAM,1STORY,5,7,1951,1951,GABLE,COMPSHG,HDBOARD,HDBOARD,None,0.0,TA,TA,CBLOCK,TA,TA,TA,ALQ,852.0,TA,0.0,100.0,952.0,GASA,TA,Y,SBRKR,952.0,0.0,0.0,952.0,1,0,1,0,2,1,TA,4,TYP,0,NA,DETCHD,DETCHD,2,840.0,DETCHD,DETCHD,Y,0.0,0.0,0.0,0.0,0.0,NA,NA,0,6,2008,COD,ABNORML,139000,True,False
1142,60,RL,0.0,10304.0,PAVE,NA,IR1,LVL,ALLPUB,CULDSAC,GTL,NWAMES,POSN,NORM,1FAM,2STORY,5,7,1976,1976,GABLE,COMPSHG,PLYWOOD,PLYWOOD,BRKFACE,44.0,TA,GD,CBLOCK,TA,TA,TA,ALQ,381.0,TA,0.0,399.0,780.0,GASA,EX,Y,SBRKR,1088.0,780.0,0.0,1868.0,1,0,2,1,4,1,GD,9,TYP,1,TA,ATTCHD,ATTCHD,2,484.0,ATTCHD,ATTCHD,Y,448.0,96.0,0.0,0.0,0.0,NA,NA,0,10,2009,WD,NORMAL,197500,True,False
1143,60,RL,77.0,9965.0,PAVE,NA,REG,LVL,ALLPUB,INSIDE,GTL,COLLGCR,NORM,NORM,1FAM,2STORY,8,5,2006,2007,HIP,COMPSHG,VINYLSD,VINYLSD,STONE,340.0,GD,TA,PCONC,EX,TA,EX,GLQ,1150.0,TA,0.0,316.0,1466.0,GASA,EX,Y,SBRKR,1466.0,1362.0,0.0,2828.0,1,0,3,0,4,1,GD,11,TYP,1,TA,BUILTIN,BUILTIN,3,1052.0,BUILTIN,BUILTIN,Y,125.0,144.0,0.0,0.0,0.0,NA,NA,0,4,2007,NEW,PARTIAL,424870,True,False
1144,20,RL,0.0,9000.0,PAVE,NA,REG,LVL,ALLPUB,INSIDE,GTL,SAWYER,NORM,NORM,1FAM,1STORY,5,3,1959,1959,GABLE,COMPSHG,WD SDNG,PLYWOOD,None,0.0,TA,TA,CBLOCK,TA,TA,TA,GLQ,288.0,TA,0.0,718.0,1006.0,GASA,TA,Y,SBRKR,1006.0,0.0,0.0,1006.0,0,0,1,0,3,1,TA,5,TYP,0,NA,NA,NA,0,0.0,NA,NA,Y,0.0,24.0,0.0,0.0,0.0,NA,NA,0,7,2008,WD,NORMAL,80000,False,False
1145,190,RL,60.0,12180.0,PAVE,NA,REG,LVL,ALLPUB,INSIDE,GTL,EDWARDS,NORM,NORM,2FMCON,1.5FIN,4,4,1941,1950,GABLE,COMPSHG,METALSD,METALSD,None,0.0,TA,FA,BRKTIL,GD,TA,GD,BLQ,348.0,TA,0.0,324.0,672.0,GRAV,FA,N,FUSEA,672.0,252.0,0.0,924.0,1,0,1,0,2,1,FA,5,TYP,0,NA,DETCHD,DETCHD,1,280.0,DETCHD,DETCHD,Y,0.0,0.0,0.0,0.0,0.0,NA,NA,0,7,2010,WD,NORMAL,80000,True,False
1146,50,RM,52.0,6240.0,PAVE,NA,REG,LVL,ALLPUB,INSIDE,GTL,BRKSIDE,NORM,NORM,1FAM,1.5FIN,5,6,1928,1950,GABLE,COMPSHG,METALSD,METALSD,None,0.0,TA,TA,BRKTIL,TA,TA,TA,UNF,0.0,TA,0.0,1042.0,1042.0,GASA,EX,Y,SBRKR,1042.0,534.0,0.0,1576.0,0,0,1,0,3,1,TA,8,TYP,1,GD,DETCHD,DETCHD,1,225.0,DETCHD,DETCHD,Y,0.0,0.0,0.0,0.0,0.0,NA,NA,0,8,2006,WD,FAMILY,149000,True,False
1147,20,RL,0.0,11200.0,PAVE,NA,REG,LVL,ALLPUB,INSIDE,GTL,SAWYERW,NORM,NORM,1FAM,1STORY,6,5,1985,1985,GABLE,COMPSHG,WD SDNG,WD SHNG,BRKFACE,85.0,GD,TA,CBLOCK,GD,TA,GD,GLQ,1258.0,TA,0.0,40.0,1298.0,GASA,TA,Y,SBRKR,1298.0,0.0,0.0,1298.0,1,0,2,0,3,1,GD,5,TYP,1,TA,ATTCHD,ATTCHD,2,403.0,ATTCHD,ATTCHD,Y,165.0,26.0,0.0,0.0,0.0,NA,NA,0,5,2006,WD,NORMAL,180000,True,False
1148,70,RL,75.0,12000.0,PAVE,NA,REG,BNK,ALLPUB,INSIDE,GTL,CRAWFOR,NORM,NORM,1FAM,2STORY,7,7,1941,1950,GABLE,COMPSHG,METALSD,METALSD,None,0.0,TA,TA,CBLOCK,TA,TA,TA,REC,275.0,TA,0.0,429.0,704.0,GASA,EX,Y,SBRKR,860.0,704.0,0.0,1564.0,0,0,1,1,3,1,FA,7,TYP,1,GD,ATTCHD,ATTCHD,1,234.0,ATTCHD,ATTCHD,Y,0.0,0.0,0.0,0.0,0.0,NA,NA,0,7,2009,WD,NORMAL,174500,True,False
1149,50,RM,0.0,5700.0,PAVE,NA,REG,LVL,ALLPUB,INSIDE,GTL,OLDTOWN,NORM,NORM,1FAM,1.5FIN,7,7,1926,1950,GABLE,COMPSHG,WD SDNG,WD SDNG,None,0.0,TA,TA,PCONC,TA,TA,TA,UNF,0.0,TA,0.0,572.0,572.0,GASA,TA,Y,SBRKR,572.0,539.0,0.0,1111.0,0,0,1,0,2,1,TA,5,TYP,1,GD,DETCHD,DETCHD,1,288.0,DETCHD,DETCHD,Y,0.0,0.0,176.0,0.0,0.0,NA,NA,0,8,2008,WD,NORMAL,116900,True,False
1150,70,RM,50.0,9000.0,PAVE,NA,REG,LVL,ALLPUB,INSIDE,GTL,OLDTOWN,ARTERY,NORM,1FAM,2STORY,7,9,1920,1988,HIP,COMPSHG,VINYLSD,VINYLSD,None,0.0,TA,GD,PCONC,TA,TA,TA,ALQ,624.0,TA,0.0,26.0,650.0,GASA,EX,Y,SBRKR,832.0,650.0,0.0,1482.0,0,1,1,0,3,1,TA,7,TYP,0,NA,DETCHD,DETCHD,2,324.0,DETCHD,DETCHD,Y,0.0,0.0,0.0,0.0,0.0,NA,NA,0,7,2009,WD,NORMAL,143000,True,False
1151,20,RL,57.0,8280.0,PAVE,NA,IR1,LVL,ALLPUB,INSIDE,GTL,NAMES,NORM,NORM,1FAM,1STORY,6,5,1950,1950,GABLE,COMPSHG,BRKFACE,BRKFACE,None,0.0,TA,TA,CBLOCK,TA,TA,TA,UNF,0.0,TA,0.0,932.0,932.0,GASA,EX,Y,FUSEA,932.0,0.0,0.0,932.0,0,0,1,0,2,1,GD,4,TYP,1,GD,ATTCHD,ATTCHD,1,306.0,ATTCHD,ATTCHD,Y,0.0,0.0,214.0,0.0,0.0,NA,NA,0,11,2007,WD,NORMAL,124000,True,False
1152,20,RL,134.0,17755.0,PAVE,NA,REG,LVL,ALLPUB,INSIDE,GTL,EDWARDS,NORM,NORM,1FAM,1STORY,5,4,1959,1959,GABLE,COMPSHG,HDBOARD,PLYWOOD,BRKFACE,132.0,TA,TA,CBLOCK,TA,TA,TA,BLQ,176.0,TA,0.0,1290.0,1466.0,GASA,TA,Y,SBRKR,1466.0,0.0,0.0,1466.0,0,0,1,1,3,1,FA,6,TYP,2,GD,ATTCHD,ATTCHD,2,528.0,ATTCHD,ATTCHD,Y,0.0,140.0,0.0,0.0,100.0,NA,NA,0,11,2006,WD,NORMAL,149900,True,False
1153,20,RL,90.0,14115.0,PAVE,NA,IR1,LVL,ALLPUB,INSIDE,GTL,CRAWFOR,NORM,NORM,1FAM,1STORY,6,7,1956,2004,GABLE,COMPSHG,STONE,STONE,None,0.0,TA,TA,PCONC,TA,TA,TA,ALQ,296.0,TA,547.0,230.0,1073.0,GASA,EX,Y,SBRKR,1811.0,0.0,0.0,1811.0,0,0,1,0,2,1,EX,6,TYP,1,GD,ATTCHD,ATTCHD,2,470.0,ATTCHD,ATTCHD,Y,0.0,0.0,280.0,0.0,0.0,NA,NA,0,7,2006,WD,ABNORML,230000,True,False
1154,30,RM,0.0,5890.0,PAVE,NA,REG,LVL,ALLPUB,CORNER,GTL,IDOTRR,NORM,NORM,1FAM,1STORY,6,8,1930,2007,GABLE,COMPSHG,WD SDNG,WD SDNG,None,0.0,GD,GD,BRKTIL,TA,TA,TA,ALQ,538.0,TA,0.0,278.0,816.0,GASA,EX,Y,SBRKR,816.0,0.0,0.0,816.0,0,0,1,0,2,1,TA,5,TYP,0,NA,DETCHD,DETCHD,1,432.0,DETCHD,DETCHD,Y,0.0,0.0,96.0,0.0,0.0,NA,NA,0,6,2008,WD,NORMAL,120500,True,False
1155,60,RL,0.0,13700.0,PAVE,NA,IR1,LVL,ALLPUB,INSIDE,GTL,NAMES,NORM,NORM,1FAM,2STORY,7,6,1965,1988,GABLE,COMPSHG,VINYLSD,VINYLSD,STONE,288.0,TA,TA,CBLOCK,TA,TA,TA,ALQ,454.0,TA,0.0,410.0,864.0,GASA,TA,Y,SBRKR,902.0,918.0,0.0,1820.0,0,0,1,2,4,1,GD,8,TYP,2,GD,ATTCHD,ATTCHD,2,492.0,ATTCHD,ATTCHD,Y,60.0,84.0,0.0,0.0,273.0,NA,NA,0,5,2008,WD,NORMAL,201800,True,False
1156,20,RL,90.0,10768.0,PAVE,NA,IR1,LVL,ALLPUB,CORNER,GTL,VEENKER,NORM,NORM,1FAM,1STORY,5,8,1976,2004,GABLE,COMPSHG,PLYWOOD,PLYWOOD,None,0.0,GD,GD,CBLOCK,GD,TA,GD,ALQ,1157.0,TA,0.0,280.0,1437.0,GASA,TA,Y,SBRKR,1437.0,0.0,0.0,1437.0,1,0,2,0,3,1,GD,6,TYP,1,FA,ATTCHD,ATTCHD,2,528.0,ATTCHD,ATTCHD,Y,0.0,21.0,0.0,0.0,180.0,NA,NA,0,7,2007,WD,NORMAL,218000,True,False
1157,80,RL,85.0,9350.0,PAVE,NA,REG,LVL,ALLPUB,INSIDE,GTL,NAMES,NORM,NORM,1FAM,SLVL,5,8,1965,1999,GABLE,COMPSHG,BRKFACE,BRKFACE,None,0.0,TA,GD,PCONC,TA,TA,TA,ALQ,633.0,TA,0.0,586.0,1219.0,GASA,GD,Y,SBRKR,1265.0,0.0,0.0,1265.0,0,1,2,0,3,1,GD,6,TYP,1,GD,ATTCHD,ATTCHD,2,502.0,ATTCHD,ATTCHD,Y,0.0,92.0,0.0,96.0,0.0,NA,NA,0,10,2008,WD,NORMAL,179900,True,False
1158,120,RL,34.0,5001.0,PAVE,NA,IR1,LVL,ALLPUB,INSIDE,GTL,NRIDGHT,NORM,NORM,TWNHS,1STORY,7,5,2007,2008,GABLE,COMPSHG,VINYLSD,VINYLSD,STONE,166.0,GD,TA,PCONC,GD,TA,GD,GLQ,904.0,TA,0.0,410.0,1314.0,GASA,EX,Y,SBRKR,1314.0,0.0,0.0,1314.0,1,0,2,0,2,1,GD,6,TYP,1,GD,ATTCHD,ATTCHD,2,626.0,ATTCHD,ATTCHD,Y,172.0,62.0,0.0,0.0,0.0,NA,NA,0,7,2009,WD,NORMAL,230000,True,False
1159,20,RL,92.0,11932.0,PAVE,NA,REG,LVL,ALLPUB,FR2,GTL,SOMERST,FEEDR,NORM,1FAM,1STORY,8,5,2007,2008,GABLE,COMPSHG,VINYLSD,VINYLSD,STONE,186.0,GD,TA,PCONC,GD,TA,GD,UNF,0.0,TA,0.0,1580.0,1580.0,GASA,EX,Y,SBRKR,1580.0,0.0,0.0,1580.0,0,0,2,0,3,1,GD,7,TYP,0,NA,ATTCHD,ATTCHD,3,830.0,ATTCHD,ATTCHD,Y,0.0,24.0,0.0,0.0,0.0,NA,NA,0,6,2008,CONLD,PARTIAL,235128,True,False
1160,60,RL,76.0,9120.0,PAVE,NA,REG,LVL,ALLPUB,INSIDE,GTL,NWAMES,NORM,NORM,1FAM,2STORY,6,6,1974,1974,HIP,COMPSHG,HDBOARD,HDBOARD,BRKFACE,270.0,GD,TA,CBLOCK,TA,TA,TA,ALQ,442.0,TA,0.0,459.0,901.0,GASA,TA,Y,SBRKR,943.0,933.0,0.0,1876.0,0,0,2,1,4,1,GD,8,TYP,1,TA,ATTCHD,ATTCHD,2,540.0,ATTCHD,ATTCHD,Y,0.0,69.0,0.0,0.0,0.0,NA,NA,0,7,2008,WD,NORMAL,185000,True,False
1161,160,RL,24.0,2280.0,PAVE,NA,REG,LVL,ALLPUB,INSIDE,GTL,NPKVILL,NORM,NORM,TWNHS,2STORY,6,5,1978,1978,GABLE,COMPSHG,PLYWOOD,BRK CMN,None,0.0,TA,TA,CBLOCK,GD,TA,GD,ALQ,311.0,TA,0.0,544.0,855.0,GASA,FA,Y,SBRKR,855.0,601.0,0.0,1456.0,0,0,2,1,3,1,TA,7,TYP,1,TA,ATTCHD,ATTCHD,2,440.0,ATTCHD,ATTCHD,Y,26.0,0.0,0.0,0.0,0.0,NA,NA,0,7,2010,WD,NORMAL,146000,True,False
1162,20,RL,0.0,14778.0,PAVE,NA,IR1,LOW,ALLPUB,CULDSAC,GTL,CRAWFOR,POSN,NORM,1FAM,1STORY,6,7,1954,2006,HIP,COMPSHG,HDBOARD,HDBOARD,BRKFACE,72.0,GD,TA,CBLOCK,TA,TA,TA,BLQ,728.0,TA,0.0,568.0,1296.0,GASA,EX,Y,SBRKR,1640.0,0.0,0.0,1640.0,1,0,1,0,3,1,GD,7,TYP,1,GD,DETCHD,DETCHD,2,924.0,DETCHD,DETCHD,Y,108.0,0.0,0.0,216.0,0.0,NA,NA,0,11,2008,WD,NORMAL,224000,True,False
1163,20,RL,109.0,8724.0,PAVE,NA,REG,LVL,ALLPUB,INSIDE,GTL,SAWYER,NORM,NORM,1FAM,1STORY,5,5,1968,1968,GABLE,COMPSHG,VINYLSD,VINYLSD,None,0.0,TA,TA,CBLOCK,GD,TA,GD,BLQ,492.0,TA,0.0,402.0,894.0,GASA,GD,Y,SBRKR,894.0,0.0,0.0,894.0,0,0,1,0,3,1,TA,5,TYP,1,PO,ATTCHD,ATTCHD,2,450.0,ATTCHD,ATTCHD,Y,0.0,0.0,0.0,0.0,0.0,NA,NA,0,5,2007,WD,NORMAL,129000,True,False
1164,90,RL,60.0,12900.0,PAVE,NA,REG,LVL,ALLPUB,INSIDE,GTL,SAWYER,FEEDR,NORM,DUPLEX,SFOYER,4,4,1969,1969,GABLE,COMPSHG,PLYWOOD,PLYWOOD,None,0.0,TA,TA,CBLOCK,GD,TA,GD,GLQ,1198.0,TA,0.0,0.0,1198.0,GASA,TA,Y,SBRKR,1258.0,0.0,0.0,1258.0,2,0,0,2,0,2,TA,6,TYP,0,NA,CARPORT,CARPORT,2,400.0,CARPORT,CARPORT,Y,120.0,0.0,0.0,0.0,0.0,NA,NA,0,1,2008,WD,ALLOCA,108959,True,False
1165,80,RL,0.0,16157.0,PAVE,NA,IR1,LVL,ALLPUB,FR2,GTL,VEENKER,FEEDR,NORM,1FAM,SLVL,5,7,1978,1978,GABLE,COMPSHG,PLYWOOD,PLYWOOD,None,0.0,TA,TA,PCONC,GD,TA,GD,ALQ,680.0,TA,391.0,289.0,1360.0,GASA,EX,Y,SBRKR,1432.0,0.0,0.0,1432.0,1,0,1,1,2,1,GD,5,TYP,1,TA,ATTCHD,ATTCHD,2,588.0,ATTCHD,ATTCHD,Y,168.0,180.0,0.0,0.0,0.0,NA,NA,0,6,2007,WD,NORMAL,194000,True,False
1166,20,RL,79.0,9541.0,PAVE,NA,IR1,LVL,ALLPUB,INSIDE,GTL,NRIDGHT,NORM,NORM,1FAM,1STORY,7,5,2009,2009,GABLE,COMPSHG,VINYLSD,VINYLSD,STONE,268.0,GD,TA,PCONC,GD,TA,GD,UNF,0.0,TA,0.0,1502.0,1502.0,GASA,EX,Y,SBRKR,1502.0,0.0,0.0,1502.0,0,0,2,0,3,1,GD,7,TYP,0,NA,ATTCHD,ATTCHD,2,644.0,ATTCHD,ATTCHD,Y,0.0,114.0,0.0,0.0,0.0,NA,NA,0,9,2009,NEW,PARTIAL,233170,True,False
1167,20,RL,64.0,10475.0,PAVE,NA,IR1,LVL,ALLPUB,CORNER,GTL,COLLGCR,NORM,NORM,1FAM,1STORY,8,5,2008,2008,GABLE,COMPSHG,VINYLSD,VINYLSD,STONE,72.0,GD,TA,PCONC,GD,TA,GD,UNF,0.0,TA,0.0,1694.0,1694.0,GASA,EX,Y,SBRKR,1694.0,0.0,0.0,1694.0,0,0,2,0,3,1,GD,7,TYP,0,NA,ATTCHD,ATTCHD,3,776.0,ATTCHD,ATTCHD,Y,160.0,33.0,0.0,0.0,0.0,NA,NA,0,2,2010,WD,NORMAL,245350,True,False
1168,60,RL,58.0,10852.0,PAVE,NA,IR1,LVL,ALLPUB,INSIDE,GTL,GILBERT,RRAN,NORM,1FAM,2STORY,6,5,2000,2000,GABLE,COMPSHG,VINYLSD,VINYLSD,None,0.0,TA,TA,PCONC,GD,TA,GD,GLQ,786.0,TA,0.0,173.0,959.0,GASA,EX,Y,SBRKR,959.0,712.0,0.0,1671.0,1,0,2,1,3,1,TA,7,TYP,1,TA,ATTCHD,ATTCHD,2,472.0,ATTCHD,ATTCHD,Y,0.0,38.0,0.0,0.0,0.0,NA,NA,0,2,2006,WD,NORMAL,173000,True,False
1169,70,RL,120.0,13728.0,PAVE,NA,REG,LVL,ALLPUB,CORNER,GTL,EDWARDS,NORM,NORM,1FAM,2STORY,6,7,1935,1986,HIP,COMPSHG,STUCCO,STUCCO,None,0.0,TA,TA,CBLOCK,TA,TA,TA,REC,626.0,TA,0.0,501.0,1127.0,GASA,EX,Y,SBRKR,1236.0,872.0,0.0,2108.0,0,0,2,0,4,1,GD,7,TYP,2,TA,BASMENT,BASMENT,2,540.0,BASMENT,BASMENT,Y,0.0,0.0,0.0,0.0,90.0,NA,NA,0,7,2008,WD,NORMAL,235000,True,False
1170,60,RL,118.0,35760.0,PAVE,NA,IR1,LVL,ALLPUB,CULDSAC,GTL,NORIDGE,NORM,NORM,1FAM,2STORY,10,5,1995,1996,HIP,COMPSHG,HDBOARD,HDBOARD,BRKFACE,1378.0,GD,GD,PCONC,EX,TA,EX,GLQ,1387.0,TA,0.0,543.0,1930.0,GASA,EX,Y,SBRKR,1831.0,1796.0,0.0,3627.0,1,0,3,1,4,1,GD,10,TYP,1,TA,ATTCHD,ATTCHD,3,807.0,ATTCHD,ATTCHD,Y,361.0,76.0,0.0,0.0,0.0,NA,NA,0,7,2006,WD,NORMAL,625000,True,False
1171,80,RL,76.0,9880.0,PAVE,NA,REG,LVL,ALLPUB,INSIDE,GTL,MITCHEL,NORM,NORM,1FAM,SLVL,6,6,1977,1977,GABLE,COMPSHG,PLYWOOD,PLYWOOD,None,0.0,TA,TA,CBLOCK,TA,TA,TA,ALQ,522.0,TA,0.0,574.0,1096.0,GASA,TA,Y,SBRKR,1118.0,0.0,0.0,1118.0,1,0,1,0,3,1,TA,6,TYP,1,PO,ATTCHD,ATTCHD,1,358.0,ATTCHD,ATTCHD,Y,203.0,0.0,0.0,0.0,0.0,NA,NA,0,7,2008,WD,NORMAL,171000,True,True
1172,20,RL,76.0,9120.0,PAVE,SHED,REG,LVL,ALLPUB,INSIDE,GTL,NAMES,NORM,NORM,1FAM,1STORY,6,6,1958,1958,HIP,COMPSHG,METALSD,METALSD,None,0.0,TA,TA,CBLOCK,TA,TA,TA,ALQ,662.0,TA,0.0,599.0,1261.0,GASA,EX,Y,SBRKR,1261.0,0.0,0.0,1261.0,1,0,1,0,3,1,TA,6,TYP,1,TA,ATTCHD,ATTCHD,2,433.0,ATTCHD,ATTCHD,Y,0.0,0.0,0.0,0.0,288.0,SHED,SHED,1400,11,2008,WD,NORMAL,163000,True,False
1173,160,FV,35.0,4017.0,PAVE,NA,IR1,LVL,ALLPUB,INSIDE,GTL,SOMERST,NORM,NORM,TWNHSE,2STORY,7,5,2006,2007,GABLE,COMPSHG,METALSD,METALSD,None,0.0,GD,TA,PCONC,GD,TA,GD,UNF,0.0,TA,0.0,625.0,625.0,GASA,EX,Y,SBRKR,625.0,625.0,0.0,1250.0,0,0,2,1,2,1,GD,5,TYP,0,NA,DETCHD,DETCHD,2,625.0,DETCHD,DETCHD,Y,0.0,54.0,0.0,0.0,0.0,NA,NA,0,3,2008,WD,NORMAL,171900,True,False
1174,50,RL,138.0,18030.0,PAVE,NA,IR1,BNK,ALLPUB,INSIDE,GTL,CLEARCR,NORM,NORM,1FAM,1.5FIN,5,6,1946,1994,GABLE,COMPSHG,METALSD,METALSD,None,0.0,TA,TA,CBLOCK,TA,TA,TA,REC,152.0,TA,469.0,977.0,1598.0,GASA,TA,Y,SBRKR,1636.0,971.0,479.0,3086.0,0,0,3,0,3,1,EX,12,MAJ1,1,GD,NA,NA,0,0.0,NA,NA,Y,122.0,0.0,0.0,0.0,0.0,NA,NA,0,3,2007,WD,NORMAL,200500,False,False
1175,70,RL,80.0,16560.0,PAVE,NA,IR1,LVL,ALLPUB,INSIDE,GTL,CRAWFOR,NORM,NORM,1FAM,2STORY,6,8,1932,1950,GABLE,COMPSHG,WD SDNG,WD SDNG,None,0.0,TA,TA,BRKTIL,GD,TA,GD,REC,503.0,TA,0.0,449.0,952.0,GASA,TA,Y,SBRKR,1170.0,1175.0,0.0,2345.0,0,0,2,1,4,1,TA,9,TYP,1,GD,DETCHD,DETCHD,2,360.0,DETCHD,DETCHD,Y,0.0,0.0,0.0,0.0,0.0,NA,NA,0,7,2006,WD,NORMAL,239000,True,False
1176,50,RL,85.0,10678.0,PAVE,NA,REG,LVL,ALLPUB,INSIDE,GTL,NORIDGE,NORM,NORM,1FAM,1.5FIN,8,5,1992,2000,HIP,COMPSHG,HDBOARD,HDBOARD,BRKFACE,337.0,GD,TA,PCONC,GD,TA,GD,GLQ,700.0,TA,0.0,983.0,1683.0,GASA,EX,Y,SBRKR,2129.0,743.0,0.0,2872.0,0,0,2,1,4,1,GD,9,TYP,1,TA,ATTCHD,ATTCHD,2,541.0,ATTCHD,ATTCHD,Y,0.0,33.0,0.0,0.0,0.0,NA,NA,0,4,2007,WD,NORMAL,285000,True,False
1177,20,RL,37.0,6951.0,PAVE,NA,IR1,LVL,ALLPUB,CULDSAC,GTL,MITCHEL,NORM,NORM,1FAM,1STORY,5,5,1984,1985,GABLE,COMPSHG,HDBOARD,PLYWOOD,None,0.0,TA,TA,CBLOCK,TA,TA,TA,ALQ,658.0,TA,0.0,218.0,876.0,GASA,TA,Y,SBRKR,923.0,0.0,0.0,923.0,1,0,1,0,3,1,TA,5,TYP,0,NA,ATTCHD,ATTCHD,1,264.0,ATTCHD,ATTCHD,Y,362.0,0.0,0.0,0.0,0.0,NA,NA,0,10,2008,WD,NORMAL,119500,True,False
1178,50,RM,0.0,3950.0,PAVE,NA,REG,BNK,ALLPUB,INSIDE,GTL,OLDTOWN,ARTERY,NORM,1FAM,1.5FIN,6,8,1926,2004,GABLE,COMPSHG,METALSD,METALSD,None,0.0,TA,TA,CBLOCK,TA,TA,TA,REC,468.0,TA,0.0,350.0,818.0,GASA,TA,Y,SBRKR,818.0,406.0,0.0,1224.0,0,0,1,0,3,1,TA,5,TYP,0,NA,DETCHD,DETCHD,1,210.0,DETCHD,DETCHD,N,0.0,0.0,116.0,0.0,0.0,NA,NA,0,12,2009,WD,NORMAL,115000,True,False
1179,50,RL,54.0,7681.0,PAVE,NA,IR1,LVL,ALLPUB,FR2,GTL,CRAWFOR,NORM,NORM,1FAM,1.5FIN,5,6,1921,1950,GABLE,COMPSHG,WD SDNG,WD SDNG,None,0.0,TA,TA,BRKTIL,TA,TA,TA,UNF,0.0,TA,0.0,731.0,731.0,GASA,EX,Y,SBRKR,820.0,523.0,0.0,1343.0,0,0,1,1,3,1,TA,7,TYP,1,GD,DETCHD,DETCHD,1,186.0,DETCHD,DETCHD,Y,192.0,0.0,102.0,0.0,0.0,NA,NA,0,7,2009,WD,NORMAL,154900,True,False
1180,20,RL,77.0,8335.0,PAVE,NA,REG,LVL,ALLPUB,CORNER,GTL,EDWARDS,NORM,NORM,1FAM,1STORY,5,5,1954,1954,GABLE,COMPSHG,WD SDNG,WD SDNG,None,0.0,TA,TA,SLAB,NA,NA,NA,NA,0.0,NA,0.0,0.0,0.0,GASA,GD,Y,SBRKR,1124.0,0.0,0.0,1124.0,0,0,1,0,3,1,TA,5,MIN2,1,GD,NA,NA,0,0.0,NA,NA,N,0.0,36.0,190.0,0.0,0.0,NA,NA,0,4,2006,WD,NORMAL,93000,False,False
1181,60,RL,0.0,11170.0,PAVE,NA,IR2,LVL,ALLPUB,CORNER,GTL,TIMBER,NORM,NORM,1FAM,2STORY,7,5,1990,1991,GABLE,COMPSHG,METALSD,METALSD,None,0.0,TA,TA,WOOD,GD,TA,GD,LWQ,1216.0,TA,0.0,0.0,1216.0,GASA,EX,Y,SBRKR,1298.0,1216.0,0.0,2514.0,0,0,2,1,4,1,TA,8,TYP,0,NA,ATTCHD,ATTCHD,2,693.0,ATTCHD,ATTCHD,Y,0.0,0.0,0.0,0.0,0.0,NA,NA,0,4,2006,WD,NORMAL,250000,True,False
1182,120,RM,64.0,5587.0,PAVE,NA,IR1,HLS,ALLPUB,INSIDE,MOD,CRAWFOR,NORM,NORM,TWNHSE,1STORY,8,5,2008,2008,HIP,COMPSHG,CEMNTBD,CMENTBD,STONE,186.0,EX,TA,PCONC,EX,TA,EX,GLQ,1480.0,TA,0.0,120.0,1600.0,GASA,EX,Y,SBRKR,1652.0,0.0,0.0,1652.0,1,1,2,0,2,1,GD,5,TYP,1,GD,ATTCHD,ATTCHD,2,482.0,ATTCHD,ATTCHD,Y,162.0,53.0,0.0,153.0,0.0,NA,NA,0,11,2008,NEW,PARTIAL,392500,True,False
1183,60,RL,160.0,15623.0,PAVE,NA,IR1,LVL,ALLPUB,CORNER,GTL,NORIDGE,NORM,NORM,1FAM,2STORY,10,5,1996,1996,HIP,COMPSHG,WD SDNG,IMSTUCC,None,0.0,GD,TA,PCONC,EX,TA,EX,GLQ,2096.0,TA,0.0,300.0,2396.0,GASA,EX,Y,SBRKR,2411.0,2065.0,0.0,4476.0,1,0,3,1,4,1,EX,10,TYP,2,TA,ATTCHD,ATTCHD,3,813.0,ATTCHD,ATTCHD,Y,171.0,78.0,0.0,0.0,0.0,NA,NA,0,7,2007,WD,ABNORML,745000,True,True
1184,30,RL,60.0,10800.0,PAVE,NA,REG,LVL,ALLPUB,INSIDE,GTL,OLDTOWN,NORM,NORM,1FAM,1STORY,5,6,1920,1950,HIP,COMPSHG,STUCCO,STUCCO,None,0.0,TA,TA,BRKTIL,TA,TA,TA,REC,821.0,TA,0.0,299.0,1120.0,GASA,EX,Y,SBRKR,1130.0,0.0,0.0,1130.0,1,0,1,0,2,1,TA,5,TYP,1,GD,DETCHD,DETCHD,2,720.0,DETCHD,DETCHD,Y,229.0,0.0,0.0,0.0,0.0,NA,NA,0,6,2006,WD,NORMAL,120000,True,False
1185,20,RL,50.0,35133.0,GRVL,NA,REG,LVL,ALLPUB,INSIDE,MOD,TIMBER,NORM,NORM,1FAM,1STORY,5,4,1963,1963,HIP,COMPSHG,METALSD,METALSD,BRKFACE,226.0,TA,TA,CBLOCK,TA,TA,TA,REC,1159.0,TA,0.0,413.0,1572.0,GASA,GD,Y,SBRKR,1572.0,0.0,0.0,1572.0,1,0,1,1,3,1,TA,5,TYP,2,TA,2TYPES,2TYPES,3,995.0,2TYPES,2TYPES,Y,0.0,263.0,0.0,0.0,263.0,NA,NA,0,5,2007,WD,NORMAL,186700,True,False
1186,50,RL,60.0,9738.0,PAVE,NA,REG,LVL,ALLPUB,INSIDE,GTL,EDWARDS,NORM,NORM,1FAM,1.5FIN,5,7,1924,1950,GABLE,COMPSHG,ASBSHNG,ASBSHNG,None,0.0,TA,GD,BRKTIL,TA,TA,TA,BLQ,392.0,TA,0.0,392.0,784.0,GASA,GD,Y,SBRKR,949.0,272.0,0.0,1221.0,1,0,1,0,4,1,TA,7,TYP,0,NA,ATTCHD,ATTCHD,1,392.0,ATTCHD,ATTCHD,Y,0.0,0.0,236.0,0.0,0.0,NA,NA,0,3,2006,WD,NORMAL,104900,True,False
1187,190,RL,107.0,10615.0,PAVE,NA,IR1,BNK,ALLPUB,CORNER,MOD,OLDTOWN,ARTERY,ARTERY,2FMCON,2STORY,3,5,1900,1970,GABLE,COMPSHG,HDBOARD,HDBOARD,None,0.0,TA,TA,CBLOCK,FA,TA,FA,BLQ,440.0,TA,0.0,538.0,978.0,GASA,TA,Y,SBRKR,1014.0,685.0,0.0,1699.0,1,0,2,0,3,2,TA,7,TYP,0,NA,CARPORT,CARPORT,2,420.0,CARPORT,CARPORT,Y,0.0,74.0,0.0,0.0,0.0,NA,NA,0,8,2009,WD,ABNORML,95000,True,False
1188,20,RL,89.0,12461.0,PAVE,NA,REG,LVL,ALLPUB,CORNER,GTL,NORIDGE,NORM,NORM,1FAM,1STORY,8,5,1994,1995,GABLE,COMPSHG,IMSTUCC,IMSTUCC,None,0.0,GD,TA,PCONC,GD,TA,GD,GLQ,1456.0,TA,0.0,168.0,1624.0,GASA,EX,Y,SBRKR,1624.0,0.0,0.0,1624.0,1,0,2,0,2,1,GD,5,TYP,1,FA,ATTCHD,ATTCHD,3,757.0,ATTCHD,ATTCHD,Y,0.0,114.0,192.0,0.0,0.0,NA,NA,0,7,2006,WD,NORMAL,262000,True,False
1189,60,RL,68.0,8935.0,PAVE,NA,IR1,LVL,ALLPUB,INSIDE,GTL,COLLGCR,NORM,NORM,1FAM,2STORY,7,5,2002,2002,GABLE,COMPSHG,VINYLSD,VINYLSD,BRKFACE,95.0,GD,TA,PCONC,GD,TA,GD,UNF,0.0,TA,0.0,831.0,831.0,GASA,EX,Y,SBRKR,831.0,829.0,0.0,1660.0,0,0,2,1,3,1,GD,7,TYP,0,NA,ATTCHD,ATTCHD,2,493.0,ATTCHD,ATTCHD,Y,144.0,68.0,0.0,0.0,0.0,NA,NA,0,7,2009,WD,NORMAL,195000,True,False
1190,60,RL,60.0,7500.0,PAVE,NA,REG,LVL,ALLPUB,INSIDE,GTL,GILBERT,NORM,NORM,1FAM,2STORY,7,5,1999,1999,GABLE,COMPSHG,VINYLSD,VINYLSD,None,0.0,TA,TA,PCONC,TA,TA,TA,UNF,0.0,TA,0.0,994.0,994.0,GASA,GD,Y,SBRKR,1028.0,776.0,0.0,1804.0,0,0,2,1,3,1,GD,7,TYP,1,TA,ATTCHD,ATTCHD,2,442.0,ATTCHD,ATTCHD,Y,140.0,60.0,0.0,0.0,0.0,NA,NA,0,6,2010,WD,NORMAL,189000,True,False
1191,190,RL,0.0,32463.0,PAVE,NA,REG,LOW,ALLPUB,INSIDE,MOD,MITCHEL,NORM,NORM,2FMCON,1STORY,4,4,1961,1975,GABLE,COMPSHG,METALSD,METALSD,STONE,149.0,TA,GD,CBLOCK,TA,TA,TA,BLQ,1159.0,TA,0.0,90.0,1249.0,GASA,EX,Y,SBRKR,1622.0,0.0,0.0,1622.0,1,0,1,0,3,1,TA,7,TYP,1,TA,2TYPES,2TYPES,4,1356.0,2TYPES,2TYPES,Y,439.0,0.0,0.0,0.0,0.0,NA,NA,0,3,2007,WD,NORMAL,168000,True,False
1192,160,FV,24.0,2645.0,PAVE,NA,REG,LVL,ALLPUB,INSIDE,GTL,SOMERST,NORM,NORM,TWNHS,2STORY,8,5,1999,2000,GABLE,COMPSHG,METALSD,METALSD,BRKFACE,456.0,GD,TA,PCONC,GD,TA,GD,UNF,0.0,TA,0.0,776.0,776.0,GASA,EX,Y,SBRKR,764.0,677.0,0.0,1441.0,0,0,2,1,2,1,GD,5,TYP,0,NA,DETCHD,DETCHD,2,492.0,DETCHD,DETCHD,Y,206.0,0.0,0.0,0.0,0.0,NA,NA,0,11,2007,WD,NORMAL,174000,True,False
1193,50,RM,60.0,9600.0,PAVE,NA,REG,LVL,ALLPUB,INSIDE,GTL,OLDTOWN,NORM,NORM,1FAM,1.5FIN,5,8,1925,1994,GAMBREL,COMPSHG,VINYLSD,VINYLSD,None,0.0,TA,TA,PCONC,TA,TA,TA,UNF,0.0,TA,0.0,702.0,702.0,GASA,GD,Y,SBRKR,842.0,630.0,0.0,1472.0,0,0,1,0,3,1,GD,6,TYP,0,NA,DETCHD,DETCHD,1,250.0,DETCHD,DETCHD,P,0.0,0.0,84.0,0.0,0.0,NA,NA,0,7,2007,WD,NORMAL,125000,True,False
1194,120,RM,0.0,4500.0,PAVE,NA,REG,LVL,ALLPUB,FR2,GTL,MITCHEL,NORM,NORM,TWNHSE,1STORY,6,5,1999,1999,HIP,COMPSHG,VINYLSD,VINYLSD,BRKFACE,425.0,TA,TA,PCONC,EX,TA,EX,GLQ,883.0,TA,0.0,341.0,1224.0,GASA,EX,Y,SBRKR,1224.0,0.0,0.0,1224.0,1,0,2,0,2,1,TA,5,TYP,0,NA,ATTCHD,ATTCHD,2,402.0,ATTCHD,ATTCHD,Y,0.0,304.0,0.0,0.0,0.0,NA,NA,0,6,2009,WD,NORMAL,165000,True,False
1195,60,RL,80.0,9364.0,PAVE,NA,REG,LVL,ALLPUB,CORNER,GTL,SAWYER,NORM,NORM,1FAM,2STORY,6,7,1969,1969,GABLE,COMPSHG,HDBOARD,HDBOARD,STONE,143.0,TA,TA,CBLOCK,TA,TA,TA,ALQ,371.0,TA,0.0,292.0,663.0,GASA,TA,Y,SBRKR,663.0,689.0,0.0,1352.0,0,0,1,1,4,1,TA,7,TYP,0,NA,ATTCHD,ATTCHD,1,299.0,ATTCHD,ATTCHD,Y,379.0,36.0,0.0,0.0,0.0,NA,NA,0,3,2010,WD,NORMAL,158000,True,False
1196,60,RL,51.0,8029.0,PAVE,NA,IR1,LVL,ALLPUB,INSIDE,GTL,GILBERT,NORM,NORM,1FAM,2STORY,6,5,2005,2005,GABLE,COMPSHG,VINYLSD,VINYLSD,None,0.0,TA,TA,PCONC,GD,TA,GD,UNF,0.0,TA,0.0,728.0,728.0,GASA,EX,Y,SBRKR,728.0,728.0,0.0,1456.0,0,0,2,1,3,1,GD,8,TYP,0,NA,ATTCHD,ATTCHD,2,400.0,ATTCHD,ATTCHD,Y,100.0,24.0,0.0,0.0,0.0,NA,NA,0,7,2008,WD,NORMAL,176000,True,False
1197,60,RL,58.0,14054.0,PAVE,NA,IR1,LVL,ALLPUB,INSIDE,GTL,GILBERT,NORM,NORM,1FAM,2STORY,7,5,2006,2006,GABLE,COMPSHG,VINYLSD,VINYLSD,None,0.0,GD,TA,PCONC,GD,TA,GD,UNF,0.0,TA,0.0,879.0,879.0,GASA,EX,Y,SBRKR,879.0,984.0,0.0,1863.0,0,0,2,1,4,1,GD,9,TYP,1,GD,BUILTIN,BUILTIN,3,660.0,BUILTIN,BUILTIN,Y,100.0,17.0,0.0,0.0,0.0,NA,NA,0,11,2006,NEW,PARTIAL,219210,True,False
1198,75,RM,65.0,8850.0,PAVE,NA,IR1,BNK,ALLPUB,CORNER,GTL,OLDTOWN,NORM,NORM,1FAM,2.5UNF,7,6,1916,1950,GABLE,COMPSHG,METALSD,METALSD,None,0.0,TA,TA,BRKTIL,TA,TA,TA,UNF,0.0,TA,0.0,815.0,815.0,GASA,EX,Y,SBRKR,815.0,875.0,0.0,1690.0,0,0,1,0,3,1,TA,7,TYP,1,GD,DETCHD,DETCHD,1,225.0,DETCHD,DETCHD,Y,0.0,0.0,330.0,0.0,0.0,NA,NA,0,7,2006,CONLW,NORMAL,144000,True,False
1199,20,RL,70.0,9100.0,PAVE,NA,REG,LVL,ALLPUB,INSIDE,GTL,COLLGCR,NORM,NORM,1FAM,1STORY,7,5,2001,2001,GABLE,COMPSHG,VINYLSD,VINYLSD,None,0.0,GD,TA,PCONC,GD,TA,GD,UNF,0.0,TA,0.0,1212.0,1212.0,GASA,EX,Y,SBRKR,1212.0,0.0,0.0,1212.0,0,0,2,0,3,1,GD,6,TYP,0,NA,ATTCHD,ATTCHD,2,573.0,ATTCHD,ATTCHD,Y,356.0,0.0,0.0,0.0,0.0,NA,NA,0,6,2009,WD,NORMAL,178000,True,False
1200,20,RL,75.0,11235.0,PAVE,NA,REG,LVL,ALLPUB,INSIDE,GTL,SAWYER,NORM,NORM,1FAM,1STORY,4,5,1963,1979,GABLE,COMPSHG,HDBOARD,HDBOARD,BRKFACE,51.0,TA,TA,CBLOCK,TA,TA,TA,REC,547.0,TA,0.0,504.0,1051.0,GASA,GD,Y,SBRKR,1382.0,0.0,0.0,1382.0,0,0,1,1,3,1,TA,6,TYP,1,PO,ATTCHD,ATTCHD,2,459.0,ATTCHD,ATTCHD,Y,0.0,82.0,0.0,0.0,0.0,NA,NA,0,10,2006,WD,NORMAL,148000,True,False
1201,20,RL,71.0,9353.0,PAVE,SHED,REG,LVL,ALLPUB,INSIDE,GTL,NAMES,NORM,NORM,1FAM,1STORY,4,5,1970,1970,GABLE,COMPSHG,METALSD,METALSD,None,0.0,TA,TA,CBLOCK,TA,TA,TA,UNF,0.0,TA,0.0,864.0,864.0,GASA,GD,Y,SBRKR,864.0,0.0,0.0,864.0,0,0,1,0,3,1,TA,5,TYP,0,NA,ATTCHD,ATTCHD,1,280.0,ATTCHD,ATTCHD,Y,0.0,0.0,0.0,0.0,0.0,SHED,SHED,0,7,2006,OTH,ABNORML,116050,True,False
1202,60,RL,80.0,10400.0,PAVE,NA,REG,LVL,ALLPUB,CORNER,GTL,COLLGCR,NORM,NORM,1FAM,2STORY,7,5,1998,1998,GABLE,COMPSHG,VINYLSD,VINYLSD,None,0.0,TA,TA,PCONC,GD,TA,GD,UNF,0.0,TA,0.0,866.0,866.0,GASA,EX,Y,SBRKR,866.0,913.0,0.0,1779.0,0,0,2,1,3,1,GD,6,TYP,0,NA,ATTCHD,ATTCHD,2,546.0,ATTCHD,ATTCHD,Y,198.0,36.0,0.0,0.0,0.0,NA,NA,0,3,2009,WD,NORMAL,197900,True,False
1203,50,RM,50.0,6000.0,PAVE,NA,REG,LVL,ALLPUB,CORNER,GTL,BRKSIDE,NORM,NORM,1FAM,1.5FIN,5,8,1925,1997,GABLE,COMPSHG,WD SDNG,WD SDNG,None,0.0,TA,TA,BRKTIL,TA,TA,TA,UNF,0.0,TA,0.0,884.0,884.0,GASA,EX,Y,SBRKR,884.0,464.0,0.0,1348.0,1,0,1,0,3,1,TA,5,TYP,1,FA,DETCHD,DETCHD,1,216.0,DETCHD,DETCHD,N,0.0,0.0,208.0,0.0,0.0,NA,NA,0,5,2009,WD,NORMAL,117000,True,False
1204,20,RL,75.0,9750.0,PAVE,NA,REG,LVL,ALLPUB,INSIDE,GTL,COLLGCR,NORM,NORM,1FAM,1STORY,7,5,2000,2001,GABLE,COMPSHG,VINYLSD,VINYLSD,BRKFACE,171.0,GD,TA,PCONC,GD,TA,GD,UNF,0.0,TA,0.0,1630.0,1630.0,GASA,EX,Y,SBRKR,1630.0,0.0,0.0,1630.0,0,0,2,0,3,1,GD,6,TYP,1,TA,ATTCHD,ATTCHD,2,451.0,ATTCHD,ATTCHD,Y,74.0,234.0,0.0,0.0,0.0,NA,NA,0,10,2009,WD,NORMAL,213000,True,False
1205,20,RL,78.0,10140.0,PAVE,NA,REG,LVL,ALLPUB,INSIDE,GTL,NWAMES,NORM,NORM,1FAM,1STORY,5,6,1975,1975,GABLE,COMPSHG,HDBOARD,HDBOARD,None,0.0,TA,TA,CBLOCK,GD,TA,GD,ALQ,788.0,TA,0.0,268.0,1056.0,GASA,EX,Y,SBRKR,1074.0,0.0,0.0,1074.0,1,0,1,1,3,1,TA,6,TYP,0,NA,ATTCHD,ATTCHD,2,495.0,ATTCHD,ATTCHD,Y,0.0,88.0,0.0,0.0,0.0,NA,NA,0,7,2006,WD,NORMAL,153500,True,False
1206,20,RL,90.0,14684.0,PAVE,NA,IR1,LVL,ALLPUB,CULDSAC,GTL,SAWYERW,NORM,NORM,1FAM,1STORY,7,7,1990,1991,HIP,COMPSHG,HDBOARD,HDBOARD,BRKFACE,234.0,GD,TA,CBLOCK,GD,TA,GD,ALQ,485.0,TA,177.0,1496.0,2158.0,GASA,GD,Y,SBRKR,2196.0,0.0,0.0,2196.0,0,0,2,0,3,1,GD,7,TYP,1,TA,ATTCHD,ATTCHD,3,701.0,ATTCHD,ATTCHD,Y,84.0,70.0,0.0,0.0,0.0,NA,NA,0,6,2009,WD,NORMAL,271900,True,False
1207,20,RH,0.0,8900.0,PAVE,NA,REG,LVL,ALLPUB,INSIDE,GTL,SAWYERW,NORM,NORM,1FAM,1STORY,4,4,1966,1966,GABLE,COMPSHG,HDBOARD,HDBOARD,None,0.0,TA,TA,CBLOCK,TA,TA,TA,REC,1056.0,TA,0.0,0.0,1056.0,GASA,TA,Y,SBRKR,1056.0,0.0,0.0,1056.0,1,0,1,0,2,1,TA,5,TYP,0,NA,DETCHD,DETCHD,1,384.0,DETCHD,DETCHD,Y,0.0,42.0,0.0,0.0,0.0,NA,NA,0,11,2006,WD,NORMAL,107000,True,False
1208,20,RL,70.0,9135.0,PAVE,NA,REG,LVL,ALLPUB,INSIDE,GTL,COLLGCR,NORM,NORM,1FAM,1STORY,6,5,2003,2003,GABLE,COMPSHG,VINYLSD,VINYLSD,BRKFACE,120.0,GD,TA,PCONC,GD,TA,GD,GLQ,340.0,TA,0.0,1342.0,1682.0,GASA,EX,Y,SBRKR,1700.0,0.0,0.0,1700.0,1,0,2,0,3,1,GD,7,TYP,0,NA,ATTCHD,ATTCHD,2,544.0,ATTCHD,ATTCHD,Y,192.0,23.0,0.0,0.0,0.0,NA,NA,0,5,2006,WD,NORMAL,200000,True,False
1209,20,RL,70.0,7763.0,PAVE,NA,REG,LVL,ALLPUB,INSIDE,GTL,NAMES,NORM,NORM,1FAM,1STORY,5,7,1962,1980,GABLE,COMPSHG,METALSD,METALSD,None,0.0,TA,GD,CBLOCK,TA,TA,TA,REC,504.0,TA,108.0,319.0,931.0,GASA,TA,Y,SBRKR,1283.0,0.0,0.0,1283.0,1,0,1,0,3,1,TA,6,TYP,0,NA,DETCHD,DETCHD,2,506.0,DETCHD,DETCHD,Y,0.0,0.0,0.0,0.0,0.0,NA,NA,0,10,2008,WD,NORMAL,140000,True,False
1210,20,RL,85.0,10182.0,PAVE,NA,IR1,LVL,ALLPUB,CULDSAC,GTL,SOMERST,RRNN,NORM,1FAM,1STORY,8,5,2006,2006,HIP,COMPSHG,VINYLSD,VINYLSD,STONE,420.0,GD,TA,PCONC,EX,TA,EX,GLQ,1220.0,TA,0.0,440.0,1660.0,GASA,EX,Y,SBRKR,1660.0,0.0,0.0,1660.0,1,0,2,0,3,1,GD,8,TYP,1,GD,ATTCHD,ATTCHD,2,500.0,ATTCHD,ATTCHD,Y,322.0,50.0,0.0,0.0,0.0,NA,NA,0,5,2006,NEW,PARTIAL,290000,True,False
1211,60,RL,70.0,11218.0,PAVE,SHED,REG,LVL,ALLPUB,INSIDE,GTL,SAWYERW,NORM,NORM,1FAM,2STORY,6,5,1992,1992,GABLE,COMPSHG,WD SDNG,WD SDNG,None,0.0,GD,TA,PCONC,GD,TA,GD,UNF,0.0,TA,0.0,1055.0,1055.0,GASA,EX,Y,SBRKR,1055.0,790.0,0.0,1845.0,0,0,2,1,3,1,GD,8,TYP,1,TA,ATTCHD,ATTCHD,2,462.0,ATTCHD,ATTCHD,Y,635.0,104.0,0.0,0.0,0.0,SHED,SHED,400,5,2010,WD,NORMAL,189000,True,False
1212,50,RL,152.0,12134.0,PAVE,NA,IR1,BNK,ALLPUB,INSIDE,MOD,GILBERT,NORM,NORM,1FAM,1.5FIN,8,7,1988,2005,GABLE,COMPSHG,WD SDNG,WD SDNG,None,0.0,GD,TA,WOOD,GD,TA,GD,GLQ,427.0,TA,0.0,132.0,559.0,GASA,GD,Y,SBRKR,1080.0,672.0,0.0,1752.0,0,0,2,0,4,1,TA,8,TYP,0,NA,BASMENT,BASMENT,2,492.0,BASMENT,BASMENT,Y,325.0,12.0,0.0,0.0,0.0,NA,NA,0,6,2010,WD,NORMAL,164000,True,False
1213,30,RL,50.0,9340.0,PAVE,NA,REG,LVL,ALLPUB,INSIDE,GTL,EDWARDS,NORM,NORM,1FAM,1STORY,4,6,1941,1950,HIP,COMPSHG,METALSD,METALSD,None,0.0,TA,TA,CBLOCK,TA,TA,TA,REC,344.0,TA,0.0,328.0,672.0,GASA,TA,Y,SBRKR,672.0,0.0,0.0,672.0,1,0,1,0,2,1,TA,4,TYP,0,NA,ATTCHD,ATTCHD,1,234.0,ATTCHD,ATTCHD,N,0.0,113.0,0.0,0.0,0.0,NA,NA,0,8,2009,WD,NORMAL,113000,True,False
1214,80,RL,0.0,10246.0,PAVE,NA,IR1,LVL,ALLPUB,CULDSAC,GTL,SAWYER,NORM,NORM,1FAM,SLVL,4,9,1965,2001,GABLE,COMPSHG,VINYLSD,VINYLSD,None,0.0,TA,GD,CBLOCK,TA,GD,TA,GLQ,648.0,GD,0.0,0.0,648.0,GASA,EX,Y,SBRKR,960.0,0.0,0.0,960.0,1,1,0,0,0,1,TA,3,TYP,0,NA,ATTCHD,ATTCHD,1,364.0,ATTCHD,ATTCHD,Y,88.0,0.0,0.0,0.0,0.0,NA,NA,0,5,2006,WD,NORMAL,145000,True,False
1215,85,RL,69.0,10205.0,PAVE,NA,IR1,LVL,ALLPUB,INSIDE,GTL,NAMES,NORM,NORM,1FAM,SFOYER,5,5,1962,1962,GABLE,COMPSHG,METALSD,METALSD,None,0.0,TA,TA,CBLOCK,TA,TA,TA,BLQ,784.0,TA,0.0,141.0,925.0,GASA,TA,Y,SBRKR,999.0,0.0,0.0,999.0,1,0,1,0,3,1,TA,6,TYP,0,NA,ATTCHD,ATTCHD,1,300.0,ATTCHD,ATTCHD,Y,150.0,72.0,0.0,0.0,0.0,NA,NA,0,5,2006,WD,NORMAL,134500,True,False
1216,20,RL,99.0,7094.0,PAVE,NA,IR1,LVL,ALLPUB,INSIDE,GTL,SAWYER,NORM,NORM,1FAM,1STORY,5,5,1966,1966,GABLE,COMPSHG,VINYLSD,VINYLSD,None,0.0,TA,TA,CBLOCK,TA,TA,TA,REC,180.0,TA,374.0,340.0,894.0,GASA,TA,Y,SBRKR,894.0,0.0,0.0,894.0,0,0,1,0,3,1,TA,5,TYP,0,NA,DETCHD,DETCHD,1,384.0,DETCHD,DETCHD,Y,0.0,0.0,0.0,0.0,0.0,NA,NA,0,5,2007,WD,NORMAL,125000,True,False
1217,90,RM,68.0,8930.0,PAVE,NA,REG,LVL,ALLPUB,INSIDE,GTL,SAWYER,RRAE,NORM,DUPLEX,1.5FIN,6,5,1978,1978,GABLE,COMPSHG,VINYLSD,VINYLSD,None,0.0,TA,TA,SLAB,NA,NA,NA,NA,0.0,NA,0.0,0.0,0.0,GASA,TA,Y,SBRKR,1318.0,584.0,0.0,1902.0,0,0,2,0,4,2,TA,8,TYP,0,NA,ATTCHD,ATTCHD,2,539.0,ATTCHD,ATTCHD,Y,0.0,0.0,0.0,0.0,0.0,NA,NA,0,4,2010,WD,NORMAL,112000,True,False
1218,20,FV,72.0,8640.0,PAVE,NA,REG,LVL,ALLPUB,INSIDE,GTL,SOMERST,NORM,NORM,1FAM,1STORY,8,5,2009,2009,GABLE,COMPSHG,CEMNTBD,CMENTBD,STONE,72.0,GD,TA,PCONC,GD,TA,GD,GLQ,936.0,TA,0.0,364.0,1300.0,GASA,EX,Y,SBRKR,1314.0,0.0,0.0,1314.0,1,0,2,0,3,1,GD,6,TYP,0,NA,ATTCHD,ATTCHD,2,552.0,ATTCHD,ATTCHD,Y,135.0,112.0,0.0,0.0,0.0,NA,NA,0,9,2009,NEW,PARTIAL,229456,True,False
1219,50,RM,52.0,6240.0,PAVE,NA,REG,LVL,ALLPUB,INSIDE,GTL,BRKSIDE,NORM,NORM,1FAM,1.5FIN,4,5,1947,1950,GABLE,COMPSHG,ASBSHNG,ASBSHNG,None,0.0,TA,TA,SLAB,NA,NA,NA,NA,0.0,NA,0.0,0.0,0.0,GASA,GD,N,SBRKR,672.0,240.0,0.0,912.0,0,0,1,0,2,1,TA,3,TYP,0,NA,NA,NA,0,0.0,NA,NA,N,0.0,0.0,0.0,0.0,0.0,NA,NA,0,7,2006,WD,NORMAL,80500,False,False
1220,160,RM,21.0,1680.0,PAVE,NA,REG,LVL,ALLPUB,INSIDE,GTL,BRDALE,NORM,NORM,TWNHS,2STORY,6,5,1971,1971,GABLE,COMPSHG,CEMNTBD,CMENTBD,BRKFACE,236.0,TA,TA,CBLOCK,TA,TA,TA,UNF,0.0,TA,0.0,672.0,672.0,GASA,TA,Y,SBRKR,672.0,546.0,0.0,1218.0,0,0,1,1,3,1,TA,7,TYP,0,NA,NA,NA,0,0.0,NA,NA,N,201.0,0.0,0.0,0.0,0.0,NA,NA,0,4,2006,WD,ABNORML,91500,False,False
1221,20,RL,66.0,7800.0,PAVE,NA,IR1,LVL,ALLPUB,INSIDE,GTL,NAMES,NORM,NORM,1FAM,1STORY,5,5,1964,1964,GABLE,COMPSHG,WD SDNG,WD SDNG,None,0.0,TA,TA,CBLOCK,TA,TA,TA,REC,312.0,TA,600.0,0.0,912.0,GASA,TA,Y,SBRKR,912.0,0.0,0.0,912.0,0,0,1,0,2,1,TA,5,TYP,0,NA,ATTCHD,ATTCHD,1,288.0,ATTCHD,ATTCHD,Y,0.0,0.0,0.0,0.0,0.0,NA,NA,0,11,2006,WD,ABNORML,115000,True,False
1222,20,RL,55.0,8250.0,PAVE,NA,REG,LVL,ALLPUB,INSIDE,GTL,SAWYER,FEEDR,NORM,1FAM,1STORY,5,5,1968,1968,HIP,COMPSHG,HDBOARD,HDBOARD,None,0.0,TA,TA,CBLOCK,TA,TA,TA,BLQ,250.0,TA,492.0,210.0,952.0,GASA,EX,Y,SBRKR,1211.0,0.0,0.0,1211.0,0,0,1,0,3,1,TA,5,TYP,1,TA,ATTCHD,ATTCHD,1,322.0,ATTCHD,ATTCHD,Y,0.0,63.0,0.0,0.0,0.0,NA,NA,0,8,2008,WD,NORMAL,134000,True,False
1223,50,RL,78.0,10496.0,PAVE,NA,REG,LVL,ALLPUB,INSIDE,GTL,NAMES,ARTERY,NORM,1FAM,1.5FIN,6,6,1949,1950,GABLE,COMPSHG,WD SDNG,WD SDNG,BRKFACE,320.0,TA,TA,CBLOCK,TA,TA,TA,REC,196.0,TA,0.0,844.0,1040.0,GASA,EX,Y,SBRKR,1168.0,678.0,0.0,1846.0,0,0,2,0,3,1,TA,7,TYP,1,GD,ATTCHD,ATTCHD,1,315.0,ATTCHD,ATTCHD,Y,0.0,0.0,0.0,0.0,0.0,NA,NA,0,1,2007,WD,NORMAL,143000,True,False
1224,20,RL,89.0,10680.0,PAVE,NA,REG,LVL,ALLPUB,INSIDE,GTL,NAMES,NORM,NORM,1FAM,1STORY,5,3,1951,1951,HIP,COMPSHG,WD SDNG,WD SDNG,BRKFACE,44.0,TA,TA,CBLOCK,TA,FA,TA,LWQ,756.0,FA,0.0,1380.0,2136.0,GASA,TA,N,FUSEA,2136.0,0.0,0.0,2136.0,0,0,2,0,4,1,TA,7,MOD,0,NA,DETCHD,DETCHD,2,528.0,DETCHD,DETCHD,Y,0.0,30.0,0.0,0.0,0.0,NA,NA,0,10,2006,WD,NORMAL,137900,True,False
1225,60,RL,60.0,15384.0,PAVE,NA,IR1,LVL,ALLPUB,INSIDE,GTL,GILBERT,RRAN,NORM,1FAM,2STORY,7,5,2004,2005,GABLE,COMPSHG,VINYLSD,VINYLSD,None,0.0,GD,TA,PCONC,GD,TA,GD,GLQ,724.0,TA,0.0,64.0,788.0,GASA,EX,Y,SBRKR,788.0,702.0,0.0,1490.0,1,0,2,1,3,1,GD,8,TYP,1,GD,ATTCHD,ATTCHD,2,388.0,ATTCHD,ATTCHD,Y,100.0,75.0,0.0,0.0,0.0,NA,NA,0,2,2008,WD,NORMAL,184000,True,False
1226,80,RL,65.0,10482.0,PAVE,NA,REG,LVL,ALLPUB,INSIDE,GTL,NAMES,NORM,NORM,1FAM,SLVL,6,8,1958,1958,HIP,COMPSHG,VINYLSD,VINYLSD,BRKFACE,63.0,TA,GD,CBLOCK,TA,TA,TA,GLQ,507.0,TA,0.0,81.0,588.0,GASA,EX,Y,SBRKR,1138.0,0.0,0.0,1138.0,0,1,1,0,3,1,TA,6,TYP,0,NA,ATTCHD,ATTCHD,1,264.0,ATTCHD,ATTCHD,Y,224.0,0.0,0.0,0.0,0.0,NA,NA,0,6,2007,WD,NORMAL,145000,True,False
1227,60,RL,86.0,14598.0,PAVE,NA,IR1,LVL,ALLPUB,CULDSAC,GTL,SOMERST,FEEDR,NORM,1FAM,2STORY,6,5,2007,2007,GABLE,COMPSHG,VINYLSD,VINYLSD,STONE,74.0,GD,TA,PCONC,GD,TA,GD,UNF,0.0,TA,0.0,894.0,894.0,GASA,EX,Y,SBRKR,894.0,1039.0,0.0,1933.0,0,0,2,1,4,1,GD,9,TYP,1,GD,BUILTIN,BUILTIN,3,668.0,BUILTIN,BUILTIN,Y,100.0,18.0,0.0,0.0,0.0,NA,NA,0,1,2008,WD,NORMAL,214000,True,False
1228,20,RL,72.0,8872.0,PAVE,NA,REG,LVL,ALLPUB,CORNER,GTL,NAMES,NORM,NORM,1FAM,1STORY,5,8,1965,2008,GABLE,COMPSHG,VINYLSD,VINYLSD,BRKFACE,300.0,TA,TA,CBLOCK,TA,TA,TA,ALQ,595.0,TA,0.0,317.0,912.0,GASA,EX,Y,SBRKR,912.0,0.0,0.0,912.0,1,0,1,0,2,1,GD,5,TYP,0,NA,DETCHD,DETCHD,2,576.0,DETCHD,DETCHD,Y,0.0,240.0,0.0,0.0,0.0,NA,NA,0,12,2008,WD,NORMAL,147000,True,False
1229,120,RL,65.0,8769.0,PAVE,NA,REG,LVL,ALLPUB,CORNER,GTL,NRIDGHT,NORM,NORM,TWNHSE,1STORY,9,5,2008,2008,HIP,COMPSHG,METALSD,METALSD,BRKFACE,766.0,EX,TA,PCONC,EX,TA,EX,GLQ,1540.0,TA,0.0,162.0,1702.0,GASA,EX,Y,SBRKR,1702.0,0.0,0.0,1702.0,1,0,1,1,1,1,EX,7,TYP,1,GD,ATTCHD,ATTCHD,3,1052.0,ATTCHD,ATTCHD,Y,0.0,72.0,0.0,0.0,224.0,NA,NA,0,10,2008,NEW,PARTIAL,367294,True,False
1230,80,RL,70.0,7910.0,PAVE,NA,REG,LVL,ALLPUB,INSIDE,GTL,NAMES,NORM,NORM,1FAM,SLVL,5,5,1960,1960,HIP,COMPSHG,BRKFACE,HDBOARD,None,0.0,TA,TA,CBLOCK,TA,TA,TA,ALQ,666.0,TA,0.0,409.0,1075.0,GASA,GD,Y,SBRKR,1507.0,0.0,0.0,1507.0,0,0,2,0,4,1,TA,7,MAJ1,0,NA,BASMENT,BASMENT,1,404.0,BASMENT,BASMENT,Y,0.0,0.0,0.0,0.0,0.0,NA,NA,0,8,2008,WD,NORMAL,127000,True,False
1231,90,RL,0.0,18890.0,PAVE,GAR2,IR1,LVL,ALLPUB,INSIDE,GTL,SAWYER,FEEDR,RRAE,DUPLEX,1.5FIN,5,5,1977,1977,SHED,COMPSHG,PLYWOOD,PLYWOOD,None,1.0,TA,TA,CBLOCK,GD,TA,GD,GLQ,498.0,TA,211.0,652.0,1361.0,GASA,EX,Y,SBRKR,1361.0,1259.0,0.0,2620.0,0,0,2,2,4,2,TA,12,TYP,1,TA,BUILTIN,BUILTIN,2,600.0,BUILTIN,BUILTIN,N,155.0,24.0,145.0,0.0,0.0,GAR2,GAR2,8300,8,2007,WD,NORMAL,190000,True,False
1232,90,RL,70.0,7728.0,PAVE,NA,REG,LVL,ALLPUB,INSIDE,GTL,NAMES,NORM,NORM,DUPLEX,SLVL,5,6,1962,1962,HIP,COMPSHG,WD SDNG,WD SDNG,BRKFACE,120.0,TA,TA,CBLOCK,TA,TA,TA,ALQ,803.0,TA,0.0,303.0,1106.0,GASA,TA,Y,SBRKR,1190.0,0.0,0.0,1190.0,1,0,1,0,3,1,TA,6,TYP,0,NA,ATTCHD,ATTCHD,2,540.0,ATTCHD,ATTCHD,Y,0.0,18.0,0.0,0.0,0.0,NA,NA,0,5,2006,WD,NORMAL,132500,True,False
1233,90,RL,70.0,9842.0,PAVE,NA,REG,LVL,ALLPUB,FR2,GTL,NAMES,NORM,NORM,DUPLEX,1STORY,4,5,1962,1962,GABLE,COMPSHG,HDBOARD,HDBOARD,None,0.0,TA,TA,SLAB,NA,NA,NA,NA,0.0,NA,0.0,0.0,0.0,GASA,TA,Y,SBRKR,1224.0,0.0,0.0,1224.0,0,0,2,0,2,2,TA,6,TYP,0,NA,CARPORT,CARPORT,2,462.0,CARPORT,CARPORT,Y,0.0,0.0,0.0,0.0,0.0,NA,NA,0,3,2007,WD,NORMAL,101800,True,False
1234,20,RL,0.0,12160.0,PAVE,NA,IR1,LVL,ALLPUB,INSIDE,GTL,NAMES,NORM,NORM,1FAM,1STORY,5,5,1959,1959,HIP,COMPSHG,PLYWOOD,PLYWOOD,BRKFACE,180.0,TA,TA,CBLOCK,TA,TA,TA,REC,1000.0,TA,0.0,188.0,1188.0,GASA,FA,Y,SBRKR,1188.0,0.0,0.0,1188.0,1,0,1,0,3,1,TA,6,TYP,0,NA,ATTCHD,ATTCHD,2,531.0,ATTCHD,ATTCHD,Y,0.0,0.0,0.0,0.0,0.0,NA,NA,0,5,2010,COD,ABNORML,142000,True,False
1235,70,RH,55.0,8525.0,PAVE,NA,REG,BNK,ALLPUB,INSIDE,GTL,SWISU,NORM,NORM,1FAM,2STORY,5,6,1911,1950,GABLE,COMPSHG,METALSD,METALSD,None,0.0,TA,TA,PCONC,TA,TA,TA,UNF,0.0,TA,0.0,940.0,940.0,GASA,TA,N,FUSEA,1024.0,940.0,0.0,1964.0,0,0,1,1,4,1,TA,7,TYP,0,NA,NA,NA,0,0.0,NA,NA,N,0.0,192.0,0.0,0.0,0.0,NA,NA,0,11,2008,WD,ABNORML,130000,False,False
1236,70,RL,96.0,13132.0,PAVE,NA,REG,LVL,ALLPUB,INSIDE,GTL,CRAWFOR,NORM,NORM,1FAM,2STORY,5,5,1914,1950,GABLE,COMPSHG,WD SDNG,WD SDNG,None,0.0,TA,TA,BRKTIL,GD,TA,GD,UNF,0.0,TA,0.0,747.0,747.0,GASA,GD,Y,FUSEF,892.0,892.0,0.0,1784.0,0,0,1,1,4,1,TA,9,TYP,0,NA,DETCHD,DETCHD,1,180.0,DETCHD,DETCHD,N,203.0,40.0,0.0,0.0,0.0,NA,NA,0,7,2006,WD,NORMAL,138887,True,False
1237,160,RL,36.0,2628.0,PAVE,NA,REG,LVL,ALLPUB,INSIDE,GTL,NRIDGHT,NORM,NORM,TWNHS,2STORY,7,5,2003,2003,GABLE,COMPSHG,VINYLSD,WD SHNG,STONE,106.0,GD,TA,PCONC,GD,TA,GD,UNF,0.0,TA,0.0,764.0,764.0,GASA,EX,Y,SBRKR,764.0,862.0,0.0,1626.0,0,0,2,1,2,1,GD,6,TYP,0,NA,BUILTIN,BUILTIN,2,474.0,BUILTIN,BUILTIN,Y,0.0,27.0,0.0,0.0,0.0,NA,NA,0,6,2010,WD,NORMAL,175500,True,False
1238,60,RL,41.0,12393.0,PAVE,NA,IR2,LVL,ALLPUB,FR2,GTL,COLLGCR,NORM,NORM,1FAM,2STORY,7,5,2004,2005,GABLE,COMPSHG,VINYLSD,VINYLSD,None,0.0,GD,TA,PCONC,GD,TA,GD,UNF,0.0,TA,0.0,847.0,847.0,GASA,EX,Y,SBRKR,847.0,1101.0,0.0,1948.0,0,0,2,1,4,1,GD,8,TYP,1,GD,BUILTIN,BUILTIN,2,434.0,BUILTIN,BUILTIN,Y,100.0,48.0,0.0,0.0,0.0,NA,NA,0,9,2006,WD,NORMAL,195000,True,False
1239,20,RL,63.0,13072.0,PAVE,NA,REG,LVL,ALLPUB,INSIDE,GTL,SAWYERW,RRAE,NORM,1FAM,1STORY,6,5,2005,2005,GABLE,COMPSHG,VINYLSD,VINYLSD,None,0.0,GD,TA,PCONC,GD,TA,GD,UNF,0.0,TA,0.0,1141.0,1141.0,GASA,EX,Y,SBRKR,1141.0,0.0,0.0,1141.0,0,0,1,1,3,1,TA,6,TYP,0,NA,DETCHD,DETCHD,2,484.0,DETCHD,DETCHD,Y,0.0,0.0,0.0,0.0,0.0,NA,NA,0,3,2006,WD,ABNORML,142500,True,False
1240,20,RL,64.0,9037.0,PAVE,NA,IR1,HLS,ALLPUB,INSIDE,GTL,TIMBER,NORM,NORM,1FAM,1STORY,8,5,2006,2006,HIP,COMPSHG,VINYLSD,VINYLSD,BRKFACE,32.0,GD,TA,PCONC,GD,TA,GD,GLQ,428.0,TA,0.0,1048.0,1476.0,GASA,EX,Y,SBRKR,1484.0,0.0,0.0,1484.0,0,0,2,0,2,1,EX,6,TYP,1,GD,ATTCHD,ATTCHD,2,472.0,ATTCHD,ATTCHD,Y,120.0,33.0,0.0,0.0,0.0,NA,NA,0,12,2007,WD,NORMAL,265900,True,False
1241,60,RL,65.0,8158.0,PAVE,NA,REG,LVL,ALLPUB,INSIDE,GTL,COLLGCR,NORM,NORM,1FAM,2STORY,7,5,2003,2003,GABLE,COMPSHG,VINYLSD,VINYLSD,BRKFACE,252.0,GD,TA,PCONC,GD,TA,GD,GLQ,550.0,TA,0.0,334.0,884.0,GASA,EX,Y,SBRKR,884.0,884.0,0.0,1768.0,1,0,2,1,3,1,GD,8,TYP,0,NA,ATTCHD,ATTCHD,2,543.0,ATTCHD,ATTCHD,Y,0.0,63.0,0.0,0.0,0.0,NA,NA,0,7,2008,WD,NORMAL,224900,True,False
1242,20,RL,83.0,9849.0,PAVE,NA,REG,LVL,ALLPUB,INSIDE,GTL,SOMERST,NORM,NORM,1FAM,1STORY,7,6,2007,2007,HIP,COMPSHG,VINYLSD,VINYLSD,STONE,0.0,GD,TA,PCONC,GD,TA,GD,UNF,0.0,TA,0.0,1689.0,1689.0,GASA,EX,Y,SBRKR,1689.0,0.0,0.0,1689.0,0,0,2,0,3,1,GD,7,TYP,0,NA,ATTCHD,ATTCHD,3,954.0,ATTCHD,ATTCHD,Y,0.0,56.0,0.0,0.0,0.0,NA,NA,0,6,2007,NEW,PARTIAL,248328,True,False
1243,85,RL,85.0,10625.0,PAVE,NA,REG,LVL,ALLPUB,INSIDE,GTL,NWAMES,NORM,NORM,1FAM,SFOYER,7,6,1974,1974,GABLE,COMPSHG,PLYWOOD,PLYWOOD,BRKFACE,81.0,TA,TA,CBLOCK,GD,TA,GD,GLQ,885.0,TA,168.0,0.0,1053.0,GASA,TA,Y,SBRKR,1173.0,0.0,0.0,1173.0,1,0,2,0,3,1,GD,6,TYP,2,TA,ATTCHD,ATTCHD,2,528.0,ATTCHD,ATTCHD,Y,0.0,120.0,0.0,0.0,0.0,NA,NA,0,1,2010,WD,FAMILY,170000,True,False
1245,70,RL,0.0,11435.0,PAVE,NA,IR1,HLS,ALLPUB,CORNER,MOD,CRAWFOR,NORM,NORM,1FAM,2STORY,8,7,1929,1950,GABLE,COMPSHG,BRKFACE,STUCCO,None,0.0,TA,TA,PCONC,GD,TA,GD,UNF,0.0,TA,0.0,792.0,792.0,GASA,FA,Y,SBRKR,792.0,725.0,0.0,1517.0,0,0,1,0,3,1,GD,7,TYP,2,GD,DETCHD,DETCHD,2,400.0,DETCHD,DETCHD,Y,0.0,0.0,0.0,0.0,0.0,NA,NA,0,6,2006,WD,NORMAL,230000,True,False
1246,80,RL,78.0,12090.0,PAVE,NA,REG,LVL,ALLPUB,INSIDE,GTL,NWAMES,NORM,NORM,1FAM,SLVL,6,7,1984,2003,HIP,COMPSHG,VINYLSD,VINYLSD,BRKFACE,74.0,TA,TA,CBLOCK,GD,TA,GD,UNF,0.0,TA,0.0,585.0,585.0,GASA,EX,Y,SBRKR,1140.0,728.0,0.0,1868.0,0,0,3,1,3,1,TA,7,TYP,1,TA,BUILTIN,BUILTIN,2,477.0,BUILTIN,BUILTIN,Y,268.0,112.0,0.0,0.0,147.0,NA,NA,0,1,2007,WD,ABNORML,178000,True,False
1247,60,FV,65.0,8125.0,PAVE,NA,REG,LVL,ALLPUB,INSIDE,GTL,SOMERST,NORM,NORM,1FAM,2STORY,7,5,2005,2006,GABLE,COMPSHG,VINYLSD,VINYLSD,None,0.0,GD,TA,PCONC,GD,TA,GD,UNF,0.0,TA,0.0,756.0,756.0,GASA,EX,Y,SBRKR,756.0,797.0,0.0,1553.0,0,0,2,1,3,1,GD,6,TYP,0,NA,ATTCHD,ATTCHD,2,615.0,ATTCHD,ATTCHD,Y,0.0,45.0,0.0,0.0,0.0,NA,NA,0,3,2006,NEW,PARTIAL,186500,True,False
1248,80,RL,0.0,12328.0,PAVE,NA,IR1,LVL,ALLPUB,INSIDE,GTL,MITCHEL,NORM,NORM,1FAM,SLVL,6,5,1976,1976,GABLE,COMPSHG,HDBOARD,HDBOARD,BRKFACE,335.0,TA,TA,CBLOCK,TA,TA,TA,GLQ,539.0,TA,0.0,473.0,1012.0,GASA,TA,Y,SBRKR,1034.0,0.0,0.0,1034.0,1,0,1,0,3,1,TA,6,TYP,0,NA,ATTCHD,ATTCHD,3,888.0,ATTCHD,ATTCHD,Y,0.0,0.0,0.0,0.0,0.0,NA,NA,0,5,2010,WD,NORMAL,169900,True,False
1249,75,RM,60.0,9600.0,PAVE,NA,REG,LVL,ALLPUB,INSIDE,GTL,OLDTOWN,NORM,NORM,1FAM,2.5UNF,6,5,1917,1950,GABLE,COMPSHG,ASBSHNG,ASBSHNG,None,0.0,TA,TA,BRKTIL,GD,TA,GD,REC,319.0,TA,0.0,416.0,735.0,OTHW,FA,N,SBRKR,1134.0,924.0,0.0,2058.0,0,0,1,1,3,1,TA,8,TYP,1,GD,DETCHD,DETCHD,2,396.0,DETCHD,DETCHD,P,0.0,0.0,259.0,0.0,0.0,NA,NA,0,4,2008,WD,NORMAL,129500,True,False
1250,20,RL,60.0,7200.0,PAVE,NA,REG,LVL,ALLPUB,INSIDE,GTL,NAMES,NORM,NORM,1FAM,1STORY,5,7,1950,1950,GABLE,COMPSHG,METALSD,METALSD,None,0.0,TA,TA,CBLOCK,TA,TA,TA,BLQ,534.0,TA,96.0,246.0,876.0,GASA,TA,Y,SBRKR,988.0,0.0,0.0,988.0,0,0,1,0,3,1,TA,6,TYP,0,NA,ATTCHD,ATTCHD,1,276.0,ATTCHD,ATTCHD,Y,0.0,80.0,0.0,0.0,0.0,NA,NA,0,5,2007,WD,NORMAL,119000,True,False
1251,20,RL,93.0,11160.0,PAVE,NA,REG,LVL,ALLPUB,CORNER,GTL,NAMES,NORM,NORM,1FAM,1STORY,7,5,1968,1968,HIP,COMPSHG,BRKFACE,BRKFACE,None,0.0,GD,TA,CBLOCK,TA,TA,TA,ALQ,1065.0,TA,0.0,1045.0,2110.0,GASA,EX,Y,SBRKR,2110.0,0.0,0.0,2110.0,1,0,2,1,3,1,EX,8,TYP,2,TA,ATTCHD,ATTCHD,2,522.0,ATTCHD,ATTCHD,Y,0.0,0.0,0.0,0.0,0.0,NA,NA,0,4,2010,WD,NORMAL,244000,True,False
1252,120,RL,0.0,3136.0,PAVE,NA,IR1,LVL,ALLPUB,CORNER,GTL,NRIDGHT,NORM,NORM,TWNHSE,1STORY,7,5,2003,2003,GABLE,COMPSHG,VINYLSD,WD SHNG,STONE,163.0,GD,TA,PCONC,GD,TA,GD,UNF,0.0,TA,0.0,1405.0,1405.0,GASA,EX,Y,SBRKR,1405.0,0.0,0.0,1405.0,0,0,2,0,2,1,GD,6,TYP,1,GD,ATTCHD,ATTCHD,2,478.0,ATTCHD,ATTCHD,Y,148.0,36.0,0.0,0.0,0.0,NA,NA,0,3,2006,WD,NORMAL,171750,True,False
1253,20,RL,62.0,9858.0,PAVE,SHED,REG,LVL,ALLPUB,INSIDE,GTL,MITCHEL,NORM,NORM,1FAM,1STORY,5,6,1968,1968,GABLE,COMPSHG,HDBOARD,HDBOARD,None,0.0,TA,TA,CBLOCK,TA,TA,TA,BLQ,510.0,TA,0.0,354.0,864.0,GASA,TA,Y,SBRKR,874.0,0.0,0.0,874.0,1,0,1,0,3,1,TA,5,TYP,0,NA,ATTCHD,ATTCHD,1,288.0,ATTCHD,ATTCHD,Y,33.0,0.0,0.0,0.0,0.0,SHED,SHED,600,11,2009,WD,NORMAL,130000,True,False
1254,60,RL,0.0,17542.0,PAVE,NA,IR1,LVL,ALLPUB,INSIDE,GTL,VEENKER,NORM,NORM,1FAM,2STORY,7,7,1974,2003,GABLE,COMPSHG,WD SDNG,WD SDNG,None,0.0,GD,TA,CBLOCK,TA,TA,TA,LWQ,125.0,TA,1031.0,36.0,1192.0,GASA,TA,Y,SBRKR,1516.0,651.0,0.0,2167.0,1,0,2,1,3,1,GD,9,TYP,2,GD,ATTCHD,ATTCHD,2,518.0,ATTCHD,ATTCHD,Y,220.0,47.0,0.0,0.0,0.0,NA,NA,0,7,2007,WD,NORMAL,294000,True,False
1255,60,RL,60.0,6931.0,PAVE,NA,REG,LVL,ALLPUB,INSIDE,GTL,EDWARDS,NORM,NORM,1FAM,2STORY,7,5,2003,2004,GABLE,COMPSHG,VINYLSD,VINYLSD,STONE,92.0,GD,TA,PCONC,GD,TA,GD,UNF,0.0,TA,0.0,746.0,746.0,GASA,EX,Y,SBRKR,760.0,896.0,0.0,1656.0,0,0,2,1,3,1,GD,7,TYP,1,GD,BUILTIN,BUILTIN,2,397.0,BUILTIN,BUILTIN,Y,178.0,128.0,0.0,0.0,0.0,NA,NA,0,7,2008,WD,NORMAL,165400,True,False
1256,50,RM,52.0,6240.0,PAVE,NA,REG,LVL,ALLPUB,INSIDE,GTL,BRKSIDE,NORM,NORM,1FAM,1.5FIN,6,6,1931,1950,GABLE,COMPSHG,WD SDNG,WD SDNG,None,0.0,TA,TA,BRKTIL,TA,FA,TA,LWQ,425.0,FA,0.0,459.0,884.0,GASA,TA,Y,FUSEA,959.0,408.0,0.0,1367.0,0,0,1,0,3,1,TA,6,TYP,1,GD,DETCHD,DETCHD,1,560.0,DETCHD,DETCHD,Y,0.0,0.0,0.0,0.0,120.0,NA,NA,0,11,2007,WD,NORMAL,127500,True,False
1257,20,RL,91.0,14303.0,PAVE,NA,IR1,LVL,ALLPUB,CORNER,GTL,NORIDGE,NORM,NORM,1FAM,1STORY,8,5,1994,1994,HIP,COMPSHG,HDBOARD,HDBOARD,BRKFACE,554.0,GD,TA,PCONC,GD,TA,GD,GLQ,1314.0,TA,0.0,672.0,1986.0,GASA,EX,Y,SBRKR,1987.0,0.0,0.0,1987.0,1,0,2,0,2,1,GD,7,TYP,1,TA,ATTCHD,ATTCHD,2,691.0,ATTCHD,ATTCHD,Y,262.0,36.0,0.0,0.0,0.0,NA,NA,0,8,2008,WD,NORMAL,301500,True,False
1258,30,RL,56.0,4060.0,PAVE,NA,REG,LVL,ALLPUB,CORNER,GTL,EDWARDS,FEEDR,NORM,1FAM,1STORY,5,8,1922,1950,GABLE,COMPSHG,WD SDNG,WD SDNG,None,0.0,TA,TA,PCONC,FA,TA,FA,UNF,0.0,TA,0.0,864.0,864.0,GASA,EX,Y,SBRKR,864.0,0.0,0.0,864.0,0,0,1,0,2,1,TA,4,TYP,0,NA,NA,NA,0,0.0,NA,NA,Y,0.0,96.0,0.0,0.0,0.0,NA,NA,0,7,2009,WD,NORMAL,99900,False,False
1259,80,RL,59.0,9587.0,PAVE,NA,IR1,LVL,ALLPUB,INSIDE,GTL,GILBERT,NORM,NORM,1FAM,SLVL,7,5,2005,2005,GABLE,COMPSHG,VINYLSD,VINYLSD,STONE,182.0,GD,TA,PCONC,GD,TA,GD,GLQ,655.0,TA,0.0,201.0,856.0,GASA,EX,Y,SBRKR,1166.0,0.0,0.0,1166.0,1,0,2,0,2,1,GD,5,TYP,0,NA,ATTCHD,ATTCHD,2,400.0,ATTCHD,ATTCHD,Y,212.0,0.0,0.0,0.0,0.0,NA,NA,0,7,2008,WD,NORMAL,190000,True,False
1260,20,RL,65.0,9750.0,PAVE,NA,REG,LVL,ALLPUB,FR2,GTL,NAMES,NORM,NORM,1FAM,1STORY,6,8,1969,1969,GABLE,COMPSHG,HDBOARD,HDBOARD,None,0.0,TA,TA,CBLOCK,GD,TA,GD,ALQ,602.0,TA,438.0,14.0,1054.0,GASA,GD,Y,SBRKR,1054.0,0.0,0.0,1054.0,1,0,1,1,3,1,TA,6,TYP,0,NA,ATTCHD,ATTCHD,2,460.0,ATTCHD,ATTCHD,Y,180.0,0.0,0.0,0.0,80.0,NA,NA,0,7,2008,WD,NORMAL,151000,True,False
1261,60,RL,0.0,24682.0,PAVE,NA,IR3,LVL,ALLPUB,CULDSAC,GTL,GILBERT,RRAN,NORM,1FAM,2STORY,6,5,1999,1999,GABLE,COMPSHG,VINYLSD,VINYLSD,None,0.0,TA,TA,PCONC,GD,TA,GD,UNF,0.0,TA,0.0,841.0,841.0,GASA,EX,Y,SBRKR,892.0,783.0,0.0,1675.0,0,0,2,1,3,1,TA,7,TYP,1,TA,BUILTIN,BUILTIN,2,502.0,BUILTIN,BUILTIN,Y,0.0,103.0,0.0,0.0,0.0,NA,NA,0,6,2009,WD,NORMAL,181000,True,False
1262,20,RL,80.0,9600.0,PAVE,NA,REG,LVL,ALLPUB,INSIDE,GTL,NAMES,NORM,NORM,1FAM,1STORY,5,6,1956,1956,HIP,COMPSHG,METALSD,METALSD,None,0.0,TA,TA,CBLOCK,TA,TA,TA,REC,504.0,TA,0.0,546.0,1050.0,GASA,GD,Y,SBRKR,1050.0,0.0,0.0,1050.0,0,0,1,0,2,1,TA,5,TYP,0,NA,ATTCHD,ATTCHD,1,338.0,ATTCHD,ATTCHD,Y,0.0,0.0,0.0,0.0,0.0,NA,NA,0,6,2009,WD,NORMAL,128900,True,False
1263,50,RL,0.0,11250.0,PAVE,NA,REG,LVL,ALLPUB,INSIDE,GTL,CLEARCR,NORM,NORM,1FAM,1.5FIN,4,5,1957,1989,GABLE,COMPSHG,WD SDNG,WD SDNG,None,0.0,TA,TA,CBLOCK,TA,TA,TA,UNF,0.0,TA,0.0,1104.0,1104.0,GASA,EX,Y,FUSEA,1104.0,684.0,0.0,1788.0,1,0,1,0,5,1,TA,8,MIN2,2,TA,ATTCHD,ATTCHD,1,304.0,ATTCHD,ATTCHD,Y,120.0,0.0,0.0,0.0,0.0,NA,NA,0,11,2009,WD,NORMAL,161500,True,False
1264,70,RL,60.0,13515.0,PAVE,NA,REG,LVL,ALLPUB,INSIDE,GTL,BRKSIDE,NORM,NORM,1FAM,2STORY,6,6,1919,1950,GAMBREL,COMPSHG,WD SDNG,WD SDNG,None,0.0,TA,TA,PCONC,TA,TA,TA,UNF,0.0,TA,0.0,764.0,764.0,GASA,EX,Y,FUSEA,1060.0,764.0,0.0,1824.0,0,0,1,0,3,1,TA,8,TYP,1,GD,DETCHD,DETCHD,2,520.0,DETCHD,DETCHD,N,0.0,0.0,126.0,0.0,0.0,NA,NA,0,7,2007,WD,NORMAL,180500,True,False
1265,120,RH,34.0,4060.0,PAVE,NA,REG,LVL,ALLPUB,INSIDE,GTL,NAMES,NORM,NORM,TWNHSE,1STORY,6,5,1998,1999,GABLE,COMPSHG,METALSD,METALSD,None,0.0,GD,TA,PCONC,GD,TA,GD,GLQ,266.0,TA,0.0,1139.0,1405.0,GASA,EX,Y,SBRKR,1337.0,0.0,0.0,1337.0,1,0,2,0,2,1,GD,5,TYP,0,NA,ATTCHD,ATTCHD,2,511.0,ATTCHD,ATTCHD,Y,144.0,68.0,0.0,0.0,0.0,NA,NA,0,8,2008,COD,ABNORML,181000,True,False
1266,160,FV,35.0,3735.0,PAVE,NA,REG,LVL,ALLPUB,FR3,GTL,SOMERST,NORM,NORM,TWNHSE,2STORY,7,5,1999,1999,HIP,COMPSHG,METALSD,METALSD,BRKFACE,218.0,GD,TA,PCONC,GD,TA,GD,GLQ,450.0,TA,0.0,241.0,691.0,GASA,EX,Y,SBRKR,713.0,739.0,0.0,1452.0,1,0,2,1,3,1,GD,6,TYP,0,NA,DETCHD,DETCHD,2,506.0,DETCHD,DETCHD,Y,0.0,34.0,0.0,0.0,0.0,NA,NA,0,3,2006,WD,NORMAL,183900,True,False
1267,190,RM,60.0,10120.0,PAVE,NA,IR1,BNK,ALLPUB,INSIDE,GTL,OLDTOWN,FEEDR,NORM,2FMCON,2.5UNF,7,4,1910,1950,HIP,COMPSHG,WD SDNG,WD SDNG,None,0.0,FA,TA,CBLOCK,TA,TA,TA,UNF,0.0,TA,0.0,925.0,925.0,GASA,TA,N,FUSEF,964.0,925.0,0.0,1889.0,0,0,1,1,4,2,TA,9,TYP,1,GD,DETCHD,DETCHD,1,308.0,DETCHD,DETCHD,N,0.0,0.0,264.0,0.0,0.0,NA,NA,0,1,2007,WD,NORMAL,122000,True,False
1268,20,RL,89.0,13214.0,PAVE,NA,IR1,HLS,ALLPUB,INSIDE,GTL,TIMBER,NORM,NORM,1FAM,1STORY,9,5,2008,2009,HIP,COMPSHG,STUCCO,CMENTBD,None,0.0,EX,TA,PCONC,EX,TA,EX,UNF,0.0,TA,0.0,2002.0,2002.0,GASA,EX,Y,SBRKR,2018.0,0.0,0.0,2018.0,0,0,2,0,3,1,EX,10,TYP,1,GD,ATTCHD,ATTCHD,3,746.0,ATTCHD,ATTCHD,Y,144.0,76.0,0.0,0.0,0.0,NA,NA,0,5,2010,WD,NORMAL,378500,True,False
1269,50,RL,0.0,14100.0,PAVE,NA,IR1,LVL,ALLPUB,INSIDE,MOD,CRAWFOR,NORM,NORM,1FAM,1.5FIN,8,9,1935,1997,GABLE,COMPSHG,STUCCO,STUCCO,BRKFACE,632.0,TA,GD,CBLOCK,TA,TA,TA,REC,192.0,TA,0.0,536.0,728.0,GASA,EX,Y,SBRKR,1968.0,1479.0,0.0,3447.0,0,0,3,1,4,1,GD,11,TYP,2,GD,BUILTIN,BUILTIN,3,1014.0,BUILTIN,BUILTIN,Y,314.0,12.0,0.0,0.0,0.0,NA,NA,0,5,2008,WD,NORMAL,381000,True,False
1270,50,RL,78.0,11344.0,PAVE,NA,REG,LVL,ALLPUB,INSIDE,GTL,NAMES,FEEDR,NORM,1FAM,1.5FIN,5,5,1958,1958,GABLE,COMPSHG,METALSD,METALSD,BRKFACE,180.0,TA,TA,CBLOCK,TA,TA,TA,BLQ,460.0,TA,0.0,414.0,874.0,GASW,TA,Y,FUSEA,874.0,650.0,0.0,1524.0,0,0,1,1,3,1,TA,7,TYP,0,NA,ATTCHD,ATTCHD,1,315.0,ATTCHD,ATTCHD,Y,0.0,0.0,0.0,0.0,0.0,NA,NA,0,7,2007,WD,NORMAL,144000,True,False
1271,40,RL,0.0,23595.0,PAVE,NA,REG,LOW,ALLPUB,INSIDE,SEV,CLEARCR,NORM,NORM,1FAM,1STORY,7,6,1979,1979,SHED,WDSHAKE,PLYWOOD,PLYWOOD,None,0.0,GD,TA,PCONC,GD,TA,GD,GLQ,1258.0,TA,0.0,74.0,1332.0,GASA,TA,Y,SBRKR,1332.0,192.0,0.0,1524.0,2,0,0,1,0,1,GD,4,TYP,1,TA,ATTCHD,ATTCHD,2,586.0,ATTCHD,ATTCHD,Y,268.0,0.0,0.0,0.0,0.0,NA,NA,0,4,2010,WD,NORMAL,260000,True,False
1272,20,RL,0.0,9156.0,PAVE,NA,IR1,LVL,ALLPUB,INSIDE,GTL,NWAMES,POSN,NORM,1FAM,1STORY,6,7,1968,1968,HIP,COMPSHG,BRKFACE,BRKFACE,None,0.0,TA,TA,CBLOCK,TA,TA,TA,UNF,0.0,TA,0.0,1489.0,1489.0,GASA,GD,Y,SBRKR,1489.0,0.0,0.0,1489.0,0,0,2,0,3,1,GD,7,TYP,1,GD,ATTCHD,ATTCHD,2,462.0,ATTCHD,ATTCHD,Y,0.0,0.0,0.0,0.0,0.0,NA,NA,0,8,2009,WD,NORMAL,185750,True,False
1273,20,RL,0.0,13526.0,PAVE,NA,IR1,LVL,ALLPUB,CULDSAC,GTL,SAWYER,NORM,NORM,1FAM,1STORY,5,6,1965,1965,HIP,COMPSHG,HDBOARD,PLYWOOD,BRKFACE,114.0,TA,TA,CBLOCK,TA,TA,TA,BLQ,560.0,TA,375.0,0.0,935.0,GASA,TA,Y,SBRKR,935.0,0.0,0.0,935.0,1,0,1,0,3,1,TA,5,TYP,0,NA,ATTCHD,ATTCHD,1,288.0,ATTCHD,ATTCHD,Y,180.0,0.0,0.0,0.0,0.0,NA,NA,0,11,2006,WD,NORMAL,137000,True,False
1274,80,RL,124.0,11512.0,PAVE,NA,IR1,LVL,ALLPUB,CORNER,GTL,EDWARDS,NORM,NORM,1FAM,SLVL,6,7,1959,2006,GABLE,COMPSHG,PLYWOOD,PLYWOOD,BRKFACE,84.0,TA,TA,CBLOCK,TA,TA,TA,ALQ,719.0,TA,0.0,300.0,1019.0,GASA,GD,Y,SBRKR,1357.0,0.0,0.0,1357.0,1,0,1,0,2,1,EX,5,TYP,1,GD,BASMENT,BASMENT,1,312.0,BASMENT,BASMENT,Y,0.0,0.0,0.0,0.0,163.0,NA,NA,0,5,2008,WD,NORMAL,177000,True,False
1275,50,RL,53.0,5362.0,PAVE,NA,REG,LVL,ALLPUB,CORNER,GTL,CRAWFOR,NORM,NORM,1FAM,1.5FIN,5,6,1910,2003,GABLE,COMPSHG,WD SDNG,WD SHNG,None,0.0,TA,TA,PCONC,TA,TA,TA,UNF,0.0,TA,0.0,661.0,661.0,GASA,EX,Y,SBRKR,661.0,589.0,0.0,1250.0,0,0,2,0,3,1,TA,8,TYP,1,GD,DETCHD,DETCHD,2,552.0,DETCHD,DETCHD,Y,242.0,0.0,81.0,0.0,0.0,NA,NA,0,11,2007,WD,NORMAL,139000,True,False
1276,90,RL,95.0,11345.0,PAVE,NA,REG,LVL,ALLPUB,CORNER,GTL,NAMES,FEEDR,NORM,DUPLEX,2STORY,5,5,1948,1950,GABLE,ROLL,ASBSHNG,ASBSHNG,STONE,567.0,TA,TA,CBLOCK,TA,TA,TA,REC,220.0,TA,0.0,708.0,928.0,GASA,GD,Y,FUSEA,928.0,992.0,0.0,1920.0,0,0,2,0,4,2,TA,10,TYP,0,NA,DETCHD,DETCHD,2,400.0,DETCHD,DETCHD,Y,0.0,0.0,0.0,0.0,0.0,NA,NA,0,7,2007,WD,NORMAL,137000,True,False
1277,60,RL,0.0,12936.0,PAVE,NA,IR1,LVL,ALLPUB,CULDSAC,GTL,NWAMES,NORM,NORM,1FAM,2STORY,6,6,1972,1972,GABLE,COMPSHG,HDBOARD,PLYWOOD,None,0.0,TA,TA,CBLOCK,TA,GD,TA,BLQ,593.0,GD,0.0,130.0,723.0,GASA,TA,Y,SBRKR,735.0,660.0,0.0,1395.0,0,1,1,1,3,1,TA,6,TYP,1,TA,ATTCHD,ATTCHD,2,497.0,ATTCHD,ATTCHD,Y,294.0,116.0,0.0,0.0,0.0,NA,NA,0,12,2009,WD,NORMAL,162000,True,False
1278,80,RL,0.0,17871.0,PAVE,NA,IR1,LVL,ALLPUB,CULDSAC,GTL,NWAMES,NORM,NORM,1FAM,SLVL,6,5,1967,1976,GABLE,COMPSHG,HDBOARD,HDBOARD,BRKFACE,359.0,TA,TA,CBLOCK,GD,TA,GD,ALQ,528.0,TA,0.0,1152.0,1680.0,GASA,FA,Y,SBRKR,1724.0,0.0,0.0,1724.0,1,0,1,1,3,1,TA,7,TYP,1,GD,ATTCHD,ATTCHD,2,480.0,ATTCHD,ATTCHD,Y,0.0,0.0,0.0,0.0,0.0,NA,NA,0,6,2009,WD,NORMAL,197900,True,False
1280,50,C (ALL),60.0,7500.0,PAVE,NA,REG,LVL,ALLPUB,INSIDE,GTL,IDOTRR,NORM,NORM,1FAM,1.5FIN,4,4,1920,1950,GABLE,COMPSHG,METALSD,METALSD,None,0.0,TA,GD,CBLOCK,TA,TA,TA,UNF,0.0,TA,0.0,698.0,698.0,GASA,TA,Y,FUSEA,698.0,430.0,0.0,1128.0,0,0,1,0,2,1,TA,6,TYP,0,NA,DETCHD,DETCHD,2,528.0,DETCHD,DETCHD,Y,30.0,0.0,164.0,0.0,0.0,NA,NA,0,4,2010,COD,ABNORML,68400,True,False
1281,20,RL,67.0,9808.0,PAVE,NA,IR1,LVL,ALLPUB,INSIDE,GTL,COLLGCR,NORM,NORM,1FAM,1STORY,7,5,2002,2002,GABLE,COMPSHG,VINYLSD,VINYLSD,BRKFACE,110.0,GD,TA,PCONC,GD,TA,GD,GLQ,788.0,TA,0.0,785.0,1573.0,GASA,EX,Y,SBRKR,1573.0,0.0,0.0,1573.0,1,0,2,0,3,1,GD,6,TYP,0,NA,ATTCHD,ATTCHD,2,544.0,ATTCHD,ATTCHD,Y,0.0,72.0,0.0,0.0,0.0,NA,NA,0,3,2009,WD,NORMAL,227000,True,False
1282,20,RL,50.0,8049.0,PAVE,NA,IR1,LVL,ALLPUB,CULDSAC,GTL,TIMBER,NORM,NORM,1FAM,1STORY,7,5,1990,1990,HIP,COMPSHG,HDBOARD,HDBOARD,BRKFACE,54.0,TA,TA,CBLOCK,GD,TA,GD,ALQ,1053.0,TA,0.0,256.0,1309.0,GASA,TA,Y,SBRKR,1339.0,0.0,0.0,1339.0,1,0,2,0,2,1,TA,6,TYP,1,TA,ATTCHD,ATTCHD,2,484.0,ATTCHD,ATTCHD,Y,0.0,58.0,0.0,0.0,90.0,NA,NA,0,7,2006,WD,NORMAL,180000,True,False
1283,20,RL,61.0,8800.0,PAVE,NA,IR1,LVL,ALLPUB,INSIDE,GTL,COLLGCR,NORM,NORM,1FAM,1STORY,5,7,1977,2008,GABLE,COMPSHG,HDBOARD,HDBOARD,None,0.0,TA,TA,CBLOCK,GD,TA,GD,LWQ,532.0,TA,144.0,364.0,1040.0,GASA,TA,Y,SBRKR,1040.0,0.0,0.0,1040.0,0,0,2,0,3,1,GD,5,TYP,0,NA,DETCHD,DETCHD,2,484.0,DETCHD,DETCHD,Y,0.0,0.0,0.0,0.0,288.0,NA,NA,0,9,2009,WD,NORMAL,150500,True,False
1284,90,RL,94.0,9400.0,PAVE,NA,REG,LOW,ALLPUB,CORNER,GTL,MITCHEL,NORM,NORM,DUPLEX,2STORY,6,5,1971,1971,MANSARD,COMPSHG,METALSD,WD SHNG,None,0.0,TA,TA,CBLOCK,TA,TA,TA,UNF,0.0,TA,0.0,912.0,912.0,GASA,TA,Y,SBRKR,912.0,912.0,0.0,1824.0,0,0,2,2,4,2,TA,8,TYP,0,NA,NA,NA,0,0.0,NA,NA,Y,128.0,0.0,0.0,0.0,0.0,NA,NA,0,4,2010,WD,NORMAL,139000,False,False
1285,50,RL,50.0,9638.0,PAVE,NA,REG,LVL,ALLPUB,INSIDE,GTL,SWISU,FEEDR,NORM,1FAM,1.5FIN,6,7,1919,1990,GABLE,COMPSHG,WD SDNG,WD SHNG,None,0.0,TA,TA,PCONC,TA,TA,TA,UNF,0.0,TA,0.0,804.0,804.0,GASA,EX,Y,SBRKR,1699.0,748.0,0.0,2447.0,0,0,2,0,4,1,GD,10,MIN2,1,GD,DETCHD,DETCHD,1,336.0,DETCHD,DETCHD,Y,272.0,0.0,42.0,0.0,116.0,NA,NA,0,3,2010,WD,NORMAL,169000,True,False
1286,50,RM,50.0,6000.0,PAVE,NA,REG,LVL,ALLPUB,INSIDE,GTL,BRKSIDE,NORM,NORM,1FAM,1.5FIN,6,6,1939,1950,GABLE,COMPSHG,METALSD,METALSD,None,0.0,TA,FA,CBLOCK,TA,TA,TA,UNF,0.0,TA,0.0,780.0,780.0,GASA,EX,Y,FUSEF,825.0,587.0,0.0,1412.0,0,0,1,0,4,1,TA,6,TYP,1,GD,DETCHD,DETCHD,1,280.0,DETCHD,DETCHD,Y,45.0,0.0,0.0,0.0,0.0,NA,NA,0,5,2009,WD,NORMAL,132500,True,False
1287,20,RL,0.0,9790.0,PAVE,NA,REG,LVL,ALLPUB,INSIDE,GTL,NWAMES,FEEDR,NORM,1FAM,1STORY,6,5,1963,1963,HIP,COMPSHG,HDBOARD,HDBOARD,BRKFACE,451.0,TA,TA,CBLOCK,TA,TA,TA,ALQ,569.0,TA,81.0,678.0,1328.0,GASA,TA,Y,SBRKR,1328.0,0.0,0.0,1328.0,1,0,1,1,3,1,TA,6,TYP,2,GD,ATTCHD,ATTCHD,2,528.0,ATTCHD,ATTCHD,Y,0.0,26.0,0.0,0.0,0.0,NA,NA,0,6,2010,WD,NORMAL,143000,True,False
1288,20,RL,0.0,36500.0,PAVE,NA,IR1,LOW,ALLPUB,INSIDE,MOD,CLEARCR,NORM,NORM,1FAM,1STORY,5,5,1964,1964,GABLE,COMPSHG,WD SDNG,WD SDNG,BRKCMN,621.0,TA,GD,CBLOCK,TA,TA,TA,REC,812.0,TA,0.0,812.0,1624.0,GASA,FA,Y,SBRKR,1582.0,0.0,0.0,1582.0,0,1,2,0,4,1,TA,7,TYP,0,NA,ATTCHD,ATTCHD,2,390.0,ATTCHD,ATTCHD,N,168.0,198.0,0.0,0.0,0.0,NA,NA,0,6,2006,WD,NORMAL,190000,True,False
1289,120,RL,40.0,5664.0,PAVE,NA,IR1,LVL,ALLPUB,INSIDE,GTL,STONEBR,NORM,NORM,TWNHSE,1STORY,8,5,2000,2000,GABLE,COMPSHG,CEMNTBD,CMENTBD,None,0.0,GD,TA,PCONC,GD,TA,GD,GLQ,1158.0,TA,0.0,343.0,1501.0,GASA,EX,Y,SBRKR,1659.0,0.0,0.0,1659.0,1,0,2,0,2,1,EX,5,TYP,1,EX,ATTCHD,ATTCHD,2,499.0,ATTCHD,ATTCHD,Y,212.0,59.0,0.0,0.0,0.0,NA,NA,0,10,2009,WD,NORMAL,278000,True,False
1290,60,RL,86.0,11065.0,PAVE,NA,IR1,LVL,ALLPUB,INSIDE,GTL,NRIDGHT,NORM,NORM,1FAM,2STORY,8,5,2006,2006,GABLE,COMPSHG,VINYLSD,VINYLSD,STONE,788.0,GD,TA,PCONC,GD,TA,GD,UNF,0.0,TA,0.0,1085.0,1085.0,GASA,EX,Y,SBRKR,1120.0,850.0,0.0,1970.0,0,0,2,1,3,1,EX,8,TYP,1,GD,BUILTIN,BUILTIN,3,753.0,BUILTIN,BUILTIN,Y,177.0,74.0,0.0,0.0,0.0,NA,NA,0,10,2006,NEW,PARTIAL,281000,True,False
1291,80,RL,0.0,14112.0,PAVE,NA,IR1,LVL,ALLPUB,CORNER,GTL,NAMES,NORM,NORM,1FAM,SLVL,5,7,1964,1964,HIP,COMPSHG,WD SDNG,HDBOARD,BRKFACE,86.0,TA,TA,PCONC,TA,TA,TA,GLQ,1014.0,TA,0.0,138.0,1152.0,GASA,TA,Y,SBRKR,1152.0,0.0,0.0,1152.0,1,0,1,0,3,1,TA,6,TYP,1,GD,ATTCHD,ATTCHD,2,484.0,ATTCHD,ATTCHD,Y,227.0,0.0,0.0,0.0,0.0,NA,NA,0,4,2010,WD,NORMAL,180500,True,False
1292,160,RM,21.0,1680.0,PAVE,NA,REG,LVL,ALLPUB,INSIDE,GTL,BRDALE,NORM,NORM,TWNHS,2STORY,5,7,1972,1972,GABLE,COMPSHG,CEMNTBD,CMENTBD,BRKFACE,268.0,TA,TA,CBLOCK,TA,TA,TA,ALQ,231.0,TA,0.0,399.0,630.0,GASA,TA,Y,SBRKR,630.0,672.0,0.0,1302.0,0,0,2,1,3,1,TA,6,TYP,0,NA,DETCHD,DETCHD,1,264.0,DETCHD,DETCHD,Y,185.0,0.0,0.0,0.0,0.0,NA,NA,0,2,2009,WD,NORMAL,119500,True,False
1293,70,RM,60.0,6600.0,PAVE,NA,REG,LVL,ALLPUB,CORNER,GTL,OLDTOWN,NORM,NORM,1FAM,2STORY,5,4,1892,1965,GABLE,COMPSHG,WD SDNG,WD SDNG,None,0.0,TA,TA,STONE,TA,TA,TA,UNF,0.0,TA,0.0,994.0,994.0,GASA,TA,N,SBRKR,1378.0,994.0,0.0,2372.0,0,0,2,0,4,2,TA,11,MIN2,0,NA,ATTCHD,ATTCHD,1,432.0,ATTCHD,ATTCHD,Y,0.0,287.0,0.0,0.0,0.0,NA,NA,0,12,2009,WD,NORMAL,107500,True,False
1294,60,RL,78.0,10140.0,PAVE,NA,REG,LVL,ALLPUB,INSIDE,GTL,NWAMES,NORM,NORM,1FAM,2STORY,7,5,1976,1976,GABLE,COMPSHG,HDBOARD,HDBOARD,None,0.0,TA,TA,PCONC,GD,TA,GD,GLQ,194.0,TA,0.0,638.0,832.0,GASA,TA,Y,SBRKR,832.0,832.0,0.0,1664.0,0,0,2,1,4,1,TA,8,TYP,1,TA,ATTCHD,ATTCHD,2,528.0,ATTCHD,ATTCHD,Y,0.0,28.0,0.0,0.0,259.0,NA,NA,0,3,2006,WD,NORMAL,162900,True,False
1295,20,RL,60.0,8172.0,PAVE,NA,REG,LVL,ALLPUB,INSIDE,GTL,EDWARDS,NORM,NORM,1FAM,1STORY,5,7,1955,1990,HIP,COMPSHG,WDSHING,PLYWOOD,None,0.0,TA,TA,CBLOCK,TA,TA,TA,REC,167.0,TA,0.0,697.0,864.0,GASA,TA,Y,SBRKR,864.0,0.0,0.0,864.0,1,0,1,0,2,1,TA,5,TYP,0,NA,DETCHD,DETCHD,2,572.0,DETCHD,DETCHD,N,0.0,0.0,0.0,0.0,0.0,NA,NA,0,4,2006,WD,NORMAL,115000,True,False
1296,20,RL,70.0,8400.0,PAVE,NA,REG,LVL,ALLPUB,INSIDE,GTL,NAMES,FEEDR,NORM,1FAM,1STORY,5,5,1968,1968,HIP,COMPSHG,HDBOARD,HDBOARD,BRKFACE,168.0,TA,TA,CBLOCK,TA,TA,TA,BLQ,1016.0,TA,0.0,36.0,1052.0,GASA,GD,Y,SBRKR,1052.0,0.0,0.0,1052.0,1,0,1,1,3,1,TA,5,TYP,0,NA,ATTCHD,ATTCHD,1,288.0,ATTCHD,ATTCHD,Y,356.0,0.0,0.0,0.0,0.0,NA,NA,0,11,2006,WD,NORMAL,138500,True,False
1297,20,RL,80.0,8700.0,PAVE,NA,REG,LVL,ALLPUB,INSIDE,GTL,NAMES,NORM,NORM,1FAM,1STORY,5,6,1963,1963,HIP,COMPSHG,METALSD,METALSD,BRKFACE,148.0,TA,GD,CBLOCK,TA,TA,TA,ALQ,776.0,TA,0.0,344.0,1120.0,GASA,GD,Y,SBRKR,1128.0,0.0,0.0,1128.0,1,0,2,0,3,1,TA,6,TYP,0,NA,ATTCHD,ATTCHD,2,525.0,ATTCHD,ATTCHD,Y,192.0,20.0,123.0,0.0,0.0,NA,NA,0,12,2008,WD,NORMAL,155000,True,False
1298,180,RM,35.0,3675.0,PAVE,NA,REG,LVL,ALLPUB,INSIDE,GTL,EDWARDS,NORM,NORM,TWNHSE,SFOYER,6,5,2005,2006,GABLE,COMPSHG,VINYLSD,VINYLSD,BRKFACE,82.0,TA,TA,PCONC,GD,TA,GD,GLQ,547.0,TA,0.0,0.0,547.0,GASA,GD,Y,SBRKR,1072.0,0.0,0.0,1072.0,1,0,2,0,2,1,TA,5,TYP,0,NA,BASMENT,BASMENT,2,525.0,BASMENT,BASMENT,Y,0.0,44.0,0.0,0.0,0.0,NA,NA,0,6,2006,NEW,PARTIAL,140000,True,False
1299,60,RL,313.0,63887.0,PAVE,NA,IR3,BNK,ALLPUB,CORNER,GTL,EDWARDS,FEEDR,NORM,1FAM,2STORY,10,5,2008,2008,HIP,CLYTILE,STUCCO,STUCCO,STONE,796.0,EX,TA,PCONC,EX,TA,EX,GLQ,5644.0,TA,0.0,466.0,6110.0,GASA,EX,Y,SBRKR,4692.0,950.0,0.0,5642.0,2,0,2,1,3,1,EX,12,TYP,3,GD,ATTCHD,ATTCHD,2,1418.0,ATTCHD,ATTCHD,Y,214.0,292.0,0.0,0.0,0.0,NA,NA,0,1,2008,NEW,PARTIAL,160000,True,True
1300,20,RL,75.0,7500.0,PAVE,NA,REG,LVL,ALLPUB,INSIDE,GTL,NAMES,NORM,NORM,1FAM,1STORY,5,7,1959,1994,HIP,COMPSHG,BRKFACE,BRKFACE,None,0.0,TA,TA,CBLOCK,TA,TA,TA,LWQ,340.0,TA,906.0,0.0,1246.0,GASA,EX,Y,SBRKR,1246.0,0.0,0.0,1246.0,1,0,1,1,3,1,GD,6,TYP,0,NA,ATTCHD,ATTCHD,1,305.0,ATTCHD,ATTCHD,Y,218.0,0.0,0.0,0.0,0.0,NA,NA,0,5,2010,WD,NORMAL,154000,True,False
1301,60,RL,0.0,10762.0,PAVE,NA,IR1,LVL,ALLPUB,CULDSAC,GTL,GILBERT,NORM,NORM,1FAM,2STORY,7,5,1999,1999,GABLE,COMPSHG,VINYLSD,VINYLSD,None,344.0,GD,TA,PCONC,GD,TA,GD,GLQ,694.0,TA,0.0,284.0,978.0,GASA,EX,Y,SBRKR,1005.0,978.0,0.0,1983.0,0,0,2,1,3,1,GD,9,TYP,1,TA,ATTCHD,ATTCHD,2,490.0,ATTCHD,ATTCHD,Y,0.0,0.0,0.0,0.0,0.0,NA,NA,0,5,2009,WD,NORMAL,225000,True,False
1302,70,RL,0.0,7500.0,PAVE,NA,IR1,BNK,ALLPUB,INSIDE,GTL,CRAWFOR,NORM,NORM,1FAM,2STORY,6,7,1942,1950,GABLE,COMPSHG,WD SDNG,WD SDNG,None,0.0,TA,TA,CBLOCK,TA,TA,TA,BLQ,547.0,TA,0.0,224.0,771.0,GASA,FA,Y,SBRKR,753.0,741.0,0.0,1494.0,0,0,1,0,3,1,GD,7,TYP,2,GD,ATTCHD,ATTCHD,1,213.0,ATTCHD,ATTCHD,P,0.0,0.0,0.0,0.0,224.0,NA,NA,0,11,2009,WD,NORMAL,177500,True,False
1303,60,RL,92.0,10120.0,PAVE,NA,REG,LVL,ALLPUB,INSIDE,GTL,NORIDGE,NORM,NORM,1FAM,2STORY,8,5,1994,1994,HIP,COMPSHG,VINYLSD,VINYLSD,BRKFACE,391.0,GD,TA,PCONC,GD,TA,GD,GLQ,740.0,TA,0.0,425.0,1165.0,GASA,EX,Y,SBRKR,1203.0,1323.0,0.0,2526.0,1,0,2,1,4,1,GD,8,TYP,1,TA,ATTCHD,ATTCHD,3,844.0,ATTCHD,ATTCHD,Y,309.0,78.0,0.0,0.0,0.0,NA,NA,0,12,2006,WD,NORMAL,290000,True,False
1304,20,RL,73.0,8688.0,PAVE,NA,REG,LVL,ALLPUB,INSIDE,GTL,SOMERST,NORM,NORM,1FAM,1STORY,7,5,2005,2005,GABLE,COMPSHG,VINYLSD,VINYLSD,BRKFACE,228.0,GD,TA,PCONC,GD,TA,GD,UNF,0.0,TA,0.0,1616.0,1616.0,GASA,EX,Y,SBRKR,1616.0,0.0,0.0,1616.0,0,0,2,0,3,1,GD,7,TYP,0,NA,ATTCHD,ATTCHD,3,834.0,ATTCHD,ATTCHD,Y,208.0,59.0,0.0,0.0,0.0,NA,NA,0,4,2006,WD,NORMAL,232000,True,False
1305,160,RM,32.0,3363.0,PAVE,NA,REG,LVL,ALLPUB,INSIDE,GTL,EDWARDS,NORM,NORM,TWNHSE,2STORY,7,5,2004,2004,GABLE,COMPSHG,VINYLSD,VINYLSD,STONE,117.0,GD,TA,PCONC,GD,TA,GD,UNF,0.0,TA,0.0,976.0,976.0,GASA,EX,Y,SBRKR,976.0,732.0,0.0,1708.0,0,0,2,0,3,1,GD,7,MAJ1,0,NA,DETCHD,DETCHD,2,380.0,DETCHD,DETCHD,Y,0.0,40.0,0.0,0.0,0.0,NA,NA,0,4,2006,WD,NORMAL,130000,True,False
1306,20,RL,108.0,13173.0,PAVE,NA,IR1,LVL,ALLPUB,CORNER,GTL,NRIDGHT,NORM,NORM,1FAM,1STORY,9,5,2006,2007,HIP,COMPSHG,VINYLSD,VINYLSD,STONE,300.0,GD,TA,PCONC,EX,TA,EX,GLQ,1572.0,TA,0.0,80.0,1652.0,GASA,EX,Y,SBRKR,1652.0,0.0,0.0,1652.0,1,0,2,0,2,1,EX,6,TYP,2,EX,ATTCHD,ATTCHD,2,840.0,ATTCHD,ATTCHD,Y,404.0,102.0,0.0,0.0,0.0,NA,NA,0,11,2009,WD,NORMAL,325000,True,False
1307,120,RL,48.0,6955.0,PAVE,NA,IR1,LVL,ALLPUB,INSIDE,GTL,NRIDGHT,NORM,NORM,TWNHSE,1STORY,7,5,2005,2006,GABLE,COMPSHG,VINYLSD,VINYLSD,STONE,94.0,GD,TA,PCONC,GD,TA,GD,UNF,0.0,TA,0.0,1368.0,1368.0,GASA,EX,Y,SBRKR,1368.0,0.0,0.0,1368.0,0,0,2,0,2,1,GD,6,TYP,1,GD,ATTCHD,ATTCHD,2,474.0,ATTCHD,ATTCHD,Y,132.0,35.0,0.0,0.0,0.0,NA,NA,0,9,2006,NEW,PARTIAL,202500,True,False
1308,20,RL,60.0,8072.0,PAVE,NA,REG,LVL,ALLPUB,INSIDE,GTL,COLLGCR,NORM,NORM,1FAM,1STORY,5,5,1994,1995,GABLE,COMPSHG,VINYLSD,VINYLSD,None,0.0,TA,GD,PCONC,GD,GD,GD,ALQ,746.0,GD,0.0,244.0,990.0,GASA,EX,Y,SBRKR,990.0,0.0,0.0,990.0,1,0,1,0,3,1,TA,5,TYP,0,NA,DETCHD,DETCHD,2,480.0,DETCHD,DETCHD,Y,0.0,64.0,0.0,0.0,0.0,NA,NA,0,5,2009,WD,NORMAL,138000,True,False
1309,20,RM,100.0,12000.0,PAVE,NA,REG,LVL,ALLPUB,INSIDE,GTL,OLDTOWN,NORM,NORM,1FAM,1STORY,5,7,1948,2005,GABLE,COMPSHG,METALSD,METALSD,None,0.0,TA,TA,CBLOCK,TA,TA,TA,GLQ,144.0,TA,608.0,172.0,924.0,GASA,EX,Y,SBRKR,1122.0,0.0,0.0,1122.0,1,0,1,0,2,1,GD,6,TYP,0,NA,ATTCHD,ATTCHD,2,528.0,ATTCHD,ATTCHD,Y,0.0,36.0,0.0,0.0,0.0,NA,NA,0,5,2008,WD,NORMAL,147000,True,False
1310,20,RL,0.0,7153.0,PAVE,NA,REG,LVL,ALLPUB,INSIDE,GTL,SAWYERW,NORM,NORM,1FAM,1STORY,6,5,1991,1991,GABLE,COMPSHG,HDBOARD,HDBOARD,BRKFACE,88.0,TA,TA,CBLOCK,GD,TA,GD,GLQ,1200.0,TA,0.0,78.0,1278.0,GASA,GD,Y,SBRKR,1294.0,0.0,0.0,1294.0,1,0,2,0,3,1,GD,6,TYP,0,NA,ATTCHD,ATTCHD,2,496.0,ATTCHD,ATTCHD,Y,112.0,51.0,0.0,0.0,0.0,NA,NA,0,6,2008,WD,NORMAL,179200,True,False
1311,20,RL,100.0,17500.0,PAVE,NA,REG,LVL,ALLPUB,INSIDE,GTL,CRAWFOR,POSA,NORM,1FAM,1STORY,7,8,1959,2002,GABLE,COMPSHG,BRKFACE,HDBOARD,None,0.0,GD,GD,PCONC,GD,TA,GD,GLQ,1406.0,TA,0.0,496.0,1902.0,GASA,TA,Y,SBRKR,1902.0,0.0,0.0,1902.0,1,0,2,0,3,1,EX,7,TYP,2,TA,ATTCHD,ATTCHD,2,567.0,ATTCHD,ATTCHD,Y,0.0,207.0,162.0,0.0,0.0,NA,NA,0,5,2010,WD,NORMAL,335000,True,False
1312,20,RL,68.0,8814.0,PAVE,NA,REG,LVL,ALLPUB,INSIDE,GTL,COLLGCR,NORM,NORM,1FAM,1STORY,7,5,2005,2007,GABLE,COMPSHG,VINYLSD,VINYLSD,BRKFACE,80.0,GD,TA,PCONC,GD,TA,GD,GLQ,925.0,TA,0.0,349.0,1274.0,GASA,EX,Y,SBRKR,1274.0,0.0,0.0,1274.0,1,0,2,0,3,1,GD,6,TYP,0,NA,ATTCHD,ATTCHD,2,508.0,ATTCHD,ATTCHD,Y,264.0,98.0,0.0,0.0,0.0,NA,NA,0,1,2007,NEW,PARTIAL,203000,True,False
1313,60,RL,0.0,9572.0,PAVE,NA,IR1,LVL,ALLPUB,INSIDE,GTL,NORIDGE,NORM,NORM,1FAM,2STORY,8,5,1990,1990,GABLE,COMPSHG,WD SDNG,WD SDNG,BRKFACE,336.0,GD,TA,PCONC,EX,TA,EX,GLQ,482.0,TA,0.0,971.0,1453.0,GASA,EX,Y,SBRKR,1453.0,1357.0,0.0,2810.0,0,0,2,1,4,1,GD,9,TYP,1,EX,ATTCHD,ATTCHD,2,750.0,ATTCHD,ATTCHD,Y,500.0,0.0,0.0,0.0,0.0,NA,NA,0,6,2007,WD,NORMAL,302000,True,False
1314,60,RL,108.0,14774.0,PAVE,NA,IR1,LVL,ALLPUB,CORNER,GTL,NORIDGE,NORM,NORM,1FAM,2STORY,9,5,1999,1999,GABLE,COMPSHG,VINYLSD,VINYLSD,BRKFACE,165.0,GD,TA,PCONC,GD,TA,GD,UNF,0.0,TA,0.0,1393.0,1393.0,GASA,EX,Y,SBRKR,1422.0,1177.0,0.0,2599.0,0,0,2,1,4,1,GD,10,TYP,1,TA,BUILTIN,BUILTIN,3,779.0,BUILTIN,BUILTIN,Y,668.0,30.0,0.0,0.0,0.0,NA,NA,0,5,2010,WD,NORMAL,333168,True,False
1315,20,RL,60.0,8190.0,PAVE,NA,REG,LVL,ALLPUB,INSIDE,GTL,EDWARDS,NORM,NORM,1FAM,1STORY,4,6,1954,1954,HIP,COMPSHG,WD SDNG,WD SDNG,None,0.0,TA,TA,CBLOCK,TA,TA,TA,REC,732.0,TA,0.0,216.0,948.0,GASA,EX,Y,SBRKR,948.0,0.0,0.0,948.0,1,0,1,0,3,1,TA,5,TYP,1,TA,DETCHD,DETCHD,1,280.0,DETCHD,DETCHD,Y,0.0,36.0,0.0,0.0,0.0,NA,NA,0,10,2007,WD,NORMAL,119000,True,False
1316,60,RL,85.0,11075.0,PAVE,NA,REG,LVL,ALLPUB,INSIDE,GTL,NAMES,NORM,NORM,1FAM,2STORY,6,5,1969,1969,GABLE,COMPSHG,HDBOARD,HDBOARD,None,0.0,TA,TA,CBLOCK,FA,TA,FA,ALQ,500.0,TA,276.0,176.0,952.0,GASA,TA,Y,SBRKR,1092.0,1020.0,0.0,2112.0,0,0,2,1,4,1,TA,9,TYP,2,GD,ATTCHD,ATTCHD,2,576.0,ATTCHD,ATTCHD,Y,280.0,0.0,0.0,0.0,0.0,NA,NA,0,6,2008,WD,NORMAL,206900,True,False
1317,20,RL,61.0,10226.0,PAVE,NA,IR1,LVL,ALLPUB,INSIDE,GTL,COLLGCR,NORM,NORM,1FAM,1STORY,8,5,2008,2008,GABLE,COMPSHG,VINYLSD,VINYLSD,STONE,270.0,GD,TA,PCONC,EX,TA,EX,UNF,0.0,TA,0.0,1622.0,1622.0,GASA,EX,Y,SBRKR,1630.0,0.0,0.0,1630.0,1,0,2,0,3,1,EX,8,TYP,1,GD,ATTCHD,ATTCHD,3,860.0,ATTCHD,ATTCHD,Y,172.0,42.0,0.0,0.0,0.0,NA,NA,0,1,2009,WD,NORMAL,295493,True,False
1318,120,FV,47.0,4230.0,PAVE,NA,REG,LVL,ALLPUB,CORNER,GTL,SOMERST,NORM,NORM,TWNHSE,1STORY,7,5,2006,2007,GABLE,COMPSHG,VINYLSD,VINYLSD,None,0.0,GD,TA,PCONC,EX,GD,EX,UNF,0.0,GD,0.0,1352.0,1352.0,GASA,EX,Y,SBRKR,1352.0,0.0,0.0,1352.0,0,0,2,0,2,1,GD,5,TYP,1,GD,ATTCHD,ATTCHD,2,466.0,ATTCHD,ATTCHD,Y,0.0,241.0,0.0,0.0,0.0,NA,NA,0,4,2007,NEW,PARTIAL,208900,True,False
1319,20,RL,0.0,14781.0,PAVE,NA,IR2,LVL,ALLPUB,CULDSAC,GTL,COLLGCR,NORM,NORM,1FAM,1STORY,8,5,2001,2002,HIP,COMPSHG,VINYLSD,VINYLSD,BRKFACE,178.0,GD,TA,PCONC,GD,TA,GD,UNF,0.0,TA,0.0,1753.0,1753.0,GASA,EX,Y,SBRKR,1787.0,0.0,0.0,1787.0,0,0,2,0,3,1,GD,7,TYP,1,TA,ATTCHD,ATTCHD,3,748.0,ATTCHD,ATTCHD,Y,198.0,150.0,0.0,0.0,0.0,NA,NA,0,8,2006,WD,NORMAL,275000,True,False
1320,20,RL,75.0,10215.0,PAVE,NA,REG,BNK,ALLPUB,INSIDE,GTL,EDWARDS,NORM,NORM,1FAM,1STORY,4,5,1954,1954,HIP,COMPSHG,WD SDNG,WD SDNG,BRKFACE,132.0,TA,TA,PCONC,TA,TA,TA,ALQ,492.0,TA,0.0,372.0,864.0,GASA,EX,Y,SBRKR,948.0,0.0,0.0,948.0,0,0,1,0,3,1,TA,5,TYP,0,NA,ATTCHD,ATTCHD,1,248.0,ATTCHD,ATTCHD,Y,0.0,0.0,0.0,0.0,0.0,NA,NA,0,2,2007,WD,NORMAL,111000,True,False
1321,20,RL,70.0,8400.0,PAVE,NA,REG,LVL,ALLPUB,INSIDE,GTL,NAMES,NORM,NORM,1FAM,1STORY,6,3,1957,1957,HIP,COMPSHG,BRKFACE,BRKFACE,None,0.0,TA,TA,CBLOCK,TA,TA,TA,ALQ,189.0,TA,661.0,628.0,1478.0,GASA,GD,Y,SBRKR,1478.0,0.0,0.0,1478.0,1,0,1,1,3,1,TA,6,TYP,2,GD,ATTCHD,ATTCHD,2,442.0,ATTCHD,ATTCHD,Y,114.0,0.0,0.0,0.0,216.0,NA,NA,0,6,2009,WD,NORMAL,156500,True,False
1322,20,RL,0.0,6627.0,PAVE,NA,IR1,LVL,ALLPUB,CORNER,GTL,BRKSIDE,FEEDR,NORM,1FAM,1STORY,3,6,1949,1950,HIP,COMPSHG,VINYLSD,VINYLSD,None,0.0,TA,TA,CBLOCK,NA,NA,NA,NA,0.0,NA,0.0,0.0,0.0,FLOOR,TA,N,SBRKR,720.0,0.0,0.0,720.0,0,0,1,0,2,1,TA,4,TYP,0,NA,DETCHD,DETCHD,1,287.0,DETCHD,DETCHD,Y,0.0,0.0,0.0,0.0,0.0,NA,NA,0,7,2008,WD,NORMAL,72500,True,False
1323,60,RL,107.0,10186.0,PAVE,NA,IR1,LVL,ALLPUB,INSIDE,GTL,NORIDGE,NORM,NORM,1FAM,2STORY,7,5,1992,1992,GABLE,COMPSHG,HDBOARD,HDBOARD,None,0.0,GD,TA,PCONC,GD,TA,GD,GLQ,674.0,TA,0.0,76.0,750.0,GASA,EX,Y,SBRKR,1061.0,862.0,0.0,1923.0,1,0,2,1,3,1,GD,8,TYP,1,TA,ATTCHD,ATTCHD,2,564.0,ATTCHD,ATTCHD,Y,240.0,39.0,0.0,0.0,0.0,NA,NA,0,6,2010,WD,NORMAL,190000,True,False
1324,30,RL,50.0,5330.0,PAVE,NA,REG,HLS,ALLPUB,INSIDE,GTL,BRKSIDE,NORM,NORM,1FAM,1STORY,4,7,1940,1950,HIP,COMPSHG,VINYLSD,VINYLSD,None,0.0,FA,TA,CBLOCK,TA,TA,TA,LWQ,280.0,TA,0.0,140.0,420.0,GASA,GD,Y,SBRKR,708.0,0.0,0.0,708.0,0,0,1,0,2,1,FA,5,TYP,0,NA,NA,NA,0,0.0,NA,NA,Y,164.0,0.0,0.0,0.0,0.0,NA,NA,0,12,2009,WD,NORMAL,82500,False,False
1325,20,RL,75.0,9986.0,PAVE,NA,REG,LVL,ALLPUB,INSIDE,GTL,SOMERST,NORM,NORM,1FAM,1STORY,8,5,2006,2007,GABLE,COMPSHG,VINYLSD,VINYLSD,BRKFACE,428.0,GD,TA,PCONC,EX,TA,EX,UNF,0.0,TA,0.0,1795.0,1795.0,GASA,EX,Y,SBRKR,1795.0,0.0,0.0,1795.0,0,0,2,0,2,1,GD,7,TYP,1,GD,ATTCHD,ATTCHD,3,895.0,ATTCHD,ATTCHD,Y,0.0,49.0,0.0,0.0,0.0,NA,NA,0,2,2007,NEW,PARTIAL,147000,True,False
1326,30,RM,40.0,3636.0,PAVE,NA,REG,LVL,ALLPUB,INSIDE,GTL,IDOTRR,NORM,NORM,1FAM,1STORY,4,4,1922,1950,GABLE,COMPSHG,ASBSHNG,ASBSHNG,None,0.0,TA,TA,BRKTIL,TA,FA,TA,UNF,0.0,FA,0.0,796.0,796.0,GASA,FA,N,SBRKR,796.0,0.0,0.0,796.0,0,0,1,0,2,1,TA,5,TYP,0,NA,NA,NA,0,0.0,NA,NA,N,0.0,0.0,100.0,0.0,0.0,NA,NA,0,1,2008,WD,NORMAL,55000,False,False
1327,30,RH,70.0,4270.0,PAVE,NA,REG,BNK,ALLPUB,INSIDE,MOD,EDWARDS,NORM,NORM,1FAM,1STORY,3,6,1931,2006,GABLE,COMPSHG,METALSD,METALSD,None,0.0,TA,TA,BRKTIL,TA,TA,TA,REC,544.0,TA,0.0,0.0,544.0,GASA,EX,Y,SBRKR,774.0,0.0,0.0,774.0,0,0,1,0,3,1,GD,6,TYP,0,NA,NA,NA,0,0.0,NA,NA,Y,0.0,0.0,286.0,0.0,0.0,NA,NA,0,5,2007,WD,NORMAL,79000,False,False
1328,20,RL,60.0,6600.0,PAVE,NA,REG,LVL,ALLPUB,INSIDE,GTL,MITCHEL,NORM,NORM,1FAM,1STORY,5,9,1982,2008,GABLE,COMPSHG,VINYLSD,VINYLSD,None,0.0,GD,GD,CBLOCK,TA,TA,TA,ALQ,641.0,TA,0.0,175.0,816.0,GASA,EX,Y,SBRKR,816.0,0.0,0.0,816.0,0,1,1,0,3,1,GD,5,TYP,1,EX,ATTCHD,ATTCHD,1,264.0,ATTCHD,ATTCHD,Y,0.0,0.0,0.0,0.0,0.0,NA,NA,0,10,2008,WD,NORMAL,130500,True,False
1329,50,RM,60.0,10440.0,PAVE,SHED,REG,LVL,ALLPUB,CORNER,GTL,OLDTOWN,NORM,NORM,1FAM,1.5FIN,6,7,1920,1950,GABLE,COMPSHG,BRKFACE,WD SDNG,None,0.0,GD,GD,BRKTIL,GD,TA,GD,LWQ,493.0,TA,0.0,1017.0,1510.0,GASW,EX,Y,SBRKR,1584.0,1208.0,0.0,2792.0,0,0,2,0,5,1,TA,8,MOD,2,TA,DETCHD,DETCHD,2,520.0,DETCHD,DETCHD,Y,0.0,547.0,0.0,0.0,480.0,SHED,SHED,1150,6,2008,WD,NORMAL,256000,True,False
1330,60,RL,63.0,9084.0,PAVE,NA,IR1,LVL,ALLPUB,INSIDE,GTL,GILBERT,NORM,NORM,1FAM,2STORY,7,5,1998,1998,HIP,COMPSHG,VINYLSD,VINYLSD,None,0.0,TA,TA,PCONC,GD,TA,GD,UNF,0.0,TA,0.0,935.0,935.0,GASA,GD,Y,SBRKR,955.0,677.0,0.0,1632.0,0,0,2,1,3,1,TA,8,TYP,1,TA,ATTCHD,ATTCHD,2,462.0,ATTCHD,ATTCHD,Y,0.0,28.0,0.0,0.0,0.0,NA,NA,0,6,2006,WD,NORMAL,176500,True,False
1331,20,RL,85.0,10000.0,PAVE,NA,REG,LVL,ALLPUB,INSIDE,GTL,SOMERST,NORM,NORM,1FAM,1STORY,8,5,2006,2006,HIP,COMPSHG,VINYLSD,VINYLSD,STONE,410.0,GD,TA,PCONC,GD,GD,GD,UNF,0.0,GD,0.0,1588.0,1588.0,GASA,EX,Y,SBRKR,1588.0,0.0,0.0,1588.0,0,0,2,0,3,1,GD,7,TYP,1,GD,ATTCHD,ATTCHD,3,825.0,ATTCHD,ATTCHD,Y,144.0,45.0,0.0,0.0,0.0,NA,NA,0,12,2007,WD,NORMAL,227000,True,False
1332,80,RL,55.0,10780.0,PAVE,NA,IR1,LVL,ALLPUB,INSIDE,GTL,COLLGCR,NORM,NORM,1FAM,SLVL,5,5,1976,1976,GABLE,COMPSHG,METALSD,METALSD,None,0.0,TA,TA,CBLOCK,TA,TA,TA,ALQ,483.0,TA,0.0,428.0,911.0,GASA,GD,Y,SBRKR,954.0,0.0,0.0,954.0,0,0,1,0,3,1,TA,6,TYP,0,NA,DETCHD,DETCHD,2,576.0,DETCHD,DETCHD,Y,0.0,0.0,0.0,0.0,0.0,NA,NA,0,7,2006,WD,NORMAL,132500,True,False
1333,20,RL,67.0,8877.0,PAVE,NA,REG,LVL,ALLPUB,INSIDE,MOD,EDWARDS,NORM,NORM,1FAM,1STORY,4,6,1938,1958,GABLE,COMPSHG,METALSD,METALSD,None,0.0,TA,TA,CBLOCK,TA,TA,TA,ALQ,690.0,TA,0.0,126.0,816.0,GASA,EX,Y,SBRKR,816.0,0.0,0.0,816.0,1,0,1,0,2,1,TA,3,TYP,1,GD,DETCHD,DETCHD,1,288.0,DETCHD,DETCHD,Y,0.0,0.0,0.0,0.0,0.0,NA,NA,0,5,2009,WD,NORMAL,100000,True,False
1334,50,RM,60.0,7200.0,PAVE,NA,REG,LVL,ALLPUB,CORNER,GTL,IDOTRR,NORM,NORM,1FAM,1.5FIN,5,6,1938,1995,GABLE,COMPSHG,WD SDNG,WD SDNG,None,0.0,TA,TA,CBLOCK,TA,TA,TA,UNF,0.0,TA,0.0,803.0,803.0,GASA,EX,Y,SBRKR,803.0,557.0,0.0,1360.0,0,0,1,1,2,1,GD,6,TYP,0,NA,DETCHD,DETCHD,1,297.0,DETCHD,DETCHD,Y,0.0,65.0,190.0,0.0,0.0,NA,NA,0,7,2006,WD,NORMAL,125500,True,False
1335,160,RM,24.0,2368.0,PAVE,NA,REG,LVL,ALLPUB,INSIDE,GTL,BRDALE,NORM,NORM,TWNHSE,2STORY,5,6,1970,1970,GABLE,COMPSHG,HDBOARD,HDBOARD,None,312.0,TA,TA,CBLOCK,TA,TA,TA,LWQ,765.0,TA,0.0,0.0,765.0,GASA,TA,Y,SBRKR,765.0,600.0,0.0,1365.0,0,0,1,1,3,1,TA,7,MIN1,0,NA,ATTCHD,ATTCHD,2,440.0,ATTCHD,ATTCHD,Y,0.0,36.0,0.0,0.0,0.0,NA,NA,0,5,2009,WD,NORMAL,125000,True,False
1336,20,RL,80.0,9650.0,PAVE,NA,REG,LVL,ALLPUB,INSIDE,GTL,NWAMES,NORM,NORM,1FAM,1STORY,6,5,1977,1977,GABLE,COMPSHG,PLYWOOD,PLYWOOD,BRKFACE,360.0,TA,TA,CBLOCK,GD,TA,GD,ALQ,686.0,TA,0.0,664.0,1350.0,GASA,TA,Y,SBRKR,1334.0,0.0,0.0,1334.0,0,1,2,0,2,1,TA,6,TYP,1,TA,ATTCHD,ATTCHD,2,630.0,ATTCHD,ATTCHD,Y,0.0,16.0,0.0,0.0,0.0,NA,NA,0,4,2009,WD,NORMAL,167900,True,False
1337,90,RL,87.0,9246.0,PAVE,NA,IR1,LVL,ALLPUB,INSIDE,GTL,NWAMES,FEEDR,NORM,DUPLEX,1STORY,5,5,1973,1973,GABLE,COMPSHG,PLYWOOD,PLYWOOD,BRKFACE,564.0,TA,TA,CBLOCK,TA,TA,TA,UNF,0.0,TA,0.0,1656.0,1656.0,GASA,TA,Y,SBRKR,1656.0,0.0,0.0,1656.0,0,0,2,0,4,2,TA,8,TYP,0,NA,DETCHD,DETCHD,2,506.0,DETCHD,DETCHD,Y,0.0,211.0,0.0,0.0,0.0,NA,NA,0,11,2008,WD,NORMAL,135000,True,False
1338,30,RM,153.0,4118.0,PAVE,NA,IR1,BNK,ALLPUB,CORNER,MOD,OLDTOWN,FEEDR,NORM,1FAM,1STORY,4,4,1941,1950,GABLE,COMPSHG,WD SDNG,WD SDNG,None,0.0,TA,TA,CBLOCK,TA,TA,TA,UNF,0.0,TA,0.0,693.0,693.0,GRAV,FA,N,FUSEA,693.0,0.0,0.0,693.0,0,0,1,0,2,1,FA,4,TYP,0,NA,NA,NA,0,0.0,NA,NA,N,0.0,20.0,0.0,0.0,0.0,NA,NA,0,3,2006,WD,NORMAL,52500,False,False
1339,60,RL,95.0,13450.0,PAVE,NA,IR1,LVL,ALLPUB,CORNER,GTL,COLLGCR,NORM,NORM,1FAM,2STORY,7,5,2002,2002,GABLE,COMPSHG,VINYLSD,VINYLSD,None,0.0,GD,TA,PCONC,GD,TA,GD,GLQ,700.0,TA,0.0,216.0,916.0,GASA,EX,Y,SBRKR,920.0,941.0,0.0,1861.0,1,0,2,1,3,1,GD,8,TYP,0,NA,BUILTIN,BUILTIN,2,492.0,BUILTIN,BUILTIN,Y,146.0,91.0,0.0,0.0,0.0,NA,NA,0,6,2006,WD,NORMAL,200000,True,False
1340,20,RL,120.0,9560.0,PAVE,NA,IR1,LVL,ALLPUB,CORNER,GTL,COLLGCR,NORM,NORM,1FAM,1STORY,5,7,1972,1972,HIP,COMPSHG,METALSD,METALSD,None,0.0,TA,GD,CBLOCK,TA,TA,TA,REC,360.0,TA,0.0,504.0,864.0,GASA,EX,Y,SBRKR,864.0,0.0,0.0,864.0,0,0,1,0,3,1,TA,5,TYP,0,NA,ATTCHD,ATTCHD,1,288.0,ATTCHD,ATTCHD,Y,0.0,0.0,0.0,0.0,0.0,NA,NA,0,6,2006,WD,NORMAL,128500,True,False
1341,20,RL,70.0,8294.0,PAVE,NA,REG,LVL,ALLPUB,INSIDE,GTL,NAMES,NORM,NORM,1FAM,1STORY,4,5,1971,1971,GABLE,COMPSHG,METALSD,METALSD,None,0.0,TA,TA,CBLOCK,TA,TA,TA,UNF,0.0,TA,0.0,858.0,858.0,GASA,TA,Y,SBRKR,872.0,0.0,0.0,872.0,0,0,1,0,3,1,TA,5,TYP,0,NA,DETCHD,DETCHD,4,480.0,DETCHD,DETCHD,Y,0.0,0.0,0.0,0.0,0.0,NA,NA,0,6,2007,WD,NORMAL,123000,True,False
1342,20,RL,66.0,13695.0,PAVE,NA,REG,LVL,ALLPUB,INSIDE,GTL,SAWYERW,RRAE,NORM,1FAM,1STORY,6,5,2003,2004,GABLE,COMPSHG,VINYLSD,VINYLSD,None,0.0,TA,TA,PCONC,GD,TA,GD,GLQ,814.0,TA,0.0,300.0,1114.0,GASA,EX,Y,SBRKR,1114.0,0.0,0.0,1114.0,1,0,1,0,3,1,GD,6,TYP,0,NA,DETCHD,DETCHD,2,576.0,DETCHD,DETCHD,Y,0.0,78.0,0.0,0.0,0.0,NA,NA,0,7,2008,WD,NORMAL,155000,True,False
1343,60,RL,0.0,9375.0,PAVE,NA,REG,LVL,ALLPUB,INSIDE,GTL,COLLGCR,NORM,NORM,1FAM,2STORY,8,5,2002,2002,GABLE,COMPSHG,VINYLSD,VINYLSD,BRKFACE,149.0,GD,TA,PCONC,GD,TA,GD,UNF,0.0,TA,0.0,1284.0,1284.0,GASA,EX,Y,SBRKR,1284.0,885.0,0.0,2169.0,0,0,2,1,3,1,GD,7,TYP,1,GD,ATTCHD,ATTCHD,2,647.0,ATTCHD,ATTCHD,Y,192.0,87.0,0.0,0.0,0.0,NA,NA,0,8,2007,WD,NORMAL,228500,True,False
1344,50,RL,57.0,7558.0,PAVE,NA,REG,BNK,ALLPUB,INSIDE,GTL,CRAWFOR,NORM,NORM,1FAM,1.5FIN,6,6,1928,1950,GABLE,COMPSHG,BRKFACE,STONE,None,0.0,TA,TA,BRKTIL,TA,TA,TA,UNF,0.0,TA,0.0,896.0,896.0,GASA,GD,Y,SBRKR,1172.0,741.0,0.0,1913.0,0,0,1,1,3,1,TA,9,TYP,1,TA,DETCHD,DETCHD,2,342.0,DETCHD,DETCHD,Y,0.0,0.0,0.0,0.0,0.0,NA,NA,0,3,2009,WD,NORMAL,177000,True,False
1345,60,RL,85.0,11103.0,PAVE,NA,IR1,LVL,ALLPUB,CORNER,GTL,COLLGCR,NORM,NORM,1FAM,2STORY,7,5,2006,2006,GABLE,COMPSHG,VINYLSD,VINYLSD,None,0.0,GD,TA,PCONC,GD,TA,GD,UNF,0.0,TA,0.0,728.0,728.0,GASA,EX,Y,SBRKR,728.0,728.0,0.0,1456.0,0,0,2,1,3,1,GD,8,TYP,1,TA,ATTCHD,ATTCHD,2,440.0,ATTCHD,ATTCHD,Y,0.0,0.0,0.0,0.0,0.0,NA,NA,0,7,2007,NEW,PARTIAL,155835,True,False
1346,30,RM,50.0,6000.0,PAVE,NA,REG,LVL,ALLPUB,INSIDE,GTL,OLDTOWN,NORM,NORM,1FAM,1STORY,4,4,1920,1950,HIP,COMPSHG,METALSD,METALSD,None,0.0,TA,TA,PCONC,TA,TA,TA,ALQ,250.0,TA,0.0,710.0,960.0,GASA,GD,Y,FUSEA,960.0,0.0,0.0,960.0,0,0,1,0,2,1,FA,5,TYP,0,NA,DETCHD,DETCHD,1,308.0,DETCHD,DETCHD,Y,0.0,0.0,168.0,0.0,0.0,NA,NA,0,7,2007,WD,NORMAL,108500,True,False
1347,20,RL,0.0,20781.0,PAVE,NA,IR2,LVL,ALLPUB,CULDSAC,GTL,NWAMES,POSN,NORM,1FAM,1STORY,7,7,1968,2003,HIP,COMPSHG,BRKFACE,HDBOARD,None,0.0,TA,TA,CBLOCK,TA,TA,TA,BLQ,297.0,TA,68.0,1203.0,1568.0,GASA,TA,Y,SBRKR,2156.0,0.0,0.0,2156.0,0,0,2,0,3,1,TA,9,TYP,1,GD,ATTCHD,ATTCHD,2,508.0,ATTCHD,ATTCHD,Y,0.0,80.0,0.0,290.0,0.0,NA,NA,0,6,2006,WD,NORMAL,262500,True,False
1348,20,RL,93.0,15306.0,PAVE,NA,IR1,HLS,ALLPUB,CORNER,GTL,TIMBER,NORM,NORM,1FAM,1STORY,8,5,2006,2007,GABLE,COMPSHG,VINYLSD,VINYLSD,STONE,100.0,GD,TA,PCONC,EX,TA,EX,GLQ,80.0,TA,0.0,1652.0,1732.0,GASA,EX,Y,SBRKR,1776.0,0.0,0.0,1776.0,1,0,2,0,3,1,GD,7,TYP,1,GD,ATTCHD,ATTCHD,3,712.0,ATTCHD,ATTCHD,Y,0.0,0.0,0.0,0.0,0.0,NA,NA,0,5,2007,NEW,PARTIAL,283463,True,False
1349,20,RL,0.0,16196.0,PAVE,NA,IR3,LOW,ALLPUB,INSIDE,GTL,SAWYERW,NORM,NORM,1FAM,1STORY,7,5,1998,1998,GABLE,COMPSHG,VINYLSD,VINYLSD,None,0.0,GD,TA,PCONC,GD,TA,GD,GLQ,1443.0,TA,0.0,39.0,1482.0,GASA,EX,Y,SBRKR,1494.0,0.0,0.0,1494.0,1,0,2,0,3,1,GD,5,TYP,1,FA,ATTCHD,ATTCHD,2,514.0,ATTCHD,ATTCHD,Y,402.0,25.0,0.0,0.0,0.0,NA,NA,0,8,2007,WD,NORMAL,215000,True,False
1350,70,RM,50.0,5250.0,PAVE,NA,REG,LVL,ALLPUB,INSIDE,GTL,OLDTOWN,NORM,NORM,1FAM,2STORY,8,5,1872,1987,GABLE,COMPSHG,METALSD,METALSD,None,0.0,TA,GD,BRKTIL,TA,FA,TA,LWQ,259.0,FA,0.0,425.0,684.0,OTHW,FA,N,SBRKR,938.0,1215.0,205.0,2358.0,0,0,2,0,4,1,TA,8,TYP,0,NA,NA,NA,0,0.0,NA,NA,Y,0.0,54.0,20.0,0.0,0.0,NA,NA,0,12,2008,WD,NORMAL,122000,False,False
1351,90,RL,91.0,11643.0,PAVE,NA,REG,LVL,ALLPUB,INSIDE,GTL,NAMES,ARTERY,NORM,DUPLEX,2STORY,5,5,1969,1969,GABLE,COMPSHG,METALSD,METALSD,BRKFACE,368.0,TA,TA,CBLOCK,TA,TA,TA,LWQ,500.0,TA,0.0,748.0,1248.0,GASA,TA,Y,SBRKR,1338.0,1296.0,0.0,2634.0,1,1,2,2,6,2,TA,12,TYP,0,NA,DETCHD,DETCHD,4,968.0,DETCHD,DETCHD,Y,0.0,0.0,0.0,0.0,0.0,NA,NA,0,8,2009,WD,NORMAL,200000,True,False
1352,60,RL,70.0,9247.0,PAVE,NA,IR1,LVL,ALLPUB,INSIDE,GTL,NAMES,NORM,NORM,1FAM,2STORY,6,6,1962,1962,GABLE,COMPSHG,HDBOARD,HDBOARD,BRKFACE,318.0,TA,TA,CBLOCK,TA,TA,TA,REC,319.0,TA,0.0,539.0,858.0,GASA,EX,Y,SBRKR,858.0,858.0,0.0,1716.0,0,0,1,1,4,1,TA,8,TYP,1,GD,ATTCHD,ATTCHD,2,490.0,ATTCHD,ATTCHD,Y,0.0,84.0,0.0,0.0,120.0,NA,NA,0,3,2008,WD,NORMAL,171000,True,False
1353,50,RM,50.0,6000.0,PAVE,NA,REG,LVL,ALLPUB,INSIDE,GTL,BRKSIDE,NORM,NORM,1FAM,1.5FIN,6,9,1937,2000,GABLE,COMPSHG,METALSD,METALSD,None,0.0,GD,TA,BRKTIL,TA,TA,TA,UNF,0.0,TA,0.0,698.0,698.0,GASA,TA,Y,SBRKR,786.0,390.0,0.0,1176.0,0,0,1,0,2,1,TA,4,TYP,0,NA,DETCHD,DETCHD,2,624.0,DETCHD,DETCHD,N,210.0,0.0,0.0,0.0,0.0,NA,NA,0,7,2009,WD,NORMAL,134900,True,False
1354,50,RL,56.0,14720.0,PAVE,NA,IR1,LVL,ALLPUB,CULDSAC,GTL,NORIDGE,NORM,NORM,1FAM,1.5FIN,8,5,1995,1996,HIP,COMPSHG,VINYLSD,VINYLSD,BRKFACE,579.0,GD,TA,PCONC,GD,TA,GD,GLQ,816.0,TA,0.0,1217.0,2033.0,GASA,EX,Y,SBRKR,2053.0,1185.0,0.0,3238.0,1,0,2,1,4,1,GD,9,TYP,1,EX,ATTCHD,ATTCHD,3,666.0,ATTCHD,ATTCHD,Y,283.0,86.0,0.0,0.0,0.0,NA,NA,0,3,2010,WD,NORMAL,410000,True,False
1355,60,RL,0.0,10316.0,PAVE,NA,IR1,LVL,ALLPUB,INSIDE,GTL,COLLGCR,NORM,NORM,1FAM,2STORY,7,5,2000,2000,GABLE,COMPSHG,VINYLSD,VINYLSD,None,0.0,GD,TA,PCONC,GD,TA,GD,GLQ,735.0,TA,0.0,257.0,992.0,GASA,EX,Y,SBRKR,992.0,873.0,0.0,1865.0,1,0,2,1,3,1,GD,7,TYP,1,TA,ATTCHD,ATTCHD,3,839.0,ATTCHD,ATTCHD,Y,0.0,184.0,0.0,0.0,0.0,NA,NA,0,6,2008,WD,NORMAL,235000,True,False
1356,80,RL,102.0,10192.0,PAVE,NA,IR1,LVL,ALLPUB,INSIDE,GTL,NWAMES,NORM,NORM,1FAM,SLVL,7,6,1968,1992,GABLE,COMPSHG,METALSD,METALSD,BRKFACE,143.0,TA,TA,CBLOCK,TA,TA,TA,UNF,0.0,TA,0.0,570.0,570.0,GASA,GD,Y,SBRKR,1222.0,698.0,0.0,1920.0,0,0,3,0,4,1,GD,8,TYP,1,TA,ATTCHD,ATTCHD,2,487.0,ATTCHD,ATTCHD,Y,0.0,98.0,0.0,0.0,0.0,NA,NA,0,9,2006,WD,NORMAL,170000,True,False
1357,20,RL,0.0,9477.0,PAVE,NA,REG,LVL,ALLPUB,CORNER,GTL,NAMES,NORM,NORM,1FAM,1STORY,5,5,1966,1966,GABLE,COMPSHG,HDBOARD,HDBOARD,BRKFACE,65.0,TA,TA,CBLOCK,TA,TA,TA,REC,340.0,TA,0.0,524.0,864.0,GASA,TA,Y,SBRKR,892.0,0.0,0.0,892.0,0,0,1,0,3,1,TA,5,TYP,0,NA,ATTCHD,ATTCHD,1,264.0,ATTCHD,ATTCHD,Y,0.0,0.0,0.0,0.0,0.0,NA,NA,0,10,2008,WD,NORMAL,110000,True,False
1358,20,RL,0.0,12537.0,PAVE,NA,IR1,LVL,ALLPUB,CULDSAC,GTL,NAMES,NORM,NORM,1FAM,1STORY,5,6,1971,2008,GABLE,COMPSHG,VINYLSD,VINYLSD,None,0.0,TA,TA,CBLOCK,TA,TA,TA,GLQ,734.0,TA,0.0,344.0,1078.0,GASA,EX,Y,SBRKR,1078.0,0.0,0.0,1078.0,1,0,1,1,3,1,TA,6,TYP,1,FA,ATTCHD,ATTCHD,2,500.0,ATTCHD,ATTCHD,Y,0.0,0.0,0.0,0.0,0.0,NA,NA,0,4,2010,WD,NORMAL,149900,True,False
1359,160,FV,0.0,2117.0,PAVE,NA,REG,LVL,ALLPUB,INSIDE,GTL,SOMERST,NORM,NORM,TWNHS,2STORY,6,5,2000,2000,GABLE,COMPSHG,METALSD,METALSD,BRKFACE,216.0,GD,TA,PCONC,GD,TA,GD,GLQ,378.0,TA,0.0,378.0,756.0,GASA,EX,Y,SBRKR,769.0,804.0,0.0,1573.0,0,0,2,1,3,1,GD,5,TYP,0,NA,DETCHD,DETCHD,2,440.0,DETCHD,DETCHD,Y,0.0,32.0,0.0,0.0,0.0,NA,NA,0,6,2010,WD,NORMAL,177500,True,False
1360,20,RL,129.0,16737.0,PAVE,NA,REG,LVL,ALLPUB,FR3,GTL,NRIDGHT,NORM,NORM,1FAM,1STORY,9,5,2004,2005,HIP,COMPSHG,VINYLSD,VINYLSD,BRKFACE,66.0,GD,TA,PCONC,EX,TA,EX,GLQ,1447.0,TA,0.0,533.0,1980.0,GASA,EX,Y,SBRKR,1980.0,0.0,0.0,1980.0,1,0,2,0,3,1,EX,8,TYP,1,GD,ATTCHD,ATTCHD,3,770.0,ATTCHD,ATTCHD,Y,194.0,45.0,0.0,0.0,0.0,NA,NA,0,9,2006,WD,NORMAL,315000,True,False
1361,70,RL,51.0,9842.0,PAVE,NA,REG,LVL,ALLPUB,INSIDE,GTL,SWISU,FEEDR,NORM,1FAM,2STORY,5,6,1921,1998,GABLE,COMPSHG,METALSD,WD SDNG,None,0.0,TA,TA,BRKTIL,TA,FA,TA,UNF,0.0,FA,0.0,612.0,612.0,GASA,EX,Y,SBRKR,990.0,1611.0,0.0,2601.0,0,0,3,1,4,1,TA,8,TYP,0,NA,BUILTIN,BUILTIN,2,621.0,BUILTIN,BUILTIN,Y,183.0,0.0,301.0,0.0,0.0,NA,NA,0,5,2008,WD,NORMAL,189000,True,False
1362,20,RL,124.0,16158.0,PAVE,NA,IR1,LOW,ALLPUB,INSIDE,MOD,STONEBR,NORM,NORM,1FAM,1STORY,7,5,2005,2005,HIP,COMPSHG,VINYLSD,VINYLSD,STONE,16.0,GD,TA,PCONC,EX,TA,EX,ALQ,1274.0,TA,0.0,256.0,1530.0,GASA,EX,Y,SBRKR,1530.0,0.0,0.0,1530.0,1,0,2,0,3,1,GD,7,TYP,1,GD,ATTCHD,ATTCHD,2,430.0,ATTCHD,ATTCHD,Y,168.0,36.0,0.0,0.0,0.0,NA,NA,0,6,2009,WD,NORMAL,260000,True,False
1363,50,RL,0.0,12513.0,PAVE,NA,IR1,LVL,ALLPUB,FR2,GTL,NAMES,FEEDR,NORM,1FAM,1.5FIN,4,4,1920,2007,GABLE,COMPSHG,VINYLSD,VINYLSD,None,0.0,TA,GD,BRKTIL,TA,FA,TA,UNF,0.0,FA,0.0,715.0,715.0,GASA,GD,Y,SBRKR,1281.0,457.0,0.0,1738.0,0,0,2,0,4,1,TA,7,TYP,1,GD,ATTCHD,ATTCHD,1,368.0,ATTCHD,ATTCHD,Y,55.0,0.0,0.0,0.0,0.0,NA,NA,0,6,2009,WD,NORMAL,104900,True,False
1364,60,RL,73.0,8499.0,PAVE,NA,IR1,LVL,ALLPUB,INSIDE,GTL,GILBERT,NORM,NORM,1FAM,2STORY,6,5,2006,2007,GABLE,COMPSHG,VINYLSD,VINYLSD,None,0.0,TA,TA,PCONC,GD,TA,GD,UNF,0.0,TA,0.0,616.0,616.0,GASA,EX,Y,SBRKR,616.0,796.0,0.0,1412.0,0,0,2,1,3,1,GD,6,TYP,1,GD,BUILTIN,BUILTIN,2,432.0,BUILTIN,BUILTIN,Y,0.0,36.0,0.0,0.0,0.0,NA,NA,0,3,2007,NEW,PARTIAL,156932,True,False
1365,160,FV,30.0,3180.0,PAVE,NA,REG,LVL,ALLPUB,INSIDE,GTL,SOMERST,NORM,NORM,TWNHSE,2STORY,7,5,2005,2005,GABLE,COMPSHG,METALSD,METALSD,None,0.0,GD,TA,PCONC,GD,TA,GD,UNF,0.0,TA,0.0,600.0,600.0,GASA,EX,Y,SBRKR,520.0,600.0,80.0,1200.0,0,0,2,1,2,1,GD,4,TYP,0,NA,DETCHD,DETCHD,2,480.0,DETCHD,DETCHD,Y,0.0,166.0,0.0,0.0,0.0,NA,NA,0,4,2006,WD,ABNORML,144152,True,False
1366,60,FV,0.0,7500.0,PAVE,NA,REG,LVL,ALLPUB,INSIDE,GTL,SOMERST,NORM,NORM,1FAM,2STORY,7,5,2000,2000,GABLE,COMPSHG,VINYLSD,VINYLSD,None,0.0,GD,TA,PCONC,GD,TA,GD,GLQ,533.0,TA,0.0,281.0,814.0,GASA,EX,Y,SBRKR,814.0,860.0,0.0,1674.0,1,0,2,1,3,1,GD,7,TYP,0,NA,ATTCHD,ATTCHD,2,663.0,ATTCHD,ATTCHD,Y,0.0,96.0,0.0,0.0,0.0,NA,NA,0,1,2010,WD,NORMAL,216000,True,False
1367,60,RL,68.0,9179.0,PAVE,NA,IR1,LVL,ALLPUB,INSIDE,GTL,COLLGCR,NORM,NORM,1FAM,2STORY,7,5,1999,1999,GABLE,COMPSHG,VINYLSD,VINYLSD,BRKFACE,158.0,GD,TA,PCONC,GD,TA,GD,GLQ,633.0,TA,0.0,240.0,873.0,GASA,EX,Y,SBRKR,882.0,908.0,0.0,1790.0,1,0,2,1,3,1,GD,7,TYP,0,NA,ATTCHD,ATTCHD,2,588.0,ATTCHD,ATTCHD,Y,0.0,88.0,0.0,0.0,0.0,NA,NA,0,6,2008,WD,ABNORML,193000,True,False
1368,160,RM,41.0,2665.0,PAVE,NA,REG,LVL,ALLPUB,INSIDE,GTL,MEADOWV,NORM,NORM,TWNHSE,2STORY,5,6,1977,1977,GABLE,COMPSHG,CEMNTBD,CMENTBD,None,0.0,TA,TA,PCONC,TA,TA,TA,ALQ,548.0,TA,173.0,36.0,757.0,GASA,EX,Y,SBRKR,925.0,550.0,0.0,1475.0,0,0,2,0,4,1,TA,6,TYP,1,TA,ATTCHD,ATTCHD,1,336.0,ATTCHD,ATTCHD,Y,104.0,26.0,0.0,0.0,0.0,NA,NA,0,7,2006,WD,NORMAL,127000,True,False
1369,120,RM,0.0,4435.0,PAVE,NA,REG,LVL,ALLPUB,INSIDE,GTL,COLLGCR,NORM,NORM,TWNHSE,1STORY,6,5,2003,2004,GABLE,COMPSHG,VINYLSD,VINYLSD,BRKFACE,170.0,GD,TA,PCONC,GD,TA,GD,GLQ,685.0,TA,0.0,163.0,848.0,GASA,EX,Y,SBRKR,848.0,0.0,0.0,848.0,1,0,1,0,1,1,GD,4,TYP,0,NA,ATTCHD,ATTCHD,2,420.0,ATTCHD,ATTCHD,Y,140.0,0.0,0.0,0.0,0.0,NA,NA,0,6,2009,WD,NORMAL,144000,True,False
1370,20,RL,48.0,10635.0,PAVE,NA,IR2,LVL,ALLPUB,FR2,GTL,COLLGCR,NORM,NORM,1FAM,1STORY,8,5,2003,2003,HIP,COMPSHG,VINYLSD,VINYLSD,BRKFACE,171.0,GD,TA,PCONC,GD,TA,GD,BLQ,370.0,TA,972.0,315.0,1657.0,GASA,EX,Y,SBRKR,1668.0,0.0,0.0,1668.0,1,0,2,0,3,1,GD,8,TYP,1,TA,ATTCHD,ATTCHD,2,502.0,ATTCHD,ATTCHD,Y,0.0,262.0,0.0,0.0,0.0,NA,NA,0,5,2010,WD,NORMAL,232000,True,False
1371,50,RL,90.0,5400.0,PAVE,NA,REG,LVL,ALLPUB,CORNER,GTL,OLDTOWN,ARTERY,NORM,1FAM,1.5FIN,4,6,1920,1950,GABLE,COMPSHG,CBLOCK,CBLOCK,None,0.0,FA,TA,PCONC,TA,TA,TA,ALQ,315.0,TA,105.0,420.0,840.0,GASA,EX,Y,SBRKR,840.0,534.0,0.0,1374.0,0,0,1,0,2,1,TA,6,TYP,0,NA,DETCHD,DETCHD,1,338.0,DETCHD,DETCHD,Y,0.0,0.0,198.0,0.0,0.0,NA,NA,0,10,2009,WD,NORMAL,105000,True,False
1372,80,RL,80.0,9600.0,PAVE,NA,REG,LVL,ALLPUB,INSIDE,GTL,NAMES,NORM,NORM,1FAM,SLVL,6,6,1955,1996,HIP,COMPSHG,ASBSHNG,ASBSHNG,None,0.0,TA,TA,CBLOCK,TA,TA,TA,BLQ,831.0,TA,0.0,161.0,992.0,GASA,GD,Y,SBRKR,1661.0,0.0,0.0,1661.0,1,0,1,0,3,1,GD,8,TYP,1,TA,BUILTIN,BUILTIN,1,377.0,BUILTIN,BUILTIN,Y,0.0,28.0,0.0,0.0,178.0,NA,NA,0,10,2008,WD,NORMAL,165500,True,False
1373,60,RL,75.0,9750.0,PAVE,NA,REG,LVL,ALLPUB,CORNER,GTL,COLLGCR,NORM,NORM,1FAM,2STORY,7,6,1998,1998,GABLE,COMPSHG,VINYLSD,VINYLSD,None,0.0,TA,TA,PCONC,GD,TA,GD,GLQ,975.0,TA,0.0,133.0,1108.0,GASA,EX,Y,SBRKR,1108.0,989.0,0.0,2097.0,1,0,2,1,3,1,GD,8,TYP,1,TA,DETCHD,DETCHD,2,583.0,DETCHD,DETCHD,Y,253.0,170.0,0.0,0.0,0.0,NA,NA,0,6,2006,WD,NORMAL,274300,True,False
1374,20,RL,0.0,11400.0,PAVE,NA,REG,LVL,ALLPUB,INSIDE,GTL,NORIDGE,NORM,NORM,1FAM,1STORY,10,5,2001,2002,HIP,COMPSHG,VINYLSD,VINYLSD,BRKFACE,705.0,EX,TA,PCONC,EX,TA,EX,GLQ,1282.0,TA,0.0,1351.0,2633.0,GASA,EX,Y,SBRKR,2633.0,0.0,0.0,2633.0,1,0,2,1,2,1,EX,8,TYP,2,GD,ATTCHD,ATTCHD,3,804.0,ATTCHD,ATTCHD,Y,314.0,140.0,0.0,0.0,0.0,NA,NA,0,3,2007,WD,NORMAL,466500,True,False
1375,60,FV,85.0,10625.0,PAVE,NA,REG,LVL,ALLPUB,INSIDE,GTL,SOMERST,NORM,NORM,1FAM,2STORY,7,5,2005,2005,GABLE,COMPSHG,CEMNTBD,CMENTBD,None,0.0,GD,TA,PCONC,GD,TA,GD,UNF,0.0,TA,0.0,1026.0,1026.0,GASA,EX,Y,SBRKR,1026.0,932.0,0.0,1958.0,0,0,2,1,3,1,GD,9,TYP,1,GD,ATTCHD,ATTCHD,3,936.0,ATTCHD,ATTCHD,Y,154.0,210.0,0.0,0.0,0.0,NA,NA,0,7,2008,WD,NORMAL,250000,True,False
1376,20,RL,89.0,10991.0,PAVE,NA,IR1,HLS,ALLPUB,INSIDE,GTL,TIMBER,NORM,NORM,1FAM,1STORY,8,5,2007,2007,GABLE,COMPSHG,VINYLSD,VINYLSD,BRKFACE,80.0,GD,TA,PCONC,GD,TA,GD,UNF,0.0,TA,0.0,1571.0,1571.0,GASA,EX,Y,SBRKR,1571.0,0.0,0.0,1571.0,0,0,2,0,3,1,GD,7,TYP,1,GD,ATTCHD,ATTCHD,3,722.0,ATTCHD,ATTCHD,Y,100.0,36.0,0.0,0.0,0.0,NA,NA,0,12,2007,NEW,PARTIAL,239000,True,False
1377,30,RL,52.0,6292.0,PAVE,NA,REG,BNK,ALLPUB,INSIDE,GTL,SWISU,NORM,NORM,1FAM,1STORY,6,5,1930,1950,GABLE,COMPSHG,WD SDNG,WD SDNG,None,0.0,TA,TA,BRKTIL,GD,TA,GD,REC,384.0,TA,0.0,384.0,768.0,GASA,TA,N,SBRKR,790.0,0.0,0.0,790.0,0,0,1,0,2,1,TA,4,TYP,0,NA,DETCHD,DETCHD,1,160.0,DETCHD,DETCHD,Y,0.0,141.0,0.0,0.0,0.0,NA,NA,0,4,2008,WD,NORMAL,91000,True,False
1378,50,RL,60.0,10998.0,PAVE,NA,REG,LVL,ALLPUB,INSIDE,GTL,EDWARDS,NORM,NORM,1FAM,1.5FIN,5,5,1941,1960,GABLE,COMPSHG,WD SDNG,WD SDNG,None,0.0,TA,TA,CBLOCK,TA,TA,TA,LWQ,408.0,TA,420.0,156.0,984.0,GASA,EX,Y,SBRKR,984.0,620.0,0.0,1604.0,0,0,2,0,3,1,TA,6,MIN2,0,NA,DETCHD,DETCHD,2,660.0,DETCHD,DETCHD,Y,0.0,68.0,0.0,0.0,0.0,NA,NA,0,7,2009,WD,NORMAL,117000,True,False
1379,160,RM,21.0,1953.0,PAVE,NA,REG,LVL,ALLPUB,INSIDE,GTL,BRDALE,NORM,NORM,TWNHS,2STORY,6,5,1973,1973,GABLE,COMPSHG,HDBOARD,HDBOARD,BRKFACE,408.0,TA,TA,CBLOCK,TA,FA,TA,BLQ,309.0,FA,0.0,174.0,483.0,GASA,TA,Y,SBRKR,483.0,504.0,0.0,987.0,0,0,1,1,2,1,TA,5,TYP,0,NA,DETCHD,DETCHD,1,264.0,DETCHD,DETCHD,Y,72.0,0.0,0.0,0.0,0.0,NA,NA,0,6,2006,WD,NORMAL,83000,True,False
1381,30,RL,45.0,8212.0,PAVE,NA,REG,LVL,ALLPUB,INSIDE,GTL,EDWARDS,NORM,NORM,1FAM,1STORY,3,3,1914,1950,GABLE,COMPSHG,STUCCO,STUCCO,None,0.0,TA,FA,BRKTIL,TA,FA,TA,REC,203.0,FA,0.0,661.0,864.0,GASA,TA,N,FUSEF,864.0,0.0,0.0,864.0,1,0,1,0,2,1,TA,5,TYP,0,NA,DETCHD,DETCHD,1,200.0,DETCHD,DETCHD,Y,0.0,0.0,96.0,0.0,0.0,NA,NA,0,6,2010,WD,NORMAL,58500,True,False
1382,20,RL,0.0,12925.0,PAVE,NA,IR1,LVL,ALLPUB,CORNER,GTL,NAMES,NORM,NORM,1FAM,1STORY,6,7,1970,1970,GABLE,COMPSHG,BRKFACE,PLYWOOD,None,0.0,TA,TA,CBLOCK,TA,TA,TA,BLQ,865.0,TA,0.0,340.0,1205.0,GASA,EX,Y,SBRKR,2117.0,0.0,0.0,2117.0,0,0,2,1,4,1,TA,7,TYP,2,GD,ATTCHD,ATTCHD,2,550.0,ATTCHD,ATTCHD,Y,0.0,42.0,0.0,0.0,0.0,NA,NA,0,5,2008,WD,NORMAL,237500,True,False
1383,70,RM,60.0,7200.0,PAVE,NA,REG,LVL,ALLPUB,CORNER,GTL,OLDTOWN,NORM,NORM,1FAM,2STORY,7,7,1920,1950,HIP,COMPSHG,WD SDNG,WD SDNG,None,0.0,TA,TA,BRKTIL,FA,TA,FA,UNF,0.0,TA,0.0,596.0,596.0,GASA,EX,Y,SBRKR,998.0,764.0,0.0,1762.0,1,0,1,1,4,1,GD,8,TYP,0,NA,DETCHD,DETCHD,2,576.0,DETCHD,DETCHD,N,36.0,0.0,221.0,0.0,0.0,NA,NA,0,10,2006,WD,NORMAL,157000,True,False
1384,30,RL,0.0,25339.0,PAVE,NA,REG,LVL,ALLPUB,INSIDE,GTL,SAWYER,NORM,NORM,1FAM,1STORY,5,7,1918,2007,GABLE,COMPSHG,WD SDNG,WD SDNG,None,0.0,TA,GD,BRKTIL,TA,TA,TA,UNF,0.0,TA,0.0,816.0,816.0,GASA,EX,Y,SBRKR,1416.0,0.0,0.0,1416.0,0,0,2,0,3,1,GD,7,TYP,0,NA,ATTCHD,ATTCHD,2,576.0,ATTCHD,ATTCHD,N,0.0,0.0,112.0,0.0,0.0,NA,NA,0,8,2007,WD,NORMAL,112000,True,False
1385,50,RL,60.0,9060.0,PAVE,NA,REG,LVL,ALLPUB,INSIDE,GTL,EDWARDS,NORM,NORM,1FAM,1.5FIN,6,5,1939,1950,GABLE,COMPSHG,WDSHING,WD SHNG,None,0.0,TA,TA,BRKTIL,TA,TA,TA,REC,204.0,TA,0.0,356.0,560.0,GASA,TA,Y,SBRKR,698.0,560.0,0.0,1258.0,0,0,1,0,2,1,TA,6,TYP,0,NA,DETCHD,DETCHD,1,280.0,DETCHD,DETCHD,P,0.0,0.0,0.0,0.0,0.0,NA,NA,0,10,2009,WD,NORMAL,105000,True,False
1386,50,RM,40.0,5436.0,PAVE,NA,REG,LVL,ALLPUB,INSIDE,GTL,IDOTRR,NORM,NORM,1FAM,1.5FIN,4,8,1922,2007,GABLE,COMPSHG,VINYLSD,VINYLSD,None,0.0,TA,GD,BRKTIL,TA,TA,TA,BLQ,735.0,TA,0.0,61.0,796.0,GASA,GD,Y,SBRKR,796.0,358.0,0.0,1154.0,1,0,1,0,3,1,GD,7,TYP,0,NA,DETCHD,DETCHD,1,240.0,DETCHD,DETCHD,N,0.0,96.0,0.0,0.0,0.0,NA,NA,0,5,2010,WD,NORMAL,125500,True,False
1387,60,RL,80.0,16692.0,PAVE,TENC,IR1,LVL,ALLPUB,INSIDE,GTL,NWAMES,RRAN,NORM,1FAM,2STORY,7,5,1978,1978,GABLE,COMPSHG,PLYWOOD,PLYWOOD,BRKFACE,184.0,TA,TA,CBLOCK,GD,TA,GD,BLQ,790.0,TA,469.0,133.0,1392.0,GASA,TA,Y,SBRKR,1392.0,1392.0,0.0,2784.0,1,0,3,1,5,1,GD,12,TYP,2,TA,ATTCHD,ATTCHD,2,564.0,ATTCHD,ATTCHD,Y,0.0,112.0,0.0,0.0,440.0,TENC,TENC,2000,7,2006,WD,NORMAL,250000,True,True
1388,50,RM,60.0,8520.0,PAVE,NA,REG,LVL,ALLPUB,INSIDE,GTL,OLDTOWN,ARTERY,NORM,1FAM,1.5FIN,6,7,1916,1950,GABLE,COMPSHG,STUCCO,STUCCO,None,0.0,TA,GD,BRKTIL,TA,TA,TA,REC,168.0,TA,546.0,0.0,714.0,GASW,TA,N,SBRKR,1664.0,862.0,0.0,2526.0,0,0,2,0,5,1,GD,10,TYP,1,GD,DETCHD,DETCHD,1,216.0,DETCHD,DETCHD,Y,88.0,15.0,0.0,0.0,0.0,NA,NA,0,8,2007,CWD,FAMILY,136000,True,False
1389,20,RL,42.0,14892.0,PAVE,NA,IR1,HLS,ALLPUB,CULDSAC,GTL,GILBERT,NORM,NORM,1FAM,1STORY,9,5,2006,2007,GABLE,COMPSHG,VINYLSD,VINYLSD,STONE,160.0,EX,TA,PCONC,EX,TA,EX,GLQ,1320.0,TA,0.0,426.0,1746.0,GASA,EX,Y,SBRKR,1746.0,0.0,0.0,1746.0,1,0,2,0,3,1,EX,7,TYP,2,GD,ATTCHD,ATTCHD,3,758.0,ATTCHD,ATTCHD,Y,201.0,39.0,0.0,0.0,0.0,NA,NA,0,10,2009,WD,NORMAL,377500,True,False
1390,50,RM,60.0,6000.0,PAVE,NA,REG,LVL,ALLPUB,INSIDE,GTL,BRKSIDE,NORM,NORM,1FAM,1.5FIN,6,6,1941,1950,GABLE,COMPSHG,WD SDNG,WD SDNG,None,0.0,TA,GD,BRKTIL,TA,GD,TA,ALQ,375.0,GD,0.0,360.0,735.0,GASA,EX,Y,SBRKR,869.0,349.0,0.0,1218.0,0,1,1,0,3,1,TA,6,TYP,1,GD,DETCHD,DETCHD,2,440.0,DETCHD,DETCHD,Y,0.0,0.0,0.0,0.0,0.0,NA,NA,0,3,2007,WD,NORMAL,131000,True,False
1391,20,RL,70.0,9100.0,PAVE,NA,REG,LVL,ALLPUB,INSIDE,GTL,COLLGCR,NORM,NORM,1FAM,1STORY,7,5,2000,2000,GABLE,COMPSHG,VINYLSD,VINYLSD,BRKFACE,244.0,GD,TA,PCONC,GD,TA,GD,GLQ,1400.0,TA,0.0,125.0,1525.0,GASA,EX,Y,SBRKR,1525.0,0.0,0.0,1525.0,1,0,2,0,3,1,GD,6,TYP,0,NA,ATTCHD,ATTCHD,2,541.0,ATTCHD,ATTCHD,Y,219.0,36.0,0.0,0.0,0.0,NA,NA,0,9,2006,WD,NORMAL,235000,True,False
1392,90,RL,65.0,8944.0,PAVE,NA,REG,LVL,ALLPUB,INSIDE,GTL,NAMES,NORM,NORM,DUPLEX,1STORY,5,5,1967,1967,GABLE,COMPSHG,PLYWOOD,PLYWOOD,None,0.0,TA,TA,CBLOCK,TA,TA,TA,UNF,0.0,TA,0.0,1584.0,1584.0,GASA,TA,Y,SBRKR,1584.0,0.0,0.0,1584.0,0,0,2,0,4,2,TA,8,MOD,0,NA,DETCHD,DETCHD,3,792.0,DETCHD,DETCHD,Y,0.0,152.0,0.0,0.0,0.0,NA,NA,0,4,2009,WD,NORMAL,124000,True,False
1393,85,RL,68.0,7838.0,PAVE,NA,REG,LVL,ALLPUB,INSIDE,GTL,NAMES,NORM,NORM,1FAM,SFOYER,5,5,1967,1967,GABLE,COMPSHG,HDBOARD,HDBOARD,None,0.0,TA,TA,CBLOCK,TA,TA,TA,ALQ,769.0,TA,0.0,95.0,864.0,GASA,TA,Y,SBRKR,900.0,0.0,0.0,900.0,1,0,1,0,3,1,TA,6,TYP,1,PO,ATTCHD,ATTCHD,1,288.0,ATTCHD,ATTCHD,Y,175.0,144.0,0.0,0.0,0.0,NA,NA,0,12,2006,WD,NORMAL,123000,True,False
1394,190,RM,60.0,10800.0,PAVE,NA,REG,LVL,ALLPUB,INSIDE,GTL,OLDTOWN,NORM,NORM,2FMCON,1.5FIN,6,7,1905,2000,GABLE,COMPSHG,WD SDNG,WD SDNG,None,0.0,TA,TA,BRKTIL,FA,TA,FA,UNF,0.0,TA,0.0,482.0,482.0,GASA,EX,N,SBRKR,1221.0,691.0,0.0,1912.0,0,0,2,0,3,2,TA,7,TYP,1,TA,DETCHD,DETCHD,2,672.0,DETCHD,DETCHD,Y,0.0,25.0,212.0,0.0,0.0,NA,NA,0,4,2008,WD,NORMAL,163000,True,False
1395,120,RL,53.0,4045.0,PAVE,NA,REG,LVL,ALLPUB,INSIDE,GTL,BLMNGTN,NORM,NORM,TWNHSE,1STORY,7,5,2006,2006,HIP,COMPSHG,VINYLSD,VINYLSD,BRKFACE,45.0,GD,TA,PCONC,GD,TA,GD,GLQ,1070.0,TA,0.0,286.0,1356.0,GASA,EX,Y,SBRKR,1500.0,0.0,0.0,1500.0,1,0,2,0,2,1,GD,6,TYP,1,GD,ATTCHD,ATTCHD,3,648.0,ATTCHD,ATTCHD,Y,161.0,20.0,0.0,0.0,0.0,NA,NA,0,10,2006,NEW,PARTIAL,246578,True,False
1396,60,RL,88.0,12665.0,PAVE,NA,IR1,LVL,ALLPUB,INSIDE,GTL,TIMBER,NORM,NORM,1FAM,2STORY,8,5,2005,2006,HIP,COMPSHG,VINYLSD,VINYLSD,BRKFACE,245.0,GD,TA,PCONC,GD,GD,GD,UNF,0.0,GD,0.0,1094.0,1094.0,GASA,EX,Y,SBRKR,1133.0,1349.0,0.0,2482.0,0,0,2,1,4,1,GD,9,TYP,1,GD,BUILTIN,BUILTIN,3,642.0,BUILTIN,BUILTIN,Y,144.0,39.0,0.0,0.0,0.0,NA,NA,0,2,2007,WD,NORMAL,281213,True,False
1397,20,RL,0.0,57200.0,PAVE,NA,IR1,BNK,ALLPUB,INSIDE,SEV,TIMBER,NORM,NORM,1FAM,1STORY,5,5,1948,1950,GABLE,COMPSHG,WD SDNG,WD SDNG,None,0.0,TA,TA,CBLOCK,TA,TA,TA,BLQ,353.0,TA,334.0,60.0,747.0,GASA,TA,Y,SBRKR,1687.0,0.0,0.0,1687.0,1,0,1,0,3,1,TA,7,MIN1,2,TA,DETCHD,DETCHD,2,572.0,DETCHD,DETCHD,N,0.0,0.0,50.0,0.0,0.0,NA,NA,0,6,2010,WD,NORMAL,160000,True,False
1398,70,RM,51.0,6120.0,PAVE,NA,REG,LVL,ALLPUB,INSIDE,GTL,BRKSIDE,NORM,NORM,1FAM,2STORY,5,8,1920,2004,GABLE,COMPSHG,METALSD,METALSD,None,0.0,TA,TA,BRKTIL,TA,TA,TA,UNF,0.0,TA,0.0,939.0,939.0,GASA,EX,Y,SBRKR,939.0,574.0,0.0,1513.0,0,0,1,1,4,1,TA,8,TYP,0,NA,DETCHD,DETCHD,1,180.0,DETCHD,DETCHD,N,24.0,0.0,150.0,0.0,0.0,NA,NA,0,5,2007,WD,NORMAL,137500,True,False
1399,50,RL,60.0,7200.0,PAVE,NA,REG,LVL,ALLPUB,INSIDE,GTL,NAMES,NORM,NORM,1FAM,1.5FIN,5,4,1950,1982,GABLE,COMPSHG,VINYLSD,WD SDNG,None,0.0,TA,TA,CBLOCK,TA,TA,TA,REC,180.0,TA,352.0,676.0,1208.0,GASA,GD,Y,FUSEA,1136.0,768.0,0.0,1904.0,1,0,1,1,3,1,TA,7,MIN1,0,NA,ATTCHD,ATTCHD,1,240.0,ATTCHD,ATTCHD,Y,0.0,0.0,168.0,0.0,0.0,NA,NA,0,5,2009,WD,NORMAL,138000,True,False
1400,50,RL,51.0,6171.0,PAVE,NA,REG,LVL,ALLPUB,INSIDE,GTL,SWISU,NORM,NORM,1FAM,1.5FIN,6,6,1925,1990,GABLE,COMPSHG,WDSHING,WD SHNG,None,0.0,TA,TA,BRKTIL,TA,TA,TA,BLQ,264.0,TA,0.0,712.0,976.0,GASA,EX,Y,SBRKR,1160.0,448.0,0.0,1608.0,0,0,2,1,3,1,GD,7,TYP,1,GD,DETCHD,DETCHD,1,216.0,DETCHD,DETCHD,Y,147.0,16.0,0.0,0.0,0.0,NA,NA,0,10,2009,WD,NORMAL,137450,True,False
1401,50,RM,50.0,6000.0,PAVE,NA,REG,LVL,ALLPUB,CORNER,GTL,BRKSIDE,NORM,NORM,1FAM,1.5FIN,6,7,1929,1950,GABLE,COMPSHG,WDSHING,WD SHNG,None,0.0,TA,TA,BRKTIL,TA,TA,TA,UNF,0.0,TA,0.0,862.0,862.0,GASA,TA,Y,SBRKR,950.0,208.0,0.0,1158.0,0,0,1,0,3,1,TA,5,TYP,1,GD,BUILTIN,BUILTIN,1,208.0,BUILTIN,BUILTIN,Y,0.0,0.0,112.0,0.0,0.0,NA,NA,0,7,2008,WD,NORMAL,120000,True,False
1402,60,RL,62.0,7415.0,PAVE,NA,IR1,LVL,ALLPUB,INSIDE,GTL,GILBERT,NORM,NORM,1FAM,2STORY,6,5,2004,2004,GABLE,COMPSHG,VINYLSD,VINYLSD,None,0.0,TA,TA,PCONC,TA,TA,TA,GLQ,759.0,TA,0.0,80.0,839.0,GASA,EX,Y,SBRKR,864.0,729.0,0.0,1593.0,1,0,2,1,3,1,TA,8,TYP,1,TA,ATTCHD,ATTCHD,2,398.0,ATTCHD,ATTCHD,Y,100.0,75.0,0.0,0.0,0.0,NA,NA,0,4,2008,WD,NORMAL,193000,True,False
1403,20,RL,64.0,6762.0,PAVE,NA,REG,LVL,ALLPUB,INSIDE,GTL,COLLGCR,NORM,NORM,1FAM,1STORY,7,5,2006,2006,GABLE,COMPSHG,VINYLSD,VINYLSD,None,0.0,GD,TA,PCONC,GD,GD,GD,UNF,0.0,GD,0.0,1286.0,1286.0,GASA,EX,Y,SBRKR,1294.0,0.0,0.0,1294.0,0,0,2,0,2,1,GD,6,TYP,1,GD,ATTCHD,ATTCHD,2,662.0,ATTCHD,ATTCHD,Y,168.0,55.0,0.0,0.0,0.0,NA,NA,0,7,2006,NEW,PARTIAL,193879,True,False
1404,20,RL,49.0,15256.0,PAVE,NA,IR1,LVL,ALLPUB,CULDSAC,GTL,SOMERST,RRAN,NORM,1FAM,1STORY,8,5,2007,2007,GABLE,COMPSHG,VINYLSD,VINYLSD,STONE,84.0,GD,TA,PCONC,GD,TA,GD,GLQ,929.0,TA,0.0,556.0,1485.0,GASA,EX,Y,SBRKR,1464.0,0.0,0.0,1464.0,1,0,2,0,3,1,GD,6,TYP,0,NA,ATTCHD,ATTCHD,3,754.0,ATTCHD,ATTCHD,Y,168.0,160.0,0.0,0.0,0.0,NA,NA,0,8,2007,WD,NORMAL,282922,True,False
1405,50,RL,60.0,10410.0,PAVE,NA,REG,LVL,ALLPUB,CORNER,GTL,OLDTOWN,ARTERY,NORM,1FAM,1.5FIN,3,4,1915,1950,GABLE,COMPSHG,WD SDNG,WD SDNG,None,0.0,TA,TA,PCONC,TA,TA,TA,UNF,0.0,TA,0.0,672.0,672.0,GASA,TA,Y,SBRKR,694.0,520.0,0.0,1214.0,0,0,1,0,3,1,TA,6,TYP,0,NA,DETCHD,DETCHD,3,936.0,DETCHD,DETCHD,Y,216.0,0.0,160.0,0.0,0.0,NA,NA,0,1,2006,WD,FAMILY,105000,True,False
1406,120,RM,44.0,3842.0,PAVE,NA,IR1,HLS,ALLPUB,INSIDE,MOD,CRAWFOR,NORM,NORM,TWNHSE,1STORY,8,5,2004,2005,HIP,COMPSHG,CEMNTBD,CMENTBD,STONE,174.0,GD,TA,PCONC,EX,TA,EX,GLQ,1373.0,TA,0.0,221.0,1594.0,GASA,EX,Y,SBRKR,1646.0,0.0,0.0,1646.0,1,1,2,0,2,1,GD,5,TYP,1,GD,ATTCHD,ATTCHD,2,482.0,ATTCHD,ATTCHD,Y,128.0,53.0,0.0,0.0,155.0,NA,NA,0,1,2008,WD,NORMAL,275000,True,False
1407,85,RL,70.0,8445.0,PAVE,NA,REG,LVL,ALLPUB,CORNER,GTL,COLLGCR,NORM,NORM,1FAM,SFOYER,5,7,1972,2007,GABLE,COMPSHG,HDBOARD,WD SHNG,None,0.0,TA,TA,CBLOCK,GD,TA,GD,GLQ,656.0,TA,0.0,112.0,768.0,GASA,TA,Y,SBRKR,768.0,0.0,0.0,768.0,1,0,1,0,2,1,TA,5,TYP,0,NA,DETCHD,DETCHD,2,396.0,DETCHD,DETCHD,Y,58.0,0.0,0.0,0.0,0.0,NA,NA,0,3,2009,WD,NORMAL,133000,True,False
1408,20,RL,0.0,8780.0,PAVE,NA,IR1,LVL,ALLPUB,CORNER,GTL,MITCHEL,NORM,NORM,1FAM,1STORY,5,5,1985,1985,GABLE,COMPSHG,HDBOARD,PLYWOOD,None,0.0,TA,TA,CBLOCK,TA,TA,TA,ALQ,625.0,TA,0.0,208.0,833.0,GASA,EX,Y,SBRKR,833.0,0.0,0.0,833.0,1,0,1,0,3,1,TA,5,TYP,0,NA,NA,NA,0,0.0,NA,NA,Y,0.0,0.0,0.0,0.0,0.0,NA,NA,0,3,2009,WD,NORMAL,112000,False,False
1409,70,RM,60.0,7740.0,PAVE,NA,REG,LVL,ALLPUB,INSIDE,GTL,OLDTOWN,NORM,NORM,1FAM,2STORY,4,7,1910,1950,GABLE,COMPSHG,VINYLSD,VINYLSD,None,0.0,TA,TA,CBLOCK,FA,TA,FA,UNF,0.0,TA,0.0,622.0,622.0,GASA,GD,Y,SBRKR,741.0,622.0,0.0,1363.0,0,0,1,0,3,1,TA,6,TYP,0,NA,DETCHD,DETCHD,2,528.0,DETCHD,DETCHD,Y,0.0,0.0,0.0,0.0,168.0,NA,NA,0,6,2010,WD,NORMAL,125500,True,False
1410,60,RL,46.0,20544.0,PAVE,NA,IR1,LVL,ALLPUB,CULDSAC,GTL,NWAMES,NORM,NORM,1FAM,2STORY,7,6,1986,1991,GABLE,COMPSHG,PLYWOOD,PLYWOOD,BRKFACE,123.0,TA,GD,CBLOCK,GD,TA,GD,UNF,0.0,TA,0.0,791.0,791.0,GASA,GD,Y,SBRKR,1236.0,857.0,0.0,2093.0,0,0,2,1,3,1,TA,7,TYP,1,TA,ATTCHD,ATTCHD,2,542.0,ATTCHD,ATTCHD,Y,364.0,63.0,0.0,0.0,0.0,NA,NA,0,11,2008,WD,NORMAL,215000,True,False
1411,60,RL,79.0,12420.0,PAVE,NA,REG,LVL,ALLPUB,INSIDE,GTL,COLLGCR,NORM,NORM,1FAM,2STORY,7,5,2001,2001,GABLE,COMPSHG,VINYLSD,VINYLSD,None,0.0,GD,TA,PCONC,GD,TA,GD,GLQ,666.0,TA,0.0,278.0,944.0,GASA,EX,Y,SBRKR,944.0,896.0,0.0,1840.0,1,0,2,1,3,1,GD,6,TYP,0,NA,ATTCHD,ATTCHD,2,622.0,ATTCHD,ATTCHD,Y,0.0,45.0,0.0,0.0,0.0,NA,NA,0,6,2009,WD,NORMAL,230000,True,False
1412,50,RL,80.0,9600.0,PAVE,NA,REG,LVL,ALLPUB,INSIDE,GTL,NAMES,NORM,NORM,1FAM,1.5FIN,6,8,1950,2005,GABLE,COMPSHG,VINYLSD,VINYLSD,None,0.0,TA,GD,CBLOCK,TA,TA,TA,BLQ,120.0,TA,0.0,736.0,856.0,GASA,EX,Y,SBRKR,1112.0,556.0,0.0,1668.0,0,0,1,1,3,1,TA,6,MIN2,0,NA,ATTCHD,ATTCHD,1,271.0,ATTCHD,ATTCHD,Y,0.0,0.0,0.0,0.0,0.0,NA,NA,0,9,2009,WD,NORMAL,140000,True,False
1413,90,RL,60.0,7200.0,PAVE,NA,REG,LVL,ALLPUB,INSIDE,GTL,NAMES,NORM,NORM,DUPLEX,1STORY,4,5,1949,1950,GABLE,COMPSHG,BRKFACE,STONE,None,0.0,TA,TA,SLAB,NA,NA,NA,NA,0.0,NA,0.0,0.0,0.0,WALL,FA,N,FUSEF,1040.0,0.0,0.0,1040.0,0,0,2,0,2,2,TA,6,TYP,0,NA,DETCHD,DETCHD,2,420.0,DETCHD,DETCHD,Y,0.0,0.0,0.0,0.0,0.0,NA,NA,0,6,2009,WD,NORMAL,90000,True,False
1414,20,RL,88.0,10994.0,PAVE,NA,IR1,LVL,ALLPUB,CORNER,GTL,SAWYERW,NORM,NORM,1FAM,1STORY,8,5,2005,2006,GABLE,COMPSHG,VINYLSD,VINYLSD,STONE,366.0,GD,TA,PCONC,GD,GD,GD,GLQ,976.0,GD,0.0,868.0,1844.0,GASA,EX,Y,SBRKR,1844.0,0.0,0.0,1844.0,1,0,2,0,2,1,GD,7,TYP,1,GD,ATTCHD,ATTCHD,2,620.0,ATTCHD,ATTCHD,Y,165.0,44.0,0.0,0.0,0.0,NA,NA,0,9,2009,COD,ABNORML,257000,True,False
1415,50,RL,64.0,13053.0,PAVE,NA,REG,BNK,ALLPUB,INSIDE,GTL,BRKSIDE,NORM,NORM,1FAM,1.5FIN,6,7,1923,2000,GAMBREL,COMPSHG,WD SDNG,WD SDNG,None,0.0,TA,TA,BRKTIL,TA,TA,TA,UNF,0.0,TA,0.0,833.0,833.0,GASA,GD,Y,SBRKR,1053.0,795.0,0.0,1848.0,0,0,1,1,4,1,GD,8,TYP,1,GD,DETCHD,DETCHD,2,370.0,DETCHD,DETCHD,N,0.0,0.0,0.0,0.0,220.0,NA,NA,0,6,2008,WD,NORMAL,207000,True,False
1416,120,RL,51.0,3635.0,PAVE,NA,REG,LVL,ALLPUB,INSIDE,GTL,BLMNGTN,NORM,NORM,TWNHSE,1STORY,7,5,2007,2007,HIP,COMPSHG,VINYLSD,VINYLSD,BRKFACE,130.0,GD,TA,PCONC,GD,TA,GD,ALQ,988.0,TA,0.0,398.0,1386.0,GASA,EX,Y,SBRKR,1569.0,0.0,0.0,1569.0,0,1,2,0,1,1,GD,7,TYP,1,TA,ATTCHD,ATTCHD,3,660.0,ATTCHD,ATTCHD,Y,143.0,20.0,0.0,0.0,0.0,NA,NA,0,5,2009,WD,NORMAL,175900,True,False
1417,190,RM,60.0,11340.0,PAVE,NA,REG,LVL,ALLPUB,INSIDE,GTL,OLDTOWN,NORM,NORM,2FMCON,2STORY,4,6,1885,1950,GABLE,COMPSHG,VINYLSD,ASBSHNG,None,0.0,TA,TA,PCONC,TA,TA,TA,UNF,0.0,TA,0.0,777.0,777.0,GASA,GD,Y,SBRKR,1246.0,1044.0,0.0,2290.0,0,0,2,0,4,2,TA,11,TYP,0,NA,DETCHD,DETCHD,2,560.0,DETCHD,DETCHD,N,0.0,0.0,114.0,0.0,0.0,NA,NA,0,4,2010,WD,NORMAL,122500,True,False
1418,60,RL,0.0,16545.0,PAVE,NA,IR1,LVL,ALLPUB,INSIDE,GTL,NORIDGE,NORM,NORM,1FAM,2STORY,8,5,1998,1998,GABLE,COMPSHG,VINYLSD,VINYLSD,BRKFACE,731.0,GD,TA,PCONC,GD,TA,GD,GLQ,781.0,TA,0.0,503.0,1284.0,GASA,EX,Y,SBRKR,1310.0,1140.0,0.0,2450.0,1,0,2,1,3,1,GD,7,TYP,1,TA,ATTCHD,ATTCHD,3,1069.0,ATTCHD,ATTCHD,Y,0.0,126.0,0.0,0.0,0.0,NA,NA,0,5,2009,WD,NORMAL,340000,True,False
1419,20,RL,71.0,9204.0,PAVE,NA,REG,LVL,ALLPUB,INSIDE,GTL,NAMES,NORM,NORM,1FAM,1STORY,5,5,1963,1963,GABLE,COMPSHG,HDBOARD,HDBOARD,None,0.0,TA,TA,CBLOCK,TA,TA,TA,BLQ,25.0,TA,872.0,247.0,1144.0,GASA,TA,Y,SBRKR,1144.0,0.0,0.0,1144.0,1,0,1,1,3,1,TA,6,TYP,0,NA,DETCHD,DETCHD,1,336.0,DETCHD,DETCHD,Y,0.0,88.0,0.0,0.0,0.0,NA,NA,0,8,2008,COD,NORMAL,124000,True,False
1420,20,RL,0.0,16381.0,PAVE,NA,IR1,LVL,ALLPUB,INSIDE,GTL,CRAWFOR,NORM,NORM,1FAM,1STORY,6,5,1969,1969,GABLE,COMPSHG,PLYWOOD,PLYWOOD,BRKFACE,312.0,GD,GD,CBLOCK,TA,TA,TA,REC,1110.0,TA,0.0,734.0,1844.0,GASA,GD,Y,SBRKR,1844.0,0.0,0.0,1844.0,1,0,2,0,3,1,GD,7,TYP,1,TA,ATTCHD,ATTCHD,2,540.0,ATTCHD,ATTCHD,Y,0.0,73.0,216.0,0.0,0.0,NA,NA,0,12,2006,WD,NORMAL,223000,True,False
1421,60,RL,90.0,11700.0,PAVE,NA,REG,LVL,ALLPUB,CORNER,GTL,NWAMES,NORM,NORM,1FAM,2STORY,6,6,1968,1968,GABLE,COMPSHG,HDBOARD,HDBOARD,BRKFACE,420.0,TA,TA,CBLOCK,TA,TA,TA,ALQ,404.0,TA,0.0,304.0,708.0,GASA,GD,Y,SBRKR,708.0,708.0,0.0,1416.0,0,0,2,1,3,1,TA,7,TYP,1,TA,ATTCHD,ATTCHD,2,776.0,ATTCHD,ATTCHD,Y,0.0,169.0,0.0,0.0,119.0,NA,NA,0,5,2006,WD,NORMAL,179900,True,False
1422,120,RL,53.0,4043.0,PAVE,NA,REG,LVL,ALLPUB,INSIDE,GTL,NPKVILL,NORM,NORM,TWNHSE,1STORY,6,5,1977,1977,GABLE,COMPSHG,PLYWOOD,PLYWOOD,None,0.0,TA,TA,CBLOCK,GD,TA,GD,ALQ,360.0,TA,0.0,709.0,1069.0,GASA,TA,Y,SBRKR,1069.0,0.0,0.0,1069.0,0,0,2,0,2,1,TA,4,TYP,1,FA,ATTCHD,ATTCHD,2,440.0,ATTCHD,ATTCHD,Y,0.0,55.0,0.0,0.0,165.0,NA,NA,0,7,2010,WD,NORMAL,127500,True,False
1423,120,RM,37.0,4435.0,PAVE,NA,REG,LVL,ALLPUB,INSIDE,GTL,COLLGCR,NORM,NORM,TWNHSE,1STORY,6,5,2003,2003,GABLE,COMPSHG,VINYLSD,VINYLSD,BRKFACE,170.0,GD,TA,PCONC,GD,TA,GD,GLQ,686.0,TA,0.0,162.0,848.0,GASA,EX,Y,SBRKR,848.0,0.0,0.0,848.0,1,0,1,0,1,1,GD,3,TYP,0,NA,ATTCHD,ATTCHD,2,420.0,ATTCHD,ATTCHD,Y,140.0,0.0,0.0,0.0,0.0,NA,NA,0,3,2008,WD,NORMAL,136500,True,False
1424,80,RL,0.0,19690.0,PAVE,NA,IR1,LVL,ALLPUB,CULDSAC,GTL,EDWARDS,NORM,NORM,1FAM,SLVL,6,7,1966,1966,FLAT,TAR&GRV,PLYWOOD,PLYWOOD,None,0.0,GD,GD,CBLOCK,GD,TA,GD,UNF,0.0,TA,0.0,697.0,697.0,GASA,TA,Y,SBRKR,1575.0,626.0,0.0,2201.0,0,0,2,0,4,1,GD,8,TYP,1,GD,ATTCHD,ATTCHD,2,432.0,ATTCHD,ATTCHD,Y,586.0,236.0,0.0,0.0,0.0,NA,NA,0,8,2006,WD,ALLOCA,274970,True,True
1425,20,RL,0.0,9503.0,PAVE,NA,REG,LVL,ALLPUB,INSIDE,GTL,NAMES,NORM,NORM,1FAM,1STORY,5,5,1958,1983,HIP,COMPSHG,HDBOARD,HDBOARD,None,0.0,TA,TA,CBLOCK,TA,TA,TA,ALQ,457.0,TA,374.0,193.0,1024.0,GASA,TA,Y,SBRKR,1344.0,0.0,0.0,1344.0,1,0,1,0,2,1,TA,6,MIN1,1,TA,DETCHD,DETCHD,1,484.0,DETCHD,DETCHD,Y,316.0,28.0,0.0,0.0,0.0,NA,NA,0,6,2007,WD,NORMAL,144000,True,False
1426,20,RL,80.0,10721.0,PAVE,NA,IR1,LVL,ALLPUB,INSIDE,GTL,NAMES,NORM,NORM,1FAM,1STORY,6,6,1959,1959,HIP,COMPSHG,HDBOARD,HDBOARD,STONE,243.0,GD,TA,CBLOCK,TA,TA,TA,UNF,0.0,TA,0.0,1252.0,1252.0,GASA,EX,Y,SBRKR,1252.0,0.0,0.0,1252.0,0,0,1,0,3,1,GD,7,TYP,0,NA,DETCHD,DETCHD,2,528.0,DETCHD,DETCHD,Y,0.0,39.0,0.0,0.0,0.0,NA,NA,0,10,2008,WD,NORMAL,142000,True,False
1427,60,RL,81.0,10944.0,PAVE,NA,IR1,LVL,ALLPUB,INSIDE,GTL,NORIDGE,NORM,NORM,1FAM,2STORY,7,5,1994,1994,GABLE,COMPSHG,VINYLSD,VINYLSD,BRKFACE,448.0,GD,TA,PCONC,GD,TA,GD,GLQ,1000.0,TA,0.0,223.0,1223.0,GASA,EX,Y,SBRKR,1223.0,904.0,0.0,2127.0,1,0,2,1,3,1,GD,5,TYP,2,TA,ATTCHD,ATTCHD,2,525.0,ATTCHD,ATTCHD,Y,171.0,132.0,0.0,0.0,0.0,NA,NA,0,8,2008,WD,NORMAL,271000,True,False
1428,50,RL,60.0,10930.0,PAVE,NA,REG,BNK,ALLPUB,INSIDE,GTL,NAMES,ARTERY,NORM,1FAM,1.5FIN,5,6,1945,1950,GABLE,COMPSHG,METALSD,METALSD,None,0.0,TA,TA,CBLOCK,TA,TA,TA,BLQ,580.0,TA,0.0,333.0,913.0,GASA,TA,Y,FUSEA,1048.0,510.0,0.0,1558.0,1,0,1,1,3,1,TA,6,TYP,1,TA,ATTCHD,ATTCHD,1,288.0,ATTCHD,ATTCHD,Y,0.0,0.0,0.0,0.0,0.0,NA,NA,0,4,2008,WD,NORMAL,140000,True,False
1429,30,RM,60.0,7200.0,PAVE,NA,REG,LVL,ALLPUB,CORNER,GTL,OLDTOWN,NORM,NORM,1FAM,1STORY,5,7,1940,1992,GABLE,COMPSHG,METALSD,METALSD,STONE,294.0,TA,GD,CBLOCK,TA,TA,TA,BLQ,510.0,TA,0.0,278.0,788.0,GASA,TA,Y,SBRKR,804.0,0.0,0.0,804.0,1,0,1,0,2,1,GD,4,TYP,2,GD,ATTCHD,ATTCHD,1,240.0,ATTCHD,ATTCHD,Y,0.0,0.0,154.0,0.0,0.0,NA,NA,0,2,2010,WD,ABNORML,119000,True,False
1430,20,RL,0.0,12546.0,PAVE,NA,IR1,LVL,ALLPUB,CORNER,GTL,NWAMES,NORM,NORM,1FAM,1STORY,6,7,1981,1981,GABLE,COMPSHG,METALSD,METALSD,BRKFACE,310.0,GD,GD,CBLOCK,GD,TA,GD,BLQ,678.0,TA,0.0,762.0,1440.0,GASA,EX,Y,SBRKR,1440.0,0.0,0.0,1440.0,0,0,2,0,3,1,GD,7,TYP,1,TA,ATTCHD,ATTCHD,2,467.0,ATTCHD,ATTCHD,Y,0.0,0.0,99.0,0.0,0.0,NA,NA,0,4,2007,WD,NORMAL,182900,True,False
1431,60,RL,60.0,21930.0,PAVE,NA,IR3,LVL,ALLPUB,INSIDE,GTL,GILBERT,RRAN,NORM,1FAM,2STORY,5,5,2005,2005,GABLE,COMPSHG,VINYLSD,VINYLSD,None,0.0,GD,TA,PCONC,GD,GD,GD,UNF,0.0,GD,0.0,732.0,732.0,GASA,EX,Y,SBRKR,734.0,1104.0,0.0,1838.0,0,0,2,1,4,1,TA,7,TYP,1,GD,BUILTIN,BUILTIN,2,372.0,BUILTIN,BUILTIN,Y,100.0,40.0,0.0,0.0,0.0,NA,NA,0,7,2006,WD,NORMAL,192140,True,False
1432,120,RL,0.0,4928.0,PAVE,NA,IR1,LVL,ALLPUB,INSIDE,GTL,NPKVILL,NORM,NORM,TWNHSE,1STORY,6,6,1976,1976,GABLE,COMPSHG,PLYWOOD,PLYWOOD,None,0.0,TA,TA,CBLOCK,GD,TA,GD,LWQ,958.0,TA,0.0,0.0,958.0,GASA,TA,Y,SBRKR,958.0,0.0,0.0,958.0,0,0,2,0,2,1,TA,5,TYP,0,NA,ATTCHD,ATTCHD,2,440.0,ATTCHD,ATTCHD,Y,0.0,60.0,0.0,0.0,0.0,NA,NA,0,10,2009,WD,NORMAL,143750,True,False
1433,30,RL,60.0,10800.0,PAVE,NA,REG,LVL,ALLPUB,INSIDE,GTL,OLDTOWN,NORM,NORM,1FAM,1STORY,4,6,1927,2007,GABLE,COMPSHG,WD SDNG,WD SDNG,None,0.0,TA,TA,BRKTIL,TA,TA,TA,UNF,0.0,TA,0.0,656.0,656.0,GASA,TA,Y,SBRKR,968.0,0.0,0.0,968.0,0,0,2,0,4,1,TA,5,TYP,0,NA,DETCHD,DETCHD,1,216.0,DETCHD,DETCHD,Y,0.0,0.0,0.0,0.0,0.0,NA,NA,0,8,2007,WD,NORMAL,64500,True,False
1434,60,RL,93.0,10261.0,PAVE,NA,IR1,LVL,ALLPUB,INSIDE,GTL,GILBERT,NORM,NORM,1FAM,2STORY,6,5,2000,2000,GABLE,COMPSHG,VINYLSD,VINYLSD,BRKFACE,318.0,TA,TA,PCONC,GD,TA,GD,UNF,0.0,TA,0.0,936.0,936.0,GASA,EX,Y,SBRKR,962.0,830.0,0.0,1792.0,1,0,2,1,3,1,TA,8,TYP,1,TA,ATTCHD,ATTCHD,2,451.0,ATTCHD,ATTCHD,Y,0.0,0.0,0.0,0.0,0.0,NA,NA,0,5,2008,WD,NORMAL,186500,True,False
1435,20,RL,80.0,17400.0,PAVE,NA,REG,LOW,ALLPUB,INSIDE,MOD,MITCHEL,NORM,NORM,1FAM,1STORY,5,5,1977,1977,GABLE,COMPSHG,BRKFACE,BRKFACE,None,0.0,TA,TA,CBLOCK,TA,TA,TA,ALQ,936.0,TA,0.0,190.0,1126.0,GASA,FA,Y,SBRKR,1126.0,0.0,0.0,1126.0,1,0,2,0,3,1,TA,5,TYP,1,GD,ATTCHD,ATTCHD,2,484.0,ATTCHD,ATTCHD,P,295.0,41.0,0.0,0.0,0.0,NA,NA,0,5,2006,WD,NORMAL,160000,True,False
1436,20,RL,80.0,8400.0,PAVE,NA,REG,LVL,ALLPUB,INSIDE,GTL,NAMES,NORM,NORM,1FAM,1STORY,6,9,1962,2005,GABLE,COMPSHG,WD SDNG,WD SDNG,BRKFACE,237.0,GD,GD,CBLOCK,TA,TA,TA,UNF,0.0,TA,0.0,1319.0,1319.0,GASA,TA,Y,SBRKR,1537.0,0.0,0.0,1537.0,1,0,1,1,3,1,GD,7,TYP,1,GD,ATTCHD,ATTCHD,2,462.0,ATTCHD,ATTCHD,Y,0.0,36.0,0.0,0.0,0.0,NA,NA,0,7,2008,COD,ABNORML,174000,True,False
1437,20,RL,60.0,9000.0,PAVE,NA,REG,LVL,ALLPUB,FR2,GTL,NAMES,NORM,NORM,1FAM,1STORY,4,6,1971,1971,GABLE,COMPSHG,HDBOARD,HDBOARD,None,0.0,TA,TA,PCONC,TA,TA,TA,ALQ,616.0,TA,0.0,248.0,864.0,GASA,TA,Y,SBRKR,864.0,0.0,0.0,864.0,0,0,1,0,3,1,TA,5,TYP,0,NA,DETCHD,DETCHD,2,528.0,DETCHD,DETCHD,Y,0.0,0.0,0.0,0.0,0.0,NA,NA,0,5,2007,WD,NORMAL,120500,True,False
1438,20,RL,96.0,12444.0,PAVE,NA,REG,LVL,ALLPUB,FR2,GTL,NRIDGHT,NORM,NORM,1FAM,1STORY,8,5,2008,2008,HIP,COMPSHG,VINYLSD,VINYLSD,STONE,426.0,EX,TA,PCONC,EX,TA,EX,GLQ,1336.0,TA,0.0,596.0,1932.0,GASA,EX,Y,SBRKR,1932.0,0.0,0.0,1932.0,1,0,2,0,2,1,EX,7,TYP,1,GD,ATTCHD,ATTCHD,3,774.0,ATTCHD,ATTCHD,Y,0.0,66.0,0.0,304.0,0.0,NA,NA,0,11,2008,NEW,PARTIAL,394617,True,False
1439,20,RM,90.0,7407.0,PAVE,NA,REG,LVL,ALLPUB,INSIDE,GTL,OLDTOWN,ARTERY,NORM,1FAM,1STORY,6,7,1957,1996,GABLE,COMPSHG,METALSD,METALSD,None,0.0,TA,TA,CBLOCK,TA,TA,TA,GLQ,600.0,TA,0.0,312.0,912.0,GASA,TA,Y,FUSEA,1236.0,0.0,0.0,1236.0,1,0,1,0,2,1,TA,6,TYP,0,NA,ATTCHD,ATTCHD,2,923.0,ATTCHD,ATTCHD,Y,0.0,158.0,158.0,0.0,0.0,NA,NA,0,4,2010,WD,NORMAL,149700,True,False
1440,60,RL,80.0,11584.0,PAVE,NA,REG,LVL,ALLPUB,INSIDE,GTL,NWAMES,NORM,NORM,1FAM,SLVL,7,6,1979,1979,HIP,COMPSHG,HDBOARD,HDBOARD,BRKFACE,96.0,TA,TA,CBLOCK,TA,TA,TA,GLQ,315.0,TA,110.0,114.0,539.0,GASA,TA,Y,SBRKR,1040.0,685.0,0.0,1725.0,0,0,2,1,3,1,TA,6,TYP,1,TA,ATTCHD,ATTCHD,2,550.0,ATTCHD,ATTCHD,Y,0.0,88.0,216.0,0.0,0.0,NA,NA,0,11,2007,WD,NORMAL,197000,True,False
1441,70,RL,79.0,11526.0,PAVE,NA,IR1,BNK,ALLPUB,INSIDE,MOD,CRAWFOR,NORM,NORM,1FAM,2.5FIN,6,7,1922,1994,GABLE,COMPSHG,METALSD,METALSD,None,0.0,TA,TA,BRKTIL,EX,TA,EX,UNF,0.0,TA,0.0,588.0,588.0,GASA,FA,Y,SBRKR,1423.0,748.0,384.0,2555.0,0,0,2,0,3,1,TA,11,MIN1,1,GD,DETCHD,DETCHD,2,672.0,DETCHD,DETCHD,Y,431.0,0.0,0.0,0.0,0.0,NA,NA,0,9,2008,WD,NORMAL,191000,True,False
1442,120,RM,0.0,4426.0,PAVE,NA,REG,LVL,ALLPUB,INSIDE,GTL,COLLGCR,NORM,NORM,TWNHSE,1STORY,6,5,2004,2004,GABLE,COMPSHG,VINYLSD,VINYLSD,BRKFACE,147.0,GD,TA,PCONC,GD,TA,GD,GLQ,697.0,TA,0.0,151.0,848.0,GASA,EX,Y,SBRKR,848.0,0.0,0.0,848.0,1,0,1,0,1,1,GD,3,TYP,1,TA,ATTCHD,ATTCHD,2,420.0,ATTCHD,ATTCHD,Y,149.0,0.0,0.0,0.0,0.0,NA,NA,0,5,2008,WD,NORMAL,149300,True,False
1443,60,FV,85.0,11003.0,PAVE,NA,REG,LVL,ALLPUB,INSIDE,GTL,SOMERST,NORM,NORM,1FAM,2STORY,10,5,2008,2008,GABLE,COMPSHG,VINYLSD,VINYLSD,STONE,160.0,EX,TA,PCONC,EX,TA,EX,GLQ,765.0,TA,0.0,252.0,1017.0,GASA,EX,Y,SBRKR,1026.0,981.0,0.0,2007.0,1,0,2,1,3,1,EX,10,TYP,1,EX,ATTCHD,ATTCHD,3,812.0,ATTCHD,ATTCHD,Y,168.0,52.0,0.0,0.0,0.0,NA,NA,0,4,2009,WD,NORMAL,310000,True,False
1444,30,RL,0.0,8854.0,PAVE,NA,REG,LVL,ALLPUB,INSIDE,GTL,BRKSIDE,NORM,NORM,1FAM,1.5UNF,6,6,1916,1950,GABLE,COMPSHG,WD SDNG,WD SDNG,None,0.0,TA,TA,BRKTIL,TA,TA,TA,UNF,0.0,TA,0.0,952.0,952.0,GRAV,FA,N,FUSEF,952.0,0.0,0.0,952.0,0,0,1,0,2,1,FA,4,TYP,1,GD,DETCHD,DETCHD,1,192.0,DETCHD,DETCHD,P,0.0,98.0,0.0,0.0,40.0,NA,NA,0,5,2009,WD,NORMAL,121000,True,False
1445,20,RL,63.0,8500.0,PAVE,NA,REG,LVL,ALLPUB,FR2,GTL,COLLGCR,NORM,NORM,1FAM,1STORY,7,5,2004,2004,GABLE,COMPSHG,VINYLSD,VINYLSD,BRKFACE,106.0,GD,TA,PCONC,GD,TA,GD,UNF,0.0,TA,0.0,1422.0,1422.0,GASA,EX,Y,SBRKR,1422.0,0.0,0.0,1422.0,0,0,2,0,3,1,GD,7,TYP,0,NA,ATTCHD,ATTCHD,2,626.0,ATTCHD,ATTCHD,Y,192.0,60.0,0.0,0.0,0.0,NA,NA,0,11,2007,WD,NORMAL,179600,True,False
1446,85,RL,70.0,8400.0,PAVE,NA,REG,LVL,ALLPUB,INSIDE,GTL,SAWYER,NORM,NORM,1FAM,SFOYER,6,5,1966,1966,GABLE,COMPSHG,VINYLSD,VINYLSD,None,0.0,TA,TA,CBLOCK,TA,TA,TA,LWQ,187.0,TA,627.0,0.0,814.0,GASA,GD,Y,SBRKR,913.0,0.0,0.0,913.0,1,0,1,0,3,1,TA,6,TYP,0,NA,DETCHD,DETCHD,1,240.0,DETCHD,DETCHD,Y,0.0,0.0,252.0,0.0,0.0,NA,NA,0,5,2007,WD,NORMAL,129000,True,False
1447,20,RL,0.0,26142.0,PAVE,NA,IR1,LVL,ALLPUB,CULDSAC,GTL,MITCHEL,NORM,NORM,1FAM,1STORY,5,7,1962,1962,GABLE,COMPSHG,HDBOARD,HDBOARD,BRKFACE,189.0,TA,TA,CBLOCK,TA,TA,TA,REC,593.0,TA,0.0,595.0,1188.0,GASA,TA,Y,SBRKR,1188.0,0.0,0.0,1188.0,0,0,1,0,3,1,TA,6,TYP,0,NA,ATTCHD,ATTCHD,1,312.0,ATTCHD,ATTCHD,P,261.0,39.0,0.0,0.0,0.0,NA,NA,0,4,2010,WD,NORMAL,157900,True,False
1448,60,RL,80.0,10000.0,PAVE,NA,REG,LVL,ALLPUB,INSIDE,GTL,COLLGCR,NORM,NORM,1FAM,2STORY,8,5,1995,1996,GABLE,COMPSHG,VINYLSD,VINYLSD,BRKFACE,438.0,GD,TA,PCONC,GD,TA,GD,GLQ,1079.0,TA,0.0,141.0,1220.0,GASA,EX,Y,SBRKR,1220.0,870.0,0.0,2090.0,1,0,2,1,3,1,GD,8,TYP,1,TA,ATTCHD,ATTCHD,2,556.0,ATTCHD,ATTCHD,Y,0.0,65.0,0.0,0.0,0.0,NA,NA,0,12,2007,WD,NORMAL,240000,True,False
1449,50,RL,70.0,11767.0,PAVE,NA,REG,LVL,ALLPUB,INSIDE,GTL,EDWARDS,NORM,NORM,1FAM,2STORY,4,7,1910,2000,GABLE,COMPSHG,METALSD,HDBOARD,None,0.0,TA,TA,CBLOCK,FA,TA,FA,UNF,0.0,TA,0.0,560.0,560.0,GASA,GD,N,SBRKR,796.0,550.0,0.0,1346.0,0,0,1,1,2,1,TA,6,MIN2,0,NA,DETCHD,DETCHD,1,384.0,DETCHD,DETCHD,Y,168.0,24.0,0.0,0.0,0.0,NA,NA,0,5,2007,WD,NORMAL,112000,True,False
1450,180,RM,21.0,1533.0,PAVE,NA,REG,LVL,ALLPUB,INSIDE,GTL,MEADOWV,NORM,NORM,TWNHS,SFOYER,5,7,1970,1970,GABLE,COMPSHG,CEMNTBD,CMENTBD,None,0.0,TA,TA,CBLOCK,GD,TA,GD,GLQ,553.0,TA,0.0,77.0,630.0,GASA,EX,Y,SBRKR,630.0,0.0,0.0,630.0,1,0,1,0,1,1,EX,3,TYP,0,NA,NA,NA,0,0.0,NA,NA,Y,0.0,0.0,0.0,0.0,0.0,NA,NA,0,8,2006,WD,ABNORML,92000,False,False
1451,90,RL,60.0,9000.0,PAVE,NA,REG,LVL,ALLPUB,FR2,GTL,NAMES,NORM,NORM,DUPLEX,2STORY,5,5,1974,1974,GABLE,COMPSHG,VINYLSD,VINYLSD,None,0.0,TA,TA,CBLOCK,GD,TA,GD,UNF,0.0,TA,0.0,896.0,896.0,GASA,TA,Y,SBRKR,896.0,896.0,0.0,1792.0,0,0,2,2,4,2,TA,8,TYP,0,NA,NA,NA,0,0.0,NA,NA,Y,32.0,45.0,0.0,0.0,0.0,NA,NA,0,9,2009,WD,NORMAL,136000,False,False
1452,20,RL,78.0,9262.0,PAVE,NA,REG,LVL,ALLPUB,INSIDE,GTL,SOMERST,NORM,NORM,1FAM,1STORY,8,5,2008,2009,GABLE,COMPSHG,CEMNTBD,CMENTBD,STONE,194.0,GD,TA,PCONC,GD,TA,GD,UNF,0.0,TA,0.0,1573.0,1573.0,GASA,EX,Y,SBRKR,1578.0,0.0,0.0,1578.0,0,0,2,0,3,1,EX,7,TYP,1,GD,ATTCHD,ATTCHD,3,840.0,ATTCHD,ATTCHD,Y,0.0,36.0,0.0,0.0,0.0,NA,NA,0,5,2009,NEW,PARTIAL,287090,True,False
1453,180,RM,35.0,3675.0,PAVE,NA,REG,LVL,ALLPUB,INSIDE,GTL,EDWARDS,NORM,NORM,TWNHSE,SLVL,5,5,2005,2005,GABLE,COMPSHG,VINYLSD,VINYLSD,BRKFACE,80.0,TA,TA,PCONC,GD,TA,GD,GLQ,547.0,TA,0.0,0.0,547.0,GASA,GD,Y,SBRKR,1072.0,0.0,0.0,1072.0,1,0,1,0,2,1,TA,5,TYP,0,NA,BASMENT,BASMENT,2,525.0,BASMENT,BASMENT,Y,0.0,28.0,0.0,0.0,0.0,NA,NA,0,5,2006,WD,NORMAL,145000,True,False
1454,20,RL,90.0,17217.0,PAVE,NA,REG,LVL,ALLPUB,INSIDE,GTL,MITCHEL,NORM,NORM,1FAM,1STORY,5,5,2006,2006,GABLE,COMPSHG,VINYLSD,VINYLSD,None,0.0,TA,TA,PCONC,GD,TA,GD,UNF,0.0,TA,0.0,1140.0,1140.0,GASA,EX,Y,SBRKR,1140.0,0.0,0.0,1140.0,0,0,1,0,3,1,TA,6,TYP,0,NA,NA,NA,0,0.0,NA,NA,Y,36.0,56.0,0.0,0.0,0.0,NA,NA,0,7,2006,WD,ABNORML,84500,False,False
1455,20,FV,62.0,7500.0,PAVE,NA,REG,LVL,ALLPUB,INSIDE,GTL,SOMERST,NORM,NORM,1FAM,1STORY,7,5,2004,2005,GABLE,COMPSHG,VINYLSD,VINYLSD,None,0.0,GD,TA,PCONC,GD,TA,GD,GLQ,410.0,TA,0.0,811.0,1221.0,GASA,EX,Y,SBRKR,1221.0,0.0,0.0,1221.0,1,0,2,0,2,1,GD,6,TYP,0,NA,ATTCHD,ATTCHD,2,400.0,ATTCHD,ATTCHD,Y,0.0,113.0,0.0,0.0,0.0,NA,NA,0,10,2009,WD,NORMAL,185000,True,False
1456,60,RL,62.0,7917.0,PAVE,NA,REG,LVL,ALLPUB,INSIDE,GTL,GILBERT,NORM,NORM,1FAM,2STORY,6,5,1999,2000,GABLE,COMPSHG,VINYLSD,VINYLSD,None,0.0,TA,TA,PCONC,GD,TA,GD,UNF,0.0,TA,0.0,953.0,953.0,GASA,EX,Y,SBRKR,953.0,694.0,0.0,1647.0,0,0,2,1,3,1,TA,7,TYP,1,TA,ATTCHD,ATTCHD,2,460.0,ATTCHD,ATTCHD,Y,0.0,40.0,0.0,0.0,0.0,NA,NA,0,8,2007,WD,NORMAL,175000,True,False
1457,20,RL,85.0,13175.0,PAVE,NA,REG,LVL,ALLPUB,INSIDE,GTL,NWAMES,NORM,NORM,1FAM,1STORY,6,6,1978,1988,GABLE,COMPSHG,PLYWOOD,PLYWOOD,STONE,119.0,TA,TA,CBLOCK,GD,TA,GD,ALQ,790.0,TA,163.0,589.0,1542.0,GASA,TA,Y,SBRKR,2073.0,0.0,0.0,2073.0,1,0,2,0,3,1,TA,7,MIN1,2,TA,ATTCHD,ATTCHD,2,500.0,ATTCHD,ATTCHD,Y,349.0,0.0,0.0,0.0,0.0,NA,NA,0,2,2010,WD,NORMAL,210000,True,False
1458,70,RL,66.0,9042.0,PAVE,SHED,REG,LVL,ALLPUB,INSIDE,GTL,CRAWFOR,NORM,NORM,1FAM,2STORY,7,9,1941,2006,GABLE,COMPSHG,CEMNTBD,CMENTBD,None,0.0,EX,GD,STONE,TA,GD,TA,GLQ,275.0,GD,0.0,877.0,1152.0,GASA,EX,Y,SBRKR,1188.0,1152.0,0.0,2340.0,0,0,2,0,4,1,GD,9,TYP,2,GD,ATTCHD,ATTCHD,1,252.0,ATTCHD,ATTCHD,Y,0.0,60.0,0.0,0.0,0.0,SHED,SHED,2500,5,2010,WD,NORMAL,266500,True,False
1459,20,RL,68.0,9717.0,PAVE,NA,REG,LVL,ALLPUB,INSIDE,GTL,NAMES,NORM,NORM,1FAM,1STORY,5,6,1950,1996,HIP,COMPSHG,METALSD,METALSD,None,0.0,TA,TA,CBLOCK,TA,TA,TA,GLQ,49.0,TA,1029.0,0.0,1078.0,GASA,GD,Y,FUSEA,1078.0,0.0,0.0,1078.0,1,0,1,0,2,1,GD,5,TYP,0,NA,ATTCHD,ATTCHD,1,240.0,ATTCHD,ATTCHD,Y,366.0,0.0,112.0,0.0,0.0,NA,NA,0,4,2010,WD,NORMAL,142125,True,False
1460,20,RL,75.0,9937.0,PAVE,NA,REG,LVL,ALLPUB,INSIDE,GTL,EDWARDS,NORM,NORM,1FAM,1STORY,5,6,1965,1965,GABLE,COMPSHG,HDBOARD,HDBOARD,None,0.0,GD,TA,CBLOCK,TA,TA,TA,BLQ,830.0,TA,290.0,136.0,1256.0,GASA,GD,Y,SBRKR,1256.0,0.0,0.0,1256.0,1,0,1,1,3,1,TA,6,TYP,0,NA,ATTCHD,ATTCHD,1,276.0,ATTCHD,ATTCHD,Y,736.0,68.0,0.0,0.0,0.0,NA,NA,0,6,2008,WD,NORMAL,147500,True,False
