ID,MSSUBCLASS,MSZONING,HASREGULARLOTSHAPE,NEIGHBORHOOD,HOUSESTYLE,OVERALLQUAL,YEARREMODADD,EXTERIOR1ST,EXTERQUAL,FOUNDATION,BSMTQUAL,HEATINGQC,CENTRALAIR,KITCHENQUAL,TOTRMSABVGRD,FIREPLACES,FIREPLACEQU,GARAGETYPE,GARAGEFINISH,GARAGEQUAL,HASPAVEDDRIVE,HASFENCE,HASMISCVAL,SALECONDITION,HASGARAGE,HASPOOL,TOTALBATHS,TOTALBSMTSF_TRANSFORMED,OPENPORCHSF_TRANSFORMED,LOTAREA_TRANSFORMED,HASMASVNRAREA,MASVNRAREA_LOG,HAS3SSNPORCH,HASSCREENPORCH,HASWOODDECKSF,WOODDECKSF_LOG,HASLOWQUALFINSF,HASENCLOSEDPORCH,HASLOTFRONTAGE,SALEPRICE_LOG
1,12.340705864519109,12.10010039101655,True,12.164079627677117,12.215481164404672,2,5,12.219079222451217,3,12.272285293053542,3,3,12.07817052176723,3,8,0,0,12.169436290122853,2,2,True,False,False,12.022824369608022,True,False,3.5,-0.5020238271425855,0.8240458786726707,-0.1393785518100495,True,5.2832037287379885,False,False,False,0.0,False,False,True,12.24769911637256
2,12.067973683336726,12.10010039101655,True,12.075056445481925,12.01107557809201,2,31,11.878527194048742,2,11.884777565189452,3,3,12.07817052176723,2,6,1,2,12.169436290122853,2,2,True,False,False,12.022824369608022,True,False,2.5,0.5876758571204126,-1.0861489736070777,0.10526630785717257,False,0.0,False,False,True,5.700443573390687,False,False,True,12.109016442313738
3,12.340705864519109,12.10010039101655,False,12.164079627677117,12.215481164404672,2,6,12.219079222451217,3,12.272285293053542,3,3,12.07817052176723,3,6,1,2,12.169436290122853,2,2,True,False,False,12.022824369608022,True,False,3.5,-0.3048008211443209,0.6463304015240848,0.4108035034329658,True,5.093750200806762,False,False,False,0.0,False,False,True,12.317171167298682
4,11.972299710268643,12.10010039101655,False,12.224810430420682,12.215481164404672,2,36,11.84430531876782,2,11.712360342176042,2,3,12.07817052176723,3,7,1,3,11.785369069475001,1,2,True,False,False,11.831203284138704,True,False,2.0,-0.8364252457831189,0.5606437570355319,0.0952338939114847,False,0.0,False,False,False,0.0,False,True,True,11.849404844423074
5,12.340705864519109,12.10010039101655,False,12.65906276870971,12.215481164404672,3,8,12.219079222451217,3,12.272285293053542,3,3,12.07817052176723,3,9,1,2,12.169436290122853,2,2,True,False,False,12.022824369608022,True,False,3.5,0.308043870316144,0.9786306483284682,0.870524816121207,True,5.860786223465865,False,False,True,5.262690188904886,False,False,True,12.429220196836383
7,12.067973683336726,12.10010039101655,True,12.303267610871854,12.01107557809201,3,2,12.219079222451217,3,12.272285293053542,3,3,12.07817052176723,3,7,1,3,12.169436290122853,2,2,True,False,False,12.022824369608022,True,False,3.0,1.4469296857076193,0.7915320006029912,0.19984919601289114,True,5.231108616854587,False,False,True,5.545177444479562,False,False,True,12.634606283893019
8,12.340705864519109,12.10010039101655,False,12.122775029074985,12.215481164404672,2,36,11.976594811781178,2,11.884777565189452,3,3,12.07817052176723,2,7,2,2,12.169436290122853,2,2,True,False,True,12.022824369608022,True,False,3.5,0.21207110510104,1.416676719283917,0.2559240156181103,True,5.484796933490655,False,False,True,5.4638318050256105,False,True,False,12.206077645517674
9,11.813689225424564,11.722226169284978,True,11.70731327255742,11.808193836543019,2,58,12.1233228118755,2,11.712360342176042,2,3,12.07817052176723,2,8,2,2,11.785369069475001,1,2,True,False,False,11.831203284138704,True,False,2.0,-0.21046325916938363,-1.0861489736070777,-0.7533406669972252,False,0.0,False,False,True,4.51085950651685,False,True,True,11.774527900858468
10,11.80746747836454,12.10010039101655,True,11.722739856073467,11.954843206973223,2,58,11.878527194048742,2,11.712360342176042,2,3,12.07817052176723,2,5,2,2,12.169436290122853,2,3,True,False,False,12.022824369608022,True,False,2.0,-0.09901252976022774,-0.3653622441515566,-0.38755012045264015,False,0.0,False,False,False,0.0,False,False,True,11.678448377988165
11,12.067973683336726,12.10010039101655,True,11.814945672101624,12.01107557809201,2,43,11.976594811781178,2,11.884777565189452,2,3,12.07817052176723,2,5,0,0,11.785369069475001,1,2,True,False,False,12.022824369608022,True,False,2.0,0.035925955431013554,-1.0861489736070777,0.40220080024318156,False,0.0,False,False,False,0.0,False,False,True,11.771443882099637
12,12.340705864519109,12.10010039101655,False,12.614502598853377,12.215481164404672,3,0,11.937149528022868,3,12.272285293053542,3,3,12.07817052176723,3,11,2,3,12.401316665059703,3,2,True,False,False,12.465956889344524,True,False,4.0,0.3819464271010937,0.32519264610411086,0.5232926237193487,True,5.659482215759621,False,False,True,4.997212273764115,False,False,True,12.75130259456002
13,12.067973683336726,12.10010039101655,False,11.814945672101624,12.01107557809201,2,46,11.976594811781178,2,11.884777565189452,2,2,12.07817052176723,2,4,0,0,11.785369069475001,1,2,True,False,False,12.022824369608022,True,False,2.0,-0.3288136669813322,-1.0861489736070777,0.6859381709491209,False,0.0,False,True,True,4.948759890378168,False,False,False,11.87757552297847
14,12.067973683336726,12.10010039101655,False,12.164079627677117,12.01107557809201,2,0,12.219079222451217,3,12.272285293053542,3,3,12.07817052176723,3,7,1,3,12.169436290122853,2,2,True,False,False,12.465956889344524,True,False,2.0,1.0833499781964435,0.5331626458427432,0.3054020111161808,True,5.726847747587197,False,False,True,5.081404364984463,False,False,True,12.540761149388421
15,12.067973683336726,12.10010039101655,False,11.889207077291879,12.01107557809201,2,48,11.878527194048742,2,11.884777565189452,2,2,12.07817052176723,2,5,1,2,12.169436290122853,2,2,True,True,False,12.022824369608022,True,False,2.5,0.5669540859057837,1.4383116314336781,0.3533284194471157,True,5.3612921657094255,False,False,False,0.0,False,True,False,11.964007453736912
16,11.96725095514478,11.722226169284978,True,11.722739856073467,11.954843206973223,2,6,11.84430531876782,2,11.712360342176042,2,3,12.07817052176723,2,5,0,0,11.785369069475001,1,2,True,True,False,12.022824369608022,True,False,1.0,-0.579173437723027,1.1192205224063876,-0.7533406669972252,False,0.0,False,False,True,3.8918202981106265,False,False,True,11.790564777297387
17,12.067973683336726,12.10010039101655,False,11.889207077291879,12.01107557809201,2,40,11.84430531876782,2,11.884777565189452,2,3,12.07817052176723,2,5,1,2,12.169436290122853,3,2,True,False,True,12.022824369608022,True,False,2.0,-0.06267771399361056,-1.0861489736070777,0.40925774902771855,True,5.198497031265826,False,False,False,0.0,False,False,False,11.91170829631447
19,12.067973683336726,12.10010039101655,True,12.139860799469593,12.01107557809201,2,4,12.219079222451217,2,12.272285293053542,2,3,12.07817052176723,3,6,0,0,11.785369069475001,1,2,True,False,False,12.022824369608022,True,False,2.5,0.22995532963902346,1.073356289246454,0.7918808201617175,False,0.0,False,False,False,0.0,False,False,True,11.976665770490767
20,12.067973683336726,12.10010039101655,True,11.889207077291879,12.01107557809201,2,44,12.1233228118755,2,11.884777565189452,2,2,12.07817052176723,2,6,0,0,12.169436290122853,1,2,True,True,False,11.831203284138704,True,False,1.0,0.006104176649169374,-1.0861489736070777,-0.35192867585136495,False,0.0,False,False,False,0.0,False,False,True,11.842236406331555
21,12.340705864519109,12.10010039101655,False,12.614502598853377,12.215481164404672,3,0,12.219079222451217,3,12.272285293053542,3,3,12.07817052176723,3,9,1,3,12.401316665059703,2,2,True,False,False,12.465956889344524,True,False,3.5,0.3402649290213962,1.2764808597075736,0.8643725758116139,True,5.942799375126701,False,False,True,5.484796933490655,False,False,True,12.692506186542177
22,11.96725095514478,11.722226169284978,True,11.498308778772056,11.954843206973223,2,57,11.84430531876782,2,12.272285293053542,2,3,12.07817052176723,3,6,1,3,12.169436290122853,1,2,True,True,False,12.022824369608022,True,False,1.0,-1.286464251058228,-1.0861489736070777,-0.3801183311080236,False,0.0,False,False,False,0.0,False,True,True,11.845109950883979
23,12.067973683336726,12.10010039101655,True,12.164079627677117,12.01107557809201,3,6,12.219079222451217,3,12.272285293053542,3,3,12.07817052176723,3,7,1,3,12.169436290122853,2,2,True,False,False,12.022824369608022,True,False,2.0,1.6072591551326065,1.2923501087801945,0.1334852411367285,True,5.641907070938114,False,False,True,5.147494476813453,False,False,True,12.345838935721968
24,12.183695128206182,11.722226169284978,True,12.003139473921845,12.01107557809201,2,31,12.366209798533164,2,12.272285293053542,3,2,12.07817052176723,2,6,1,2,12.169436290122853,1,2,True,False,False,12.022824369608022,True,False,2.0,0.035925955431013554,1.1103728240548372,-1.4509487124037181,False,0.0,False,False,True,4.61512051684126,False,False,True,11.774527900858468
25,12.067973683336726,12.10010039101655,False,11.814945672101624,12.01107557809201,2,9,12.03878070203725,2,11.884777565189452,2,3,12.07817052176723,3,6,1,2,12.169436290122853,1,2,True,True,False,12.022824369608022,True,False,2.0,0.0894775643571731,1.0122146350419614,-0.1861172270192984,False,0.0,False,False,True,6.008813185442595,False,False,False,11.944714374881176
26,12.067973683336726,12.10010039101655,True,12.614502598853377,12.01107557809201,3,2,12.219079222451217,3,12.272285293053542,3,3,12.07817052176723,3,7,1,3,12.169436290122853,2,2,True,False,False,12.022824369608022,True,False,2.0,1.2240426299661857,0.783062251966872,0.8664254126754684,True,6.46302945692067,False,False,False,0.0,False,False,True,12.454107814022272
27,12.067973683336726,12.10010039101655,True,11.889207077291879,12.01107557809201,2,10,11.84430531876782,2,11.884777565189452,2,2,12.07817052176723,3,5,0,0,11.785369069475001,1,2,True,False,False,12.022824369608022,True,False,1.5,-0.36516553712050603,0.5188258045672854,-0.44486150961596177,False,0.0,False,False,True,5.407171771460119,False,False,True,11.811554895830454
28,12.067973683336726,12.10010039101655,True,12.614502598853377,12.01107557809201,3,2,12.219079222451217,3,12.272285293053542,3,3,12.07817052176723,3,7,1,3,12.169436290122853,2,2,True,False,False,12.022824369608022,True,False,3.0,1.4792084694000334,0.7289854468371297,0.44956890809377936,True,5.303304908059076,False,False,False,0.0,False,False,True,12.631343648903034
29,12.067973683336726,12.10010039101655,False,11.889207077291879,12.01107557809201,2,9,11.878527194048742,2,11.884777565189452,2,2,12.07817052176723,2,6,2,3,12.169436290122853,2,2,True,False,False,12.022824369608022,True,False,2.0,1.0633626847704307,1.5347031026862008,1.1338899288902655,False,0.0,False,False,True,5.666426688112432,False,False,True,12.242891437918386
30,11.432508350773558,11.722226169284978,False,11.722739856073467,12.01107557809201,1,58,11.878527194048742,2,11.712360342176042,2,2,11.521165088893575,2,4,0,0,11.785369069475001,1,2,True,False,False,12.022824369608022,True,False,1.0,-1.8036448894987673,-1.0861489736070777,-0.6912352059686978,False,0.0,False,False,True,3.912023005428146,False,True,True,11.134603622683905
31,11.972299710268643,11.952960155415807,True,11.498308778772056,12.215481164404672,1,58,12.1233228118755,2,11.712360342176042,2,2,11.521165088893575,2,6,0,0,11.785369069475001,1,2,True,True,False,12.022824369608022,True,False,1.0,-1.238034338264027,0.7656795346460883,-0.1280895374579699,False,0.0,False,False,False,0.0,False,True,True,10.596659732783579
32,12.067973683336726,12.10010039101655,False,11.814945672101624,12.01107557809201,2,2,11.976594811781178,2,11.884777565189452,2,3,12.07817052176723,3,6,0,0,12.169436290122853,1,2,True,True,False,12.022824369608022,True,False,1.5,0.50873276620166,0.8545771799704772,-0.11820819707912739,False,0.0,False,False,False,0.0,False,False,False,11.914054519303125
33,12.067973683336726,12.10010039101655,True,12.164079627677117,12.01107557809201,3,1,12.219079222451217,3,12.272285293053542,3,3,12.07817052176723,3,7,0,0,12.169436290122853,2,2,True,False,False,12.022824369608022,True,False,2.0,0.5227957407859483,0.4888362937281327,0.375993360580714,False,0.0,False,False,False,0.0,False,False,True,12.100161978566867
34,12.067973683336726,12.10010039101655,False,11.889207077291879,12.01107557809201,2,51,12.1233228118755,2,11.884777565189452,2,3,12.07817052176723,3,6,1,3,12.169436290122853,2,2,True,False,False,12.022824369608022,True,False,2.0,0.886651894395347,0.5991956326343106,0.28721974214446555,False,0.0,False,False,False,0.0,False,False,True,12.016732516077072
35,12.183695128206182,12.10010039101655,True,12.614502598853377,12.01107557809201,3,2,11.878527194048742,3,12.272285293053542,3,3,12.07817052176723,3,6,1,3,12.169436290122853,3,2,True,False,False,12.022824369608022,True,False,3.0,1.214449220022282,0.6995757102468758,-0.4152160148994075,True,5.5093883366279774,False,False,True,5.318119993844216,False,False,True,12.533579815765737
36,12.340705864519109,12.10010039101655,True,12.614502598853377,12.215481164404672,3,1,12.219079222451217,3,12.272285293053542,3,3,12.07817052176723,3,9,1,3,12.401316665059703,3,2,True,False,False,12.022824369608022,True,False,3.5,0.23759121769652125,0.5188258045672854,0.752170884756609,True,4.890349128221754,False,False,True,4.736198448394496,False,False,True,12.6410997921206
37,12.067973683336726,12.10010039101655,True,12.164079627677117,12.01107557809201,2,14,12.219079222451217,2,12.272285293053542,3,3,12.07817052176723,2,6,0,0,12.169436290122853,1,2,True,False,False,12.022824369608022,True,False,1.5,0.18635731632713193,0.8471168848836711,0.3425205769656205,False,0.0,False,False,True,5.973809611869261,False,False,True,11.884495917930655
38,12.067973683336726,12.10010039101655,True,11.889207077291879,12.01107557809201,2,19,11.84430531876782,2,11.884777565189452,2,3,12.07817052176723,2,5,1,2,12.169436290122853,3,2,True,False,False,12.022824369608022,True,False,1.5,0.6671026551064135,-1.0861489736070777,-0.12089821914821831,True,6.478509642208569,False,False,False,0.0,False,False,True,11.938199736300925
39,12.067973683336726,12.10010039101655,True,11.889207077291879,12.01107557809201,2,3,12.219079222451217,2,11.884777565189452,2,2,12.07817052176723,3,5,0,0,11.785369069475001,1,2,True,False,False,11.831203284138704,True,False,2.0,0.08149902336783159,0.7476698005124531,-0.26269830546479467,False,0.0,False,False,False,0.0,False,False,True,11.599112335481124
41,12.067973683336726,12.10010039101655,True,11.889207077291879,12.01107557809201,2,41,11.84430531876782,2,11.884777565189452,2,3,12.07817052176723,2,6,1,2,12.169436290122853,2,2,True,True,False,11.831203284138704,True,False,2.0,0.16304662562752317,1.2221216254580884,-0.09283366770148768,True,4.624972813284271,False,False,False,0.0,False,False,True,11.982935344196433
42,12.067973683336726,12.10010039101655,True,12.352621312150928,12.01107557809201,2,48,12.219079222451217,2,11.884777565189452,2,3,12.07817052176723,2,5,2,3,12.169436290122853,2,2,True,False,False,12.022824369608022,True,False,2.0,0.7840277694957021,1.0828663961434097,1.2026711232719636,False,0.0,False,False,False,0.0,False,False,True,12.04355959836804
43,11.971042740656404,12.10010039101655,False,12.139860799469593,11.891694659765184,2,24,11.976594811781178,2,11.884777565189452,3,3,12.07817052176723,3,5,0,0,12.169436290122853,2,2,True,True,False,12.022824369608022,True,False,2.0,-0.5532523480976744,-1.0861489736070777,0.019375572880335774,False,0.0,False,False,True,5.484796933490655,False,False,False,11.87757552297847
44,12.067973683336726,12.10010039101655,False,12.164079627677117,12.01107557809201,2,28,12.219079222451217,2,11.884777565189452,3,2,12.07817052176723,2,5,0,0,11.785369069475001,1,2,True,True,False,12.022824369608022,True,False,2.0,-0.2514042749426285,-1.0861489736070777,0.023550990427774848,False,0.0,False,False,True,4.983606621708336,False,False,False,11.777218637129327
45,12.067973683336726,12.10010039101655,True,11.889207077291879,12.01107557809201,2,47,12.1233228118755,2,11.884777565189452,2,3,12.07817052176723,2,6,0,0,12.169436290122853,2,2,True,False,False,12.022824369608022,True,False,2.0,0.32047264444883244,-1.0861489736070777,-0.25716300279843823,False,0.0,False,False,False,0.0,False,False,True,11.856522261533737
46,12.183695128206182,12.10010039101655,True,12.614502598853377,12.01107557809201,3,5,11.878527194048742,3,12.272285293053542,3,3,12.07817052176723,3,6,1,3,12.169436290122853,2,2,True,False,False,12.022824369608022,True,False,3.0,1.5639104363048524,0.9669208241988406,-0.32737121219457793,True,6.023447592961033,False,False,True,5.2832037287379885,False,False,True,12.675766851909591
47,11.813689225424564,12.10010039101655,False,11.964817397785627,11.808193836543019,2,6,12.219079222451217,3,12.272285293053542,3,3,12.07817052176723,3,6,1,3,12.169436290122853,2,2,True,False,False,11.831203284138704,True,False,2.5,0.9617015260256475,0.6574458451516734,0.6639710870974347,False,0.0,False,True,True,5.1298987149230735,False,False,True,12.387089184491993
48,12.067973683336726,12.25239181580412,True,12.303267610871854,12.01107557809201,3,1,12.219079222451217,3,12.272285293053542,3,3,12.07817052176723,3,7,0,0,12.169436290122853,2,2,True,False,False,12.022824369608022,True,False,2.0,1.3924848522602182,1.2500220804238065,0.3841875782440418,False,0.0,False,False,False,0.0,False,False,True,12.428019481065613
49,11.80746747836454,11.722226169284978,True,11.70731327255742,12.215481164404672,1,1,11.878527194048742,2,11.712360342176042,2,3,12.07817052176723,2,8,0,0,11.524571661116692,0,0,True,False,False,12.465956889344524,False,False,2.0,-0.907709980441156,-1.0861489736070777,-1.3508761800709974,False,0.0,False,False,False,0.0,False,True,True,11.635151947212842
50,12.067973683336726,12.10010039101655,True,11.814945672101624,12.01107557809201,2,41,11.976594811781178,2,11.884777565189452,2,3,12.07817052176723,2,6,0,0,12.169436290122853,1,2,True,True,False,12.022824369608022,True,False,2.0,-0.20175579372114313,-1.0861489736070777,-0.30656263306511666,False,0.0,False,False,False,0.0,False,False,True,11.751950239425476
51,12.340705864519109,12.10010039101655,False,12.15826751067062,12.215481164404672,2,10,12.219079222451217,2,12.272285293053542,3,3,12.07817052176723,2,6,0,0,12.169436290122853,3,2,True,False,False,12.022824369608022,True,False,2.5,-0.7052231752991173,0.9236531849451074,0.8164296756807504,False,0.0,False,False,False,0.0,False,False,False,12.083910661257521
52,11.813689225424564,11.722226169284978,True,11.722739856073467,11.808193836543019,2,56,11.84430531876782,2,12.272285293053542,2,2,12.07817052176723,2,6,1,3,11.785369069475001,1,2,True,True,True,12.022824369608022,True,False,1.0,-0.6316475076850964,-1.0861489736070777,-0.7165700280803695,False,0.0,False,False,True,4.727387818712341,True,False,True,11.648338835562747
53,11.862887045549764,11.722226169284978,False,11.498308778772056,12.01107557809201,2,47,11.84430531876782,2,11.884777565189452,3,2,11.521165088893575,2,5,0,0,12.024279666315543,1,2,True,False,False,12.022824369608022,True,False,2.0,-0.6316475076850964,-1.0861489736070777,-0.13440344909090415,False,0.0,False,False,True,4.672828834461906,False,False,True,11.608244735642321
55,12.027100518212453,12.10010039101655,True,11.889207077291879,12.015308249970365,2,52,11.878527194048742,2,11.884777565189452,2,2,12.07817052176723,2,6,1,2,11.785369069475001,1,2,True,True,False,12.022824369608022,True,False,1.0,-2.5449290204607475,0.7289854468371297,-0.46238540198206296,False,0.0,False,False,False,0.0,False,False,True,11.775297421715827
56,12.067973683336726,12.10010039101655,False,11.889207077291879,12.01107557809201,2,44,11.976594811781178,2,11.884777565189452,2,3,12.07817052176723,2,7,1,3,12.169436290122853,2,2,True,False,False,12.022824369608022,True,False,2.0,0.9430882813531433,-1.0861489736070777,0.21714082640125276,True,5.60947179518496,True,False,False,0.0,False,False,True,12.103491596905931
57,11.897576911041353,12.25239181580412,True,12.303267610871854,12.215481164404672,3,9,11.878527194048742,3,12.272285293053542,3,3,12.07817052176723,3,7,0,0,12.169436290122853,3,2,True,False,False,11.831203284138704,True,False,3.5,-0.15855875219343615,-1.0861489736070777,-2.3195327920674855,True,6.124683390894205,False,False,True,4.7535901911063645,False,False,True,12.058158312538197
58,12.340705864519109,12.10010039101655,False,12.164079627677117,12.215481164404672,2,2,12.219079222451217,3,12.272285293053542,3,3,12.07817052176723,3,7,0,0,12.169436290122853,2,2,True,False,False,12.022824369608022,True,False,2.5,-0.4893419805184476,0.8903008892806774,0.477493256499987,False,0.0,False,False,False,0.0,False,False,True,12.188422799337028
59,12.340705864519109,12.10010039101655,False,12.38035169513184,12.215481164404672,3,0,12.219079222451217,3,12.272285293053542,3,3,12.07817052176723,3,10,1,3,12.401316665059703,3,2,True,False,False,12.465956889344524,True,False,3.5,0.9118463734544956,-1.0861489736070777,0.7900346197458039,True,6.939253946041508,False,False,True,5.262690188904886,False,True,True,12.991755706536901
60,12.067973683336726,12.10010039101655,True,12.164079627677117,12.01107557809201,2,36,11.976594811781178,2,11.884777565189452,2,3,12.07817052176723,2,4,0,0,11.785369069475001,1,2,True,True,False,12.022824369608022,True,False,1.0,-0.752937011713302,-1.0861489736070777,-0.44486150961596177,False,0.0,False,False,True,5.2832037287379885,False,False,True,11.735276702486741
61,12.067973683336726,12.10010039101655,True,12.139860799469593,12.01107557809201,2,2,12.219079222451217,2,12.272285293053542,3,3,12.07817052176723,3,5,0,0,11.785369069475001,1,2,True,False,False,12.465956889344524,True,False,2.5,0.3402649290213962,0.7289854468371297,0.7014405781698289,False,0.0,False,False,False,0.0,False,False,True,11.970356641102999
62,12.066699991720135,11.722226169284978,True,11.498308778772056,12.033337193995534,2,11,11.878527194048742,2,11.712360342176042,2,2,11.521165088893575,2,6,0,0,11.785369069475001,1,2,True,False,False,12.022824369608022,True,False,1.0,-1.7558297192765218,-1.0861489736070777,-0.44486150961596177,False,0.0,False,False,False,0.0,False,True,True,11.522885696764481
63,12.183695128206182,12.10010039101655,False,12.614502598853377,12.01107557809201,3,1,12.219079222451217,3,12.272285293053542,3,3,12.07817052176723,3,6,1,3,12.169436290122853,2,2,True,False,False,12.022824369608022,True,False,2.0,0.8271532010589749,0.7193738876844055,-0.6561900376573766,True,5.187385805840755,False,False,True,4.795790545596741,False,False,True,12.218500103788143
65,12.340705864519109,12.10010039101655,True,12.164079627677117,12.215481164404672,2,11,12.219079222451217,2,12.272285293053542,3,3,12.07817052176723,3,8,0,0,12.169436290122853,2,2,True,True,False,12.022824369608022,True,False,3.5,0.08149902336783159,0.5738312635980962,0.05971594509476881,True,6.352629396319567,False,False,True,6.3578422665081,False,False,False,12.299112067295642
66,12.340705864519109,12.10010039101655,True,12.614502598853377,12.215481164404672,3,2,12.219079222451217,3,12.272285293053542,3,3,12.07817052176723,3,9,1,3,12.401316665059703,2,2,True,False,False,12.022824369608022,True,False,2.5,0.3030596387640527,1.2667181712060096,0.10346420799123529,True,5.84354441703136,False,False,True,5.262690188904886,False,False,True,12.666660207428574
67,12.067973683336726,12.10010039101655,True,11.889207077291879,12.01107557809201,2,21,12.03878070203725,2,11.884777565189452,3,2,12.07817052176723,2,7,1,3,12.169436290122853,2,2,True,False,False,12.022824369608022,True,False,3.0,1.8891985815864922,-1.0861489736070777,1.5228261985269698,True,5.662960480135946,False,False,True,5.71042701737487,False,False,False,12.100717685412471
68,12.067973683336726,12.10010039101655,False,12.164079627677117,12.01107557809201,2,4,12.219079222451217,3,12.272285293053542,3,3,12.07817052176723,3,7,0,0,12.169436290122853,2,2,True,False,False,12.022824369608022,True,False,3.0,1.000677209486329,0.4731271555569041,0.3077535721541417,True,5.123963979403259,False,False,True,4.976733742420574,False,False,True,12.328294703023394
69,11.432508350773558,11.722226169284978,True,11.70731327255742,12.01107557809201,1,60,11.878527194048742,2,11.884777565189452,2,2,12.07817052176723,2,4,0,0,12.169436290122853,1,2,True,False,False,12.022824369608022,True,False,1.0,-0.8683056833837869,-1.0861489736070777,-1.2880076821514994,False,0.0,False,False,False,0.0,False,False,True,11.289794413577894
70,11.813689225424564,12.10010039101655,True,12.125706184060236,11.808193836543019,2,53,12.1233228118755,3,11.884777565189452,2,2,12.07817052176723,2,7,1,2,12.169436290122853,3,2,True,False,False,12.022824369608022,True,False,2.0,0.682772298820074,0.32519264610411086,1.0447365718689716,False,0.0,False,False,False,0.0,False,True,True,12.323860125621126
71,12.067973683336726,12.10010039101655,False,11.889207077291879,12.01107557809201,2,34,12.03878070203725,2,11.884777565189452,3,3,12.07817052176723,2,8,2,3,12.169436290122853,3,2,True,False,False,12.022824369608022,True,False,3.0,2.3058191234261805,-1.0861489736070777,0.7856252871096253,True,7.017506142941256,False,False,True,5.707110264748875,False,False,True,12.404927602627597
72,12.067973683336726,12.10010039101655,True,11.964817397785627,12.01107557809201,1,1,11.976594811781178,2,11.884777565189452,2,2,12.07817052176723,2,4,0,0,11.785369069475001,1,2,True,False,False,12.022824369608022,True,False,2.0,-0.537156369551098,-1.0861489736070777,-0.3421191374509417,False,0.0,False,False,False,0.0,False,False,True,11.771443882099637
73,12.340705864519109,12.10010039101655,False,12.15826751067062,12.215481164404672,2,11,12.219079222451217,2,12.272285293053542,3,3,12.07817052176723,2,7,1,2,12.169436290122853,3,2,True,False,False,12.022824369608022,True,False,2.5,-0.579173437723027,1.0334257353032423,0.21069778201089553,True,3.713572066704308,False,True,False,0.0,False,False,True,12.128116509451258
74,12.067973683336726,12.10010039101655,True,11.889207077291879,12.01107557809201,2,7,11.84430531876782,2,11.884777565189452,2,3,12.07817052176723,2,6,0,0,12.169436290122853,1,2,True,True,False,12.022824369608022,True,False,2.0,0.15784456653442083,-1.0861489736070777,0.22186509045280894,True,4.653960350157523,False,False,False,0.0,False,False,True,11.88380602959621
75,11.813689225424564,11.722226169284978,True,11.70731327255742,12.215481164404672,1,60,12.219079222451217,3,11.884777565189452,2,3,11.521165088893575,2,8,0,0,11.785369069475001,1,2,True,False,False,12.022824369608022,True,False,2.0,-0.5532523480976744,-1.0861489736070777,-0.8581743940440086,False,0.0,False,False,False,0.0,False,True,True,11.58432477200052
77,12.067973683336726,12.10010039101655,False,11.889207077291879,12.01107557809201,1,52,12.219079222451217,2,11.884777565189452,2,3,12.07817052176723,2,4,0,0,11.785369069475001,1,2,True,False,False,12.022824369608022,True,False,1.0,-0.21046325916938363,-1.0861489736070777,-0.13372599414466985,False,0.0,False,False,False,0.0,False,False,False,11.818577604251555
78,11.813689225424564,11.722226169284978,True,11.722739856073467,11.808193836543019,2,7,11.84430531876782,2,11.884777565189452,2,2,12.07817052176723,2,6,0,0,11.785369069475001,1,2,True,True,False,12.022824369608022,True,False,2.0,-1.1472668614357777,-1.0861489736070777,-0.09792696934462446,False,0.0,False,False,False,0.0,False,False,True,11.751950239425476
79,11.862887045549764,12.10010039101655,True,11.814945672101624,12.01107557809201,1,42,11.976594811781178,2,11.884777565189452,2,2,11.521165088893575,2,8,0,0,11.524571661116692,0,0,True,False,False,12.022824369608022,False,False,2.0,1.5917127807144749,-1.0861489736070777,0.3280780813680155,False,0.0,False,False,False,0.0,False,False,True,11.824087219587643
80,11.813689225424564,11.722226169284978,True,11.70731327255742,12.215481164404672,2,28,11.84430531876782,2,12.272285293053542,2,3,12.07817052176723,2,5,0,0,11.785369069475001,1,2,True,True,False,12.022824369608022,True,False,1.5,-2.2166493930734434,-1.0861489736070777,0.26665671680057657,False,0.0,False,False,True,4.31748811353631,False,True,True,11.608244735642321
81,12.340705864519109,12.10010039101655,True,11.889207077291879,12.215481164404672,2,41,12.219079222451217,2,11.884777565189452,3,2,12.07817052176723,3,8,1,3,12.169436290122853,3,2,True,False,False,12.022824369608022,True,False,2.5,-0.3773729676880695,0.9039082838687957,0.6907209094157268,True,6.3578422665081,False,True,False,0.0,False,False,True,12.173037959397275
82,12.183695128206182,11.722226169284978,True,11.964817397785627,12.01107557809201,2,8,12.219079222451217,2,12.272285293053542,3,3,12.07817052176723,2,5,0,0,12.169436290122853,3,2,True,False,False,12.022824369608022,True,False,3.0,0.5298057775187386,1.4042539800369345,-1.3324667532889736,True,6.095824562432225,False,False,False,0.0,False,False,True,11.941462360646149
83,12.067973683336726,12.10010039101655,True,12.303267610871854,12.01107557809201,3,1,12.219079222451217,2,12.272285293053542,3,3,12.07817052176723,3,6,1,3,12.169436290122853,2,2,True,False,False,12.022824369608022,True,False,2.0,1.2182896665926035,1.0587483644618412,0.2229972476263647,True,6.150602768446279,False,False,True,4.976733742420574,False,False,True,12.409017571151187
84,12.067973683336726,12.10010039101655,False,11.889207077291879,12.01107557809201,2,47,11.878527194048742,2,11.884777565189452,2,3,12.07817052176723,2,6,0,0,11.785369069475001,1,2,True,False,False,12.022824369608022,True,False,1.5,0.10273323541736322,-1.0861489736070777,-0.041745974499982734,True,4.204692619390966,False,False,True,4.31748811353631,False,False,True,11.748005492256807
86,12.340705864519109,12.10010039101655,True,12.65906276870971,12.215481164404672,3,14,11.976594811781178,3,11.884777565189452,3,3,12.07817052176723,3,9,1,2,12.169436290122853,1,2,True,False,False,12.022824369608022,True,False,2.5,0.6468516191885152,0.9669208241988406,1.1022557333486507,True,5.652489180268651,False,False,True,4.852030263919617,False,False,True,12.468440756144114
87,12.340705864519109,12.10010039101655,False,12.15826751067062,12.215481164404672,2,4,12.219079222451217,3,12.272285293053542,3,3,12.07817052176723,3,6,1,3,12.401316665059703,3,2,True,False,False,12.022824369608022,True,False,2.5,-1.1009371734917006,0.5991956326343106,0.5211817314454688,False,0.0,False,False,True,4.61512051684126,False,False,True,12.066816325306588
88,11.897576911041353,12.25239181580412,True,12.303267610871854,12.215481164404672,2,0,12.219079222451217,3,12.272285293053542,3,3,12.07817052176723,3,4,0,0,11.785369069475001,2,2,True,False,False,12.465956889344524,True,False,2.5,-1.3898620278220488,1.4855305380919899,-1.5757487140079478,True,4.343805421853684,False,False,False,0.0,False,False,True,12.010671928196443
89,11.813689225424564,11.952960155415807,False,11.498308778772056,11.808193836543019,1,27,12.03878070203725,2,11.884777565189452,2,2,11.521165088893575,2,6,0,0,11.524571661116692,0,0,True,True,False,11.831203284138704,False,False,1.0,-0.03775279933912664,-1.0861489736070777,-0.13485521460876862,False,0.0,False,False,False,0.0,True,True,True,11.350418300109132
90,12.067973683336726,12.10010039101655,True,12.164079627677117,12.01107557809201,1,12,12.219079222451217,2,12.272285293053542,3,3,12.07817052176723,2,5,0,0,11.524571661116692,0,0,True,False,False,12.022824369608022,False,False,2.0,-0.10182400554165401,-1.0861489736070777,-0.2273481529935661,False,0.0,False,False,False,0.0,False,False,True,11.724813914587886
92,12.067973683336726,12.10010039101655,True,11.889207077291879,12.01107557809201,2,45,11.976594811781178,2,11.884777565189452,2,2,12.07817052176723,2,6,0,0,12.169436290122853,1,2,True,True,False,11.831203284138704,True,False,1.0,0.5251340031122703,-1.0861489736070777,-0.1280895374579699,True,5.318119993844216,False,False,False,0.0,False,False,True,11.498836682527127
93,11.432508350773558,12.10010039101655,False,12.224810430420682,12.01107557809201,2,3,11.84430531876782,2,11.712360342176042,3,3,12.07817052176723,2,5,0,0,11.785369069475001,1,2,True,False,False,12.022824369608022,True,False,2.0,-0.4391030257836476,-1.0861489736070777,0.7437558648145316,False,0.0,False,False,False,0.0,False,True,True,12.004574385508691
94,11.80746747836454,11.952960155415807,True,11.70731327255742,12.033337193995534,2,9,11.878527194048742,2,11.712360342176042,2,3,11.521165088893575,2,9,1,3,11.785369069475001,1,2,True,False,False,12.022824369608022,True,False,2.5,0.4756941407354684,-1.0861489736070777,-0.44486150961596177,False,0.0,False,True,False,0.0,False,False,True,11.804855999911272
95,12.340705864519109,12.10010039101655,False,12.164079627677117,12.215481164404672,2,10,12.219079222451217,2,12.272285293053542,3,3,12.07817052176723,3,7,0,0,12.169436290122853,2,2,True,False,False,12.022824369608022,True,False,3.5,-0.6053039087554111,1.3016413544238452,0.05191879804005208,False,0.0,False,False,False,0.0,False,False,True,12.229549885708273
96,12.340705864519109,12.10010039101655,False,12.15826751067062,12.215481164404672,2,16,12.219079222451217,3,12.272285293053542,3,3,12.07817052176723,2,6,1,2,12.401316665059703,3,2,True,False,True,12.022824369608022,True,False,2.5,-1.1163043292126318,0.8395439320447123,0.13801844705089208,True,4.23410650459726,False,False,True,5.4510384535657,False,False,False,12.128116509451258
97,12.067973683336726,12.10010039101655,False,12.164079627677117,12.01107557809201,2,7,12.219079222451217,3,12.272285293053542,3,3,12.07817052176723,3,6,0,0,12.169436290122853,2,2,True,False,False,12.022824369608022,True,False,2.0,1.2659514115487827,0.4731271555569041,0.23390837070392392,True,5.214935757608986,False,False,True,5.0689042022202315,False,False,True,12.273735966890268
98,12.067973683336726,12.10010039101655,True,11.722415663465464,12.01107557809201,1,42,11.976594811781178,2,11.884777565189452,2,2,12.07817052176723,2,6,0,0,12.169436290122853,3,2,True,False,False,12.022824369608022,True,False,2.0,-0.18729408544813927,-1.0861489736070777,0.3535051103625504,True,3.8918202981106265,False,False,True,4.795790545596741,False,False,True,11.459007676978688
99,11.432508350773558,12.10010039101655,True,11.722415663465464,12.01107557809201,2,60,11.84430531876782,2,11.712360342176042,2,2,11.521165088893575,2,5,0,0,11.987475505601928,1,2,True,False,True,11.831203284138704,True,False,1.0,-2.118554694949494,-1.0861489736070777,0.30050911912530237,False,0.0,False,False,False,0.0,False,True,True,11.326607934898927
100,12.067973683336726,12.10010039101655,False,11.889207077291879,12.01107557809201,1,51,12.03878070203725,2,11.884777565189452,2,2,12.07817052176723,2,6,0,0,11.524571661116692,0,0,True,False,True,12.022824369608022,False,False,2.5,-0.21628100122692084,-1.0861489736070777,0.048420661018099324,False,0.0,False,False,True,5.8664680569332965,False,False,True,11.767187766223199
101,12.067973683336726,12.10010039101655,False,12.122775029074985,12.01107557809201,2,9,12.03878070203725,2,12.272285293053542,2,3,12.07817052176723,3,6,2,2,12.169436290122853,2,2,True,False,False,12.022824369608022,True,False,3.0,1.3073769233909027,0.876314842956725,0.2965134201382687,True,3.367295829986474,False,False,True,5.1298987149230735,False,False,False,12.230770136157428
102,12.340705864519109,12.10010039101655,True,12.139860799469593,12.215481164404672,2,25,11.976594811781178,3,11.884777565189452,3,2,12.07817052176723,3,7,1,2,12.169436290122853,3,2,True,False,False,12.022824369608022,True,False,2.5,-0.8897382890373494,0.6893732164235604,0.024801904167949654,True,5.820082930352362,False,False,True,5.262690188904886,False,False,True,12.08954444723597
104,12.067973683336726,12.10010039101655,False,12.164079627677117,12.01107557809201,2,1,12.219079222451217,2,12.272285293053542,3,3,12.07817052176723,3,6,0,0,12.169436290122853,2,2,True,False,False,12.022824369608022,True,False,2.0,0.5040323268735444,0.5738312635980962,0.25963148218438736,False,0.0,False,False,False,0.0,False,False,True,12.200562492481511
105,11.813689225424564,11.722226169284978,True,11.498308778772056,11.808193836543019,2,57,11.984997717199022,2,12.272285293053542,2,3,12.07817052176723,2,7,2,2,11.785369069475001,1,2,True,False,False,12.022824369608022,True,False,1.5,0.035925955431013554,-1.0861489736070777,-0.3026238596578939,True,6.398594934535208,False,True,False,0.0,False,False,False,12.040614105490253
106,12.340705864519109,12.25239181580412,True,12.303267610871854,12.215481164404672,3,4,12.219079222451217,3,12.272285293053542,3,3,12.07817052176723,3,9,1,3,12.169436290122853,2,2,True,False,False,12.022824369608022,True,False,2.5,0.07083143652890163,0.6789570245424512,0.05971594509476881,True,6.645090969505644,False,False,True,4.948759890378168,False,False,True,12.429220196836383
107,11.432508350773558,11.722226169284978,True,11.70731327255742,12.01107557809201,1,12,12.219079222451217,2,11.712360342176042,2,3,12.07817052176723,2,6,0,0,11.785369069475001,1,2,True,False,True,12.022824369608022,True,False,1.0,-1.2702367912484356,-1.0861489736070777,0.3320110897190179,False,0.0,False,False,False,0.0,False,False,True,11.51293546492023
108,12.067973683336726,11.722226169284978,True,11.70731327255742,12.01107557809201,2,58,12.219079222451217,2,11.884777565189452,2,3,12.07817052176723,2,5,0,0,11.785369069475001,1,2,True,False,False,12.465956889344524,True,False,1.0,-0.7221824382814209,-1.0861489736070777,-0.7908151911363298,False,0.0,False,False,False,0.0,False,False,True,11.652696102959753
109,11.813689225424564,11.722226169284978,True,11.498308778772056,11.808193836543019,2,2,12.366209798533164,2,11.884777565189452,2,2,11.521165088893575,2,7,0,0,11.524571661116692,0,0,True,False,False,12.022824369608022,False,False,2.0,-0.7086078656772719,-1.0861489736070777,-0.1280895374579699,False,0.0,False,False,False,0.0,False,True,True,11.652696102959753
110,12.067973683336726,12.10010039101655,False,12.122775029074985,12.01107557809201,2,33,12.03878070203725,2,11.884777565189452,3,3,12.07817052176723,2,7,1,2,12.169436290122853,2,2,True,True,False,12.022824369608022,True,False,2.0,1.7209658658523184,1.1612893872946393,0.4950174776029966,True,6.175867270105761,False,False,False,0.0,False,False,True,12.154784614286667
111,11.813689225424564,12.10010039101655,True,11.722415663465464,11.808193836543019,2,34,11.84430531876782,2,11.884777565189452,2,3,12.07817052176723,2,7,0,0,12.169436290122853,1,2,True,False,False,12.022824369608022,True,False,2.0,-0.09059232365294673,-1.0861489736070777,0.0901986240050273,False,0.0,False,False,True,5.209486152841421,False,False,True,11.827013315851762
112,12.027100518212453,12.10010039101655,False,12.15826751067062,12.015308249970365,2,10,12.219079222451217,2,12.272285293053542,3,3,12.07817052176723,2,7,1,2,12.401316665059703,3,2,True,False,False,12.022824369608022,True,False,2.5,-2.5449290204607475,-1.0861489736070777,-0.30459226346027474,False,0.0,False,False,True,5.198497031265826,False,False,False,12.100717685412471
113,12.340705864519109,12.10010039101655,True,12.164079627677117,12.215481164404672,2,0,12.219079222451217,3,12.272285293053542,3,3,12.07817052176723,3,10,1,3,12.401316665059703,3,2,True,False,False,12.465956889344524,True,False,3.5,0.5922638902700881,1.3650838505024157,0.17700795955583035,True,5.3981627015177525,False,True,True,4.795790545596741,False,False,True,12.85832230788469
114,12.067973683336726,12.10010039101655,True,12.224810430420682,12.01107557809201,2,54,11.84430531876782,2,11.884777565189452,3,2,12.07817052176723,3,7,2,3,11.987475505601928,1,2,True,True,False,11.831203284138704,True,False,3.0,1.6620065718472803,1.1531489793728533,1.6288086991457376,True,5.220355825078324,False,False,True,5.117993812416755,False,True,False,12.28765724080691
115,11.972299710268643,12.10010039101655,False,12.224810430420682,12.215481164404672,2,5,11.84430531876782,2,11.884777565189452,2,3,12.07817052176723,3,9,1,2,11.785369069475001,1,2,True,True,False,12.022824369608022,True,False,3.5,0.0033798959182344116,-1.0861489736070777,-0.42932720941873825,False,0.0,False,False,True,5.41610040220442,False,False,True,12.466515835145202
116,11.897576911041353,12.25239181580412,True,12.303267610871854,12.215481164404672,2,8,11.878527194048742,2,12.272285293053542,3,3,12.07817052176723,2,5,1,2,11.785369069475001,1,2,True,False,False,12.022824369608022,True,False,2.5,-0.9330427132192419,0.5188258045672854,-1.9504317059333718,True,7.029972911706386,False,False,False,0.0,False,False,True,12.07824495582233
117,12.067973683336726,12.10010039101655,True,11.814945672101624,12.01107557809201,2,47,11.84430531876782,2,11.884777565189452,2,2,12.07817052176723,2,6,1,0,12.169436290122853,1,2,True,False,False,12.022824369608022,True,False,1.5,0.17342677979652982,0.30310604524104484,0.4726720180538042,True,4.762173934797756,False,False,False,0.0,False,True,False,11.842236406331555
118,12.067973683336726,12.10010039101655,True,11.722415663465464,12.01107557809201,2,0,12.219079222451217,2,12.272285293053542,3,3,12.07817052176723,2,5,0,0,12.169436290122853,1,2,True,False,False,12.465956889344524,True,False,1.5,0.2578699949979873,0.8471168848836711,-0.12000113884012978,False,0.0,False,False,True,4.394449154672439,False,False,True,11.951186847493476
119,12.340705864519109,12.10010039101655,True,12.139860799469593,12.215481164404672,2,20,12.03878070203725,2,12.272285293053542,3,3,12.07817052176723,3,11,2,2,12.169436290122853,1,2,True,False,False,12.022824369608022,True,False,4.0,1.4234373241080538,-1.0861489736070777,0.5953360373611476,False,0.0,False,False,True,5.908082938168931,False,False,True,12.676079399771027
120,12.340705864519109,12.10010039101655,True,12.164079627677117,12.215481164404672,2,0,12.219079222451217,3,12.272285293053542,3,3,12.07817052176723,3,8,1,3,12.169436290122853,3,2,True,False,False,12.465956889344524,True,False,2.5,-0.9366782695392948,0.3860217501330401,-0.1368894368046351,False,0.0,False,False,False,0.0,False,False,True,12.0075668272517
121,12.027100518212453,12.10010039101655,False,12.125706184060236,12.015308249970365,2,37,12.03878070203725,2,11.884777565189452,2,3,12.07817052176723,2,4,2,2,12.169436290122853,1,2,True,False,False,12.022824369608022,True,False,2.0,-0.2514042749426285,1.1926108229898347,1.6709011010758177,False,0.0,True,False,False,0.0,False,False,False,12.100717685412471
122,11.813689225424564,11.722226169284978,True,11.498308778772056,11.808193836543019,1,57,11.869146895887042,2,12.272285293053542,2,3,12.07817052176723,2,4,0,0,11.785369069475001,1,2,True,True,False,12.022824369608022,True,False,1.0,-0.9221610192417034,-1.0861489736070777,-0.7719882343519902,False,0.0,False,False,False,0.0,False,True,True,11.51293546492023
123,12.067973683336726,12.10010039101655,True,11.889207077291879,12.01107557809201,2,50,11.878527194048742,2,11.884777565189452,2,3,12.07817052176723,2,5,0,0,12.169436290122853,1,2,True,False,False,12.022824369608022,True,False,1.0,0.14219013606857156,-1.0861489736070777,0.07785872866620301,True,4.912654885736052,False,True,False,0.0,False,False,True,11.820417517632333
124,12.183695128206182,12.10010039101655,True,12.139860799469593,12.01107557809201,2,15,12.03878070203725,3,12.272285293053542,3,3,12.07817052176723,3,5,0,0,12.169436290122853,2,2,True,False,False,12.022824369608022,True,False,2.0,0.4399398253893993,0.8395439320447123,-0.26994166625157673,False,0.0,False,False,False,0.0,False,False,True,11.944064817531656
125,12.067973683336726,12.10010039101655,False,12.122775029074985,12.01107557809201,2,11,11.976594811781178,2,11.884777565189452,3,2,12.07817052176723,2,7,1,2,12.169436290122853,1,2,True,False,False,12.022824369608022,True,False,2.0,0.8099666760692052,-1.0861489736070777,1.2185883404642328,False,0.0,False,False,True,5.262690188904886,False,False,True,12.10625783509458
126,11.80746747836454,11.722226169284978,True,11.498308778772056,11.808193836543019,2,24,11.84430531876782,2,11.884777565189452,2,3,11.521165088893575,2,5,0,0,11.524571661116692,0,0,True,False,False,12.022824369608022,False,False,2.0,-1.8036448894987673,-1.0861489736070777,-0.5591385226849818,False,0.0,False,False,True,3.9889840465642745,True,False,True,11.344518647594766
127,12.183695128206182,12.10010039101655,False,12.03258387136611,12.01107557809201,2,31,12.03878070203725,2,11.884777565189452,3,2,12.07817052176723,2,5,1,2,12.169436290122853,2,2,True,False,False,12.022824369608022,True,False,2.0,0.1369558170345475,1.4191258115691938,-1.1619587569976788,False,0.0,False,False,False,0.0,False,False,False,11.759793355371237
128,11.96725095514478,11.722226169284978,False,11.70731327255742,11.954843206973223,2,57,11.937149528022868,2,11.712360342176042,2,3,12.07817052176723,2,5,1,2,11.524571661116692,0,0,True,False,False,12.022824369608022,False,False,1.0,-1.1472668614357777,-1.0861489736070777,-1.3796757321643962,False,0.0,False,False,False,0.0,False,False,True,11.373674891823535
129,12.340705864519109,12.10010039101655,True,11.889207077291879,12.215481164404672,2,40,12.219079222451217,2,11.884777565189452,2,2,12.07817052176723,2,6,1,2,12.169436290122853,2,2,True,False,False,12.022824369608022,True,False,1.5,-1.194293798779005,1.1013684419671705,-0.3443785489279023,True,5.58724865840025,False,False,True,5.241747015059643,False,False,True,11.951186847493476
130,12.067973683336726,12.10010039101655,True,11.889207077291879,12.01107557809201,2,15,12.03878070203725,2,11.884777565189452,2,2,12.07817052176723,3,6,0,0,12.037232888392635,2,2,True,True,False,11.831203284138704,True,False,2.0,-0.051576986188239846,0.9549328321349695,-0.024364250659359054,True,4.454347296253507,True,False,False,0.0,False,False,True,11.918397239722838
131,12.340705864519109,12.10010039101655,True,11.889207077291879,12.215481164404672,2,40,11.878527194048742,2,11.884777565189452,2,3,12.07817052176723,3,8,2,3,12.169436290122853,3,2,True,True,False,12.022824369608022,True,False,2.5,-0.292859856791174,0.8619281625927298,0.862317643067085,True,5.736572297479192,False,False,True,4.663439094112067,False,False,True,12.328294703023394
133,12.067973683336726,12.10010039101655,True,11.889207077291879,12.01107557809201,2,5,11.878527194048742,2,11.884777565189452,2,3,12.07817052176723,3,7,0,0,11.785369069475001,1,2,True,False,False,12.022824369608022,True,False,2.0,0.09743722985885729,-1.0861489736070777,-0.3957833816974508,False,0.0,False,False,False,0.0,False,False,True,11.923384748066601
134,12.067973683336726,12.10010039101655,False,12.352621312150928,12.01107557809201,3,7,12.219079222451217,3,12.272285293053542,3,3,12.07817052176723,3,6,0,0,12.169436290122853,3,2,True,False,False,12.022824369608022,True,False,3.0,0.5991345597335471,0.40472510505563375,-0.5387930725140595,True,4.919980925828125,False,False,True,5.262690188904886,False,False,False,12.301387370778713
135,12.067973683336726,12.10010039101655,False,11.814945672101624,12.01107557809201,2,13,12.03878070203725,2,11.884777565189452,2,3,12.07817052176723,2,7,1,2,12.169436290122853,2,2,True,True,False,12.022824369608022,True,False,2.5,1.016960489985807,1.0437071244260603,0.24718421137750007,False,0.0,False,False,False,0.0,False,True,True,12.100717685412471
136,12.067973683336726,12.10010039101655,True,12.122775029074985,12.01107557809201,2,38,12.03878070203725,2,12.272285293053542,2,3,12.07817052176723,2,7,1,3,12.169436290122853,1,2,True,True,False,12.022824369608022,True,False,2.0,0.682772298820074,-1.0861489736070777,0.25926104586673027,True,5.666426688112432,False,False,True,4.59511985013459,False,False,True,12.066816325306588
137,12.067973683336726,12.10010039101655,False,11.889207077291879,12.01107557809201,2,40,11.878527194048742,2,11.884777565189452,2,2,12.07817052176723,2,5,1,2,12.169436290122853,2,2,True,False,False,12.022824369608022,True,False,2.0,0.4756941407354684,1.1148159126694925,0.2509079651668186,True,5.2832037287379885,False,False,False,0.0,False,False,False,11.870606902224587
138,11.862887045549764,12.10010039101655,True,11.964817397785627,12.01107557809201,2,17,12.219079222451217,2,11.884777565189452,2,3,12.07817052176723,2,9,0,0,12.037232888392635,1,2,True,False,False,11.977895278402745,True,False,3.0,1.82477126411587,-1.0861489736070777,0.3796587642351935,True,4.2626798770413155,False,False,False,0.0,False,False,True,12.049424683420915
139,12.340705864519109,12.10010039101655,False,12.164079627677117,12.215481164404672,3,8,12.219079222451217,3,12.272285293053542,3,3,12.07817052176723,3,7,2,2,12.169436290122853,3,2,True,True,False,12.022824369608022,True,False,2.5,-0.06267771399361056,1.0922016488717023,-0.004593595465340875,True,5.771441123130016,False,False,True,5.41610040220442,False,False,True,12.345838935721968
140,12.340705864519109,12.10010039101655,False,12.164079627677117,12.215481164404672,2,12,12.219079222451217,2,12.272285293053542,3,3,12.07817052176723,3,7,0,0,12.169436290122853,2,2,True,True,False,12.022824369608022,True,False,3.5,-0.2809620697350837,1.0587483644618412,1.0237180812660989,False,0.0,False,False,True,5.6240175061873385,False,False,True,12.352339472153524
141,12.067973683336726,12.10010039101655,True,11.889207077291879,12.01107557809201,1,39,11.976594811781178,2,11.884777565189452,2,2,12.07817052176723,2,5,1,0,11.524571661116692,0,0,True,False,False,12.022824369608022,False,False,1.0,-0.47670939214555846,-1.0861489736070777,0.2776990046767685,False,0.0,False,False,False,0.0,False,False,True,11.652696102959753
142,12.067973683336726,12.10010039101655,True,12.164079627677117,12.01107557809201,2,1,12.219079222451217,3,12.272285293053542,3,3,12.07817052176723,3,7,0,0,12.169436290122853,3,2,True,False,False,12.022824369608022,True,False,3.0,1.5323775529724923,0.3860217501330401,0.477493256499987,False,0.0,False,False,True,5.081404364984463,False,False,True,12.468440756144114
143,11.813689225424564,12.10010039101655,True,11.889207077291879,11.808193836543019,2,58,12.1233228118755,2,11.884777565189452,2,2,12.07817052176723,2,6,0,0,11.785369069475001,1,2,True,True,False,12.022824369608022,True,False,2.0,-0.334844408890133,-1.0861489736070777,-0.12359190228253258,False,0.0,False,False,False,0.0,False,False,True,12.019749091416921
144,12.067973683336726,12.10010039101655,False,12.164079627677117,12.01107557809201,2,10,12.219079222451217,3,12.272285293053542,3,3,12.07817052176723,3,6,0,0,12.169436290122853,2,2,True,False,False,12.022824369608022,True,False,3.0,1.0753685396989145,0.4731271555569041,0.24718421137750007,True,5.214935757608986,False,False,True,4.976733742420574,False,False,True,12.225880174775122
145,11.862887045549764,11.722226169284978,True,11.814945672101624,12.01107557809201,2,43,11.976594811781178,2,11.884777565189452,2,2,12.07817052176723,2,10,0,0,11.785369069475001,1,2,True,False,False,11.831203284138704,True,False,3.0,1.5218056862097433,-1.0861489736070777,0.0025854637258920215,True,5.820082930352362,False,False,False,0.0,False,False,True,11.736077016252437
146,11.897576911041353,11.722226169284978,True,11.722415663465464,12.215481164404672,2,0,12.219079222451217,3,12.272285293053542,3,3,12.07817052176723,3,7,0,0,11.785369069475001,1,2,True,False,False,12.022824369608022,True,False,2.0,-0.15855875219343615,0.6233232083761491,-2.407135588772479,True,3.9318256327243257,False,False,False,0.0,False,False,True,11.775297421715827
147,11.432508350773558,11.722226169284978,True,11.722739856073467,12.01107557809201,2,16,11.84430531876782,2,11.712360342176042,2,2,12.07817052176723,2,5,0,0,11.785369069475001,1,2,True,False,False,12.022824369608022,True,False,2.0,-0.9843247655507187,-1.0861489736070777,-0.7533406669972252,False,0.0,False,False,True,3.8918202981106265,False,False,True,11.561725152903833
148,12.340705864519109,12.10010039101655,False,12.15826751067062,12.215481164404672,2,9,12.219079222451217,3,12.272285293053542,3,3,12.07817052176723,3,8,1,3,12.401316665059703,3,2,True,False,False,12.022824369608022,True,False,2.5,-0.4142708900802842,0.7095732077658102,0.08616119799790306,True,5.198497031265826,False,False,True,4.976733742420574,False,False,False,12.312686874960354
149,12.067973683336726,12.10010039101655,True,12.139860799469593,12.01107557809201,2,3,12.219079222451217,2,12.272285293053542,3,3,12.07817052176723,3,6,0,0,11.524571661116692,0,0,True,False,False,12.022824369608022,False,False,2.0,0.14219013606857156,-1.0861489736070777,-0.3671162397748761,True,4.795790545596741,False,False,False,0.0,False,False,True,11.856522261533737
150,11.813689225424564,11.722226169284978,True,11.722739856073467,11.808193836543019,2,56,11.878527194048742,2,11.712360342176042,3,3,12.07817052176723,2,7,0,0,11.785369069475001,1,2,True,False,False,12.022824369608022,True,False,1.0,-0.3773729676880695,1.1279169653537708,-0.7165700280803695,False,0.0,False,False,True,5.303304908059076,False,False,False,11.652696102959753
151,12.067973683336726,12.10010039101655,True,12.164079627677117,12.01107557809201,2,32,11.976594811781178,2,11.884777565189452,2,2,12.07817052176723,2,5,0,0,12.169436290122853,1,2,True,True,False,12.022824369608022,True,False,1.5,-0.16142110051392275,-1.0861489736070777,0.25109397023905494,False,0.0,False,False,False,0.0,False,False,True,11.711784520403112
152,12.067973683336726,12.10010039101655,True,12.614502598853377,12.01107557809201,3,0,12.219079222451217,3,12.272285293053542,3,3,12.07817052176723,3,6,1,3,12.169436290122853,2,2,True,False,False,12.465956889344524,True,False,3.0,1.4899046344804128,1.073356289246454,0.8195123204556904,True,6.07993319509559,False,False,False,0.0,False,False,True,12.827731880206521
153,12.340705864519109,12.10010039101655,False,12.122775029074985,12.215481164404672,2,35,11.976594811781178,2,11.884777565189452,2,3,12.07817052176723,2,8,1,3,12.169436290122853,2,2,True,True,False,12.022824369608022,True,False,2.5,-0.6020260222658127,0.8619281625927298,0.9433169014210682,True,5.53338948872752,False,False,False,0.0,False,False,False,12.154784614286667
154,12.067973683336726,12.10010039101655,True,12.125706184060236,12.01107557809201,2,33,12.1233228118755,2,11.884777565189452,3,3,12.07817052176723,2,4,1,3,12.169436290122853,2,2,True,False,False,12.022824369608022,True,False,2.0,1.2923682452122054,-1.0861489736070777,0.7640081569094663,False,0.0,False,False,True,6.016157159698354,False,False,False,12.367345048436391
155,11.432508350773558,11.722226169284978,True,11.70731327255742,12.01107557809201,2,56,11.84430531876782,2,11.712360342176042,2,2,12.07817052176723,2,7,0,0,11.785369069475001,1,2,True,False,False,11.977895278402745,True,False,1.0,0.44233506005653056,-1.0861489736070777,0.4261956109432789,False,0.0,False,False,False,0.0,False,True,True,11.736077016252437
156,11.813689225424564,12.10010039101655,True,11.722415663465464,11.808193836543019,2,58,11.84430531876782,2,11.712360342176042,2,2,11.521165088893575,2,5,0,0,11.524571661116692,0,0,True,False,False,12.022824369608022,False,False,1.0,-1.562893422208672,-0.0945615692823712,0.10526630785717257,False,0.0,False,False,False,0.0,False,True,True,11.277215789596893
158,12.340705864519109,12.10010039101655,True,12.352621312150928,12.215481164404672,3,0,12.219079222451217,3,12.272285293053542,3,3,12.07817052176723,3,8,1,3,12.401316665059703,3,2,True,False,False,12.465956889344524,True,False,2.5,-0.7736054066925098,0.9236531849451074,0.5360726967904766,True,4.442651256490317,False,False,False,0.0,False,False,True,12.504327379899443
159,12.340705864519109,12.25239181580412,True,12.303267610871854,12.215481164404672,2,5,12.219079222451217,3,12.272285293053542,3,3,12.07817052176723,3,8,1,3,12.169436290122853,2,2,True,True,False,12.022824369608022,True,False,2.5,-0.09901252976022774,1.2149021219766263,0.6227020729691343,False,0.0,False,False,False,0.0,False,False,True,12.448630513463613
160,12.340705864519109,12.10010039101655,False,12.15826751067062,12.215481164404672,2,0,12.219079222451217,3,12.272285293053542,3,3,12.07817052176723,3,9,1,3,12.169436290122853,2,2,True,False,False,12.465956889344524,True,False,3.5,0.8739867023950412,1.2001498359828129,1.470534615610605,True,6.124683390894205,True,False,True,5.480638923341991,False,False,True,12.676079399771027
161,12.067973683336726,12.10010039101655,False,12.075056445481925,12.01107557809201,2,24,12.03878070203725,2,12.272285293053542,3,2,12.07817052176723,2,6,0,0,12.169436290122853,1,2,True,False,False,12.022824369608022,True,False,2.0,0.5181144540966001,-1.0861489736070777,0.38835892295365937,False,0.0,False,False,False,0.0,False,False,False,11.998439434579149
162,12.340705864519109,12.10010039101655,False,12.614502598853377,12.215481164404672,3,4,12.219079222451217,3,12.272285293053542,3,3,12.07817052176723,3,10,2,3,12.401316665059703,3,2,True,False,False,12.022824369608022,True,False,3.5,1.2355209324121217,-1.0861489736070777,0.790886922940425,True,6.499787040655854,False,False,True,5.993961427306569,False,False,True,12.929993908996359
163,12.067973683336726,12.10010039101655,True,12.614502598853377,12.01107557809201,2,5,12.219079222451217,3,12.272285293053542,3,3,12.07817052176723,3,7,1,3,12.169436290122853,2,2,True,False,False,12.465956889344524,True,False,2.0,1.1758164618674276,0.8903008892806774,0.5647316972647709,True,5.424950017481403,False,False,False,0.0,False,False,True,12.301387370778713
164,11.96725095514478,12.10010039101655,True,11.70731327255742,11.954843206973223,1,51,11.878527194048742,2,11.884777565189452,2,3,12.07817052176723,2,4,0,0,11.524571661116692,0,0,True,True,False,12.022824369608022,False,False,1.0,-0.4204612400317373,-1.0861489736070777,-0.9551853007931894,False,0.0,False,False,False,0.0,False,False,True,11.544433821905134
165,12.038767098415313,11.722226169284978,True,11.70731327255742,12.01107557809201,2,3,11.878527194048742,2,11.712360342176042,2,3,12.07817052176723,3,5,0,0,11.785369069475001,1,2,True,False,False,12.022824369608022,True,False,2.0,0.3179905128249222,-1.0861489736070777,-0.9897876801373406,False,0.0,False,False,False,0.0,False,True,True,11.931642378754141
166,11.80746747836454,12.10010039101655,True,11.722415663465464,11.808193836543019,2,9,11.84430531876782,2,11.712360342176042,2,3,12.07817052176723,2,6,0,0,11.524571661116692,0,0,True,False,False,12.022824369608022,False,False,3.0,-1.2581216859156563,-1.0861489736070777,0.2040433795513494,False,0.0,False,False,True,4.948759890378168,False,False,True,11.755879486687116
167,12.067973683336726,12.10010039101655,False,12.125706184060236,12.01107557809201,2,16,11.84430531876782,3,11.884777565189452,2,3,12.07817052176723,2,7,3,3,12.169436290122853,3,2,True,True,False,12.022824369608022,True,False,2.0,1.3204583883505234,-1.0861489736070777,0.3155121128259593,False,0.0,False,True,True,6.1675164908883415,False,False,False,12.154784614286667
168,12.340705864519109,12.10010039101655,True,12.614502598853377,12.215481164404672,3,0,12.219079222451217,3,12.272285293053542,3,3,12.07817052176723,3,8,1,3,12.169436290122853,3,2,True,False,False,12.465956889344524,True,False,2.5,1.2545701901557094,1.1531489793728533,0.2890454504952678,True,5.707110264748875,False,False,True,5.187385805840755,False,False,True,12.693501691489768
169,12.340705864519109,12.10010039101655,False,12.15826751067062,12.215481164404672,2,3,12.219079222451217,3,12.272285293053542,3,3,12.07817052176723,3,7,1,3,12.169436290122853,3,2,True,False,False,12.022824369608022,True,False,2.5,-0.5532523480976744,0.7095732077658102,-0.1865809616175154,False,0.0,False,False,True,4.61512051684126,False,False,True,12.119975396053194
170,12.067973683336726,12.10010039101655,False,12.352621312150928,12.01107557809201,3,25,12.03878070203725,3,11.884777565189452,3,2,12.07817052176723,2,6,1,2,12.169436290122853,2,2,True,False,False,12.022824369608022,True,False,2.5,1.4469296857076193,0.8471168848836711,1.1751569043472303,True,6.483107351457199,False,False,True,6.354370040797351,False,False,False,12.337105293891872
171,11.813689225424564,11.722226169284978,False,11.70731327255742,11.808193836543019,2,57,11.878527194048742,2,11.884777565189452,2,2,12.07817052176723,2,7,0,0,11.785369069475001,1,2,True,False,False,12.022824369608022,True,False,1.5,-0.9659140918313551,-1.0861489736070777,0.5925160565272674,False,0.0,False,False,True,5.472270673671475,True,False,False,11.763691965388299
172,12.067973683336726,12.10010039101655,False,11.889207077291879,12.01107557809201,2,50,12.1233228118755,2,11.884777565189452,2,2,12.07817052176723,2,7,2,3,12.169436290122853,3,2,True,False,False,12.022824369608022,True,False,2.0,0.14219013606857156,0.8318548195007133,2.4506325754891467,True,4.727387818712341,False,False,True,5.351858133476067,False,False,True,12.278397958261774
173,11.897576911041353,12.10010039101655,False,12.38035169513184,12.215481164404672,2,19,11.976594811781178,3,12.272285293053542,3,3,12.07817052176723,3,5,1,2,12.169436290122853,2,3,True,False,False,12.022824369608022,True,False,3.0,0.1000862740466584,0.5606437570355319,-1.0228835803846423,False,0.0,False,False,True,6.091309882077698,False,False,True,12.384223015005313
174,12.067973683336726,12.10010039101655,False,11.889207077291879,12.01107557809201,2,47,11.937149528022868,2,11.884777565189452,2,2,12.07817052176723,2,6,1,2,12.169436290122853,1,2,True,False,False,12.022824369608022,True,False,2.5,0.8099666760692052,0.30310604524104484,0.22129877034062395,True,6.198478716492308,False,False,False,0.0,False,False,True,12.001511614739405
175,12.067973683336726,12.10010039101655,False,12.352621312150928,12.01107557809201,2,22,12.219079222451217,2,11.884777565189452,3,2,12.07817052176723,2,7,1,2,12.169436290122853,3,2,True,False,False,12.022824369608022,True,False,3.0,1.2998804079492552,-1.0861489736070777,0.6015884877641567,True,4.890349128221754,False,False,True,5.262690188904886,False,False,True,12.122696471358964
176,12.067973683336726,12.10010039101655,True,11.722415663465464,12.01107557809201,2,6,11.937149528022868,2,11.884777565189452,2,2,12.07817052176723,3,7,1,3,12.169436290122853,1,2,True,True,False,12.022824369608022,True,False,3.0,0.4471205217188243,0.4731271555569041,0.6324077618589721,False,0.0,False,False,False,0.0,False,True,True,12.400820837540556
177,12.340705864519109,12.10010039101655,False,12.125706184060236,12.215481164404672,2,18,12.03878070203725,3,12.272285293053542,3,2,12.07817052176723,2,8,1,2,12.169436290122853,1,2,True,False,False,12.022824369608022,True,False,3.0,0.32295297025560216,1.4724729375445575,0.18932490048479472,True,5.594711379601839,False,True,False,0.0,False,False,True,12.259618151783465
178,11.813689225424564,12.10010039101655,True,11.814945672101624,11.808193836543019,2,48,11.878527194048742,3,11.884777565189452,2,3,12.07817052176723,3,8,1,3,12.169436290122853,1,2,True,False,False,12.022824369608022,True,False,3.0,0.06815924170340744,-1.0861489736070777,0.7854828894109721,False,0.0,False,False,False,0.0,False,False,False,12.058158312538197
179,12.067973683336726,12.10010039101655,False,12.38035169513184,12.01107557809201,3,0,12.219079222451217,3,12.272285293053542,3,3,12.07817052176723,3,9,1,3,12.169436290122853,3,2,True,False,False,12.465956889344524,True,False,3.0,2.295802773950433,0.8161132635890703,1.261782606048258,True,6.618738983517219,False,False,False,0.0,False,False,True,13.126032637428713
180,11.432508350773558,11.722226169284978,True,11.70731327255742,12.01107557809201,2,1,11.84430531876782,3,11.884777565189452,2,2,12.07817052176723,2,5,0,0,11.785369069475001,1,2,True,False,False,12.022824369608022,True,False,1.0,-0.16428592181459212,-1.0861489736070777,-0.12359190228253258,False,0.0,False,False,False,0.0,False,True,True,11.51293546492023
181,11.897576911041353,12.25239181580412,True,12.303267610871854,12.215481164404672,2,7,11.878527194048742,3,12.272285293053542,3,3,12.07817052176723,3,5,1,2,11.785369069475001,1,2,True,False,False,12.022824369608022,True,False,2.5,-0.8364252457831189,-1.0861489736070777,-2.7279825478624717,True,6.124683390894205,False,False,False,0.0,False,False,False,12.083910661257521
182,11.972299710268643,12.10010039101655,True,12.224810430420682,12.215481164404672,2,56,11.984997717199022,2,11.712360342176042,2,3,12.07817052176723,2,9,1,3,11.785369069475001,1,2,True,False,False,12.022824369608022,True,False,1.5,-0.7086078656772719,-1.0861489736070777,-0.3448809921782866,False,0.0,False,False,False,0.0,False,True,True,12.206577518060588
184,11.813689225424564,11.722226169284978,True,11.70731327255742,11.808193836543019,2,5,12.219079222451217,2,12.272285293053542,3,3,12.07817052176723,3,6,0,0,11.785369069475001,1,2,True,False,False,12.022824369608022,True,False,2.5,0.8099666760692052,1.4940563863546286,0.44079364749957173,False,0.0,False,False,True,5.638354669333745,False,False,True,12.206077645517674
185,11.813689225424564,12.10010039101655,False,11.722739856073467,11.808193836543019,2,15,11.869146895887042,2,12.272285293053542,2,3,12.07817052176723,2,5,0,0,12.169436290122853,1,2,True,True,False,12.022824369608022,True,False,1.0,-1.8817729476454723,-1.0861489736070777,-0.3829339868320966,False,0.0,False,False,True,4.653960350157523,False,False,True,11.751950239425476
186,12.066699991720135,11.722226169284978,False,11.70731327255742,12.06226253125337,3,13,11.84430531876782,3,11.712360342176042,2,3,12.07817052176723,3,12,2,2,11.785369069475001,1,3,True,True,False,12.022824369608022,True,False,2.5,0.21207110510104,1.5385981595549327,1.8041325046287005,False,0.0,False,True,False,0.0,True,False,True,13.07107218827772
187,12.027100518212453,12.10010039101655,False,11.964817397785627,12.015308249970365,2,18,11.976594811781178,2,12.272285293053542,3,3,12.07817052176723,3,6,0,0,12.169436290122853,1,2,True,True,False,12.022824369608022,True,False,3.0,0.4134812830398715,0.44011707072913253,0.17353003607083325,False,0.0,False,False,True,5.1298987149230735,False,False,False,12.06105265381003
188,11.813689225424564,12.10010039101655,True,11.70731327255742,11.808193836543019,2,22,11.976594811781178,2,11.884777565189452,2,3,12.07817052176723,2,8,0,0,11.785369069475001,1,2,True,True,False,12.022824369608022,True,False,2.5,-1.194293798779005,-1.0861489736070777,0.2611125390295349,False,0.0,True,False,False,0.0,True,False,True,11.813037464800539
189,11.862887045549764,12.10010039101655,True,12.139860799469593,11.891694659765184,2,30,12.03878070203725,2,11.884777565189452,3,2,12.07817052176723,2,6,2,2,11.785369069475001,1,2,True,False,False,12.036862527888374,True,False,3.0,0.15784456653442083,-1.0861489736070777,-0.4935683571756821,True,5.62040086571715,False,False,True,4.795790545596741,False,False,True,11.940399914116648
190,12.183695128206182,12.10010039101655,True,12.38035169513184,12.01107557809201,3,6,12.366209798533164,3,12.272285293053542,3,3,12.07817052176723,3,5,1,3,12.169436290122853,3,2,True,False,False,12.022824369608022,True,False,2.5,1.2754082957580517,1.1531489793728533,-1.1638666634042036,False,0.0,False,True,False,0.0,False,False,True,12.563750586299374
191,11.972299710268643,12.10010039101655,True,12.224810430420682,12.215481164404672,3,13,12.1233228118755,3,11.884777565189452,3,2,12.07817052176723,3,10,2,2,11.785369069475001,1,2,True,False,False,12.022824369608022,True,False,2.5,-0.5115677922882111,0.9171572409480562,0.2905048140575707,False,0.0,False,False,False,0.0,False,False,True,12.660331092405906
192,12.340705864519109,12.10010039101655,False,11.889207077291879,12.215481164404672,2,3,11.976594811781178,2,11.884777565189452,2,3,12.07817052176723,3,7,0,0,12.169436290122853,3,2,True,False,False,12.022824369608022,True,False,2.5,-0.9476100607159699,0.5188258045672854,-0.3742440202479544,True,4.9344739331306915,False,False,False,0.0,False,False,False,12.122696471358964
193,12.067973683336726,12.10010039101655,False,12.164079627677117,12.01107557809201,2,10,12.219079222451217,3,12.272285293053542,3,3,12.07817052176723,3,6,0,0,12.169436290122853,3,2,True,False,False,12.022824369608022,True,False,3.0,0.9555080039061593,0.5606437570355319,-0.014985817844350588,False,0.0,False,False,False,0.0,False,False,True,12.165255859329688
194,11.897576911041353,11.722226169284978,True,11.722415663465464,12.215481164404672,2,2,12.219079222451217,3,12.272285293053542,3,3,12.07817052176723,3,7,0,0,11.785369069475001,1,2,True,False,False,12.022824369608022,True,False,2.0,-0.15855875219343615,0.6233232083761491,-2.407135588772479,True,3.9318256327243257,False,False,False,0.0,False,False,True,11.775297421715827
195,12.067973683336726,12.10010039101655,False,12.164079627677117,12.01107557809201,2,36,11.976594811781178,2,11.884777565189452,2,2,12.07817052176723,2,5,0,0,11.785369069475001,1,2,True,False,False,12.022824369608022,True,False,1.0,-0.47670939214555846,-1.0861489736070777,-0.4501553208381573,False,0.0,False,False,False,0.0,False,False,True,11.751950239425476
196,11.897576911041353,12.10010039101655,True,12.03258387136611,12.215481164404672,2,33,12.03878070203725,2,11.884777565189452,3,2,12.07817052176723,2,7,1,2,12.169436290122853,1,2,True,False,False,12.022824369608022,True,False,2.5,-0.505202034886499,-1.0861489736070777,-2.5922574092270847,False,0.0,False,False,True,4.477336814478207,False,False,True,11.908346971208951
197,12.067973683336726,12.10010039101655,True,12.303267610871854,12.01107557809201,2,0,12.366209798533164,3,12.272285293053542,3,3,12.07817052176723,3,8,1,3,12.169436290122853,3,2,True,False,False,12.465956889344524,True,False,3.0,1.5182749010438619,1.2221216254580884,0.06809445434341159,True,5.327876168789581,False,True,True,5.147494476813453,False,False,True,12.650351332641707
198,12.066699991720135,12.10010039101655,True,11.889207077291879,12.215481164404672,3,16,11.984997717199022,3,12.272285293053542,2,3,12.07817052176723,3,8,1,3,11.785369069475001,1,2,True,True,False,11.831203284138704,True,True,3.5,0.8056568445701872,0.20311490312014263,2.006516984114161,False,0.0,False,False,False,0.0,True,True,True,12.367345048436391
200,12.067973683336726,12.10010039101655,True,12.614502598853377,12.01107557809201,3,4,12.219079222451217,3,12.272285293053542,3,3,12.07817052176723,3,7,1,3,12.169436290122853,3,2,True,False,False,12.022824369608022,True,False,3.0,1.4952409390082537,0.42274040029361315,0.10346420799123529,True,5.572154032177765,False,True,False,0.0,False,False,True,12.524166311833152
201,12.067973683336726,11.722226169284978,True,11.722415663465464,12.01107557809201,1,6,12.219079222451217,2,12.272285293053542,3,3,12.07817052176723,2,5,0,0,12.169436290122853,2,2,True,False,False,12.022824369608022,True,False,2.0,0.24774574656530035,0.8471168848836711,-0.11776021529424001,False,0.0,False,False,True,4.890349128221754,False,False,True,11.849404844423074
202,12.067973683336726,12.10010039101655,True,11.964817397785627,12.01107557809201,2,31,12.03878070203725,2,11.884777565189452,2,2,12.07817052176723,2,6,2,2,11.785369069475001,1,2,True,True,False,12.022824369608022,True,False,2.5,0.43274407532437714,0.9728096875120423,0.20765852969004744,False,0.0,False,False,True,5.476463551931511,False,False,True,12.052344376474922
203,11.813689225424564,12.10010039101655,True,11.70731327255742,11.808193836543019,2,56,11.878527194048742,2,11.712360342176042,2,3,12.07817052176723,2,6,0,0,12.169436290122853,1,2,True,False,False,12.022824369608022,True,False,2.0,-1.3689034542870135,-1.0861489736070777,-0.4984517096653956,False,0.0,False,False,False,0.0,False,True,True,11.626263078808801
204,12.183695128206182,11.722226169284978,True,12.164079627677117,12.01107557809201,2,4,12.219079222451217,3,12.272285293053542,3,3,12.07817052176723,3,3,1,3,12.169436290122853,2,2,True,False,False,12.022824369608022,True,False,2.0,-0.5275369941219105,-1.0861489736070777,-1.3584580166445568,True,5.327876168789581,False,False,True,5.0106352940962555,False,False,False,11.91170829631447
205,11.813689225424564,11.722226169284978,True,11.70731327255742,11.808193836543019,2,59,11.869146895887042,2,11.884777565189452,2,2,12.07817052176723,2,5,0,0,11.785369069475001,1,2,True,True,False,12.022824369608022,True,False,1.5,-0.9659140918313551,0.5606437570355319,-1.8014420006222787,False,0.0,False,False,False,0.0,False,False,True,11.608244735642321
207,12.067973683336726,12.10010039101655,False,11.814945672101624,12.01107557809201,2,45,11.976594811781178,2,11.884777565189452,2,2,12.07817052176723,2,8,1,2,12.169436290122853,2,2,True,False,False,12.022824369608022,True,False,1.5,0.29556958776340114,0.4888362937281327,0.7887554870058006,False,0.0,False,False,False,0.0,False,False,True,11.87688084212164
208,12.067973683336726,12.10010039101655,False,11.889207077291879,12.01107557809201,1,48,11.84430531876782,2,12.272285293053542,2,2,12.07817052176723,2,6,1,0,12.169436290122853,2,2,True,True,False,12.022824369608022,True,False,2.0,0.19409198094893265,-1.0861489736070777,0.6135698065714057,False,0.0,False,False,True,5.87493073085203,False,False,False,11.856522261533737
209,12.340705864519109,12.10010039101655,False,12.139860799469593,12.215481164404672,2,18,12.03878070203725,3,11.884777565189452,3,3,12.07817052176723,2,7,1,3,12.169436290122853,3,2,True,False,False,12.022824369608022,True,False,3.5,0.3377971637003474,0.7744464942627202,0.8846717947661148,True,4.859812404361672,False,True,True,4.110873864173311,False,False,False,12.531776395271262
210,12.067973683336726,12.10010039101655,True,11.889207077291879,12.01107557809201,2,44,11.976594811781178,2,11.884777565189452,3,3,12.07817052176723,2,6,0,0,12.169436290122853,2,2,True,True,False,12.022824369608022,True,False,2.0,0.17342677979652982,-1.0861489736070777,-0.18519008402088913,True,5.564520407322694,False,False,False,0.0,False,False,True,11.884495917930655
211,11.432508350773558,12.10010039101655,True,11.722415663465464,12.01107557809201,2,58,11.984997717199022,2,11.884777565189452,2,2,11.521165088893575,2,5,0,0,11.524571661116692,0,0,True,False,False,12.022824369608022,False,False,2.0,-0.47670939214555846,-1.0861489736070777,-0.919838256699726,False,0.0,False,False,False,0.0,False,True,True,11.49273296168228
212,12.067973683336726,12.10010039101655,True,11.722415663465464,12.01107557809201,2,1,12.219079222451217,2,12.272285293053542,3,3,12.07817052176723,3,6,0,0,12.169436290122853,2,2,True,False,False,12.022824369608022,True,False,2.0,0.4709483359412767,0.34632210079751535,0.26296231307860696,False,0.0,False,False,True,4.61512051684126,False,False,True,12.133507329024972
213,12.340705864519109,12.25239181580412,True,12.303267610871854,12.215481164404672,2,0,12.219079222451217,2,12.272285293053542,3,3,12.07817052176723,3,7,1,2,12.169436290122853,2,2,True,False,False,12.465956889344524,True,False,3.5,-0.36516553712050603,1.1013684419671705,-0.09681861483277672,False,0.0,False,False,True,5.1298987149230735,False,False,True,12.439875187430008
214,12.067973683336726,12.10010039101655,False,12.164079627677117,12.01107557809201,2,11,12.219079222451217,2,12.272285293053542,3,3,12.07817052176723,2,5,0,0,12.169436290122853,1,2,True,False,False,12.022824369608022,True,False,1.5,-0.10182400554165401,-1.0861489736070777,0.7737718124807691,False,0.0,False,False,True,5.41610040220442,False,False,True,11.957617696467539
215,12.340705864519109,12.10010039101655,False,12.164079627677117,12.215481164404672,2,33,11.976594811781178,2,11.884777565189452,3,3,12.07817052176723,2,6,0,0,12.169436290122853,3,2,True,True,True,12.022824369608022,True,False,1.5,-1.0818335857131653,0.5738312635980962,0.3497913113898497,True,5.0369526024136295,False,False,False,0.0,False,False,False,11.993813394724253
216,12.067973683336726,12.10010039101655,False,11.889207077291879,12.01107557809201,2,10,11.976594811781178,2,11.884777565189452,2,2,12.07817052176723,3,6,1,2,12.169436290122853,1,2,True,True,False,12.022824369608022,True,False,1.5,0.11593692530237767,-1.0861489736070777,0.18586846081556707,True,4.174387269895637,False,False,False,0.0,False,False,True,11.808955099378537
217,12.067973683336726,12.10010039101655,True,12.164079627677117,12.01107557809201,2,4,12.219079222451217,3,12.272285293053542,3,3,12.07817052176723,3,8,0,0,12.169436290122853,1,2,True,False,False,12.022824369608022,True,False,3.0,0.9658245176429296,1.0537840408531192,-0.1393785518100495,True,5.58724865840025,False,False,True,4.941642422609304,False,False,True,12.25486757159303
218,11.972299710268643,11.722226169284978,True,11.70731327255742,12.215481164404672,1,56,11.878527194048742,2,11.884777565189452,2,2,11.521165088893575,2,8,0,0,11.785369069475001,1,2,True,False,False,11.977895278402745,True,False,1.0,-1.0932817660037126,1.3314519006938355,0.16558532549845187,False,0.0,False,False,False,0.0,False,True,True,11.580593459194764
219,11.813689225424564,12.10010039101655,False,12.224810430420682,11.808193836543019,2,2,12.219079222451217,3,11.884777565189452,2,3,12.07817052176723,3,8,2,2,12.169436290122853,1,2,True,False,False,12.022824369608022,True,False,2.0,-0.6917199772418937,1.1490294916265134,1.05310801106885,True,5.746203190540153,False,False,False,0.0,False,True,False,12.649157827477366
221,12.067973683336726,12.10010039101655,False,12.164079627677117,12.01107557809201,2,0,12.219079222451217,3,12.272285293053542,3,3,12.07817052176723,3,5,0,0,12.169436290122853,2,2,True,False,False,12.465956889344524,True,False,2.0,1.0913135478547824,0.5331626458427432,-0.02073550452208522,False,0.0,False,False,True,5.863631175598097,False,False,True,12.230282214644559
222,12.340705864519109,12.10010039101655,False,12.15826751067062,12.215481164404672,2,7,12.219079222451217,3,12.272285293053542,3,3,12.07817052176723,3,8,1,2,12.401316665059703,2,2,True,False,False,12.022824369608022,True,False,2.5,-0.04604044014401656,0.6893732164235604,-0.22782166515330346,False,0.0,False,False,True,4.795790545596741,False,False,False,12.206077645517674
223,12.340705864519109,12.10010039101655,True,12.122775029074985,12.215481164404672,2,31,12.219079222451217,2,11.884777565189452,3,2,12.07817052176723,2,6,1,2,12.169436290122853,2,2,True,True,False,12.022824369608022,True,False,3.5,-0.9917192015101979,1.4264042000695412,0.4490636890561208,False,0.0,False,False,True,5.3471075307174685,False,False,True,12.100161978566867
224,12.067973683336726,12.10010039101655,True,11.889207077291879,12.01107557809201,1,38,11.976594811781178,2,11.884777565189452,2,3,12.07817052176723,2,4,0,0,11.785369069475001,1,2,True,False,False,11.831203284138704,True,False,1.0,-0.47670939214555846,-1.0861489736070777,0.2776990046767685,False,0.0,False,False,True,5.37989735354046,False,False,True,11.48247656671073
225,12.067973683336726,12.10010039101655,True,12.614502598853377,12.01107557809201,3,6,12.219079222451217,3,12.272285293053542,3,3,12.07817052176723,3,8,1,3,12.169436290122853,3,2,True,False,False,12.022824369608022,True,False,2.0,2.539976484261269,1.087555471209368,0.7599739979441755,True,6.827629234502852,False,False,True,5.517452896464707,False,False,True,12.864242696187505
227,12.340705864519109,12.10010039101655,False,12.65906276870971,12.215481164404672,2,12,12.219079222451217,3,12.272285293053542,3,3,12.07817052176723,3,9,1,2,12.169436290122853,2,2,True,False,False,11.831203284138704,True,False,2.5,0.44951075381281624,1.1279169653537708,0.17411011241015972,True,5.673323267171493,False,False,True,5.41610040220442,False,False,True,12.577639650232573
229,12.067973683336726,12.10010039101655,True,11.814945672101624,12.01107557809201,2,43,11.976594811781178,2,11.884777565189452,2,2,12.07817052176723,2,5,1,2,11.785369069475001,1,2,True,True,False,12.022824369608022,True,False,1.0,-0.3288136669813322,-1.0861489736070777,-0.12336728860827721,False,0.0,False,False,False,0.0,False,False,True,11.736077016252437
231,12.067973683336726,12.10010039101655,True,11.889207077291879,12.01107557809201,2,51,11.878527194048742,2,11.884777565189452,2,2,12.07817052176723,2,6,0,0,12.169436290122853,2,2,True,False,False,12.022824369608022,True,False,2.0,0.42793851117344506,-1.0861489736070777,-0.07040252036420264,True,5.3981627015177525,False,False,False,0.0,False,True,True,11.904974309480183
232,12.340705864519109,12.10010039101655,False,12.65906276870971,12.215481164404672,3,13,12.219079222451217,3,12.272285293053542,3,3,12.07817052176723,3,9,1,2,12.169436290122853,3,2,True,False,False,12.022824369608022,True,False,3.5,1.0189906486051334,1.2500220804238065,0.9869482269329998,True,6.2285110035911835,False,False,False,0.0,False,True,True,12.90669432231532
234,12.067973683336726,12.10010039101655,True,12.164079627677117,12.01107557809201,2,34,11.976594811781178,2,11.884777565189452,2,2,12.07817052176723,2,5,0,0,12.169436290122853,1,2,True,True,False,12.022824369608022,True,False,2.0,-0.38349379195751865,-1.0861489736070777,0.30503998619118855,False,0.0,False,False,True,5.902633333401366,False,False,True,11.761354623750297
237,12.067973683336726,12.10010039101655,True,12.164079627677117,12.01107557809201,2,6,12.219079222451217,3,12.272285293053542,3,3,12.07817052176723,3,6,0,0,12.169436290122853,2,2,True,False,False,12.022824369608022,True,False,2.0,0.920204649630542,1.087555471209368,-0.06756181372452463,True,4.59511985013459,False,False,True,4.890349128221754,False,False,True,12.130815551850676
238,12.340705864519109,12.10010039101655,False,12.139860799469593,12.215481164404672,2,7,11.976594811781178,3,12.272285293053542,3,3,12.07817052176723,3,7,0,0,12.169436290122853,2,2,True,False,False,12.022824369608022,True,False,2.5,-0.08499066020222609,0.8903008892806774,0.07562531919223385,False,0.0,True,False,True,5.916202062607435,False,False,False,12.178192583415596
239,12.067973683336726,12.10010039101655,True,12.614502598853377,12.01107557809201,3,0,12.219079222451217,3,12.272285293053542,3,3,12.07817052176723,3,7,0,0,12.169436290122853,3,2,True,False,False,12.465956889344524,True,False,2.0,1.4613112539474118,1.4724729375445575,0.5404219254176384,True,5.541263545158426,False,False,True,5.1298987149230735,False,False,True,12.669809806411457
240,11.813689225424564,12.10010039101655,True,11.722415663465464,11.808193836543019,2,60,12.219079222451217,2,11.884777565189452,2,2,12.07817052176723,2,7,1,3,11.785369069475001,1,2,True,True,False,12.022824369608022,True,False,1.5,-0.9113165690203807,1.2292406352566483,-0.07456166390756509,False,0.0,False,False,False,0.0,False,False,True,11.635151947212842
241,12.067973683336726,12.25239181580412,True,12.303267610871854,12.01107557809201,3,2,12.219079222451217,3,12.272285293053542,3,3,12.07817052176723,3,7,0,0,12.169436290122853,2,2,True,False,False,12.022824369608022,True,False,3.0,1.2240426299661857,1.3197343362754113,-0.01860404635173972,True,3.6109179126442243,False,False,True,4.976733742420574,False,False,True,12.47801017053037
242,11.432508350773558,11.722226169284978,True,11.70731327255742,12.01107557809201,2,10,12.219079222451217,2,11.884777565189452,2,3,12.07817052176723,3,4,0,0,11.524571661116692,0,0,True,False,False,12.022824369608022,False,False,1.0,-1.0932817660037126,0.6463304015240848,-1.6095723290674853,False,0.0,False,False,True,4.07753744390572,False,False,True,11.612779849672751
243,11.813689225424564,11.722226169284978,True,11.70731327255742,11.808193836543019,2,56,11.84430531876782,2,11.712360342176042,2,3,11.521165088893575,2,6,0,0,12.169436290122853,1,2,True,False,False,12.022824369608022,True,False,1.0,-1.708763008762876,-1.0861489736070777,-1.1346905121365678,False,0.0,False,False,False,0.0,False,True,True,11.277215789596893
244,11.897576911041353,12.10010039101655,True,12.139860799469593,12.215481164404672,2,29,12.03878070203725,2,11.884777565189452,3,2,12.07817052176723,2,6,1,2,12.169436290122853,2,2,True,False,False,12.022824369608022,True,False,1.5,-1.3315333701882892,0.45689938775473493,0.32521283250708255,False,0.0,False,False,False,0.0,False,False,True,11.695255355062795
245,12.340705864519109,12.10010039101655,False,12.139860799469593,12.215481164404672,2,8,12.219079222451217,3,12.272285293053542,3,3,12.07817052176723,3,8,2,2,12.169436290122853,2,2,True,False,False,12.022824369608022,True,False,3.5,-0.2221090014390008,1.1926108229898347,-0.0443340576570709,False,0.0,False,False,False,0.0,False,False,False,12.230770136157428
246,12.067973683336726,12.10010039101655,True,12.122775029074985,12.01107557809201,2,18,11.84430531876782,2,11.884777565189452,3,3,12.07817052176723,2,6,1,2,12.169436290122853,3,2,True,False,False,12.022824369608022,True,False,2.5,1.7226366035216714,0.6114063380930174,0.25926104586673027,True,4.634728988229636,False,False,True,5.288267030694535,False,False,True,12.394628892852941
247,11.80746747836454,11.722226169284978,True,11.70731327255742,12.215481164404672,2,56,11.869146895887042,2,12.042873266960868,2,3,11.521165088893575,2,9,0,0,11.785369069475001,1,0,True,False,False,12.022824369608022,True,False,2.0,-0.018494557265273017,0.8161132635890703,0.011417987957837031,False,0.0,False,False,False,0.0,False,True,True,11.827743504053695
248,12.067973683336726,12.10010039101655,True,11.889207077291879,12.01107557809201,2,52,11.84430531876782,2,11.884777565189452,2,3,12.07817052176723,2,5,1,2,12.169436290122853,1,2,True,False,False,12.022824369608022,True,False,1.0,0.8207181233249202,0.4888362937281327,0.42107807502578626,False,0.0,False,False,False,0.0,False,False,True,11.849404844423074
249,12.340705864519109,12.10010039101655,True,12.164079627677117,12.215481164404672,2,4,12.219079222451217,3,12.272285293053542,3,3,12.07817052176723,3,8,0,0,12.169436290122853,2,2,True,False,False,12.022824369608022,True,False,2.5,-0.5532523480976744,0.876314842956725,0.42227333984475596,True,4.624972813284271,False,False,True,4.976733742420574,False,False,True,12.100717685412471
251,11.432508350773558,12.10010039101655,False,11.722739856073467,12.01107557809201,1,44,11.84430531876782,2,11.884777565189452,2,3,12.07817052176723,2,6,0,0,11.524571661116692,0,0,True,True,True,12.022824369608022,False,False,1.0,-0.9366782695392948,-1.0861489736070777,-1.0073218977976728,False,0.0,False,False,True,5.575949103146316,False,False,True,11.245059091624615
252,12.183695128206182,11.722226169284978,False,12.224810430420682,12.01107557809201,3,0,12.219079222451217,3,12.272285293053542,3,3,12.07817052176723,3,5,1,3,12.169436290122853,3,2,True,False,False,11.977895278402745,True,False,3.5,1.2374304158434155,-1.0861489736070777,-1.2310612486689476,True,6.1779441140506,False,True,True,4.820281565605037,False,False,True,12.367345048436391
253,12.340705864519109,12.10010039101655,False,12.139860799469593,12.215481164404672,2,4,12.219079222451217,3,12.272285293053542,3,3,12.07817052176723,3,6,0,0,12.169436290122853,2,2,True,False,False,12.022824369608022,True,False,2.5,-0.6917199772418937,0.6789570245424512,-0.15849031635629685,False,0.0,False,False,True,4.9344739331306915,False,False,True,12.06105265381003
254,12.027100518212453,12.10010039101655,True,11.889207077291879,12.015308249970365,2,16,11.976594811781178,2,11.884777565189452,3,3,12.07817052176723,3,7,0,0,12.169436290122853,2,2,True,True,False,12.022824369608022,True,False,2.5,0.6783024566110486,-1.0861489736070777,0.05458969077631075,True,4.6913478822291435,False,False,True,5.811140992976701,False,False,True,11.970356641102999
255,12.067973683336726,12.10010039101655,True,11.889207077291879,12.01107557809201,2,53,11.878527194048742,2,11.884777565189452,2,2,12.07817052176723,2,5,0,0,12.169436290122853,2,2,True,False,False,12.022824369608022,True,False,2.0,0.7050358097128754,-1.0861489736070777,-0.15073234621895343,False,0.0,False,False,True,5.5254529391317835,False,False,True,11.884495917930655
256,12.340705864519109,12.10010039101655,False,12.15826751067062,12.215481164404672,2,7,12.219079222451217,3,12.272285293053542,3,3,12.07817052176723,3,8,1,2,12.401316665059703,3,2,True,False,False,12.022824369608022,True,False,2.5,-0.14428394203074002,-1.0861489736070777,-0.07521916981703008,True,5.713732805509369,False,False,True,5.262690188904886,False,False,True,12.345838935721968
257,12.340705864519109,12.25239181580412,False,12.303267610871854,12.215481164404672,2,5,12.219079222451217,3,12.272285293053542,3,3,12.07817052176723,3,7,0,0,12.169436290122853,2,2,True,False,False,12.022824369608022,True,False,2.5,-0.47670939214555846,0.783062251966872,-0.06363524024572849,False,0.0,False,False,True,5.37989735354046,False,False,True,12.242891437918386
258,12.067973683336726,12.10010039101655,True,12.164079627677117,12.01107557809201,2,3,12.219079222451217,3,12.272285293053542,3,3,12.07817052176723,3,8,1,3,12.169436290122853,2,2,True,False,False,11.831203284138704,True,False,3.5,1.2961262869699866,1.1103728240548372,-0.05862925040925124,True,5.198497031265826,False,False,True,4.820281565605037,False,False,True,12.301387370778713
259,12.340705864519109,12.10010039101655,True,12.164079627677117,12.215481164404672,2,7,12.219079222451217,3,12.272285293053542,3,3,12.07817052176723,3,7,1,2,12.169436290122853,2,2,True,False,False,12.022824369608022,True,False,2.5,-0.17864728772288846,1.0437071244260603,0.6045515809683253,True,5.153291594497779,True,False,False,0.0,False,False,True,12.352339472153524
261,12.027100518212453,12.10010039101655,True,11.889207077291879,12.015308249970365,2,47,11.84430531876782,2,11.884777565189452,2,2,12.07817052176723,2,6,1,2,12.169436290122853,1,2,True,True,False,12.022824369608022,True,False,2.0,0.8099666760692052,-1.0861489736070777,1.4621966513958908,True,5.991464547107982,False,False,False,0.0,False,True,True,12.07824495582233
262,12.340705864519109,12.10010039101655,False,12.164079627677117,12.215481164404672,3,0,12.366209798533164,3,12.272285293053542,3,3,12.07817052176723,3,10,1,3,12.401316665059703,3,2,True,False,False,12.465956889344524,True,False,2.5,1.0593517027358805,1.2567659406914733,0.10286314462734182,True,5.602118820879701,False,False,False,0.0,False,False,True,12.52815976788113
263,12.027100518212453,12.10010039101655,False,11.814945672101624,12.015308249970365,2,11,11.976594811781178,2,11.884777565189452,3,2,12.07817052176723,2,6,1,2,12.169436290122853,1,2,True,True,False,12.022824369608022,True,False,2.0,-1.871894499272085,0.07695653915070999,-0.13462931895714267,True,3.8501476017100584,False,False,True,5.680172609017068,False,False,True,11.92504173829169
264,11.813689225424564,11.722226169284978,True,11.70731327255742,11.808193836543019,2,9,11.84430531876782,2,11.712360342176042,2,2,12.07817052176723,2,6,0,0,11.785369069475001,1,2,True,False,False,12.022824369608022,True,False,2.0,-0.2869055875131671,-1.0861489736070777,-0.9551853007931894,False,0.0,False,False,False,0.0,True,False,True,11.775297421715827
265,11.432508350773558,11.722226169284978,False,11.70731327255742,12.01107557809201,2,4,11.84430531876782,2,11.712360342176042,2,3,11.521165088893575,2,4,0,0,11.785369069475001,1,2,True,False,False,12.022824369608022,True,False,1.0,-1.1163043292126318,-1.0861489736070777,-1.0493390894346624,False,0.0,False,False,False,0.0,False,False,True,11.19822841866684
266,12.067973683336726,12.10010039101655,False,12.122775029074985,12.01107557809201,2,27,11.878527194048742,2,11.884777565189452,3,2,12.07817052176723,3,7,1,2,12.169436290122853,3,2,True,True,False,12.022824369608022,True,False,2.0,0.9368619966543321,-1.0861489736070777,0.5500531791396935,True,5.351858133476067,False,False,True,5.6240175061873385,False,False,True,12.075400019877522
267,12.340705864519109,12.10010039101655,False,12.15826751067062,12.215481164404672,2,9,12.219079222451217,2,12.272285293053542,3,3,12.07817052176723,2,8,1,2,12.169436290122853,3,2,True,False,False,12.022824369608022,True,False,3.5,-0.6782732890573007,0.9236531849451074,0.4034074118002513,False,0.0,False,False,True,4.564348191467836,False,False,True,12.128116509451258
268,12.066699991720135,12.10010039101655,True,11.894163489986184,12.06226253125337,2,11,11.84430531876782,2,12.272285293053542,2,3,12.07817052176723,3,8,1,3,11.785369069475001,1,2,True,False,False,12.022824369608022,True,False,2.5,-0.9659140918313551,0.3860217501330401,-0.15073234621895343,False,0.0,False,False,True,5.572154032177765,True,False,True,12.097936057925594
269,11.432508350773558,11.722226169284978,True,11.498308778772056,12.01107557809201,2,53,12.219079222451217,2,11.884777565189452,2,3,12.07817052176723,2,4,1,3,11.785369069475001,3,3,True,False,False,12.022824369608022,True,False,1.0,-0.8933244942444143,0.40472510505563375,-0.525804552578122,False,0.0,False,False,False,0.0,False,False,True,11.699413330633599
270,12.067973683336726,12.10010039101655,False,11.722415663465464,12.01107557809201,2,31,11.976594811781178,2,11.884777565189452,2,2,12.07817052176723,2,6,1,2,12.169436290122853,2,2,True,True,False,12.022824369608022,True,False,2.5,0.3030596387640527,0.4888362937281327,-0.2639036883127003,True,5.1647859739235145,False,False,True,5.916202062607435,False,False,False,11.904974309480183
271,12.340705864519109,12.25239181580412,True,12.303267610871854,12.215481164404672,3,0,12.219079222451217,3,12.272285293053542,3,3,12.07817052176723,3,8,1,3,12.169436290122853,2,2,True,False,False,12.465956889344524,True,False,2.5,0.18119103256101832,0.7384151373894858,0.31911047635895745,False,0.0,False,False,True,5.262690188904886,False,False,True,12.491255347155265
272,12.067973683336726,12.10010039101655,False,12.125706184060236,12.01107557809201,2,3,12.03878070203725,2,11.884777565189452,3,3,12.07817052176723,2,5,2,2,12.169436290122853,1,2,True,False,False,12.022824369608022,True,False,2.0,0.8591527581595584,-1.0861489736070777,2.867177303385503,False,0.0,False,False,True,4.406719247264253,False,False,True,12.394628892852941
273,12.340705864519109,12.10010039101655,False,12.65906276870971,12.215481164404672,3,3,12.219079222451217,3,12.272285293053542,3,3,12.07817052176723,3,9,1,3,12.169436290122853,3,2,True,False,False,12.022824369608022,True,False,2.5,0.32543149312484854,0.7915320006029912,0.4971561423160714,True,5.855071922202427,False,False,True,4.890349128221754,False,False,True,12.577639650232573
274,12.067973683336726,12.10010039101655,True,11.889207077291879,12.01107557809201,2,21,11.84430531876782,2,11.884777565189452,2,3,12.07817052176723,2,6,1,3,12.169436290122853,2,2,True,True,False,12.022824369608022,True,False,3.0,0.5368015987226035,-1.0861489736070777,0.10526630785717257,True,5.214935757608986,False,False,True,5.66988092298052,False,False,True,11.842236406331555
275,12.067973683336726,12.10010039101655,True,11.964817397785627,12.01107557809201,2,25,11.976594811781178,2,11.884777565189452,2,2,12.07817052176723,2,5,0,0,12.169436290122853,1,2,True,False,False,12.022824369608022,True,False,1.0,-0.6316475076850964,-1.0861489736070777,-0.17041461942343716,False,0.0,False,False,True,5.1298987149230735,False,False,True,11.732069026983156
276,11.813689225424564,12.10010039101655,True,11.722739856073467,11.808193836543019,2,2,11.84430531876782,3,11.712360342176042,2,3,11.521165088893575,3,5,0,0,11.785369069475001,1,2,True,False,False,12.022824369608022,True,False,2.5,-0.21046325916938363,-1.0861489736070777,-0.42801636041146907,False,0.0,False,True,True,4.31748811353631,False,False,True,12.230770136157428
277,12.067973683336726,12.10010039101655,False,11.964817397785627,12.01107557809201,2,7,12.219079222451217,3,12.272285293053542,3,3,12.07817052176723,3,7,0,0,12.169436290122853,3,2,True,False,False,12.022824369608022,True,False,2.0,1.212527451814006,1.2634221877717535,0.022716609582619625,False,0.0,False,False,True,4.61512051684126,False,False,True,12.211065162153215
278,12.067973683336726,12.10010039101655,True,12.15826751067062,12.01107557809201,1,59,12.219079222451217,2,11.884777565189452,2,3,12.07817052176723,2,4,0,0,11.785369069475001,1,2,True,False,False,12.022824369608022,True,False,1.0,-0.47670939214555846,-1.0861489736070777,1.4460337461649522,False,0.0,False,False,False,0.0,False,False,True,11.856522261533737
279,12.067973683336726,12.10010039101655,True,12.614502598853377,12.01107557809201,3,0,12.366209798533164,3,12.272285293053542,3,3,12.07817052176723,3,8,1,3,12.169436290122853,3,2,True,False,False,12.465956889344524,True,False,2.5,2.157177826804595,1.0537840408531192,0.8962956362807529,True,5.755742213586912,False,True,True,4.8283137373023015,False,False,True,12.936754021718041
280,12.340705864519109,12.10010039101655,True,12.125706184060236,12.215481164404672,2,31,12.03878070203725,2,11.884777565189452,3,3,12.07817052176723,2,8,1,2,12.169436290122853,3,2,True,False,False,12.022824369608022,True,False,2.5,0.34519511355538524,1.1406892197722918,0.1847149786449318,True,5.703782474656201,False,False,True,5.666426688112432,False,False,True,12.165255859329688
281,12.340705864519109,12.10010039101655,True,12.139860799469593,12.215481164404672,2,18,12.03878070203725,3,11.884777565189452,3,3,12.07817052176723,3,7,1,2,12.169436290122853,3,2,True,False,False,12.022824369608022,True,False,2.5,-0.661543610091589,0.9786306483284682,0.4171457332765885,True,5.831882477283517,True,False,False,0.0,False,False,True,12.339295865674435
282,12.067973683336726,12.25239181580412,True,12.303267610871854,12.01107557809201,2,0,12.219079222451217,3,12.272285293053542,3,3,12.07817052176723,3,5,0,0,12.169436290122853,3,2,True,False,False,12.465956889344524,True,False,2.0,0.5876758571204126,1.1531489793728533,-0.44486150961596177,True,4.23410650459726,False,False,False,0.0,False,False,True,12.128116509451258
283,12.183695128206182,12.10010039101655,True,12.614502598853377,12.01107557809201,2,1,12.219079222451217,3,12.272285293053542,3,3,12.07817052176723,3,6,1,3,12.169436290122853,2,2,True,False,False,12.022824369608022,True,False,3.0,0.7050358097128754,0.8318548195007133,-1.111140467283112,True,5.117993812416755,False,False,True,5.153291594497779,False,False,True,12.242891437918386
284,12.067973683336726,12.10010039101655,True,12.303267610871854,12.01107557809201,3,0,12.219079222451217,3,12.272285293053542,3,3,12.07817052176723,3,6,1,3,12.169436290122853,3,2,True,False,False,12.465956889344524,True,False,2.0,1.0311472471575749,1.2634221877717535,0.10766656798492305,True,4.290459441148391,False,False,True,5.351858133476067,False,False,True,12.407383590534293
285,12.183695128206182,12.10010039101655,True,12.139860799469593,12.01107557809201,2,15,12.03878070203725,3,12.272285293053542,3,3,12.07817052176723,3,5,0,0,12.169436290122853,2,2,True,False,False,12.022824369608022,True,False,3.0,1.2412463360021544,-1.0861489736070777,-0.24112629778736,False,0.0,False,False,False,0.0,False,True,True,12.09626335986454
286,11.897576911041353,12.25239181580412,False,12.303267610871854,12.215481164404672,2,0,11.878527194048742,3,12.272285293053542,3,3,12.07817052176723,3,5,0,0,11.785369069475001,2,2,True,False,False,12.465956889344524,True,False,2.5,-1.3356633278640913,0.7656795346460883,-1.4390327258931588,False,0.0,False,False,False,0.0,False,False,True,12.011886987792716
287,11.813689225424564,12.10010039101655,False,11.889207077291879,11.808193836543019,2,25,11.84430531876782,2,11.884777565189452,2,2,12.07817052176723,3,7,1,3,12.169436290122853,2,2,True,True,False,12.022824369608022,True,False,1.5,-0.3288136669813322,-1.0861489736070777,0.14214845282788335,False,0.0,False,True,False,0.0,False,False,True,11.976665770490767
288,12.067973683336726,12.10010039101655,False,11.889207077291879,12.01107557809201,1,35,11.976594811781178,2,11.884777565189452,2,2,12.07817052176723,2,5,0,0,11.524571661116692,0,0,True,False,False,12.022824369608022,False,False,1.0,-0.4956767202218916,-1.0861489736070777,-0.21437084183662683,False,0.0,False,False,False,0.0,False,False,False,11.385103457032141
289,12.067973683336726,12.10010039101655,False,11.814945672101624,12.01107557809201,2,43,11.878527194048742,2,11.884777565189452,2,2,12.07817052176723,2,5,0,0,11.785369069475001,1,2,True,True,False,12.022824369608022,True,False,1.0,-0.4204612400317373,-1.0861489736070777,0.14862117817259954,True,3.4657359027997265,False,False,False,0.0,False,False,False,11.711784520403112
290,11.972299710268643,12.10010039101655,True,11.722739856073467,12.215481164404672,2,4,11.84430531876782,2,11.712360342176042,2,3,12.07817052176723,2,7,0,0,11.785369069475001,1,2,True,False,False,12.022824369608022,True,False,1.0,-1.047737446909212,-1.0861489736070777,-0.07697358668701851,False,0.0,False,True,False,0.0,False,False,True,11.941950837487406
291,12.340705864519109,12.10010039101655,True,12.164079627677117,12.215481164404672,3,0,12.219079222451217,3,12.272285293053542,3,3,12.07817052176723,3,8,1,3,12.169436290122853,2,3,True,False,False,12.465956889344524,True,False,2.5,0.13957399153451194,0.7384151373894858,1.04698902743117,False,0.0,False,False,False,0.0,False,False,True,12.359784657728284
292,11.80746747836454,12.10010039101655,True,11.894163489986184,12.215481164404672,2,8,12.219079222451217,2,12.272285293053542,2,3,11.521165088893575,2,9,0,0,11.524571661116692,0,0,True,False,False,12.022824369608022,False,False,3.0,-0.752937011713302,1.3650838505024157,-0.8920807754617722,False,0.0,False,False,False,0.0,False,False,True,11.819681958463892
293,11.813689225424564,12.10010039101655,True,11.722415663465464,11.808193836543019,2,1,11.84430531876782,2,11.884777565189452,2,3,12.07817052176723,2,8,1,3,12.169436290122853,1,2,True,False,False,12.022824369608022,True,False,1.5,-0.7944082804472195,-1.0861489736070777,0.43791643405790737,False,0.0,False,True,False,0.0,False,False,True,11.782960235741939
294,12.340705864519109,12.10010039101655,False,12.122775029074985,12.215481164404672,2,12,12.03878070203725,2,11.884777565189452,2,2,12.07817052176723,3,9,1,2,12.169436290122853,3,2,True,False,False,12.022824369608022,True,False,3.5,-0.7018420494768796,1.518824169526374,1.173982745098972,True,3.5553480614894135,False,False,False,0.0,False,False,False,12.367345048436391
295,12.067973683336726,12.10010039101655,True,11.889207077291879,12.01107557809201,2,56,11.976594811781178,2,11.884777565189452,2,2,12.07817052176723,2,7,2,3,12.169436290122853,3,2,True,False,False,12.022824369608022,True,False,2.0,0.9243763678542193,-1.0861489736070777,0.10526630785717257,True,5.476463551931511,False,False,True,4.709530201312334,False,False,True,12.025755079404917
296,12.027100518212453,12.10010039101655,False,11.964817397785627,12.015308249970365,2,22,11.976594811781178,2,11.884777565189452,2,2,12.07817052176723,2,6,0,0,11.785369069475001,1,2,True,True,False,12.022824369608022,True,False,2.0,-0.06545867794442581,-1.0861489736070777,-0.25908656593639723,False,0.0,False,False,True,4.795790545596741,False,False,True,11.86710429621008
297,11.813689225424564,11.722226169284978,True,11.498308778772056,11.808193836543019,2,57,11.84430531876782,2,11.884777565189452,2,2,12.07817052176723,2,6,0,0,12.169436290122853,1,2,True,True,False,12.022824369608022,True,False,1.5,-0.334844408890133,-1.0861489736070777,0.7940089466788158,False,0.0,False,False,True,5.66988092298052,False,False,True,11.931642378754141
298,12.340705864519109,12.25239181580412,False,12.303267610871854,12.215481164404672,2,9,12.219079222451217,3,12.272285293053542,3,3,12.07817052176723,3,7,1,2,11.785369069475001,2,2,True,False,False,12.022824369608022,True,False,2.5,-0.14428394203074002,-0.0011645837102571145,-0.39294931531735255,True,7.3783837129967145,False,True,False,0.0,False,False,True,12.384223015005313
299,12.340705864519109,12.10010039101655,True,12.122775029074985,12.215481164404672,2,39,11.976594811781178,3,11.884777565189452,2,3,12.07817052176723,2,7,1,3,12.169436290122853,1,2,True,False,False,12.022824369608022,True,False,2.5,-1.0327015333493663,-1.0861489736070777,0.4866051780653754,True,5.902633333401366,False,False,True,5.41610040220442,False,False,True,12.07254696717504
300,12.067973683336726,12.10010039101655,True,12.224810430420682,12.01107557809201,2,5,11.976594811781178,2,11.884777565189452,2,3,12.07817052176723,3,6,1,3,12.169436290122853,1,2,True,True,False,11.977895278402745,True,False,1.5,0.17342677979652982,0.5738312635980962,0.8347161180227762,False,0.0,False,False,False,0.0,False,False,True,11.973516181427835
301,11.80746747836454,12.10010039101655,True,12.224810430420682,12.01107557809201,2,53,11.878527194048742,2,11.884777565189452,2,2,12.07817052176723,2,5,2,3,12.169436290122853,1,2,True,False,False,12.022824369608022,True,False,2.0,0.35748952054599165,-1.0861489736070777,1.064298880132878,True,4.04305126783455,False,False,False,0.0,False,False,True,11.964007453736912
302,12.340705864519109,12.10010039101655,False,12.164079627677117,12.215481164404672,3,8,12.219079222451217,3,12.272285293053542,3,3,12.07817052176723,3,9,1,2,12.401316665059703,3,2,True,False,False,12.022824369608022,True,False,2.5,0.0033798959182344116,0.7289854468371297,1.122476641378912,False,0.0,False,False,True,5.342334251964811,False,False,True,12.495007682693725
303,12.067973683336726,12.10010039101655,False,12.164079627677117,12.01107557809201,2,4,12.219079222451217,3,12.272285293053542,3,3,12.07817052176723,3,6,1,2,12.169436290122853,2,2,True,False,False,12.022824369608022,True,False,2.0,1.1758164618674276,0.9609624337226568,0.7931579663955025,True,5.017279836814924,False,False,True,6.150602768446279,False,False,True,12.230770136157428
304,12.067973683336726,12.10010039101655,True,12.164079627677117,12.01107557809201,2,34,12.219079222451217,2,12.272285293053542,2,2,12.07817052176723,2,5,0,0,12.169436290122853,1,2,True,True,False,11.831203284138704,True,False,2.0,-0.38349379195751865,-1.0861489736070777,0.14489703142810123,False,0.0,False,False,True,5.54907608489522,False,False,True,11.917730355182513
305,12.066699991720135,11.722226169284978,True,11.70731327255742,12.06226253125337,2,6,12.366209798533164,2,11.712360342176042,2,3,12.07817052176723,3,10,1,3,12.169436290122853,1,2,True,False,False,12.022824369608022,True,False,3.0,1.0351902040931793,-1.0861489736070777,1.3672934876215692,False,0.0,False,False,True,5.713732805509369,False,False,True,12.59473402514672
306,12.067973683336726,12.10010039101655,True,12.164079627677117,12.01107557809201,3,2,12.366209798533164,3,12.272285293053542,3,3,12.07817052176723,3,8,0,0,12.169436290122853,3,2,True,False,False,12.022824369608022,True,False,3.0,1.9728790010065942,-1.0861489736070777,0.256666061132574,True,5.5093883366279774,False,False,True,5.1298987149230735,False,False,True,12.631016799175821
307,12.340705864519109,12.10010039101655,True,12.139860799469593,12.215481164404672,2,16,11.976594811781178,3,11.884777565189452,3,3,12.07817052176723,3,8,1,2,12.169436290122853,2,2,True,False,False,12.022824369608022,True,False,3.5,-1.0402105062341505,0.6683178641193189,0.7602624209273849,True,5.5093883366279774,False,False,True,4.852030263919617,False,True,True,12.323860125621126
308,11.813689225424564,11.722226169284978,False,11.498308778772056,11.808193836543019,2,58,11.878527194048742,2,11.884777565189452,2,2,12.07817052176723,2,6,0,0,11.524571661116692,0,0,True,True,False,12.022824369608022,False,False,1.0,-2.980472991485189,1.2431882379170607,-0.2631803702995833,False,0.0,False,False,False,0.0,False,False,False,11.402005077384885
309,11.432508350773558,12.10010039101655,False,11.722415663465464,12.01107557809201,1,59,12.219079222451217,2,11.884777565189452,2,3,12.07817052176723,2,4,0,0,11.785369069475001,1,2,True,False,False,12.022824369608022,True,False,1.0,-0.486179231878039,-1.0861489736070777,0.5900060703615665,False,0.0,False,False,True,5.0689042022202315,False,False,False,11.320565693461432
310,12.067973683336726,12.10010039101655,False,12.614502598853377,12.01107557809201,3,2,12.219079222451217,3,12.272285293053542,3,3,12.07817052176723,3,8,3,3,12.169436290122853,3,2,True,False,False,12.022824369608022,True,False,3.0,1.8068554932336762,1.3400681415605422,0.5956491236994276,False,0.0,False,False,True,5.342334251964811,False,False,True,12.793862088206213
311,12.340705864519109,12.10010039101655,False,12.15826751067062,12.215481164404672,2,12,11.976594811781178,2,12.272285293053542,3,3,12.07817052176723,3,6,1,2,12.169436290122853,3,2,True,False,False,12.022824369608022,True,False,2.5,-1.0515076846971645,0.8395439320447123,-0.32065877085804073,True,4.727387818712341,False,False,True,5.25227342804663,False,False,False,12.017336559562407
312,12.067973683336726,12.10010039101655,True,11.889207077291879,12.01107557809201,2,7,12.219079222451217,2,11.884777565189452,2,3,12.07817052176723,2,5,1,3,11.785369069475001,1,2,True,False,False,12.022824369608022,True,False,2.0,-0.15284145579355798,-1.0861489736070777,-0.24398898715578926,False,0.0,False,False,False,0.0,False,False,True,11.790564777297387
313,11.80746747836454,11.722226169284978,True,11.70731327255742,11.808193836543019,2,56,11.878527194048742,2,11.884777565189452,3,2,12.07817052176723,2,5,1,3,11.785369069475001,1,2,True,True,False,12.022824369608022,True,False,2.0,-0.7086078656772719,-1.0861489736070777,-0.2923218336514193,False,0.0,False,True,False,0.0,False,False,True,11.694421681264394
315,11.972299710268643,11.722226169284978,True,11.70731327255742,12.215481164404672,2,16,11.84430531876782,2,11.712360342176042,2,3,12.07817052176723,3,6,1,3,11.785369069475001,1,2,True,False,False,12.022824369608022,True,False,2.0,-0.9366782695392948,-1.0861489736070777,0.10526630785717257,False,0.0,False,False,False,0.0,False,True,True,12.08954444723597
316,12.340705864519109,12.10010039101655,False,12.15826751067062,12.215481164404672,2,4,12.219079222451217,3,12.272285293053542,3,3,12.07817052176723,3,6,1,3,12.169436290122853,3,2,True,False,False,12.022824369608022,True,False,3.5,-0.9806340339056655,0.7384151373894858,-0.29354544870427657,False,0.0,False,False,True,4.61512051684126,False,False,True,12.146858590895919
317,12.340705864519109,12.10010039101655,False,12.122775029074985,12.215481164404672,2,29,12.366209798533164,3,11.884777565189452,3,2,12.07817052176723,3,10,1,2,12.169436290122853,2,2,True,True,False,12.022824369608022,True,False,3.5,-0.537156369551098,1.3940959832315087,0.691467183709816,True,5.631211781821365,False,False,True,5.666426688112432,False,False,True,12.468440756144114
318,12.340705864519109,12.25239181580412,True,12.303267610871854,12.215481164404672,3,1,12.219079222451217,3,12.272285293053542,3,3,12.07817052176723,3,8,1,3,12.169436290122853,2,2,True,False,False,12.022824369608022,True,False,2.5,0.16304662562752317,0.6893732164235604,-0.01860404635173972,False,0.0,False,False,True,5.342334251964811,False,False,True,12.506180941677357
319,12.340705864519109,12.10010039101655,True,12.65906276870971,12.215481164404672,2,16,11.976594811781178,3,12.272285293053542,3,3,12.07817052176723,3,9,1,2,12.169436290122853,2,2,True,False,False,12.022824369608022,True,False,3.5,0.777512897110163,0.8161132635890703,0.16442001861291292,True,5.54907608489522,False,False,True,5.831882477283517,False,True,True,12.468440756144114
320,12.027100518212453,12.10010039101655,True,12.122775029074985,12.015308249970365,2,29,12.03878070203725,2,11.884777565189452,3,2,12.07817052176723,2,6,2,2,12.169436290122853,1,2,True,False,False,12.022824369608022,True,False,3.0,0.8314367028462774,0.7095732077658102,0.8506332242311699,True,5.420534999272286,False,False,True,5.455321115357702,False,False,False,12.141539457711714
321,12.340705864519109,12.10010039101655,True,12.614502598853377,12.215481164404672,3,0,12.219079222451217,2,12.272285293053542,3,3,12.07817052176723,3,9,0,0,12.169436290122853,2,2,True,False,False,12.465956889344524,True,False,3.5,0.5577043978861982,1.2764808597075736,1.1264485648317046,True,5.916202062607435,False,False,True,5.484796933490655,False,False,True,12.74444728628135
322,12.340705864519109,12.10010039101655,False,12.614502598853377,12.215481164404672,3,3,12.219079222451217,3,12.272285293053542,3,3,12.07817052176723,3,10,1,3,12.401316665059703,3,2,True,False,False,12.022824369608022,True,False,3.5,0.285557149085167,1.2764808597075736,0.5514938790866727,True,5.963579343618446,False,False,True,5.220355825078324,False,False,True,12.777055016970678
323,12.340705864519109,12.10010039101655,False,12.139860799469593,12.215481164404672,2,20,12.03878070203725,3,11.884777565189452,2,3,12.07817052176723,3,8,1,2,12.169436290122853,3,2,True,True,False,12.022824369608022,True,False,3.5,1.0992593362009553,1.0437071244260603,0.25555288917931324,True,5.153291594497779,False,False,True,5.308267697401205,False,False,True,12.614868865984631
324,12.067973683336726,11.722226169284978,True,11.70731327255742,12.01107557809201,1,1,12.219079222451217,2,11.884777565189452,2,3,12.07817052176723,2,6,0,0,12.169436290122853,1,2,True,False,False,12.022824369608022,True,False,2.0,0.35011818873474637,1.0537840408531192,-0.8484083905776079,False,0.0,False,False,True,4.962844630259907,False,False,True,11.745433036677353
325,12.027100518212453,12.10010039101655,True,11.889207077291879,12.015308249970365,2,3,11.84430531876782,3,11.884777565189452,3,3,12.07817052176723,3,11,1,3,12.401316665059703,3,2,True,False,False,12.022824369608022,True,False,2.5,-1.0028434544532814,-1.0861489736070777,0.41509099953206446,True,5.707110264748875,False,False,True,5.484796933490655,False,False,True,12.396697137361691
326,11.96725095514478,11.722226169284978,True,11.498308778772056,11.954843206973223,2,57,11.878527194048742,2,11.884777565189452,2,0,11.521165088893575,2,5,0,0,11.785369069475001,1,2,True,False,False,12.022824369608022,True,False,1.0,-0.9659140918313551,-1.0861489736070777,-1.1346905121365678,False,0.0,False,False,False,0.0,False,True,True,11.373674891823535
327,12.183695128206182,12.10010039101655,False,12.075056445481925,12.01107557809201,3,15,12.1233228118755,3,12.272285293053542,3,3,12.07817052176723,3,6,2,3,12.169436290122853,3,2,True,False,False,12.022824369608022,True,False,3.5,1.5058901180914739,0.4888362937281327,0.34020967835029625,False,0.0,False,False,True,4.812184355372417,False,False,True,12.688501881189456
328,12.067973683336726,12.10010039101655,True,11.889207077291879,12.01107557809201,2,46,11.84430531876782,2,11.884777565189452,2,2,12.07817052176723,2,7,0,0,12.169436290122853,2,2,True,False,False,12.022824369608022,True,False,1.5,0.8549029623412427,0.6789570245424512,0.4700070395842607,True,5.170483995038151,False,False,False,0.0,False,False,True,11.886218559372042
329,12.066699991720135,12.10010039101655,False,11.722739856073467,12.033337193995534,2,15,11.84430531876782,2,11.712360342176042,2,3,11.521165088893575,3,10,0,0,11.785369069475001,1,2,True,False,False,12.022824369608022,True,False,2.0,-0.540369178178916,0.8161132635890703,0.5174416122249232,False,0.0,False,False,False,0.0,False,True,False,12.276069679344003
330,11.972299710268643,11.722226169284978,True,11.498308778772056,12.215481164404672,2,59,11.84430531876782,2,12.272285293053542,2,2,11.521165088893575,2,6,0,0,11.785369069475001,1,2,True,True,False,12.022824369608022,True,False,1.0,-1.4579059158043917,-1.0861489736070777,-0.667999704751795,False,0.0,False,False,False,0.0,False,True,True,11.264476926102367
331,11.862887045549764,12.10010039101655,False,11.889207077291879,12.01107557809201,2,43,11.976594811781178,2,11.884777565189452,2,2,12.07817052176723,2,10,0,0,11.785369069475001,1,2,True,False,False,12.022824369608022,True,False,2.5,1.5218056862097433,-1.0861489736070777,0.30032767008330585,True,4.442651256490317,False,False,True,5.049856007249537,False,False,False,11.686887175419702
332,12.067973683336726,12.10010039101655,True,11.889207077291879,12.01107557809201,2,15,11.84430531876782,2,11.884777565189452,2,2,12.07817052176723,2,6,0,0,12.169436290122853,2,2,True,False,False,12.022824369608022,True,False,2.0,0.0788352981545031,-1.0861489736070777,-0.20241301695031821,False,0.0,False,False,False,0.0,False,False,True,11.842236406331555
334,12.183695128206182,11.722226169284978,True,12.614502598853377,12.01107557809201,2,4,12.219079222451217,3,12.272285293053542,3,3,12.07817052176723,3,6,1,3,12.169436290122853,2,2,True,False,False,12.022824369608022,True,False,3.0,0.8013417044473079,0.4888362937281327,-0.19727699220613468,True,4.990432586778736,False,False,True,5.262690188904886,False,False,True,12.240478903153711
335,12.340705864519109,12.10010039101655,False,12.15826751067062,12.215481164404672,2,10,12.219079222451217,2,12.272285293053542,3,3,12.07817052176723,2,7,2,2,12.169436290122853,3,2,True,False,False,12.022824369608022,True,False,3.5,-0.23672414293331945,0.5991956326343106,-0.009676858909381756,False,0.0,False,False,True,4.61512051684126,False,False,True,12.165255859329688
337,12.067973683336726,12.10010039101655,False,12.38035169513184,12.01107557809201,3,1,12.219079222451217,3,12.272285293053542,3,3,12.07817052176723,3,8,1,3,12.169436290122853,3,2,True,False,False,12.022824369608022,True,False,3.0,1.8490629354433195,0.7384151373894858,0.8564151807994852,True,5.303304908059076,False,False,True,5.187385805840755,False,False,True,12.841132451487937
338,12.067973683336726,12.10010039101655,True,12.164079627677117,12.01107557809201,2,5,12.219079222451217,3,12.272285293053542,3,3,12.07817052176723,3,7,0,0,12.169436290122853,2,2,True,False,False,12.022824369608022,True,False,3.0,1.1660927211137284,0.9171572409480562,0.009948629071854165,True,4.736198448394496,False,False,True,5.262690188904886,False,False,True,12.273735966890268
339,12.067973683336726,12.10010039101655,True,12.122775029074985,12.01107557809201,2,8,11.84430531876782,3,11.884777565189452,3,3,12.07817052176723,3,8,0,0,12.169436290122853,2,2,True,False,True,12.022824369608022,True,False,3.0,0.4614370283482681,0.6789570245424512,0.8547648876877526,False,0.0,False,False,True,4.6913478822291435,False,False,True,12.218500103788143
340,12.067973683336726,12.10010039101655,False,11.889207077291879,12.01107557809201,2,11,11.84430531876782,2,11.884777565189452,2,2,12.07817052176723,2,6,0,0,12.169436290122853,1,2,True,False,False,12.022824369608022,True,False,1.0,0.4780645895721649,-1.0861489736070777,0.5990898483784208,True,5.176149732573829,False,True,False,0.0,False,False,True,11.951186847493476
341,12.340705864519109,12.10010039101655,True,12.352621312150928,12.215481164404672,3,8,12.219079222451217,3,12.272285293053542,3,3,12.07817052176723,3,9,0,0,12.169436290122853,3,2,True,False,False,12.022824369608022,True,False,2.5,-0.1671532207874276,-1.0861489736070777,0.8610836755856907,False,0.0,False,False,True,4.912654885736052,False,False,True,12.220473454337986
344,12.183695128206182,12.10010039101655,False,12.614502598853377,12.01107557809201,3,3,11.878527194048742,3,12.272285293053542,3,3,12.07817052176723,3,6,1,3,12.169436290122853,2,2,True,False,False,12.022824369608022,True,False,2.0,1.4433253688041168,0.9039082838687957,-0.051035624928495796,True,6.424869023905388,False,False,True,6.206575926724928,False,False,True,12.491255347155265
345,11.897576911041353,11.722226169284978,True,12.003139473921845,12.215481164404672,2,34,12.366209798533164,2,11.884777565189452,3,2,12.07817052176723,2,4,0,0,12.169436290122853,1,2,True,False,False,12.022824369608022,True,False,1.5,-1.7275015224676449,-1.0861489736070777,-2.3567869795761163,False,0.0,False,False,True,5.209486152841421,False,False,True,11.350418300109132
346,11.813689225424564,12.10010039101655,True,11.722739856073467,11.808193836543019,2,56,11.878527194048742,2,11.712360342176042,2,3,12.07817052176723,2,6,1,3,11.785369069475001,1,2,True,False,False,12.022824369608022,True,False,1.0,-0.15284145579355798,-1.0861489736070777,-0.65825160169308,False,0.0,False,False,False,0.0,False,False,True,11.850832386224807
347,12.067973683336726,12.10010039101655,False,11.889207077291879,12.01107557809201,2,9,11.878527194048742,2,11.884777565189452,2,2,12.07817052176723,2,5,0,0,12.169436290122853,2,2,True,False,True,12.022824369608022,True,False,1.0,-0.1930711878227821,-1.0861489736070777,0.656392475832967,False,0.0,False,False,False,0.0,False,False,False,11.928347504569842
348,12.067973683336726,12.10010039101655,False,11.889207077291879,12.01107557809201,2,49,11.84430531876782,2,11.884777565189452,2,3,12.07817052176723,2,6,2,3,12.169436290122853,1,2,True,False,False,12.022824369608022,True,False,3.0,1.0513161258532442,0.6233232083761491,1.2815919209110926,True,3.4339872044851463,False,False,False,0.0,False,False,False,11.967187086434018
349,11.897576911041353,12.10010039101655,True,12.614502598853377,12.215481164404672,2,4,12.219079222451217,3,12.272285293053542,3,3,12.07817052176723,3,6,0,0,12.401316665059703,2,2,True,False,False,12.022824369608022,True,False,3.5,-0.8083525269448628,0.44011707072913253,-2.4618519867630315,True,4.672828834461906,False,False,False,0.0,False,False,True,11.944714374881176
350,12.340705864519109,12.10010039101655,False,12.614502598853377,12.215481164404672,3,0,12.366209798533164,3,12.272285293053542,3,3,12.07817052176723,3,10,2,3,12.169436290122853,3,2,True,False,False,12.465956889344524,True,False,3.5,1.727644271637792,-1.0861489736070777,1.574675649955475,True,6.769641976852503,False,False,False,0.0,False,False,True,12.988043102265232
351,12.183695128206182,12.10010039101655,False,12.614502598853377,12.01107557809201,3,0,11.878527194048742,3,12.272285293053542,3,3,12.07817052176723,3,6,1,3,12.169436290122853,2,2,True,False,False,12.465956889344524,True,False,2.0,1.7625086319136136,0.7656795346460883,-0.28743494629541155,True,5.8944028342648505,False,False,True,5.351858133476067,False,False,True,12.670001611311875
352,12.183695128206182,12.10010039101655,False,12.125706184060236,12.01107557809201,2,20,11.84430531876782,2,12.272285293053542,3,3,12.07817052176723,3,6,1,2,12.169436290122853,2,2,True,False,False,11.831203284138704,True,False,2.5,1.000677209486329,0.9549328321349695,-1.0353515551239623,False,0.0,False,True,False,0.0,False,False,False,12.154784614286667
353,11.813689225424564,12.10010039101655,True,11.722415663465464,11.808193836543019,2,58,12.219079222451217,2,11.884777565189452,2,2,11.521165088893575,2,5,0,0,11.785369069475001,1,2,True,False,False,12.022824369608022,True,False,1.5,-1.373083776220329,-1.0861489736070777,-0.0007896802433456231,False,0.0,False,False,True,3.8918202981106265,False,False,True,11.461642696843066
354,11.432508350773558,11.722226169284978,True,11.70731327255742,12.01107557809201,2,7,12.219079222451217,2,11.712360342176042,2,3,12.07817052176723,2,5,0,0,11.785369069475001,1,2,True,False,False,12.022824369608022,True,False,1.0,-1.3397988157849774,-1.0861489736070777,-0.12359190228253258,False,0.0,False,False,True,4.672828834461906,False,False,True,11.570259974415547
355,11.813689225424564,12.10010039101655,True,11.894163489986184,11.808193836543019,2,6,11.84430531876782,2,11.884777565189452,2,3,12.07817052176723,2,6,2,3,12.169436290122853,1,2,True,False,False,12.022824369608022,True,False,1.0,-0.24552438269996468,-1.0861489736070777,-0.15073234621895343,False,0.0,False,False,False,0.0,False,True,True,11.849404844423074
356,12.067973683336726,12.10010039101655,False,12.164079627677117,12.01107557809201,2,12,12.219079222451217,3,12.272285293053542,3,3,12.07817052176723,3,6,0,0,12.169436290122853,2,2,True,False,False,12.022824369608022,True,False,3.0,0.44233506005653056,0.42274040029361315,0.41063181200826493,False,0.0,False,False,False,0.0,False,False,True,12.086731521684555
357,12.067973683336726,12.10010039101655,False,12.15826751067062,12.01107557809201,2,17,11.976594811781178,2,12.272285293053542,3,3,12.07817052176723,3,6,0,0,12.169436290122853,2,2,True,False,False,12.022824369608022,True,False,3.0,0.3402649290213962,0.42274040029361315,0.03353628897724312,True,4.672828834461906,False,False,True,4.795790545596741,False,False,False,12.06105265381003
358,12.183695128206182,11.722226169284978,True,12.003139473921845,12.01107557809201,2,31,12.366209798533164,2,12.272285293053542,3,2,12.07817052176723,2,6,1,0,12.169436290122853,3,2,True,True,False,12.022824369608022,True,False,2.5,0.30056478519066454,1.0122146350419614,-1.4509487124037181,False,0.0,False,False,True,6.285998094508865,False,False,True,11.80560254159177
359,12.027100518212453,12.10010039101655,False,12.125706184060236,12.015308249970365,2,48,11.84430531876782,2,11.884777565189452,2,3,12.07817052176723,3,6,0,0,12.401316665059703,1,2,True,False,False,11.831203284138704,True,False,1.5,0.09478609925518904,-1.0861489736070777,-0.5175586642119707,True,4.795790545596741,False,False,True,5.1298987149230735,False,True,True,11.775297421715827
360,12.340705864519109,12.10010039101655,False,12.65906276870971,12.215481164404672,3,8,12.219079222451217,3,12.272285293053542,3,3,12.07817052176723,3,7,1,2,12.169436290122853,2,2,True,False,False,12.022824369608022,True,False,3.5,0.15784456653442083,0.9236531849451074,0.5373623426205879,True,6.274762021241939,False,True,True,5.342334251964811,False,False,True,12.54254845357358
361,11.971042740656404,12.10010039101655,False,11.964817397785627,11.891694659765184,2,29,12.219079222451217,2,11.884777565189452,3,3,12.07817052176723,2,5,1,2,12.169436290122853,2,2,True,True,False,12.022824369608022,True,False,2.0,-0.4019252649798685,-1.0861489736070777,-0.35697820611673137,False,0.0,False,True,False,0.0,False,False,False,11.957617696467539
362,11.813689225424564,12.10010039101655,True,11.722739856073467,11.808193836543019,2,26,11.878527194048742,2,11.884777565189452,2,3,12.07817052176723,2,8,0,0,11.785369069475001,1,2,True,False,False,12.022824369608022,True,False,2.0,-0.4173645985451555,-1.0861489736070777,0.011837604954952697,False,0.0,False,False,False,0.0,False,False,False,11.884495917930655
365,12.340705864519109,12.10010039101655,False,12.122775029074985,12.215481164404672,2,30,11.976594811781178,2,12.272285293053542,3,2,12.07817052176723,2,6,1,2,12.169436290122853,3,2,True,False,False,12.022824369608022,True,False,3.5,-0.6984644799855649,1.1148159126694925,1.411019645098268,True,4.795790545596741,False,False,True,5.726847747587197,False,False,False,12.154784614286667
366,11.972299710268643,11.722226169284978,True,11.498308778772056,12.215481164404672,2,12,12.219079222451217,2,11.884777565189452,2,3,12.07817052176723,2,6,0,0,11.785369069475001,1,2,True,False,False,12.022824369608022,True,False,1.0,-1.1472668614357777,1.1849588391648505,0.31226802445081475,False,0.0,False,False,False,0.0,False,True,True,11.898194668458823
367,12.067973683336726,12.10010039101655,False,11.889207077291879,12.01107557809201,2,46,12.03878070203725,2,11.884777565189452,3,3,12.07817052176723,2,6,2,3,12.169436290122853,2,2,True,False,False,12.022824369608022,True,False,2.5,0.8782135018987274,0.9300663917002016,0.0851505579071939,True,5.5134287461649825,False,True,False,0.0,False,False,False,11.976665770490767
368,12.027100518212453,12.10010039101655,False,11.889207077291879,12.015308249970365,2,46,12.03878070203725,2,11.884777565189452,3,3,12.07817052176723,2,6,1,3,11.987475505601928,2,2,True,False,False,12.022824369608022,True,False,1.5,0.19151572315935317,1.1103728240548372,0.013095923645996,True,5.723585101952381,False,False,True,4.174387269895637,False,False,True,12.013706813470414
369,12.067973683336726,12.10010039101655,True,11.889207077291879,12.01107557809201,2,56,11.976594811781178,2,12.272285293053542,2,3,12.07817052176723,2,7,1,3,12.169436290122853,3,2,True,False,False,12.022824369608022,True,False,1.0,0.6014217569485827,1.0537840408531192,-0.2923218336514193,True,5.303304908059076,False,False,False,0.0,False,False,True,11.790564777297387
370,12.067973683336726,12.10010039101655,False,11.889207077291879,12.01107557809201,2,4,11.84430531876782,2,11.884777565189452,2,3,12.07817052176723,3,7,1,3,11.785369069475001,3,2,True,False,False,12.022824369608022,True,False,2.0,0.09743722985885729,0.23010835072819805,0.15077407931319564,False,0.0,False,True,True,5.8998973535824915,False,False,False,11.995357787034976
371,12.340705864519109,12.10010039101655,False,12.15826751067062,12.215481164404672,2,6,12.219079222451217,2,12.272285293053542,3,3,12.07817052176723,2,7,1,2,12.169436290122853,2,2,True,False,False,12.022824369608022,True,False,2.5,-0.20755822258710485,0.6233232083761491,-0.21531177768659013,False,0.0,False,False,True,4.61512051684126,False,False,False,12.057578437658945
373,12.183695128206182,12.10010039101655,True,12.139860799469593,12.01107557809201,2,26,12.03878070203725,2,11.884777565189452,3,2,12.07817052176723,2,4,0,0,12.169436290122853,1,2,True,True,False,12.022824369608022,True,False,2.0,-0.8790039118286113,-1.0861489736070777,-0.4514810015678226,False,0.0,False,True,True,5.869296913133774,False,False,True,11.736077016252437
374,12.067973683336726,12.10010039101655,True,11.889207077291879,12.01107557809201,2,56,11.878527194048742,2,12.272285293053542,2,2,12.07817052176723,2,5,0,0,12.169436290122853,1,2,True,True,False,12.022824369608022,True,False,2.0,-1.4067322439511603,-1.0861489736070777,0.3021414177581327,False,0.0,False,False,True,4.204692619390966,False,False,True,11.719947764402807
375,12.340705864519109,12.10010039101655,True,12.164079627677117,12.215481164404672,2,3,12.219079222451217,3,12.272285293053542,3,3,12.07817052176723,3,8,1,3,12.401316665059703,3,2,True,False,False,12.022824369608022,True,False,2.5,-0.5307402844064047,0.7095732077658102,-0.19681074195894493,False,0.0,False,False,True,4.61512051684126,False,False,True,12.299112067295642
376,11.432508350773558,12.10010039101655,False,11.722415663465464,12.01107557809201,1,59,11.84430531876782,2,11.712360342176042,2,3,11.521165088893575,2,4,0,0,11.524571661116692,0,0,True,False,False,12.022824369608022,False,False,1.5,-1.1047719009102737,-1.0861489736070777,0.1875974311957094,False,0.0,False,False,False,0.0,False,False,False,11.0186455364637
377,11.971042740656404,12.10010039101655,False,12.164079627677117,11.891694659765184,2,10,12.219079222451217,3,12.272285293053542,3,3,12.07817052176723,2,5,0,0,11.785369069475001,1,2,True,False,False,12.022824369608022,True,False,1.0,-0.45785195638618587,-1.0861489736070777,-0.05168536804789679,False,0.0,False,False,False,0.0,False,False,True,11.904974309480183
378,12.340705864519109,12.25239181580412,False,12.303267610871854,12.215481164404672,3,2,12.366209798533164,3,12.272285293053542,3,3,12.07817052176723,3,8,1,3,12.169436290122853,2,2,True,False,False,12.022824369608022,True,False,3.0,1.2507684191153141,1.440660563572826,0.392348300205259,False,0.0,False,False,True,5.075173815233827,False,False,True,12.73670383776449
379,12.067973683336726,12.10010039101655,True,12.38035169513184,12.01107557809201,3,0,12.219079222451217,3,12.272285293053542,3,3,12.07817052176723,3,8,1,3,12.169436290122853,3,2,True,False,False,12.465956889344524,True,False,2.5,1.7409648562173952,-1.0861489736070777,0.43537427132100276,True,5.860786223465865,False,False,True,4.736198448394496,False,False,True,12.885204569609956
381,11.813689225424564,12.10010039101655,True,11.894163489986184,11.808193836543019,2,60,12.1233228118755,2,11.712360342176042,2,2,12.07817052176723,3,6,1,3,11.785369069475001,1,2,True,False,False,12.022824369608022,True,False,2.0,-0.0020753255658235055,-1.0861489736070777,-1.1346905121365678,False,0.0,False,False,False,0.0,False,True,True,11.751950239425476
382,12.067973683336726,12.25239181580412,True,12.303267610871854,12.01107557809201,2,0,12.219079222451217,3,12.272285293053542,3,3,12.07817052176723,3,5,1,3,12.169436290122853,2,2,True,False,False,12.465956889344524,True,False,3.0,0.6581167633265526,1.15723543378913,-0.44486150961596177,False,0.0,False,False,True,5.37989735354046,False,False,True,12.142871895843887
383,12.340705864519109,12.10010039101655,False,12.164079627677117,12.215481164404672,2,1,12.219079222451217,3,12.272285293053542,3,3,12.07817052176723,3,8,0,0,12.169436290122853,2,2,True,False,False,12.022824369608022,True,False,2.5,-0.24846301884376024,0.7567558969247036,0.03291367771391945,False,0.0,False,False,True,4.976733742420574,False,False,True,12.271396795480596
384,11.96725095514478,11.982249305193077,True,12.139860799469593,11.954843206973223,2,59,11.84430531876782,2,11.712360342176042,2,2,11.521165088893575,2,5,0,0,11.785369069475001,1,2,True,False,False,12.022824369608022,True,False,1.0,-0.7392318558937853,-1.0861489736070777,-0.01860404635173972,False,0.0,False,False,False,0.0,False,True,True,11.23850177707664
387,11.813689225424564,12.10010039101655,True,11.722415663465464,11.808193836543019,2,10,11.84430531876782,2,12.272285293053542,2,2,12.07817052176723,2,8,0,0,11.524571661116692,0,0,True,False,False,12.031260150455237,False,False,1.0,-1.2022010381366222,1.2667181712060096,-0.1484563686162228,False,0.0,False,False,False,0.0,False,False,True,11.302216779257382
388,12.027100518212453,12.10010039101655,True,11.722415663465464,12.015308249970365,2,33,11.878527194048742,2,11.884777565189452,2,3,12.07817052176723,2,6,1,2,11.785369069475001,1,2,True,True,False,11.831203284138704,True,False,2.0,0.038623917496854565,-1.0861489736070777,-0.44486150961596177,True,5.545177444479562,False,False,True,5.6937321388027,False,False,True,11.736077016252437
389,12.067973683336726,12.10010039101655,False,12.164079627677117,12.01107557809201,2,8,12.219079222451217,3,12.272285293053542,3,3,12.07817052176723,3,6,0,0,12.169436290122853,2,2,True,False,False,12.022824369608022,True,False,2.0,1.0311472471575749,0.40472510505563375,0.061148927527424325,True,4.836281906951478,False,False,True,4.795790545596741,False,False,True,12.160033942617156
390,12.340705864519109,12.10010039101655,True,12.614502598853377,12.215481164404672,3,0,12.219079222451217,3,12.272285293053542,3,3,12.07817052176723,3,9,1,3,12.401316665059703,3,2,True,False,False,12.465956889344524,True,False,3.5,1.439717466387073,1.2075792076861027,0.6106200274757747,True,5.60947179518496,False,False,True,5.2832037287379885,False,False,True,12.962196972666593
391,11.813689225424564,12.10010039101655,True,11.722415663465464,11.808193836543019,2,58,11.878527194048742,2,11.712360342176042,2,3,12.07817052176723,2,7,0,0,11.785369069475001,1,2,True,True,False,12.022824369608022,True,False,2.0,-0.486179231878039,1.1926108229898347,-0.14959403010313238,False,0.0,False,False,False,0.0,False,True,True,11.686887175419702
392,12.340705864519109,12.10010039101655,False,11.964817397785627,12.215481164404672,2,7,12.219079222451217,2,12.272285293053542,3,3,12.07817052176723,3,7,1,2,12.401316665059703,3,2,True,False,False,12.022824369608022,True,False,3.5,-0.671570974562526,1.3863440697154084,0.5690191794012931,False,0.0,False,False,True,4.836281906951478,False,False,True,12.278397958261774
394,11.432508350773558,12.10010039101655,True,11.722739856073467,12.01107557809201,1,56,11.937149528022868,2,11.884777565189452,2,2,12.07817052176723,2,4,2,2,11.524571661116692,0,0,True,True,False,11.831203284138704,False,False,1.0,-0.7255850758485333,-1.0861489736070777,-0.38088583826911626,False,0.0,False,False,False,0.0,False,False,False,11.51293546492023
395,11.813689225424564,12.10010039101655,True,11.70731327255742,11.808193836543019,2,57,11.878527194048742,2,11.884777565189452,2,3,12.07817052176723,2,5,0,0,11.785369069475001,1,2,True,False,False,12.022824369608022,True,False,1.0,-0.9113165690203807,0.6114063380930174,0.2093686801058167,False,0.0,False,False,False,0.0,False,False,True,11.599112335481124
396,12.067973683336726,12.10010039101655,True,11.722415663465464,12.01107557809201,2,54,11.84430531876782,2,11.884777565189452,2,2,12.07817052176723,2,6,0,0,12.169436290122853,1,2,True,False,False,12.022824369608022,True,False,2.0,0.30555266616258236,-1.0861489736070777,0.09945367989230292,False,0.0,False,False,True,3.8066624897703196,False,False,True,11.767575435251748
397,12.067973683336726,12.10010039101655,True,12.164079627677117,12.01107557809201,2,37,11.878527194048742,2,11.884777565189452,2,2,12.07817052176723,2,6,0,0,11.785369069475001,2,2,True,False,False,12.022824369608022,True,False,1.0,-0.38349379195751865,-1.0861489736070777,-0.44486150961596177,False,0.0,False,False,True,5.375278407684165,False,False,True,11.719947764402807
398,12.340705864519109,12.10010039101655,True,11.889207077291879,12.215481164404672,2,45,12.219079222451217,2,11.884777565189452,2,2,12.07817052176723,2,8,1,2,12.169436290122853,2,2,True,False,False,12.022824369608022,True,False,2.0,-0.47670939214555846,1.3197343362754113,-0.3443785489279023,True,5.666426688112432,False,False,False,0.0,False,False,True,12.040614105490253
399,11.432508350773558,11.722226169284978,True,11.498308778772056,12.01107557809201,2,57,11.878527194048742,2,11.712360342176042,2,3,12.07817052176723,2,6,0,0,11.785369069475001,1,0,True,False,False,11.831203284138704,True,False,1.0,-0.18440931023178464,-1.0861489736070777,-0.025646572025834195,False,0.0,False,False,False,0.0,False,False,True,11.112462823634855
400,12.340705864519109,12.25239181580412,True,12.303267610871854,12.215481164404672,2,2,12.366209798533164,3,12.272285293053542,3,3,12.07817052176723,3,7,0,0,12.169436290122853,3,2,True,False,False,12.022824369608022,True,False,3.0,0.17342677979652982,1.3197343362754113,-0.21437084183662683,True,4.61512051684126,False,False,False,0.0,False,False,True,12.392556361841777
401,12.183695128206182,12.10010039101655,False,12.075056445481925,12.01107557809201,3,12,12.1233228118755,3,12.272285293053542,3,3,12.07817052176723,3,4,2,3,12.169436290122853,3,2,True,False,False,12.022824369608022,True,False,2.5,0.5830817338799529,0.4888362937281327,0.9642735704395606,False,0.0,False,True,True,4.795790545596741,False,False,True,12.411056299528171
402,12.067973683336726,12.10010039101655,False,12.164079627677117,12.01107557809201,2,1,12.219079222451217,3,12.272285293053542,3,3,12.07817052176723,3,6,1,3,12.169436290122853,3,2,True,False,False,12.465956889344524,True,False,2.0,0.6961474812694496,-1.0861489736070777,-0.06887240293775838,False,0.0,False,False,False,0.0,False,False,True,12.013646205940514
403,11.432508350773558,12.10010039101655,True,11.814945672101624,12.01107557809201,2,11,11.84430531876782,2,12.272285293053542,2,3,12.07817052176723,2,4,0,0,11.785369069475001,1,2,True,True,False,12.022824369608022,True,False,1.0,-1.1472668614357777,-1.0861489736070777,0.22186509045280894,False,0.0,False,False,True,5.1298987149230735,False,False,True,11.58989576532275
404,12.340705864519109,12.10010039101655,True,12.65906276870971,12.215481164404672,3,8,12.219079222451217,3,12.272285293053542,3,3,12.07817052176723,3,10,1,2,12.401316665059703,3,2,True,False,False,11.831203284138704,True,False,2.5,0.29806810250526883,1.1653113594851476,0.5500531791396935,True,6.478509642208569,False,False,True,4.976733742420574,False,False,True,12.460718739865236
405,12.340705864519109,12.10010039101655,False,12.15826751067062,12.215481164404672,2,11,11.878527194048742,2,12.272285293053542,3,3,12.07817052176723,2,7,1,2,12.401316665059703,3,2,True,False,False,12.022824369608022,True,False,2.5,-0.6648825945211797,0.6233232083761491,0.25258138584976186,False,0.0,False,False,False,0.0,False,False,False,12.031725210748633
406,12.067973683336726,12.10010039101655,False,11.814945672101624,12.01107557809201,1,16,12.03878070203725,2,11.884777565189452,2,3,12.07817052176723,2,8,1,2,12.169436290122853,1,2,True,True,False,12.022824369608022,True,False,3.0,0.6310187625993632,0.9426529456779301,0.18202091674700152,False,0.0,False,False,True,4.795790545596741,False,False,False,11.918397239722838
407,11.813689225424564,12.10010039101655,True,11.894163489986184,11.808193836543019,2,58,11.878527194048742,2,11.712360342176042,2,3,12.07817052176723,2,6,0,0,11.785369069475001,1,2,True,False,False,12.022824369608022,True,False,1.0,0.1000862740466584,-1.0861489736070777,0.274025036980687,False,0.0,False,False,False,0.0,True,False,True,11.652696102959753
408,11.972299710268643,12.10010039101655,True,12.224810430420682,12.215481164404672,2,32,11.84430531876782,2,11.712360342176042,3,3,12.07817052176723,2,8,0,0,12.169436290122853,1,2,True,False,False,12.022824369608022,True,False,2.0,-0.5532523480976744,-1.0861489736070777,1.0426069427161,False,0.0,False,False,False,0.0,False,True,True,12.083910661257521
409,12.340705864519109,12.10010039101655,True,12.614502598853377,12.215481164404672,2,1,12.219079222451217,3,12.272285293053542,3,3,12.07817052176723,3,9,1,3,12.169436290122853,2,2,True,False,False,12.465956889344524,True,False,2.5,0.09743722985885729,0.8318548195007133,0.8560027343778337,True,5.860786223465865,False,False,True,5.262690188904886,False,False,True,12.54254845357358
410,12.340705864519109,12.25239181580412,True,12.303267610871854,12.215481164404672,3,0,12.219079222451217,3,12.272285293053542,3,3,12.07817052176723,3,8,1,3,12.169436290122853,3,2,True,False,False,12.465956889344524,True,False,3.5,0.019692438142859255,1.073356289246454,0.3320110897190179,True,4.61512051684126,False,False,False,0.0,False,False,True,12.73596827534975
411,12.067973683336726,12.10010039101655,True,11.722415663465464,12.01107557809201,2,51,12.022795513003652,2,11.884777565189452,2,2,12.07817052176723,2,5,0,0,12.169436290122853,1,2,True,False,False,11.831203284138704,True,False,1.0,0.6196651819768006,-1.0861489736070777,0.09945367989230292,False,0.0,False,False,False,0.0,False,False,True,11.002116507732017
412,11.80746747836454,12.10010039101655,True,12.15826751067062,12.01107557809201,2,51,11.84430531876782,2,11.884777565189452,2,2,11.521165088893575,2,5,0,0,12.169436290122853,3,2,True,False,False,12.022824369608022,True,False,2.0,0.0788352981545031,-1.0861489736070777,2.6243131604241237,False,0.0,False,False,True,5.579729825986222,False,False,True,11.884495917930655
413,12.067973683336726,12.25239181580412,False,12.303267610871854,12.01107557809201,2,1,11.878527194048742,3,12.272285293053542,3,3,12.07817052176723,3,7,1,3,12.169436290122853,3,2,True,False,False,12.465956889344524,True,False,3.5,1.0351902040931793,1.2431882379170607,-1.3732859747476718,True,6.07073772800249,False,False,False,0.0,False,False,False,12.310437165348775
414,11.432508350773558,11.722226169284978,True,11.70731327255742,12.01107557809201,2,60,11.937149528022868,2,11.884777565189452,2,3,12.07817052176723,2,5,1,3,11.785369069475001,1,2,True,False,False,12.022824369608022,True,False,1.0,-0.051576986188239846,-1.0861489736070777,-0.02714366270414846,False,0.0,False,False,False,0.0,False,True,True,11.652696102959753
415,12.340705864519109,12.10010039101655,False,12.139860799469593,12.215481164404672,2,15,12.219079222451217,3,12.272285293053542,3,3,12.07817052176723,3,9,1,2,12.169436290122853,1,2,True,False,False,12.022824369608022,True,False,3.0,0.14219013606857156,1.3731595329822879,0.4070228785107448,False,0.0,False,False,True,5.2832037287379885,False,False,True,12.337105293891872
416,12.067973683336726,12.10010039101655,False,12.15826751067062,12.01107557809201,2,0,12.219079222451217,3,12.272285293053542,3,3,12.07817052176723,3,6,0,0,12.169436290122853,3,2,True,False,False,12.465956889344524,True,False,2.0,0.7622641648991163,0.4888362937281327,-0.04023781860358841,False,0.0,False,False,True,4.61512051684126,False,False,True,12.106997888588934
417,12.340705864519109,12.10010039101655,True,11.814945672101624,12.215481164404672,2,28,11.976594811781178,2,11.884777565189452,2,2,12.07817052176723,2,6,1,2,12.169436290122853,3,2,True,False,False,12.022824369608022,True,False,1.5,-1.1472668614357777,-1.0861489736070777,-0.28158660975107536,True,5.318119993844216,False,False,False,0.0,False,False,True,11.915058360753719
418,11.972299710268643,12.10010039101655,False,12.224810430420682,12.215481164404672,2,57,11.84430531876782,2,11.712360342176042,3,2,11.521165088893575,2,10,1,3,11.785369069475001,1,2,True,False,False,12.022824369608022,True,False,3.5,0.8271532010589749,-1.0861489736070777,1.7579503126447191,False,0.0,False,False,False,0.0,False,False,True,12.384223015005313
419,11.813689225424564,12.10010039101655,True,11.722415663465464,11.808193836543019,2,57,11.878527194048742,2,11.712360342176042,2,2,11.521165088893575,2,7,0,0,11.785369069475001,1,2,True,False,False,12.031260150455237,True,False,2.5,-0.8364252457831189,-1.0861489736070777,-0.20615670840603542,False,0.0,False,False,False,0.0,False,False,True,11.744045122410057
420,12.067973683336726,12.10010039101655,True,11.889207077291879,12.01107557809201,2,42,12.219079222451217,2,11.884777565189452,2,3,12.07817052176723,2,6,1,2,12.169436290122853,1,2,True,False,False,12.022824369608022,True,False,2.0,0.0788352981545031,0.9843852747881198,-0.1393785518100495,False,0.0,False,False,False,0.0,False,True,True,11.863589378812122
421,11.862887045549764,11.722226169284978,True,11.964817397785627,11.891694659765184,2,10,12.219079222451217,2,12.272285293053542,3,3,12.07817052176723,2,8,0,0,12.169436290122853,3,2,True,False,False,12.036862527888374,True,False,4.0,0.7709858677667587,-1.0861489736070777,-0.4822208043697791,True,5.303304908059076,False,False,False,0.0,False,False,True,12.237091546357338
422,12.067973683336726,12.10010039101655,False,12.122775029074985,12.01107557809201,2,9,12.366209798533164,3,11.884777565189452,3,3,12.07817052176723,3,8,1,2,12.169436290122853,3,2,True,False,False,12.022824369608022,True,False,2.5,1.2923682452122054,-1.0861489736070777,1.171161979639778,True,4.844187086458591,False,False,True,5.484796933490655,False,False,False,12.278397958261774
423,12.067973683336726,12.10010039101655,True,11.964817397785627,12.01107557809201,2,54,11.976594811781178,2,11.884777565189452,2,3,12.07817052176723,2,4,0,0,12.169436290122853,2,2,True,False,False,12.022824369608022,True,False,1.0,-0.10745409411946029,-1.0861489736070777,1.6980340965974388,False,0.0,False,False,False,0.0,False,False,True,11.635151947212842
424,12.340705864519109,12.10010039101655,True,12.65906276870971,12.215481164404672,3,10,12.219079222451217,3,12.272285293053542,3,3,12.07817052176723,3,8,1,2,12.169436290122853,3,2,True,False,False,12.022824369608022,True,False,3.5,1.0351902040931793,0.8619281625927298,0.023550990427774848,True,6.161207321695077,False,False,False,0.0,False,False,True,12.660331092405906
425,12.067973683336726,12.10010039101655,True,11.889207077291879,12.01107557809201,2,52,11.84430531876782,2,11.884777565189452,3,3,12.07817052176723,2,6,1,3,12.169436290122853,2,2,True,False,False,12.022824369608022,True,False,2.0,0.43274407532437714,0.6683178641193189,-0.01860404635173972,True,4.31748811353631,False,False,False,0.0,False,False,True,11.842236406331555
426,12.340705864519109,11.722226169284978,True,11.70731327255742,12.215481164404672,2,17,11.976594811781178,2,11.884777565189452,2,3,12.07817052176723,2,6,2,3,11.785369069475001,1,2,True,False,False,12.022824369608022,True,False,1.5,-1.23003562771821,-1.0861489736070777,-1.8673351486563525,False,0.0,False,False,False,0.0,False,True,True,11.813037464800539
427,12.027100518212453,12.10010039101655,True,12.139860799469593,12.015308249970365,2,20,11.84430531876782,3,12.272285293053542,3,3,12.07817052176723,3,5,1,2,12.169436290122853,3,2,True,False,False,12.022824369608022,True,False,3.5,1.1308664040354197,-1.0861489736070777,0.6606400254079153,True,4.983606621708336,False,True,True,4.394449154672439,False,False,False,12.524530013005734
428,12.067973683336726,12.10010039101655,False,11.889207077291879,12.01107557809201,1,51,11.878527194048742,2,11.884777565189452,2,3,12.07817052176723,2,5,0,0,11.785369069475001,1,2,True,False,False,12.022824369608022,True,False,1.0,-0.34391135027189124,-1.0861489736070777,-0.10726172454224538,False,0.0,False,False,False,0.0,False,False,True,11.599185726610004
429,12.067973683336726,12.10010039101655,True,12.164079627677117,12.01107557809201,2,0,12.219079222451217,3,12.272285293053542,3,3,12.07817052176723,3,6,0,0,12.169436290122853,2,2,True,False,False,12.465956889344524,True,False,3.0,0.4614370283482681,0.7656795346460883,-0.5641877601461365,True,4.6913478822291435,False,False,True,4.663439094112067,False,False,True,12.182809136284991
430,12.067973683336726,12.10010039101655,False,12.352621312150928,12.01107557809201,2,21,11.976594811781178,2,11.884777565189452,3,2,12.07817052176723,3,6,1,2,12.169436290122853,1,2,True,False,False,12.022824369608022,True,False,3.0,0.8739867023950412,-1.0861489736070777,0.44602968989588815,False,0.0,False,False,False,0.0,False,True,True,12.07254696717504
432,11.813689225424564,11.722226169284978,False,11.70731327255742,11.808193836543019,2,10,11.878527194048742,2,11.712360342176042,2,3,12.07817052176723,2,7,0,0,11.524571661116692,0,0,True,True,False,11.831203284138704,False,False,1.0,-0.362120774286485,1.0537840408531192,-0.9259103815599563,False,0.0,False,False,False,0.0,False,False,True,11.288543647320601
434,12.340705864519109,12.10010039101655,False,12.15826751067062,12.215481164404672,2,10,12.219079222451217,2,12.272285293053542,3,3,12.07817052176723,2,7,1,2,12.169436290122853,3,2,True,False,False,12.022824369608022,True,False,2.5,-0.2869055875131671,0.5738312635980962,0.33896423864928515,False,0.0,False,False,False,0.0,False,False,True,12.10625783509458
436,12.340705864519109,12.10010039101655,False,12.164079627677117,12.215481164404672,2,13,12.219079222451217,3,12.272285293053542,3,3,12.07817052176723,3,6,1,2,12.169436290122853,2,2,True,False,False,12.022824369608022,True,False,3.5,-0.6883530276853321,0.8240458786726707,0.30811510472903453,False,0.0,False,False,True,5.0689042022202315,False,False,True,12.264346270624157
437,11.813689225424564,11.722226169284978,True,11.70731327255742,11.808193836543019,2,56,11.984997717199022,2,11.712360342176042,2,2,12.07817052176723,2,6,0,0,11.785369069475001,1,2,True,False,False,12.022824369608022,True,False,1.0,-1.2420414274804363,-1.0861489736070777,-1.3745622406720583,False,0.0,False,False,False,0.0,False,False,True,11.661354090741
438,11.96725095514478,11.722226169284978,True,11.722739856073467,11.954843206973223,2,5,11.84430531876782,3,12.272285293053542,2,3,12.07817052176723,2,4,0,0,11.785369069475001,1,2,True,False,False,12.022824369608022,True,False,1.0,-0.4142708900802842,-1.0861489736070777,-0.7908151911363298,False,0.0,False,False,False,0.0,False,True,True,11.686887175419702
440,11.813689225424564,12.10010039101655,True,11.722415663465464,11.808193836543019,2,9,11.84430531876782,2,11.712360342176042,2,3,12.07817052176723,3,7,0,0,11.785369069475001,1,2,True,True,True,12.022824369608022,True,False,1.0,-1.1009371734917006,0.6893732164235604,0.5918888547297402,False,0.0,False,False,False,0.0,False,False,True,11.608244735642321
441,12.067973683336726,12.10010039101655,True,12.614502598853377,12.01107557809201,3,1,12.219079222451217,3,12.272285293053542,3,3,12.07817052176723,3,10,2,3,12.169436290122853,3,2,True,False,False,12.022824369608022,True,False,3.0,3.384812775259145,0.9039082838687957,1.0243505662649528,True,5.303304908059076,False,True,False,0.0,False,False,True,13.22672519452875
442,11.862887045549764,12.10010039101655,True,11.722415663465464,12.01107557809201,1,53,12.219079222451217,2,11.884777565189452,2,2,11.521165088893575,2,8,0,0,11.524571661116692,0,0,True,False,False,12.022824369608022,False,False,2.0,0.9740561007433364,-1.0861489736070777,0.5529335430543214,True,5.602118820879701,False,False,False,0.0,False,False,True,11.678448377988165
443,11.813689225424564,11.722226169284978,True,11.722739856073467,11.808193836543019,2,16,11.878527194048742,2,12.272285293053542,2,2,12.07817052176723,2,8,1,3,11.785369069475001,1,2,True,False,False,12.022824369608022,True,False,2.0,0.1369558170345475,-1.0861489736070777,-0.7165700280803695,False,0.0,False,False,False,0.0,False,False,True,12.000897933306716
444,12.183695128206182,12.10010039101655,True,12.060862913494523,12.01107557809201,2,0,11.937149528022868,3,12.272285293053542,3,3,12.07817052176723,3,6,1,3,12.169436290122853,3,2,True,False,False,12.465956889344524,True,False,2.0,0.5784815027864016,0.20311490312014263,-1.5894924299716688,True,4.290459441148391,False,False,True,4.976733742420574,False,False,True,12.058158312538197
445,12.340705864519109,12.10010039101655,True,12.164079627677117,12.215481164404672,2,13,12.219079222451217,3,12.272285293053542,3,3,12.07817052176723,3,8,1,2,12.169436290122853,1,2,True,False,False,12.022824369608022,True,False,3.5,-0.31978827101726703,1.2038780246907168,-0.07259045466948753,False,0.0,False,False,True,4.976733742420574,False,False,True,12.25486757159303
446,12.067973683336726,12.10010039101655,True,11.722415663465464,12.01107557809201,2,53,11.84430531876782,2,11.884777565189452,2,2,12.07817052176723,2,7,1,3,12.169436290122853,1,2,True,True,False,12.022824369608022,True,False,1.0,0.9658245176429296,-1.0861489736070777,0.15565838511870403,False,0.0,False,False,False,0.0,False,False,True,11.755879486687116
447,12.067973683336726,12.10010039101655,False,11.889207077291879,12.01107557809201,2,8,12.1233228118755,3,11.884777565189452,2,3,12.07817052176723,3,6,1,3,12.169436290122853,3,2,True,False,False,12.022824369608022,True,False,2.5,1.128899152887421,-1.0861489736070777,1.1542728922457102,False,0.0,False,False,False,0.0,False,False,True,12.154784614286667
448,12.340705864519109,12.10010039101655,False,12.15826751067062,12.215481164404672,2,7,12.219079222451217,3,12.272285293053542,3,3,12.07817052176723,3,10,1,2,12.169436290122853,3,2,True,False,False,12.022824369608022,True,False,2.5,-0.27502926095932984,-1.0861489736070777,0.404613294767951,False,0.0,False,False,True,4.499809670330265,False,False,False,12.20557752297723
449,11.813689225424564,11.722226169284978,True,11.498308778772056,11.808193836543019,2,56,11.878527194048742,2,11.712360342176042,2,2,12.07817052176723,2,7,1,3,11.785369069475001,1,2,True,False,False,12.022824369608022,True,False,2.0,-0.752937011713302,-1.0861489736070777,-0.1057028723398414,False,0.0,False,False,False,0.0,False,False,True,11.691080018519527
450,11.813689225424564,11.722226169284978,True,11.70731327255742,11.808193836543019,1,5,11.878527194048742,2,11.884777565189452,2,3,12.07817052176723,2,6,0,0,11.785369069475001,1,2,True,False,False,12.022824369608022,True,False,1.5,-1.238034338264027,1.3429084530732112,-0.7908151911363298,False,0.0,False,False,False,0.0,False,False,True,11.695255355062795
451,11.432508350773558,11.722226169284978,True,11.70731327255742,12.01107557809201,2,1,11.84430531876782,2,11.712360342176042,2,3,12.07817052176723,3,5,0,0,11.785369069475001,1,2,True,False,False,12.022824369608022,True,False,1.0,-0.6415820869014849,1.1235873226396393,-0.8930772148903257,False,0.0,False,False,False,0.0,False,False,True,11.608244735642321
453,12.340705864519109,12.10010039101655,False,12.352621312150928,12.215481164404672,2,10,12.219079222451217,3,12.272285293053542,3,3,12.07817052176723,2,7,0,0,12.169436290122853,3,2,True,False,False,12.022824369608022,True,False,3.5,-0.45159032444482894,1.1612893872946393,0.0449163483386024,True,3.7612001156935624,False,False,True,4.976733742420574,False,False,False,12.225880174775122
454,12.340705864519109,12.25239181580412,True,12.303267610871854,12.215481164404672,3,1,12.219079222451217,3,12.272285293053542,3,3,12.07817052176723,3,6,0,0,12.169436290122853,2,2,True,False,False,12.022824369608022,True,False,2.5,-0.7944082804472195,0.4888362937281327,-0.01860404635173972,False,0.0,False,False,False,0.0,False,False,True,12.25486757159303
455,11.862887045549764,12.10010039101655,True,11.964817397785627,12.01107557809201,2,30,12.03878070203725,2,11.884777565189452,2,2,12.07817052176723,2,8,0,0,11.785369069475001,1,2,True,False,False,11.977895278402745,True,False,4.0,1.5218056862097433,-1.0861489736070777,0.04367805347725613,False,0.0,False,False,False,0.0,False,False,True,12.144202560946876
456,12.067973683336726,12.10010039101655,True,12.122775029074985,12.01107557809201,2,34,11.976594811781178,2,11.884777565189452,2,2,12.07817052176723,2,6,1,2,12.169436290122853,1,2,True,False,False,12.022824369608022,True,False,1.5,0.5414576131813762,-1.0861489736070777,0.10526630785717257,True,5.771441123130016,False,False,False,0.0,False,False,True,12.075400019877522
457,11.972299710268643,11.722226169284978,True,11.70731327255742,12.215481164404672,2,58,11.869146895887042,2,11.712360342176042,2,2,11.521165088893575,2,7,0,0,11.785369069475001,1,2,True,False,False,11.831203284138704,True,False,1.0,-1.3397988157849774,-1.0861489736070777,-1.3031245046142907,False,0.0,False,False,False,0.0,False,True,True,11.49273296168228
459,11.972299710268643,11.722226169284978,True,11.70731327255742,12.215481164404672,3,12,11.984997717199022,2,12.272285293053542,2,2,12.07817052176723,3,7,1,3,11.785369069475001,1,2,True,True,False,12.022824369608022,True,False,1.0,-1.492502495556824,0.8395439320447123,-1.0974412123061537,False,0.0,False,False,True,5.262690188904886,False,False,False,11.989165855127435
460,11.813689225424564,12.10010039101655,False,11.722739856073467,11.808193836543019,2,59,11.878527194048742,2,11.884777565189452,2,2,12.07817052176723,3,5,1,2,11.785369069475001,1,2,True,False,False,12.022824369608022,True,False,2.0,-1.0065602767684299,-1.0861489736070777,-0.49438140758491217,True,5.087596335232384,False,False,False,0.0,False,True,False,11.608244735642321
461,12.340705864519109,12.25239181580412,False,12.303267610871854,12.215481164404672,3,0,12.219079222451217,3,12.272285293053542,3,3,12.07817052176723,2,8,0,0,12.401316665059703,3,2,True,False,False,12.465956889344524,True,False,3.5,-0.579173437723027,1.2634221877717535,-0.2430342962708433,True,4.709530201312334,False,False,False,0.0,False,False,True,12.481565733211923
462,11.972299710268643,12.10010039101655,True,11.894163489986184,12.215481164404672,2,2,11.84430531876782,3,12.272285293053542,3,3,12.07817052176723,3,6,0,0,11.785369069475001,2,2,True,True,False,12.022824369608022,True,False,2.0,-1.6167753326460645,-1.0861489736070777,-0.44486150961596177,False,0.0,False,False,True,5.54907608489522,False,False,True,11.951186847493476
463,12.067973683336726,12.10010039101655,False,11.814945672101624,12.01107557809201,2,44,11.878527194048742,2,11.884777565189452,2,3,12.07817052176723,2,5,1,0,11.785369069475001,1,2,True,True,False,12.022824369608022,True,False,1.0,-0.47670939214555846,-1.0861489736070777,-0.17801942940726687,False,0.0,False,False,False,0.0,False,True,True,11.04106411122238
464,11.972299710268643,12.10010039101655,False,12.224810430420682,12.215481164404672,2,13,11.984997717199022,2,11.884777565189452,2,2,12.07817052176723,2,6,1,3,11.785369069475001,1,2,True,False,False,12.022824369608022,True,False,1.5,-0.9843247655507187,-1.0861489736070777,0.5336523689069499,False,0.0,False,False,False,0.0,False,False,True,12.147919030759663
465,12.067973683336726,12.10010039101655,True,12.164079627677117,12.01107557809201,2,31,11.976594811781178,2,11.884777565189452,3,2,12.07817052176723,2,5,0,0,11.524571661116692,0,0,True,False,False,12.022824369608022,False,False,2.0,0.035925955431013554,-1.0861489736070777,-0.14391225367218852,True,4.919980925828125,False,False,False,0.0,False,False,True,11.728044909070785
467,12.067973683336726,12.10010039101655,True,11.889207077291879,12.01107557809201,2,37,12.03878070203725,2,11.884777565189452,2,2,12.07817052176723,2,5,1,0,12.169436290122853,1,2,True,True,False,12.022824369608022,True,False,2.0,0.6219388735133056,-1.0861489736070777,0.3010533671819655,False,0.0,False,True,False,0.0,False,False,True,12.025755079404917
468,11.972299710268643,12.10010039101655,True,11.889207077291879,12.215481164404672,2,12,11.878527194048742,2,11.884777565189452,2,3,12.07817052176723,3,7,2,3,12.169436290122853,1,2,True,False,False,12.022824369608022,True,False,1.5,-0.9366782695392948,-1.0861489736070777,0.08110284722259001,True,5.41610040220442,False,False,True,5.1298987149230735,False,False,True,11.89478753335453
469,12.067973683336726,12.10010039101655,False,12.614502598853377,12.01107557809201,3,1,12.219079222451217,3,12.272285293053542,3,3,12.07817052176723,3,7,1,3,12.169436290122853,2,2,True,False,False,12.022824369608022,True,False,2.0,1.3372079311647649,0.6683178641193189,0.4411318710020933,True,5.517452896464707,False,False,False,0.0,False,False,True,12.429220196836383
470,12.340705864519109,12.10010039101655,False,12.139860799469593,12.215481164404672,2,15,11.976594811781178,3,12.272285293053542,3,3,12.07817052176723,3,7,0,0,12.169436290122853,2,2,True,False,False,12.022824369608022,True,False,2.5,-0.579173437723027,0.8903008892806774,0.042438985583160116,True,4.795790545596741,False,False,True,4.976733742420574,False,False,True,12.138869243416009
471,12.183695128206182,12.10010039101655,False,12.38035169513184,12.01107557809201,3,25,11.976594811781178,3,12.272285293053542,3,2,12.07817052176723,3,4,0,0,12.169436290122853,2,2,True,False,False,12.022824369608022,True,False,2.5,1.071371092101042,0.7656795346460883,-0.5479642455174502,False,0.0,False,True,False,0.0,False,False,False,12.264346270624157
472,12.340705864519109,12.10010039101655,True,12.122775029074985,12.215481164404672,2,30,11.937149528022868,2,11.884777565189452,3,2,12.07817052176723,2,8,1,3,12.169436290122853,2,2,True,False,False,12.022824369608022,True,False,2.5,-0.658208085536314,-1.0861489736070777,0.5278316123273759,False,0.0,False,True,False,0.0,False,False,True,12.154784614286667
473,12.040267718167508,11.722226169284978,True,11.722415663465464,12.015308249970365,2,3,12.219079222451217,2,12.272285293053542,3,3,12.07817052176723,2,5,0,0,11.987475505601928,2,2,True,False,False,12.022824369608022,True,False,2.0,-1.6762480809853473,0.45689938775473493,-1.7107004481475585,True,4.394449154672439,False,False,False,0.0,False,False,True,11.904974309480183
474,12.067973683336726,12.10010039101655,False,12.614502598853377,12.01107557809201,3,0,12.219079222451217,3,12.272285293053542,3,3,12.07817052176723,3,7,1,3,12.169436290122853,2,2,True,False,False,12.465956889344524,True,False,3.0,1.935218913118336,0.8395439320447123,0.9660969557680434,True,5.720311776607412,False,False,True,5.5254529391317835,False,False,True,12.994532278619134
475,12.183695128206182,12.10010039101655,True,12.38035169513184,12.01107557809201,3,7,12.366209798533164,3,12.272285293053542,3,3,12.07817052176723,3,6,0,0,12.169436290122853,2,2,True,False,False,12.022824369608022,True,False,3.0,1.0833499781964435,0.7095732077658102,-1.014379989187043,False,0.0,False,False,True,4.574710978503383,False,False,True,12.433212202169729
476,12.067973683336726,12.10010039101655,True,11.814945672101624,12.01107557809201,2,44,11.976594811781178,2,11.884777565189452,2,2,12.07817052176723,2,5,0,0,11.785369069475001,1,2,True,False,False,12.022824369608022,True,False,2.0,-0.15855875219343615,0.3860217501330401,-0.13259741771710518,False,0.0,False,True,False,0.0,False,False,True,11.794345471549745
477,12.067973683336726,12.10010039101655,True,12.164079627677117,12.01107557809201,2,10,12.219079222451217,2,12.272285293053542,3,3,12.07817052176723,3,7,1,2,12.169436290122853,3,2,True,False,False,12.022824369608022,True,False,3.0,1.0513161258532442,0.6114063380930174,0.7092950232928655,True,5.375278407684165,False,False,True,4.948759890378168,False,False,True,12.249615734512616
478,12.340705864519109,12.10010039101655,True,12.614502598853377,12.215481164404672,3,1,12.219079222451217,3,12.272285293053542,3,3,12.07817052176723,3,9,1,3,12.401316665059703,3,2,True,False,False,12.022824369608022,True,False,2.5,2.204443030851436,0.9786306483284682,0.791596899666109,True,6.650279048587422,False,False,True,6.028278520230698,False,False,True,12.847929163278053
479,12.067973683336726,12.10010039101655,True,12.164079627677117,12.01107557809201,3,1,12.219079222451217,3,12.272285293053542,3,3,12.07817052176723,3,7,1,3,12.169436290122853,2,2,True,False,False,12.022824369608022,True,False,3.0,1.4809933509545037,0.6683178641193189,0.30268522044244306,True,5.820082930352362,False,False,True,5.342334251964811,False,False,True,12.601490784782536
480,11.432508350773558,11.722226169284978,True,11.70731327255742,12.01107557809201,1,7,11.984997717199022,2,11.712360342176042,2,2,12.07817052176723,2,7,0,0,11.785369069475001,1,2,True,True,False,12.036862527888374,True,False,1.0,-0.34391135027189124,0.9039082838687957,-0.8146065648529707,True,6.077642243349034,False,False,False,0.0,False,False,True,11.401681006153428
481,12.067973683336726,12.10010039101655,False,12.614502598853377,12.01107557809201,3,1,12.219079222451217,3,12.272285293053542,3,3,12.07817052176723,3,8,1,3,12.169436290122853,3,2,True,False,False,12.022824369608022,True,False,3.0,1.7025375077074134,1.1192205224063876,1.0990892869120326,True,5.937536205082426,False,False,True,6.253828811575473,False,False,True,12.694655727828803
482,12.067973683336726,12.10010039101655,False,12.614502598853377,12.01107557809201,3,2,12.219079222451217,3,12.272285293053542,3,3,12.07817052176723,3,6,1,3,12.169436290122853,3,2,True,False,False,12.022824369608022,True,False,3.0,1.6330238982541398,0.7193738876844055,0.5105937373969184,True,6.333279628139691,False,False,True,5.332718793265369,False,False,True,12.832013750189885
483,11.972299710268643,11.722226169284978,True,11.70731327255742,12.215481164404672,2,4,11.984997717199022,3,12.272285293053542,2,3,12.07817052176723,3,7,1,3,12.169436290122853,1,2,True,False,False,12.022824369608022,True,False,2.5,-0.334844408890133,-1.0861489736070777,-2.4232387333455065,False,0.0,False,False,False,0.0,False,False,True,11.951186847493476
484,12.183695128206182,11.722226169284978,True,11.964817397785627,12.01107557809201,2,8,12.219079222451217,2,12.272285293053542,3,3,12.07817052176723,2,5,0,0,12.169436290122853,1,2,True,False,False,12.022824369608022,True,False,3.0,0.48043340599701,1.1732613766266895,-1.3324667532889736,True,4.762173934797756,False,False,False,0.0,False,False,True,12.00762780434872
485,12.067973683336726,12.10010039101655,False,11.814945672101624,12.01107557809201,2,6,11.976594811781178,2,11.884777565189452,2,3,12.07817052176723,3,6,0,0,11.785369069475001,1,2,True,False,False,12.022824369608022,True,False,2.0,-0.0766057890300427,1.2001498359828129,-0.3026238596578939,False,0.0,False,False,False,0.0,False,False,False,11.794345471549745
486,12.067973683336726,12.10010039101655,True,11.889207077291879,12.01107557809201,2,2,11.878527194048742,3,11.884777565189452,2,3,12.07817052176723,3,5,1,3,12.169436290122853,1,2,True,False,False,12.022824369608022,True,False,1.0,0.22740620900095518,0.9549328321349695,0.10526630785717257,False,0.0,False,False,False,0.0,False,True,True,11.898194668458823
487,12.067973683336726,12.10010039101655,True,11.889207077291879,12.01107557809201,2,42,11.878527194048742,2,11.884777565189452,2,2,12.07817052176723,2,6,0,0,12.169436290122853,2,2,True,False,False,12.022824369608022,True,False,2.5,0.12383437367366788,-1.0861489736070777,0.238593063878244,True,5.1298987149230735,False,False,False,0.0,False,False,True,11.957617696467539
488,12.067973683336726,12.10010039101655,False,12.122775029074985,12.01107557809201,2,36,12.03878070203725,2,11.884777565189452,3,3,12.07817052176723,2,7,1,2,12.169436290122853,1,2,True,False,False,12.022824369608022,True,False,2.0,1.0633626847704307,-1.0861489736070777,0.5744052067683267,False,0.0,False,True,True,5.41610040220442,False,False,True,12.07254696717504
489,11.80746747836454,12.10010039101655,True,11.70731327255742,11.808193836543019,2,36,11.84430531876782,2,11.884777565189452,2,2,11.521165088893575,2,10,1,3,12.169436290122853,1,2,True,False,False,12.022824369608022,True,False,2.0,-0.2046557357391081,-1.0861489736070777,0.3320110897190179,False,0.0,False,False,True,4.962844630259907,False,False,True,11.982935344196433
491,11.897576911041353,11.722226169284978,True,12.003139473921845,12.215481164404672,2,32,12.366209798533164,2,12.272285293053542,3,2,12.07817052176723,2,4,1,3,12.401316665059703,3,2,True,False,False,12.022824369608022,True,False,1.5,-3.4113962346794082,0.3860217501330401,-2.3056618786134475,False,0.0,False,False,True,4.955827057601261,False,False,False,11.652696102959753
493,12.340705864519109,12.10010039101655,False,12.15826751067062,12.215481164404672,2,0,12.219079222451217,3,12.272285293053542,3,3,12.07817052176723,2,8,0,0,12.169436290122853,2,2,True,False,False,12.465956889344524,True,False,2.5,-0.9366782695392948,-1.0861489736070777,1.0428576039551838,False,0.0,False,False,False,0.0,False,False,True,12.059809113551397
494,12.067973683336726,12.10010039101655,True,11.889207077291879,12.01107557809201,2,48,12.1233228118755,2,11.884777565189452,2,2,12.07817052176723,2,6,1,2,11.785369069475001,1,2,True,False,False,12.022824369608022,True,False,1.5,0.6037074448449015,-1.0861489736070777,-0.2605304690436481,False,0.0,False,False,False,0.0,False,False,True,11.951186847493476
496,11.432508350773558,11.952960155415807,True,11.498308778772056,12.01107557809201,1,59,11.84430531876782,2,11.884777565189452,2,2,11.521165088893575,2,4,0,0,11.524571661116692,0,0,True,True,False,11.831203284138704,False,False,1.0,-0.9659140918313551,1.8947443661091676,-0.27308872811755514,False,0.0,False,False,False,0.0,False,True,True,10.460270761075149
497,12.067973683336726,12.10010039101655,False,12.65906276870971,12.01107557809201,3,14,12.1233228118755,3,12.272285293053542,3,3,12.07817052176723,3,10,1,3,12.169436290122853,2,2,True,False,False,12.022824369608022,True,False,4.0,3.4980446163618186,0.9236531849451074,0.6442068150205154,False,0.0,False,False,True,5.579729825986222,False,True,False,12.971542813248437
498,11.813689225424564,12.10010039101655,True,11.722739856073467,11.808193836543019,2,58,11.84430531876782,2,12.272285293053542,2,3,12.07817052176723,2,8,0,0,11.785369069475001,1,2,True,True,False,12.022824369608022,True,False,3.0,-0.0020753255658235055,1.0636645607817066,0.0067963330671862365,False,0.0,False,False,False,0.0,False,False,True,12.122696471358964
499,12.067973683336726,12.10010039101655,True,11.814945672101624,12.01107557809201,2,5,11.976594811781178,2,12.272285293053542,2,3,12.07817052176723,3,5,0,0,12.169436290122853,3,2,True,True,False,12.022824369608022,True,False,1.0,-0.47670939214555846,-1.0861489736070777,-0.2923218336514193,True,4.499809670330265,False,False,True,4.174387269895637,False,False,True,11.775297421715827
502,12.340705864519109,12.25239181580412,True,12.303267610871854,12.215481164404672,2,3,12.219079222451217,3,12.272285293053542,3,3,12.07817052176723,3,7,0,0,12.169436290122853,2,2,True,False,False,12.022824369608022,True,False,2.5,-0.47041143903042965,1.1013684419671705,0.1454855185348753,False,0.0,False,False,False,0.0,False,False,True,12.331387247601905
503,12.067973683336726,12.10010039101655,True,11.722415663465464,12.01107557809201,2,42,11.878527194048742,2,11.884777565189452,2,3,12.07817052176723,2,6,0,0,11.785369069475001,1,2,True,True,True,12.022824369608022,True,False,2.0,0.4756941407354684,-1.0861489736070777,0.017284564248486182,False,0.0,False,False,False,0.0,False,True,True,11.849404844423074
504,12.067973683336726,12.10010039101655,False,12.224810430420682,12.01107557809201,2,13,12.1233228118755,2,11.884777565189452,2,2,12.07817052176723,2,6,2,2,12.169436290122853,3,2,True,True,False,12.022824369608022,True,False,3.0,1.0972745513506805,0.7656795346460883,1.0458631137784753,False,0.0,False,True,False,0.0,False,False,True,12.574185427296195
505,11.897576911041353,12.10010039101655,True,12.03258387136611,12.215481164404672,2,35,12.03878070203725,2,11.884777565189452,2,2,12.07817052176723,2,6,1,2,12.169436290122853,1,2,True,False,False,12.022824369608022,True,False,3.0,-0.505202034886499,-1.0861489736070777,-2.5698910638431385,False,0.0,False,False,True,5.564520407322694,False,False,True,11.898194668458823
506,11.862887045549764,11.722226169284978,True,11.70731327255742,12.215481164404672,2,57,11.84430531876782,2,11.884777565189452,2,3,12.07817052176723,2,10,0,0,11.785369069475001,1,2,True,False,False,12.022824369608022,True,False,2.0,-0.18729408544813927,-1.0861489736070777,-0.3428719869632949,True,5.8888779583328805,False,False,False,0.0,False,False,True,11.732069026983156
507,12.340705864519109,12.10010039101655,False,12.139860799469593,12.215481164404672,3,12,12.219079222451217,3,12.272285293053542,3,3,12.07817052176723,3,8,1,2,12.169436290122853,2,2,True,False,False,12.022824369608022,True,False,2.5,-0.7632545186083837,0.9609624337226568,0.09603835401389176,True,4.836281906951478,False,False,True,5.209486152841421,False,False,True,12.278397958261774
508,12.067973683336726,12.25239181580412,False,12.303267610871854,12.01107557809201,2,0,12.219079222451217,3,12.272285293053542,3,3,12.07817052176723,3,4,0,0,12.169436290122853,3,2,True,False,False,12.465956889344524,True,False,2.0,0.4851661514619064,1.073356289246454,-0.277211701509032,False,0.0,False,False,False,0.0,False,False,True,12.246739428005663
509,11.972299710268643,11.722226169284978,True,11.70731327255742,12.215481164404672,2,3,11.878527194048742,2,11.712360342176042,2,3,12.07817052176723,3,7,1,3,11.785369069475001,1,2,True,False,False,12.022824369608022,True,False,2.0,-1.0818335857131653,-1.0861489736070777,0.10526630785717257,False,0.0,False,False,False,0.0,False,True,True,11.989165855127435
510,12.067973683336726,12.10010039101655,True,11.889207077291879,12.01107557809201,2,50,11.878527194048742,2,11.884777565189452,2,3,12.07817052176723,2,6,0,0,12.169436290122853,2,2,True,True,False,12.022824369608022,True,False,2.0,0.038623917496854565,1.0012660350588067,0.10526630785717257,True,4.890349128221754,False,False,True,5.41610040220442,False,False,True,11.732069026983156
511,12.067973683336726,12.10010039101655,True,11.889207077291879,12.01107557809201,2,9,11.84430531876782,3,11.884777565189452,2,3,12.07817052176723,2,6,2,2,12.024279666315543,1,2,True,False,True,12.022824369608022,True,False,2.0,-0.051576986188239846,0.6463304015240848,0.9109324238913168,True,4.2626798770413155,False,True,True,5.783825182329737,False,False,True,12.013100572810686
512,12.183695128206182,12.10010039101655,False,12.614502598853377,12.01107557809201,2,0,12.219079222451217,3,12.272285293053542,3,3,12.07817052176723,3,6,1,3,12.169436290122853,2,2,True,False,False,12.465956889344524,True,False,2.0,0.8228644615871902,0.5606437570355319,-0.5557795605834985,True,4.553876891600541,False,False,True,4.890349128221754,False,False,True,12.2193145828011
513,12.067973683336726,12.10010039101655,True,11.889207077291879,12.01107557809201,2,48,12.219079222451217,2,11.884777565189452,2,2,12.07817052176723,2,5,0,0,11.785369069475001,1,2,True,False,False,12.022824369608022,True,False,2.0,-0.47670939214555846,-1.0861489736070777,0.0025854637258920215,False,0.0,False,False,False,0.0,False,False,True,11.774527900858468
514,12.067973683336726,12.10010039101655,True,11.964817397785627,12.01107557809201,2,24,12.219079222451217,2,12.272285293053542,2,2,12.07817052176723,2,5,0,0,12.169436290122853,1,2,True,False,False,12.022824369608022,True,False,1.5,0.15263448340200939,-1.0861489736070777,0.020837968764410433,False,0.0,False,False,True,4.795790545596741,False,True,True,11.80560254159177
515,11.96725095514478,12.10010039101655,True,12.224810430420682,11.954843206973223,2,57,11.84430531876782,2,11.712360342176042,2,2,11.521165088893575,2,5,0,0,11.785369069475001,1,0,True,True,False,12.022824369608022,True,False,1.0,-0.7944082804472195,-1.0861489736070777,0.2948765048053666,False,0.0,False,False,False,0.0,False,True,True,11.477308649967686
516,12.067973683336726,12.10010039101655,True,12.614502598853377,12.01107557809201,3,0,12.366209798533164,3,11.884777565189452,3,3,12.07817052176723,3,9,1,3,12.169436290122853,3,2,True,False,False,12.465956889344524,True,False,3.5,1.982234871710604,0.7656795346460883,0.5707633032052901,True,5.723585101952381,False,False,True,5.056245805348308,False,False,True,12.90634935052389
517,12.027100518212453,12.10010039101655,False,12.122775029074985,12.015308249970365,2,37,11.976594811781178,2,11.884777565189452,2,2,12.07817052176723,2,7,1,2,12.169436290122853,2,2,True,True,False,11.831203284138704,True,False,2.5,-1.0818335857131653,1.0828663961434097,0.2681325623048573,True,5.811140992976701,False,False,False,0.0,False,False,False,11.970356641102999
518,12.340705864519109,12.10010039101655,False,12.65906276870971,12.215481164404672,2,12,12.219079222451217,3,12.272285293053542,3,3,12.07817052176723,3,7,1,2,12.169436290122853,2,2,True,False,False,12.022824369608022,True,False,2.5,0.5922638902700881,-1.0861489736070777,0.22337449032585172,True,6.826545223556594,False,False,True,5.3981627015177525,False,False,True,12.487488878546145
519,12.340705864519109,12.10010039101655,False,12.164079627677117,12.215481164404672,2,9,12.219079222451217,2,12.272285293053542,3,3,12.07817052176723,2,7,0,0,12.169436290122853,2,2,True,True,False,12.022824369608022,True,False,3.5,-0.7052231752991173,0.5738312635980962,0.09140825330619166,False,0.0,False,False,False,0.0,False,False,False,12.259618151783465
520,11.972299710268643,12.10010039101655,True,12.224810430420682,12.215481164404672,2,5,11.878527194048742,3,11.712360342176042,3,3,12.07817052176723,3,9,2,3,11.785369069475001,1,2,True,True,False,12.022824369608022,True,False,1.5,0.6196651819768006,-1.0861489736070777,0.3529749906706393,False,0.0,False,True,False,0.0,False,False,True,12.36308066783498
522,12.067973683336726,12.10010039101655,False,11.889207077291879,12.01107557809201,2,50,12.219079222451217,2,11.884777565189452,2,3,12.07817052176723,2,6,2,3,12.169436290122853,1,2,True,False,False,12.022824369608022,True,False,1.5,0.5461073562612099,0.6233232083761491,0.5336523689069499,False,0.0,False,False,False,0.0,False,False,True,11.918397239722838
523,11.813689225424564,11.722226169284978,True,11.722739856073467,11.808193836543019,2,56,12.366209798533164,2,11.884777565189452,2,3,12.07817052176723,2,7,2,3,11.785369069475001,1,2,True,False,False,12.022824369608022,True,False,2.0,-0.06267771399361056,0.3860217501330401,-1.1346905121365678,False,0.0,False,False,False,0.0,False,True,True,11.976665770490767
525,12.340705864519109,12.10010039101655,False,12.65906276870971,12.215481164404672,2,10,12.219079222451217,3,12.272285293053542,3,3,12.07817052176723,3,8,1,2,12.169436290122853,3,2,True,False,False,12.022824369608022,True,False,3.5,0.8463879141167341,0.8161132635890703,0.5009343411716249,True,6.38856140554563,False,False,True,5.480638923341991,False,False,True,12.662709207270272
527,12.067973683336726,12.10010039101655,True,11.889207077291879,12.01107557809201,2,7,11.84430531876782,2,11.884777565189452,3,2,12.07817052176723,2,4,0,0,12.169436290122853,1,2,True,False,False,12.022824369608022,True,False,1.0,-0.2809620697350837,-1.0861489736070777,0.7350134133242621,False,0.0,False,False,True,5.568344503761097,False,True,True,11.790564777297387
528,12.340705864519109,12.10010039101655,False,12.614502598853377,12.215481164404672,3,0,12.219079222451217,3,12.272285293053542,3,3,12.07817052176723,3,11,1,3,12.169436290122853,3,2,True,False,False,12.465956889344524,True,False,3.5,0.9986365258709329,0.8619281625927298,0.9623181116027029,True,5.594711379601839,False,False,True,4.844187086458591,False,False,True,13.008661502470739
529,11.432508350773558,12.10010039101655,False,11.722415663465464,12.01107557809201,1,5,11.84430531876782,2,11.712360342176042,2,3,12.07817052176723,2,5,0,0,11.524571661116692,0,0,True,False,False,12.022824369608022,False,False,2.0,-1.7653320454029955,-1.0861489736070777,0.0021638846952286364,False,0.0,False,False,False,0.0,False,True,True,11.362114203075018
531,12.027100518212453,12.10010039101655,True,12.352621312150928,12.015308249970365,2,19,11.976594811781178,3,11.884777565189452,3,3,12.07817052176723,3,5,1,2,12.169436290122853,2,2,True,False,False,11.831203284138704,True,False,3.0,1.016960489985807,-1.0861489736070777,0.22186509045280894,True,5.393627546352362,False,False,True,5.41610040220442,False,False,True,12.07254696717504
532,11.972299710268643,11.722226169284978,False,11.722739856073467,12.215481164404672,2,9,11.84430531876782,2,11.712360342176042,2,3,12.07817052176723,2,6,0,0,11.785369069475001,3,2,True,False,False,12.022824369608022,True,False,2.0,-1.3940709170521526,-1.0861489736070777,-0.7425443891916699,False,0.0,False,False,False,0.0,False,True,True,11.759793355371237
535,12.340705864519109,12.10010039101655,False,12.15826751067062,12.215481164404672,3,2,12.219079222451217,3,12.272285293053542,3,3,12.07817052176723,3,6,1,3,12.169436290122853,3,2,True,False,False,12.022824369608022,True,False,2.5,-1.014007096338998,0.5606437570355319,-0.006710038631230758,False,0.0,False,False,True,4.61512051684126,False,False,True,12.08954444723597
536,11.80746747836454,12.10010039101655,True,11.722415663465464,12.215481164404672,2,17,11.878527194048742,2,11.884777565189452,3,2,12.07817052176723,2,5,0,0,11.524571661116692,0,0,True,False,False,12.022824369608022,False,False,2.0,0.23759121769652125,-1.0861489736070777,-0.4984517096653956,False,0.0,False,False,True,4.454347296253507,False,True,True,11.58525542883217
537,12.340705864519109,12.10010039101655,False,12.164079627677117,12.215481164404672,2,9,12.219079222451217,2,12.272285293053542,3,3,12.07817052176723,3,8,0,0,12.169436290122853,3,2,True,False,False,12.022824369608022,True,False,2.5,-0.4266633465179516,1.2796942208140756,-0.03486089631580297,False,0.0,False,False,True,4.795790545596741,False,False,True,12.144202560946876
538,12.067973683336726,12.10010039101655,False,11.889207077291879,12.01107557809201,1,36,11.878527194048742,2,11.884777565189452,2,2,12.07817052176723,2,5,0,0,11.785369069475001,1,2,True,True,False,12.022824369608022,True,False,1.0,-0.47670939214555846,-1.0861489736070777,0.6507658096330008,False,0.0,False,False,True,5.37989735354046,False,False,False,11.619544188752133
539,12.067973683336726,12.10010039101655,False,11.814945672101624,12.01107557809201,2,38,12.03878070203725,2,11.884777565189452,2,2,12.07817052176723,2,7,1,2,12.169436290122853,1,2,True,False,False,12.022824369608022,True,False,1.5,0.06548492023371304,-1.0861489736070777,0.46215805828567846,True,5.241747015059643,False,False,True,6.1463292576688975,False,False,False,11.970356641102999
540,12.067973683336726,12.10010039101655,True,12.164079627677117,12.01107557809201,3,8,12.219079222451217,3,12.272285293053542,3,3,12.07817052176723,3,6,1,2,12.169436290122853,2,2,True,True,True,12.022824369608022,True,False,3.0,1.2526698079063348,-1.0861489736070777,0.44028620488614145,True,6.173786103901937,False,False,True,5.198497031265826,False,False,False,12.513561021741964
541,12.067973683336726,12.10010039101655,True,12.352621312150928,12.01107557809201,3,3,12.219079222451217,3,12.272285293053542,3,3,12.07817052176723,3,8,1,3,12.169436290122853,3,2,True,False,False,12.022824369608022,True,False,3.0,1.7109254797925197,0.876314842956725,0.9165440205667852,True,6.371611847231857,False,False,True,5.602118820879701,False,False,True,12.660331092405906
542,12.340705864519109,12.10010039101655,True,12.65906276870971,12.215481164404672,3,7,12.219079222451217,3,12.272285293053542,3,3,12.07817052176723,3,8,1,2,12.401316665059703,3,2,True,False,False,12.022824369608022,True,False,2.5,-0.16142110051392275,0.783062251966872,0.3674144854557292,True,4.290459441148391,False,False,False,0.0,False,False,False,12.421188057397055
543,12.067973683336726,12.10010039101655,True,12.122775029074985,12.01107557809201,2,10,12.219079222451217,3,12.272285293053542,3,3,12.07817052176723,3,7,1,2,12.169436290122853,3,2,True,False,False,12.022824369608022,True,False,3.0,1.381496923277026,0.9105763675431313,0.2105079646369749,False,0.0,False,False,True,4.3694478524670215,False,False,True,12.270225154674701
544,12.183695128206182,11.982249305193077,True,11.889207077291879,11.891694659765184,2,9,11.878527194048742,2,12.272285293053542,3,3,12.07817052176723,2,4,0,0,12.169436290122853,3,2,True,False,False,12.022824369608022,True,False,2.0,-0.9549189627737357,0.6233232083761491,-1.5258693340070615,True,5.209486152841421,False,False,True,4.795790545596741,False,False,True,11.798111925972618
545,12.340705864519109,12.10010039101655,False,12.15826751067062,12.215481164404672,2,0,12.219079222451217,3,12.272285293053542,3,3,12.07817052176723,3,7,1,3,12.169436290122853,2,2,True,False,False,12.465956889344524,True,False,3.5,-1.2180760141803897,0.3860217501330401,1.22558452604657,False,0.0,False,False,True,4.61512051684126,False,False,True,12.098854850641
546,11.813689225424564,12.10010039101655,False,12.122775029074985,11.808193836543019,2,18,11.976594811781178,3,12.272285293053542,3,3,12.07817052176723,3,9,0,0,12.169436290122853,1,2,True,False,False,12.022824369608022,True,False,2.5,0.4518993234712308,-1.0861489736070777,0.8119373768488399,True,5.187385805840755,False,False,False,0.0,False,False,False,12.34148164933907
547,11.813689225424564,12.10010039101655,False,11.722739856073467,11.808193836543019,2,57,12.1233228118755,2,11.712360342176042,3,3,12.07817052176723,2,6,1,3,11.785369069475001,1,2,True,False,False,12.022824369608022,True,False,1.5,0.10273323541736322,0.5991956326343106,-0.0754383869633854,False,0.0,True,False,False,0.0,False,False,True,12.25486757159303
548,11.971042740656404,12.10010039101655,True,11.964817397785627,11.891694659765184,2,37,12.219079222451217,2,11.884777565189452,3,3,12.07817052176723,2,5,0,0,11.785369069475001,1,2,True,False,False,12.022824369608022,True,False,2.0,-0.7944082804472195,-1.0861489736070777,-0.4332650015095669,False,0.0,False,False,True,4.653960350157523,False,False,True,11.771443882099637
549,12.067973683336726,11.722226169284978,False,11.70731327255742,12.01107557809201,2,13,11.878527194048742,2,11.884777565189452,2,2,12.07817052176723,2,4,0,0,11.785369069475001,2,2,True,True,False,12.022824369608022,True,False,2.0,-0.6020260222658127,0.7289854468371297,-0.18866911448270124,False,0.0,False,False,True,4.948759890378168,False,False,True,11.736077016252437
550,12.340705864519109,12.25239181580412,True,12.303267610871854,12.215481164404672,2,5,12.219079222451217,3,12.272285293053542,3,3,12.07817052176723,3,8,1,3,12.401316665059703,3,2,True,False,False,12.022824369608022,True,False,2.5,-0.3288136669813322,1.3596288763220896,0.05971594509476881,False,0.0,False,False,True,5.209486152841421,False,False,True,12.479913113434042
551,12.183695128206182,12.10010039101655,True,12.03258387136611,12.01107557809201,2,31,12.03878070203725,2,11.884777565189452,3,2,12.07817052176723,2,4,0,0,12.169436290122853,2,2,True,False,False,11.831203284138704,True,False,2.0,0.11330032436981499,0.7744464942627202,-1.5327845925601662,False,0.0,False,True,False,0.0,False,False,True,11.849404844423074
552,12.067973683336726,11.722226169284978,True,11.70731327255742,12.01107557809201,2,51,12.1233228118755,2,11.884777565189452,2,3,12.07817052176723,2,5,0,0,12.169436290122853,3,2,True,False,False,12.022824369608022,True,False,1.0,-0.2809620697350837,-1.0861489736070777,-0.7908151911363298,False,0.0,False,False,False,0.0,False,False,True,11.630717389475995
553,12.067973683336726,12.10010039101655,False,12.614502598853377,12.01107557809201,3,3,12.219079222451217,3,12.272285293053542,3,3,12.07817052176723,3,7,1,3,12.169436290122853,2,2,True,False,False,12.022824369608022,True,False,2.0,1.4881241245390577,0.6114063380930174,0.39286806660167606,True,5.5254529391317835,False,False,True,5.135798437050262,False,False,True,12.450981602512561
555,12.340705864519109,12.10010039101655,True,12.614502598853377,12.215481164404672,2,4,12.219079222451217,3,12.272285293053542,3,3,12.07817052176723,3,8,1,3,12.401316665059703,2,2,True,False,False,12.022824369608022,True,False,3.5,-0.07939840198657709,0.8318548195007133,0.30050911912530237,True,5.680172609017068,False,False,True,5.771441123130016,False,False,True,12.556733038263905
556,11.96725095514478,11.722226169284978,True,11.722739856073467,11.954843206973223,2,56,11.878527194048742,2,11.712360342176042,2,2,12.07817052176723,2,5,1,3,11.785369069475001,1,2,True,False,False,12.022824369608022,True,False,1.0,-0.09339669319957668,-1.0861489736070777,-0.6745254703384903,False,0.0,False,False,False,0.0,False,True,True,11.635151947212842
557,12.067973683336726,12.10010039101655,False,11.889207077291879,12.01107557809201,2,49,11.84430531876782,2,11.884777565189452,2,2,12.07817052176723,2,6,1,2,12.169436290122853,3,2,True,True,False,12.022824369608022,True,False,2.0,0.17342677979652982,-1.0861489736070777,0.9494955558106694,False,0.0,False,True,True,5.594711379601839,False,False,True,11.856522261533737
558,11.813689225424564,11.952960155415807,True,11.498308778772056,11.808193836543019,1,56,11.878527194048742,2,11.884777565189452,2,3,12.07817052176723,2,7,0,0,12.024279666315543,1,2,True,False,False,12.022824369608022,True,False,1.5,-1.286464251058228,0.6995757102468758,0.3744204105789066,False,0.0,False,False,False,0.0,False,True,True,11.58989576532275
559,12.340705864519109,12.10010039101655,False,12.15826751067062,12.215481164404672,2,11,11.976594811781178,2,12.272285293053542,3,3,12.07817052176723,2,6,1,2,12.169436290122853,1,2,True,False,False,12.022824369608022,True,False,3.0,-0.9330427132192419,0.34632210079751535,1.7090759523781802,False,0.0,False,False,True,5.579729825986222,False,False,True,12.07254696717504
561,12.067973683336726,12.10010039101655,False,11.814945672101624,12.01107557809201,2,14,11.84430531876782,2,11.884777565189452,3,2,12.07817052176723,2,5,1,3,11.785369069475001,1,2,True,False,False,12.022824369608022,True,False,2.5,0.8739867023950412,-1.0861489736070777,0.42636596991006004,True,5.198497031265826,False,True,False,0.0,False,False,False,11.707677772181546
562,12.067973683336726,12.10010039101655,True,11.964817397785627,12.01107557809201,2,31,11.976594811781178,2,11.884777565189452,3,3,12.07817052176723,2,6,1,2,12.169436290122853,2,2,True,False,False,12.022824369608022,True,False,2.0,0.8676369614194894,0.5991956326343106,0.1856762602203281,False,0.0,False,False,True,5.484796933490655,False,False,True,12.04355959836804
563,11.432508350773558,12.10010039101655,True,11.722415663465464,12.01107557809201,2,39,11.937149528022868,2,11.884777565189452,2,3,12.07817052176723,2,6,1,3,11.524571661116692,0,0,True,False,False,12.022824369608022,False,False,2.0,-0.08499066020222609,-1.0861489736070777,0.8217512799381809,False,0.0,False,False,True,4.976733742420574,False,False,True,11.58989576532275
564,11.813689225424564,12.10010039101655,True,11.722415663465464,11.808193836543019,2,58,11.84430531876782,2,11.712360342176042,3,3,12.07817052176723,2,8,1,3,11.785369069475001,3,2,True,False,False,12.022824369608022,True,False,2.0,0.35257706733672234,0.5738312635980962,1.7007548500741376,False,0.0,False,True,True,4.290459441148391,False,False,True,12.128116509451258
565,12.340705864519109,12.10010039101655,False,12.65906276870971,12.215481164404672,2,6,11.976594811781178,3,12.272285293053542,3,3,12.07817052176723,3,9,1,2,12.169436290122853,2,2,True,False,False,12.022824369608022,True,False,3.5,0.18119103256101832,0.6233232083761491,0.7417193604965374,False,0.0,False,False,False,0.0,False,False,False,12.498745990829315
566,11.972299710268643,12.10010039101655,True,11.894163489986184,12.215481164404672,2,60,11.84430531876782,2,12.272285293053542,3,2,11.521165088893575,2,6,0,0,11.785369069475001,1,2,True,False,False,12.022824369608022,True,False,2.5,-0.6648825945211797,0.8619281625927298,-0.5374072275081049,False,0.0,False,False,False,0.0,False,True,True,11.759793355371237
567,12.340705864519109,12.10010039101655,False,12.38035169513184,12.215481164404672,3,1,12.219079222451217,3,12.272285293053542,3,3,12.07817052176723,3,11,1,3,12.401316665059703,3,2,True,False,False,12.022824369608022,True,False,2.5,0.25027963971996336,0.6114063380930174,0.40185592013614024,True,5.5053315359323625,False,False,True,4.976733742420574,False,False,True,12.691583538230217
568,12.067973683336726,12.10010039101655,False,12.614502598853377,12.01107557809201,2,6,12.219079222451217,3,12.272285293053542,3,3,12.07817052176723,3,7,0,0,12.169436290122853,2,2,True,False,False,12.022824369608022,True,False,2.0,1.128899152887421,-1.0861489736070777,0.21638390267515228,True,5.1298987149230735,False,False,False,0.0,False,False,True,12.273735966890268
569,11.813689225424564,12.10010039101655,False,12.139860799469593,11.808193836543019,3,0,11.84430531876782,3,11.884777565189452,3,3,12.07817052176723,3,5,1,3,12.401316665059703,3,3,True,False,False,12.022824369608022,True,False,2.5,1.0873339911445172,0.6233232083761491,0.5876500989012735,False,0.0,False,False,True,5.857933154483459,False,False,True,12.665397584983758
571,11.862887045549764,12.10010039101655,False,11.889207077291879,12.01107557809201,2,43,11.976594811781178,2,11.884777565189452,2,2,12.07817052176723,2,10,0,0,11.785369069475001,1,2,True,False,False,12.022824369608022,True,False,2.0,1.5218056862097433,-1.0861489736070777,0.705742100459063,True,4.6913478822291435,False,False,False,0.0,False,False,True,11.867805799560465
572,12.067973683336726,12.10010039101655,True,11.889207077291879,12.01107557809201,2,47,11.937149528022868,2,11.884777565189452,2,3,12.07817052176723,3,4,0,0,12.169436290122853,1,2,True,False,False,11.831203284138704,True,False,2.0,-0.47670939214555846,-1.0861489736070777,-0.410274917556694,True,5.337538079701318,False,False,True,5.1298987149230735,False,False,True,11.695255355062795
573,12.340705864519109,12.10010039101655,False,12.352621312150928,12.215481164404672,2,0,12.219079222451217,2,12.272285293053542,3,3,12.07817052176723,3,6,0,0,12.169436290122853,2,2,True,False,False,12.465956889344524,True,False,2.5,-0.5339467405920377,1.1279169653537708,0.714317590859409,False,0.0,False,False,True,5.342334251964811,False,False,True,12.32163544049751
574,12.027100518212453,12.10010039101655,False,12.15826751067062,12.015308249970365,2,7,12.219079222451217,2,12.272285293053542,3,3,12.07817052176723,2,8,1,2,12.401316665059703,2,2,True,False,False,12.022824369608022,True,False,2.5,-2.5449290204607475,-1.0861489736070777,0.1773940204296205,False,0.0,False,False,True,4.61512051684126,False,False,True,12.04355959836804
576,11.813689225424564,12.10010039101655,True,11.889207077291879,11.808193836543019,2,58,11.878527194048742,2,11.884777565189452,2,2,12.07817052176723,2,6,0,0,11.785369069475001,1,2,True,False,False,11.831203284138704,True,False,1.0,-0.579173437723027,-1.0861489736070777,-0.13259741771710518,False,0.0,False,False,True,5.0689042022202315,False,True,True,11.682676678340282
577,11.813689225424564,12.10010039101655,True,11.894163489986184,11.808193836543019,2,59,11.84430531876782,2,11.712360342176042,2,3,12.07817052176723,2,6,1,3,11.785369069475001,1,2,True,False,False,12.022824369608022,True,False,2.5,-0.486179231878039,0.7289854468371297,-0.7008479814865493,False,0.0,False,False,False,0.0,False,False,True,11.884495917930655
578,12.027100518212453,12.10010039101655,False,11.814945672101624,12.015308249970365,2,40,12.219079222451217,2,11.884777565189452,2,3,12.07817052176723,2,6,2,2,12.169436290122853,2,2,True,False,False,11.831203284138704,True,False,2.0,0.3550341770106951,0.876314842956725,0.4992925228047225,True,4.584967478670572,False,False,True,5.081404364984463,False,True,True,12.010671928196443
579,11.897576911041353,12.25239181580412,True,12.303267610871854,12.215481164404672,2,1,12.219079222451217,3,12.272285293053542,3,3,12.07817052176723,3,5,0,0,11.785369069475001,1,2,True,False,False,11.831203284138704,True,False,2.0,-1.0818335857131653,1.073356289246454,-1.7470011576517075,False,0.0,False,False,False,0.0,False,False,True,11.891368749982085
580,11.813689225424564,11.722226169284978,True,11.70731327255742,11.808193836543019,2,54,11.878527194048742,2,11.712360342176042,2,3,11.521165088893575,2,7,0,0,12.169436290122853,1,2,True,False,False,12.022824369608022,True,False,2.0,0.06280846840340626,-1.0861489736070777,0.5596383213534826,True,5.817111159963204,False,False,False,0.0,False,False,True,11.78676973513378
581,12.067973683336726,12.10010039101655,False,11.889207077291879,12.01107557809201,2,20,11.84430531876782,2,11.884777565189452,2,3,12.07817052176723,3,7,2,3,12.169436290122853,1,2,True,False,False,12.022824369608022,True,False,1.5,0.30555266616258236,1.1103728240548372,0.9144081123119034,True,4.454347296253507,False,False,True,5.37989735354046,False,False,False,12.111217862017215
582,12.067973683336726,12.10010039101655,True,12.614502598853377,12.01107557809201,3,0,12.219079222451217,3,12.272285293053542,3,3,12.07817052176723,3,8,1,3,12.169436290122853,2,2,True,False,False,12.465956889344524,True,False,2.5,2.037883125793784,1.0122146350419614,0.646039391218262,True,5.726847747587197,False,False,False,0.0,False,False,True,12.442306148381938
583,11.862887045549764,12.10010039101655,True,11.722415663465464,11.891694659765184,2,17,11.976594811781178,2,11.884777565189452,3,2,12.07817052176723,2,5,0,0,11.524571661116692,0,0,True,False,False,12.022824369608022,False,False,2.0,-0.6316475076850964,0.5188258045672854,0.5097769508104956,True,4.653960350157523,False,False,False,0.0,False,False,True,11.682676678340282
584,12.066699991720135,11.722226169284978,True,11.70731327255742,12.033337193995534,3,8,11.84430531876782,3,11.712360342176042,2,3,12.07817052176723,3,9,1,3,11.785369069475001,1,3,True,False,False,12.022824369608022,True,False,3.5,0.5298057775187386,1.8736664837024548,0.7640081569094663,False,0.0,False,False,True,4.663439094112067,False,False,True,12.691583538230217
585,11.813689225424564,11.722226169284978,True,11.722739856073467,11.808193836543019,1,14,11.869146895887042,2,11.712360342176042,2,3,12.07817052176723,3,6,0,0,11.785369069475001,1,2,True,False,False,12.022824369608022,True,False,1.0,-0.4142708900802842,-1.0861489736070777,-0.7533406669972252,False,0.0,False,True,False,0.0,False,True,True,11.798111925972618
586,12.067973683336726,12.10010039101655,True,12.352621312150928,12.01107557809201,3,0,12.219079222451217,3,12.272285293053542,3,3,12.07817052176723,3,7,2,3,12.169436290122853,2,2,True,False,False,12.465956889344524,True,False,3.0,1.7608558800870824,0.8619281625927298,0.44366672424941017,True,5.342334251964811,False,False,True,5.7899601708972535,False,False,True,12.820990681250251
587,11.432508350773558,12.10010039101655,True,11.722739856073467,12.01107557809201,2,8,11.984997717199022,2,11.712360342176042,2,3,12.07817052176723,2,5,0,0,11.785369069475001,3,2,True,True,False,12.022824369608022,True,False,2.0,-0.6316475076850964,-1.0861489736070777,0.23447111613226945,False,0.0,False,False,False,0.0,False,True,True,11.775297421715827
588,11.971042740656404,12.10010039101655,False,11.814945672101624,11.891694659765184,2,27,11.976594811781178,2,11.884777565189452,2,2,12.07817052176723,2,4,0,0,11.785369069475001,1,2,True,False,False,12.022824369608022,True,False,2.0,-0.5532523480976744,-1.0861489736070777,-0.07478080829457587,False,0.0,False,False,False,0.0,False,False,True,11.827743504053695
590,12.038767098415313,11.722226169284978,True,11.722739856073467,12.01107557809201,2,48,12.219079222451217,2,11.712360342176042,2,2,12.07817052176723,2,4,0,0,11.785369069475001,1,2,True,False,True,12.022824369608022,True,False,1.0,-0.8861561302276473,-1.0861489736070777,0.0025854637258920215,False,0.0,False,False,False,0.0,True,False,True,11.283524879179666
591,12.340705864519109,12.10010039101655,True,12.164079627677117,12.215481164404672,2,4,12.219079222451217,3,12.272285293053542,3,3,12.07817052176723,3,6,0,0,12.169436290122853,2,2,True,False,False,12.022824369608022,True,False,2.5,-0.7874589285717853,0.6789570245424512,-0.16903506335074706,False,0.0,False,False,False,0.0,False,False,True,12.132969552931216
592,12.340705864519109,12.10010039101655,False,12.614502598853377,12.215481164404672,3,1,12.366209798533164,3,12.272285293053542,3,3,12.07817052176723,3,10,1,3,12.401316665059703,2,2,True,False,False,12.022824369608022,True,False,3.5,1.5112030426935377,1.5650760455661707,0.7608391427127112,True,6.042632833682381,False,False,True,5.948034989180646,False,False,True,13.02132904585825
593,12.067973683336726,12.10010039101655,True,11.964817397785627,12.01107557809201,2,5,11.976594811781178,2,12.272285293053542,2,3,12.07817052176723,2,4,0,0,11.785369069475001,3,2,True,False,False,12.022824369608022,True,False,2.0,-0.6316475076850964,-1.0861489736070777,-0.6102248304177408,False,0.0,False,False,False,0.0,False,False,True,11.835016210489899
594,12.183695128206182,11.722226169284978,True,12.164079627677117,12.01107557809201,2,6,12.219079222451217,3,12.272285293053542,3,3,12.07817052176723,3,4,0,0,12.169436290122853,3,2,True,False,False,12.022824369608022,True,False,2.0,-0.5275369941219105,-1.0861489736070777,-1.359724546045621,True,5.14166355650266,False,False,True,4.948759890378168,False,False,False,11.849404844423074
595,12.067973683336726,12.10010039101655,False,12.164079627677117,12.01107557809201,2,33,11.976594811781178,2,11.884777565189452,3,2,12.07817052176723,2,5,0,0,11.785369069475001,1,2,True,True,False,12.022824369608022,True,False,1.0,-0.292859856791174,-1.0861489736070777,-0.2463777353006972,False,0.0,False,False,False,0.0,False,False,True,11.608244735642321
596,12.067973683336726,12.10010039101655,False,12.38035169513184,12.01107557809201,3,0,12.219079222451217,3,12.272285293053542,3,3,12.07817052176723,3,7,1,2,12.169436290122853,3,2,True,False,False,12.465956889344524,True,False,3.0,1.6704874851529783,0.9236531849451074,0.41971118179934624,True,5.476463551931511,False,True,True,5.198497031265826,False,False,True,12.672949516558306
597,11.972299710268643,11.722226169284978,True,11.70731327255742,12.215481164404672,2,13,12.219079222451217,2,11.884777565189452,2,3,11.521165088893575,2,7,0,0,11.785369069475001,1,2,True,False,False,12.022824369608022,True,False,1.0,-1.1009371734917006,1.289215278074541,-1.749066787902211,False,0.0,False,False,False,0.0,False,False,True,11.648373769145277
598,12.183695128206182,12.10010039101655,True,12.060862913494523,12.01107557809201,2,0,12.219079222451217,3,12.272285293053542,3,3,12.07817052176723,3,7,1,3,12.169436290122853,3,2,True,False,False,12.465956889344524,True,False,2.0,0.5784815027864016,0.20311490312014263,-1.5894924299716688,True,4.290459441148391,False,False,True,4.795790545596741,False,False,True,12.176654133447505
599,12.067973683336726,12.10010039101655,True,12.224810430420682,12.01107557809201,2,29,12.03878070203725,2,11.884777565189452,3,3,12.07817052176723,3,7,1,2,12.169436290122853,3,2,True,False,False,12.022824369608022,True,False,3.0,0.9534410810980656,-1.0861489736070777,0.6883309650395766,True,6.131226489483141,False,False,False,0.0,False,False,True,12.289958727201455
601,12.340705864519109,12.10010039101655,True,12.614502598853377,12.215481164404672,3,1,12.219079222451217,3,12.272285293053542,3,3,12.07817052176723,3,8,1,3,12.401316665059703,3,2,True,False,False,12.022824369608022,True,False,3.5,0.08416064036972008,0.8161132635890703,0.3545649274134282,True,5.638354669333745,False,False,True,5.19295685089021,False,False,True,12.524530013005734
602,11.813689225424564,11.722226169284978,True,11.498308778772056,11.808193836543019,2,57,11.84430531876782,2,12.272285293053542,2,2,12.07817052176723,3,6,1,3,11.785369069475001,1,2,True,False,False,12.022824369608022,True,False,1.5,-0.752937011713302,1.3016413544238452,-0.01860404635173972,False,0.0,False,True,False,0.0,False,False,True,11.856522261533737
603,12.340705864519109,12.10010039101655,False,12.139860799469593,12.215481164404672,3,14,11.976594811781178,3,12.272285293053542,3,3,12.07817052176723,3,8,1,2,12.169436290122853,3,2,True,False,False,11.831203284138704,True,False,3.5,-0.34088625186024996,1.2634221877717535,0.19162586241624008,False,0.0,False,False,True,4.795790545596741,False,False,True,12.301387370778713
604,11.897576911041353,12.25239181580412,True,12.303267610871854,12.215481164404672,2,5,11.878527194048742,3,12.272285293053542,3,3,12.07817052176723,3,4,0,0,11.785369069475001,2,2,True,False,False,12.022824369608022,True,False,2.5,-1.440753043155675,1.3314519006938355,-1.9781740903803169,False,0.0,False,False,False,0.0,False,False,True,11.92504173829169
605,12.067973683336726,12.10010039101655,False,12.164079627677117,12.01107557809201,2,6,12.219079222451217,3,12.272285293053542,3,3,12.07817052176723,3,6,1,2,12.169436290122853,2,2,True,False,False,12.022824369608022,True,False,3.0,1.0833499781964435,0.5738312635980962,0.6610945869613488,True,4.605170185988092,False,False,True,5.262690188904886,False,False,True,12.30592250537653
606,12.340705864519109,12.10010039101655,True,11.889207077291879,12.215481164404672,2,19,11.976594811781178,2,11.884777565189452,2,2,12.07817052176723,2,7,3,2,12.169436290122853,1,2,True,False,False,12.022824369608022,True,False,2.5,-0.7944082804472195,0.6463304015240848,0.778350111169816,True,5.176149732573829,False,True,False,0.0,False,False,True,12.230770136157428
607,12.067973683336726,12.10010039101655,False,12.164079627677117,12.01107557809201,2,13,12.219079222451217,2,12.272285293053542,3,3,12.07817052176723,3,6,0,0,11.785369069475001,1,2,True,True,False,12.022824369608022,True,False,2.0,0.035925955431013554,-1.0861489736070777,0.6090657665234038,False,0.0,False,False,True,5.1298987149230735,False,False,True,11.931642378754141
608,12.067973683336726,12.10010039101655,True,11.722415663465464,12.215481164404672,2,4,11.878527194048742,2,11.884777565189452,2,3,12.07817052176723,3,8,0,0,12.169436290122853,1,2,True,False,False,12.022824369608022,True,False,4.0,-0.3773729676880695,-1.0861489736070777,-0.2923218336514193,False,0.0,False,False,True,4.6443908991413725,False,False,True,12.323860125621126
609,11.972299710268643,12.10010039101655,True,12.224810430420682,12.215481164404672,3,9,12.1233228118755,2,12.272285293053542,3,2,12.07817052176723,2,10,2,3,11.987475505601928,1,2,True,False,False,12.036862527888374,True,False,2.5,-0.17289527058639464,-1.0861489736070777,0.5625049392460943,False,0.0,False,False,False,0.0,False,False,True,12.791358964949923
610,12.067973683336726,12.10010039101655,True,11.814945672101624,12.01107557809201,1,46,12.219079222451217,2,11.884777565189452,2,3,12.07817052176723,2,5,0,0,12.169436290122853,1,2,True,False,False,12.022824369608022,True,False,2.0,0.006104176649169374,-1.0861489736070777,-0.2576437179351434,True,5.262690188904886,False,False,True,4.174387269895637,False,True,True,11.682676678340282
611,12.340705864519109,12.10010039101655,True,12.164079627677117,12.215481164404672,3,9,12.219079222451217,3,12.272285293053542,3,3,12.07817052176723,3,8,2,3,12.169436290122853,3,2,True,False,False,12.022824369608022,True,False,3.5,0.9740561007433364,1.2362619462702589,0.37616805631539785,True,5.3230099791384085,False,False,True,5.537334267018537,False,False,False,12.653961664405365
612,12.027100518212453,12.10010039101655,False,12.122775029074985,12.015308249970365,2,29,11.976594811781178,2,11.884777565189452,3,2,12.07817052176723,2,6,1,2,12.169436290122853,1,2,True,True,True,12.022824369608022,True,False,2.5,0.014263746247711954,-1.0861489736070777,0.2583346536015298,True,5.455321115357702,False,False,False,0.0,False,False,False,11.904974309480183
613,12.340705864519109,12.10010039101655,True,12.164079627677117,12.215481164404672,3,8,12.219079222451217,3,12.272285293053542,3,3,12.07817052176723,3,7,1,2,12.401316665059703,2,2,True,False,False,12.022824369608022,True,False,3.5,0.6715869051912831,1.1612893872946393,0.5169532547881378,True,4.6913478822291435,False,False,True,5.081404364984463,False,False,False,12.474193386571581
614,12.067973683336726,12.10010039101655,True,11.964817397785627,12.01107557809201,2,0,12.219079222451217,2,12.272285293053542,3,3,12.07817052176723,2,6,0,0,11.524571661116692,0,0,True,False,False,12.465956889344524,False,False,1.0,0.24520996089317926,0.4888362937281327,-0.1502769411681232,False,0.0,False,False,False,0.0,False,False,True,11.898194668458823
616,11.971042740656404,12.10010039101655,True,11.889207077291879,11.891694659765184,2,47,11.878527194048742,2,12.272285293053542,2,3,12.07817052176723,3,6,0,0,12.169436290122853,2,2,True,True,False,11.831203284138704,True,False,2.0,-0.2572946675399936,-1.0861489736070777,-0.06167486803362965,True,5.056245805348308,False,False,True,4.795790545596741,False,False,True,11.83138646878959
617,12.340705864519109,12.10010039101655,False,12.15826751067062,12.215481164404672,2,3,12.219079222451217,3,12.272285293053542,3,3,12.07817052176723,3,7,1,3,12.169436290122853,3,2,True,False,False,12.022824369608022,True,False,3.5,-0.7426526507476536,0.9236531849451074,-0.27745449774606934,False,0.0,False,False,True,4.61512051684126,False,False,False,12.118339189722553
618,11.96725095514478,12.10010039101655,True,11.889207077291879,11.954843206973223,2,54,11.878527194048742,2,11.884777565189452,2,3,12.07817052176723,3,4,0,0,11.785369069475001,1,2,True,False,False,12.022824369608022,True,False,1.0,-0.579173437723027,-1.0861489736070777,-0.4377373754959024,False,0.0,False,False,False,0.0,False,False,True,11.566475710526321
619,12.067973683336726,12.10010039101655,True,12.614502598853377,12.01107557809201,3,0,12.366209798533164,3,12.272285293053542,3,3,12.07817052176723,3,9,1,3,12.169436290122853,1,2,True,False,False,12.465956889344524,True,False,2.0,1.6840163261758343,1.1013684419671705,0.4856131654501096,True,6.115892125483034,False,True,False,0.0,False,False,True,12.659737267217572
620,12.340705864519109,12.10010039101655,True,12.352621312150928,12.215481164404672,3,5,12.219079222451217,3,12.272285293053542,3,3,12.07817052176723,3,10,2,3,12.169436290122853,3,2,True,False,False,12.022824369608022,True,False,3.5,1.0593517027358805,-1.0861489736070777,0.5745634002767279,True,5.424950017481403,False,False,True,5.1298987149230735,False,False,True,12.628070334272698
621,11.432508350773558,12.10010039101655,True,11.722415663465464,12.01107557809201,1,58,11.984997717199022,2,11.712360342176042,2,2,11.521165088893575,2,5,0,0,11.524571661116692,0,0,True,False,False,12.022824369608022,False,False,2.0,-0.47670939214555846,-1.0861489736070777,-0.18565360117104227,False,0.0,False,False,False,0.0,False,True,True,11.112462823634855
623,12.067973683336726,12.10010039101655,True,11.814945672101624,12.01107557809201,2,32,12.03878070203725,2,11.884777565189452,2,2,12.07817052176723,2,6,0,0,11.785369069475001,1,2,True,False,False,12.022824369608022,True,False,1.0,-0.13007026039297134,-1.0861489736070777,-0.4811434917677151,True,5.0369526024136295,False,False,True,5.262690188904886,False,False,True,11.813037464800539
624,11.897576911041353,12.25239181580412,True,12.303267610871854,12.215481164404672,2,7,11.878527194048742,3,12.272285293053542,3,3,12.07817052176723,3,4,1,2,11.785369069475001,1,2,True,False,False,12.022824369608022,True,False,2.5,-0.8364252457831189,0.5188258045672854,-2.7279825478624717,True,6.2422232654551655,False,False,False,0.0,False,False,False,12.034696963475044
625,12.340705864519109,12.10010039101655,True,12.122775029074985,12.215481164404672,2,34,12.219079222451217,2,11.884777565189452,2,3,12.07817052176723,2,8,1,2,12.169436290122853,2,2,True,False,False,12.022824369608022,True,False,3.0,-0.9221610192417034,-1.0861489736070777,0.25926104586673027,True,5.666426688112432,False,True,True,5.003946305945459,False,False,True,12.014615485902027
626,12.067973683336726,12.10010039101655,False,11.889207077291879,12.01107557809201,2,48,11.84430531876782,2,11.884777565189452,2,2,12.07817052176723,2,5,0,0,12.169436290122853,1,2,True,False,False,12.022824369608022,True,False,1.5,0.2350478308395832,-1.0861489736070777,0.1837532324027408,True,5.568344503761097,False,True,False,0.0,False,False,True,11.982935344196433
627,12.067973683336726,12.10010039101655,False,11.889207077291879,12.01107557809201,2,29,11.84430531876782,2,11.884777565189452,2,2,12.07817052176723,2,6,1,2,12.169436290122853,2,2,True,True,True,12.022824369608022,True,False,1.0,-0.13574843437626696,-1.0861489736070777,0.5900060703615665,False,0.0,False,False,False,0.0,False,True,False,11.848690308590857
628,12.027100518212453,12.10010039101655,True,11.889207077291879,12.015308249970365,2,38,11.869146895887042,2,11.884777565189452,2,3,12.07817052176723,2,7,2,3,11.987475505601928,2,2,True,False,False,12.022824369608022,True,False,2.0,0.33532761257154614,-1.0861489736070777,0.10526630785717257,True,5.10594547390058,False,False,False,0.0,False,True,True,11.938199736300925
629,12.340705864519109,12.10010039101655,False,11.889207077291879,12.215481164404672,2,38,12.03878070203725,2,12.272285293053542,3,2,12.07817052176723,2,9,2,2,12.169436290122853,1,2,True,False,False,11.977895278402745,True,False,2.5,0.035925955431013554,-1.0861489736070777,0.47100682282893724,True,5.262690188904886,False,False,True,5.817111159963204,False,False,True,11.813037464800539
630,12.027100518212453,12.10010039101655,True,11.889207077291879,12.015308249970365,2,44,12.03878070203725,2,11.884777565189452,2,2,12.07817052176723,2,6,0,0,12.169436290122853,2,2,True,True,False,12.022824369608022,True,False,2.5,0.5553881022053833,-1.0861489736070777,-0.014347991758402399,True,5.560681631015528,False,False,True,5.176149732573829,False,False,True,12.034696963475044
631,11.972299710268643,11.722226169284978,True,11.70731327255742,12.215481164404672,2,15,12.219079222451217,2,11.712360342176042,2,2,12.07817052176723,3,8,0,0,11.785369069475001,1,2,True,True,False,11.831203284138704,True,False,1.0,-1.2905344292264447,-1.0861489736070777,-0.01860404635173972,False,0.0,False,False,False,0.0,False,True,True,11.728044909070785
632,12.183695128206182,12.10010039101655,True,12.614502598853377,12.01107557809201,3,1,12.219079222451217,3,12.272285293053542,3,3,12.07817052176723,3,6,1,3,12.169436290122853,2,2,True,False,False,12.022824369608022,True,False,2.0,1.2009751370628603,0.9105763675431313,-1.295347094241175,True,4.6913478822291435,False,False,True,5.056245805348308,False,False,True,12.252483791602627
633,12.067973683336726,12.10010039101655,True,12.122775029074985,12.01107557809201,2,32,12.03878070203725,2,11.884777565189452,2,2,12.07817052176723,2,6,1,2,12.169436290122853,3,2,True,False,False,11.977895278402745,True,False,2.0,0.8612757299728674,-1.0861489736070777,0.5193938509444553,True,5.3471075307174685,False,False,True,5.262690188904886,False,False,True,11.320565693461432
634,12.067973683336726,12.10010039101655,True,11.889207077291879,12.01107557809201,2,2,11.84430531876782,2,11.884777565189452,2,2,12.07817052176723,2,6,0,0,12.169436290122853,1,2,True,False,False,12.022824369608022,True,False,1.5,0.0788352981545031,-1.0861489736070777,0.033951254657682776,False,0.0,False,False,True,5.968707559985366,False,False,True,11.845109950883979
635,11.862887045549764,12.10010039101655,True,11.70731327255742,11.891694659765184,2,30,12.03878070203725,2,11.884777565189452,2,3,12.07817052176723,2,4,0,0,11.785369069475001,1,2,True,True,True,12.022824369608022,True,False,2.0,0.0788352981545031,0.783062251966872,-0.5041643244177761,False,0.0,False,False,True,5.579729825986222,False,False,True,11.87757552297847
636,11.80746747836454,11.982249305193077,True,11.894163489986184,12.06226253125337,2,12,12.219079222451217,2,11.884777565189452,2,3,12.07817052176723,2,14,0,0,11.524571661116692,0,0,True,False,False,11.831203284138704,False,False,2.0,0.9740561007433364,1.1103728240548372,0.3490831367051764,False,0.0,False,False,False,0.0,True,False,True,12.206077645517674
637,11.432508350773558,11.722226169284978,True,11.722739856073467,12.01107557809201,1,59,11.869146895887042,2,11.712360342176042,2,2,11.521165088893575,2,4,1,0,11.524571661116692,0,0,True,False,False,12.022824369608022,False,False,1.0,-3.4113962346794082,-1.0861489736070777,-0.7533406669972252,False,0.0,False,False,False,0.0,False,False,True,11.002116507732017
638,11.80746747836454,11.722226169284978,True,11.70731327255742,11.808193836543019,2,55,11.84430531876782,2,11.884777565189452,2,2,12.07817052176723,3,7,0,0,12.401316665059703,1,2,True,False,False,12.022824369608022,True,False,2.0,-0.6482221927014393,-1.0861489736070777,-0.7908151911363298,False,0.0,False,False,False,0.0,False,False,True,11.440365524765756
639,11.432508350773558,12.10010039101655,True,11.722415663465464,12.01107557809201,2,58,11.878527194048742,2,11.884777565189452,2,3,12.07817052176723,2,4,0,0,11.524571661116692,0,0,True,True,False,12.022824369608022,False,False,1.0,-0.6984644799855649,-1.0861489736070777,-0.0666885690261542,False,0.0,False,False,True,5.796057750765372,False,True,True,11.350418300109132
640,12.183695128206182,12.10010039101655,True,12.060862913494523,12.01107557809201,3,0,12.219079222451217,3,12.272285293053542,3,3,12.07817052176723,3,7,1,3,12.169436290122853,3,2,True,False,False,12.465956889344524,True,False,3.0,1.1347976538800064,-1.0861489736070777,-1.5611645968174834,False,0.0,False,False,True,5.746203190540153,False,False,True,12.485830907348902
641,12.183695128206182,12.10010039101655,False,12.614502598853377,12.01107557809201,3,4,11.878527194048742,3,12.272285293053542,3,3,12.07817052176723,3,6,1,3,12.169436290122853,2,2,True,False,False,12.022824369608022,True,False,1.5,1.1308664040354197,1.2292406352566483,0.6419137370974674,True,6.159095388491933,False,False,True,5.225746673713202,False,False,True,12.520887034998584
642,12.340705864519109,12.25239181580412,True,12.303267610871854,12.215481164404672,2,6,12.219079222451217,3,12.272285293053542,3,3,12.07817052176723,3,7,1,2,12.169436290122853,3,2,True,False,False,12.022824369608022,True,False,3.5,0.08149902336783159,1.4876751787187494,-0.4849166702247295,False,0.0,False,False,False,0.0,False,False,False,12.328294703023394
643,12.027100518212453,12.10010039101655,True,11.889207077291879,12.015308249970365,3,14,12.03878070203725,3,11.884777565189452,3,3,12.07817052176723,3,9,3,2,12.169436290122853,3,2,True,True,False,12.022824369608022,True,False,3.5,1.8971738848792092,1.1148159126694925,0.8151672305844491,False,0.0,False,False,True,5.598421958998375,False,False,True,12.75130259456002
644,12.340705864519109,12.10010039101655,True,12.122775029074985,12.215481164404672,2,38,11.937149528022868,2,11.884777565189452,2,3,12.07817052176723,2,7,0,0,12.169436290122853,3,2,True,True,False,12.022824369608022,True,False,2.5,-0.752937011713302,-1.0861489736070777,0.33076051900025527,True,5.575949103146316,False,False,True,5.342334251964811,False,False,True,11.931642378754141
645,12.067973683336726,12.25239181580412,True,12.303267610871854,12.01107557809201,3,0,12.366209798533164,3,12.272285293053542,3,3,12.07817052176723,3,7,1,3,12.169436290122853,3,2,True,False,False,12.465956889344524,True,False,3.5,1.5882490357164745,1.1926108229898347,0.020837968764410433,True,5.093750200806762,False,False,True,5.278114659230517,False,False,True,12.823631142839984
646,12.067973683336726,12.10010039101655,False,11.889207077291879,12.01107557809201,2,36,12.03878070203725,2,11.884777565189452,2,2,12.07817052176723,2,5,0,0,11.785369069475001,1,2,True,False,False,12.022824369608022,True,False,2.5,-0.1272348090652004,1.630819497629228,0.2831972872227566,False,0.0,False,False,False,0.0,False,True,False,11.872353615355413
648,12.067973683336726,12.10010039101655,False,11.722415663465464,12.01107557809201,2,55,11.84430531876782,2,11.884777565189452,2,3,12.07817052176723,2,5,2,3,12.169436290122853,2,2,True,False,False,12.022824369608022,True,False,1.0,0.17860492857213614,-1.0861489736070777,0.2688700753133499,True,5.37989735354046,False,True,False,0.0,False,False,True,11.951186847493476
649,12.340705864519109,12.10010039101655,True,11.889207077291879,12.215481164404672,2,44,11.878527194048742,2,11.884777565189452,2,2,12.07817052176723,2,7,1,2,12.169436290122853,1,2,True,False,False,12.022824369608022,True,False,1.5,-0.8364252457831189,1.1693018575422796,-0.31693948394230215,True,5.863631175598097,False,False,False,0.0,False,True,True,11.951186847493476
652,11.972299710268643,12.10010039101655,True,11.722415663465464,12.215481164404672,1,59,11.878527194048742,2,11.884777565189452,2,2,12.07817052176723,2,7,1,3,11.785369069475001,1,2,True,True,False,12.022824369608022,True,False,2.0,-0.8399517882038351,-1.0861489736070777,-0.0007896802433456231,False,0.0,False,False,True,4.795790545596741,False,False,True,11.58989576532275
653,12.340705864519109,12.10010039101655,True,12.164079627677117,12.215481164404672,2,13,12.219079222451217,3,12.272285293053542,3,3,12.07817052176723,3,7,1,2,12.169436290122853,2,2,True,False,False,12.022824369608022,True,False,2.5,-0.4266633465179516,1.1531489793728533,-0.07259045466948753,False,0.0,False,False,False,0.0,False,False,True,12.160033942617156
654,11.813689225424564,11.722226169284978,True,11.498308778772056,11.808193836543019,2,13,11.878527194048742,2,11.884777565189452,2,3,12.07817052176723,2,7,0,0,11.785369069475001,1,2,True,True,False,12.022824369608022,True,False,1.0,-0.8364252457831189,-1.0861489736070777,0.2443868201704188,False,0.0,False,False,True,4.060443010546419,False,True,True,11.813037464800539
655,12.067973683336726,12.10010039101655,False,12.65906276870971,12.01107557809201,3,13,11.878527194048742,3,12.272285293053542,3,3,12.07817052176723,3,7,1,2,12.169436290122853,3,2,True,False,False,12.022824369608022,True,False,3.5,2.1392993553410853,0.6893732164235604,0.2661029927723463,True,6.493753839851686,False,False,True,5.4680601411351315,False,False,True,12.765691290604371
657,12.067973683336726,12.10010039101655,False,11.889207077291879,12.01107557809201,2,2,11.976594811781178,3,11.884777565189452,2,3,12.07817052176723,3,5,0,0,12.169436290122853,2,2,True,True,False,12.022824369608022,True,False,2.5,0.07083143652890163,-1.0861489736070777,0.1850995470095351,True,4.007333185232471,False,False,False,0.0,False,False,True,11.8879382384223
658,11.972299710268643,12.10010039101655,True,12.224810430420682,12.215481164404672,2,8,11.984997717199022,2,11.712360342176042,3,2,12.07817052176723,2,6,1,3,12.169436290122853,2,2,True,True,False,12.022824369608022,True,False,1.5,-0.7667010939234663,-1.0861489736070777,-0.44486150961596177,False,0.0,False,False,False,0.0,False,True,True,11.91170829631447
659,11.813689225424564,12.10010039101655,True,11.889207077291879,11.808193836543019,2,60,12.219079222451217,2,11.884777565189452,2,2,12.07817052176723,2,6,1,3,12.169436290122853,1,2,True,False,False,11.831203284138704,True,False,1.5,-0.3288136669813322,-1.0861489736070777,1.270759956830376,False,0.0,False,False,True,5.262690188904886,False,False,True,11.487617913343598
660,12.067973683336726,12.10010039101655,True,11.722415663465464,12.01107557809201,2,10,11.878527194048742,2,12.272285293053542,2,3,12.07817052176723,2,7,0,0,11.785369069475001,3,2,True,True,False,12.022824369608022,True,False,2.0,1.0673691441680893,-1.0861489736070777,0.171595225680243,False,0.0,False,False,False,0.0,False,False,True,12.025755079404917
661,12.340705864519109,12.10010039101655,True,12.122775029074985,12.215481164404672,2,31,12.03878070203725,2,11.884777565189452,3,2,12.07817052176723,2,7,1,2,12.169436290122853,2,2,True,False,False,12.022824369608022,True,False,2.5,-0.7086078656772719,1.1235873226396393,0.596588089280269,True,5.455321115357702,False,False,False,0.0,False,True,False,12.19552218463499
663,12.067973683336726,12.10010039101655,True,11.889207077291879,12.01107557809201,2,41,11.84430531876782,2,11.884777565189452,2,3,12.07817052176723,2,5,2,2,12.169436290122853,2,2,True,False,False,12.022824369608022,True,False,2.0,0.8739867023950412,-1.0861489736070777,0.7726256062802986,True,5.37989735354046,False,False,False,0.0,False,True,True,11.608244735642321
664,11.971042740656404,12.10010039101655,True,11.722415663465464,11.891694659765184,1,36,12.03878070203725,2,11.884777565189452,3,2,12.07817052176723,2,6,0,0,11.785369069475001,2,2,True,True,False,12.022824369608022,True,False,3.0,0.29056705029577357,-1.0861489736070777,0.1860606428460417,False,0.0,False,False,False,0.0,False,True,True,11.83138646878959
665,12.067973683336726,12.10010039101655,False,12.303267610871854,12.01107557809201,3,0,12.219079222451217,3,12.272285293053542,3,3,12.07817052176723,3,8,1,3,12.169436290122853,3,2,True,False,False,12.465956889344524,True,False,2.5,2.0912035743625075,1.552005552493771,1.6190212180736574,False,0.0,False,False,True,5.262690188904886,False,False,True,12.955129822091815
666,12.340705864519109,12.10010039101655,False,12.15826751067062,12.215481164404672,3,6,12.219079222451217,3,12.272285293053542,3,3,12.07817052176723,3,7,1,2,12.169436290122853,2,2,True,False,False,12.022824369608022,True,False,2.5,0.9034682249604289,1.1693018575422796,0.4011659811889245,True,3.713572066704308,False,False,True,5.241747015059643,False,False,True,12.348010479804223
667,12.340705864519109,12.10010039101655,False,11.889207077291879,12.215481164404672,2,28,12.03878070203725,2,11.884777565189452,3,2,12.07817052176723,2,7,1,0,12.024279666315543,1,2,True,False,False,11.831203284138704,True,False,2.5,-0.01575241534011965,1.548210010334161,1.374114926764579,True,4.736198448394496,False,False,False,0.0,False,False,False,11.767575435251748
668,12.067973683336726,12.10010039101655,True,12.139860799469593,12.01107557809201,2,10,11.976594811781178,2,12.272285293053542,3,3,12.07817052176723,3,7,1,2,12.169436290122853,2,2,True,False,False,12.022824369608022,True,False,3.0,0.9076597897241658,0.6463304015240848,-0.21437084183662683,True,5.556828061699537,False,False,True,5.41610040220442,False,False,True,12.173037959397275
669,12.067973683336726,12.10010039101655,True,11.814945672101624,12.01107557809201,2,19,12.366209798533164,2,11.884777565189452,2,3,12.07817052176723,2,6,1,2,11.785369069475001,1,2,True,False,False,12.022824369608022,True,False,2.5,0.4134812830398715,-1.0861489736070777,0.858888085806856,False,0.0,False,False,True,5.720311776607412,False,False,False,12.031725210748633
670,11.432508350773558,12.10010039101655,True,12.224810430420682,12.01107557809201,1,56,11.878527194048742,2,11.712360342176042,2,3,12.07817052176723,2,5,1,3,11.785369069475001,1,2,True,False,False,12.022824369608022,True,False,1.0,-1.0402105062341505,-1.0861489736070777,0.4700070395842607,False,0.0,False,False,False,0.0,False,True,True,11.83138646878959
671,12.340705864519109,12.10010039101655,True,12.164079627677117,12.215481164404672,2,4,12.219079222451217,3,12.272285293053542,3,3,12.07817052176723,3,7,0,0,12.169436290122853,3,2,True,False,False,12.022824369608022,True,False,3.5,-0.9005090840523108,0.5606437570355319,-0.09837048492676831,False,0.0,False,False,True,4.61512051684126,False,False,True,12.063938642041201
672,11.972299710268643,11.982249305193077,True,11.722415663465464,12.215481164404672,2,59,11.84430531876782,2,11.712360342176042,2,2,11.521165088893575,2,6,0,0,11.785369069475001,1,2,True,False,False,12.022824369608022,True,False,3.0,-1.1472668614357777,-1.0861489736070777,-0.6019038974486125,False,0.0,False,False,True,4.997212273764115,False,False,True,11.548302261270587
673,12.067973683336726,12.10010039101655,False,12.075056445481925,12.01107557809201,2,29,12.03878070203725,3,11.884777565189452,3,2,12.07817052176723,2,6,1,2,12.169436290122853,2,2,True,False,False,12.022824369608022,True,False,2.5,0.4614370283482681,0.6463304015240848,0.4108035034329658,False,0.0,False,False,True,5.293304824724492,False,False,False,12.013706813470414
674,12.067973683336726,12.10010039101655,True,12.224810430420682,12.01107557809201,2,3,12.366209798533164,2,12.272285293053542,2,3,12.07817052176723,3,7,2,2,12.169436290122853,3,2,True,False,False,12.022824369608022,True,False,3.0,1.0493043874090178,0.995701530003915,0.895217174802748,True,4.672828834461906,False,True,False,0.0,False,False,True,12.458778882573533
675,12.067973683336726,12.10010039101655,True,11.889207077291879,12.01107557809201,2,43,11.976594811781178,2,11.884777565189452,2,2,12.07817052176723,2,5,1,3,12.169436290122853,2,2,True,False,False,12.022824369608022,True,False,2.0,0.285557149085167,-1.0861489736070777,0.023550990427774848,False,0.0,False,False,True,6.056784013228625,False,False,True,11.849404844423074
677,11.972299710268643,11.722226169284978,True,11.70731327255742,12.215481164404672,1,56,11.869146895887042,2,11.712360342176042,2,2,11.521165088893575,2,8,0,0,12.037232888392635,1,2,True,False,False,12.022824369608022,True,False,3.0,0.18119103256101832,-1.0861489736070777,0.10526630785717257,False,0.0,False,False,False,0.0,False,True,True,11.373674891823535
678,11.432508350773558,12.10010039101655,True,11.70731327255742,12.01107557809201,2,3,12.219079222451217,3,11.712360342176042,2,3,12.07817052176723,3,5,0,0,11.785369069475001,1,2,True,False,False,12.022824369608022,True,False,1.0,-0.7944082804472195,-1.0861489736070777,-0.013922888323092067,False,0.0,False,False,True,5.75890177387728,False,True,True,11.603688960617083
679,12.067973683336726,12.10010039101655,False,12.38035169513184,12.01107557809201,3,1,12.219079222451217,3,12.272285293053542,3,3,12.07817052176723,3,7,1,3,12.169436290122853,3,2,True,False,False,12.465956889344524,True,False,2.5,2.0440154463051905,0.9669208241988406,0.5102670627759478,True,6.142037405587356,False,False,True,5.777652323222656,False,False,True,12.827995001361906
680,12.067973683336726,12.10010039101655,False,11.814945672101624,12.01107557809201,2,46,11.84430531876782,2,11.884777565189452,2,2,12.07817052176723,2,5,0,0,11.785369069475001,1,2,True,False,False,12.022824369608022,True,False,2.0,-0.10745409411946029,-1.0861489736070777,0.17314322451528058,True,4.060443010546419,False,False,False,0.0,False,False,False,11.763691965388299
681,12.183695128206182,12.10010039101655,True,12.139860799469593,12.01107557809201,2,30,12.03878070203725,2,11.884777565189452,3,2,12.07817052176723,2,5,1,2,12.169436290122853,2,2,True,False,False,12.022824369608022,True,False,2.0,-0.2958410365944326,-1.0861489736070777,-0.24112629778736,False,0.0,False,False,True,4.394449154672439,False,False,True,11.870606902224587
682,11.813689225424564,11.982249305193077,False,11.894163489986184,11.808193836543019,2,9,12.219079222451217,2,11.712360342176042,2,3,12.07817052176723,2,6,0,0,11.785369069475001,1,2,True,False,False,11.831203284138704,True,False,1.0,-0.7086078656772719,-1.0861489736070777,-1.3324667532889736,False,0.0,False,False,False,0.0,False,True,True,11.979391594635791
683,12.183695128206182,12.10010039101655,True,12.125706184060236,12.01107557809201,2,11,11.84430531876782,2,12.272285293053542,3,3,12.07817052176723,3,6,1,3,12.169436290122853,1,2,True,False,False,12.022824369608022,True,False,2.0,0.6536150886882174,-1.0861489736070777,-2.1581133929165066,False,0.0,False,False,True,5.730099782973574,False,False,False,12.06105265381003
684,12.067973683336726,12.10010039101655,False,12.164079627677117,12.01107557809201,3,5,12.219079222451217,3,12.272285293053542,3,3,12.07817052176723,3,7,1,2,12.169436290122853,3,2,True,False,False,12.022824369608022,True,False,3.0,1.3372079311647649,0.6789570245424512,0.4104601058233974,True,5.375278407684165,False,False,True,5.552959584921617,False,False,True,12.560247968016562
685,12.340705864519109,12.10010039101655,False,12.65906276870971,12.215481164404672,2,12,12.219079222451217,3,12.272285293053542,3,3,12.07817052176723,2,7,0,0,12.169436290122853,3,2,True,False,False,12.022824369608022,True,False,2.5,0.43034213471283556,0.9609624337226568,1.186977875774007,True,3.4339872044851463,False,False,False,0.0,False,False,True,12.30592250537653
686,11.897576911041353,12.10010039101655,False,12.38035169513184,12.215481164404672,2,23,11.976594811781178,3,11.884777565189452,3,3,12.07817052176723,3,6,1,2,12.169436290122853,3,2,True,False,False,12.022824369608022,True,False,3.0,0.41830713586624146,-1.0861489736070777,-1.111512059389052,False,0.0,False,False,True,5.393627546352362,False,False,False,12.242891437918386
687,12.340705864519109,12.25239181580412,True,12.303267610871854,12.215481164404672,2,0,12.219079222451217,3,12.272285293053542,3,3,12.07817052176723,3,7,0,0,12.169436290122853,3,2,True,False,False,12.465956889344524,True,False,3.0,-0.4453406977035969,1.087555471209368,0.2231858779111517,False,0.0,False,False,True,4.976733742420574,False,False,True,12.336556900342153
688,11.897576911041353,12.25239181580412,False,12.303267610871854,12.215481164404672,2,3,11.878527194048742,3,12.272285293053542,3,3,12.07817052176723,3,4,0,0,11.785369069475001,1,2,True,False,False,12.022824369608022,True,False,2.5,-1.657824023934107,0.8161132635890703,-1.0955973367771832,False,0.0,False,False,False,0.0,False,False,False,11.910365121788654
689,12.067973683336726,12.10010039101655,True,12.38035169513184,12.01107557809201,3,0,11.878527194048742,3,12.272285293053542,3,3,12.07817052176723,3,7,1,3,12.169436290122853,2,2,True,False,False,12.465956889344524,True,False,3.0,0.9306247064101179,-1.0861489736070777,-0.22285543869363375,False,0.0,False,False,True,4.948759890378168,False,False,True,12.879019669789754
690,12.183695128206182,12.10010039101655,False,12.614502598853377,12.01107557809201,2,1,12.219079222451217,3,12.272285293053542,3,3,12.07817052176723,3,6,1,3,12.169436290122853,2,2,True,False,False,12.022824369608022,True,False,2.0,0.8099666760692052,0.45689938775473493,-0.3476467211781448,True,5.54907608489522,False,False,True,5.262690188904886,False,False,True,12.179220327453931
691,12.183695128206182,11.722226169284978,True,12.164079627677117,12.01107557809201,2,4,12.219079222451217,3,12.272285293053542,3,3,12.07817052176723,3,3,1,2,12.169436290122853,2,2,True,False,False,12.022824369608022,True,False,2.0,-0.5275369941219105,-1.0861489736070777,-1.3635291104788367,True,4.997212273764115,False,False,True,5.0106352940962555,False,False,False,11.856522261533737
692,12.340705864519109,12.10010039101655,False,12.65906276870971,12.215481164404672,3,12,11.976594811781178,3,12.272285293053542,3,3,12.07817052176723,3,10,2,3,12.169436290122853,3,2,True,False,False,12.022824369608022,True,False,4.0,2.6092357476692696,0.7289854468371297,1.6784284916229069,True,7.065613363597717,False,False,True,5.948034989180646,False,False,True,13.534474352733596
693,12.340705864519109,12.10010039101655,False,12.352621312150928,12.215481164404672,2,16,11.878527194048742,3,12.272285293053542,3,3,12.07817052176723,3,9,2,3,12.169436290122853,2,2,True,False,False,12.022824369608022,True,False,3.5,0.46619597178601013,0.44011707072913253,2.0649199668227425,True,5.683579767338681,False,False,True,5.771441123130016,False,False,True,12.721888795877375
694,11.432508350773558,12.10010039101655,True,11.70731327255742,12.01107557809201,2,38,11.878527194048742,2,11.712360342176042,2,3,12.07817052176723,2,4,0,0,11.785369069475001,1,2,True,False,False,11.831203284138704,True,False,1.0,0.12383437367366788,-1.0861489736070777,-0.9897876801373406,False,0.0,False,False,False,0.0,False,True,True,11.59433032142082
695,11.813689225424564,11.722226169284978,True,11.722739856073467,11.808193836543019,2,59,11.84430531876782,2,11.712360342176042,2,2,12.07817052176723,2,5,0,0,11.785369069475001,1,2,True,True,False,12.022824369608022,True,False,1.5,-0.28393248734882726,-1.0861489736070777,-0.7533406669972252,False,0.0,False,False,True,4.727387818712341,False,False,True,11.860062063178267
696,12.067973683336726,12.10010039101655,False,12.352621312150928,12.01107557809201,2,19,11.976594811781178,2,11.884777565189452,3,3,12.07817052176723,3,5,1,2,12.169436290122853,1,2,True,False,False,12.022824369608022,True,False,3.0,0.22485517079469658,-1.0861489736070777,0.8082799802277723,True,4.290459441148391,False,False,True,4.836281906951478,False,False,True,12.07824495582233
697,11.432508350773558,11.722226169284978,True,11.722739856073467,12.01107557809201,2,56,11.84430531876782,2,11.884777565189452,2,3,12.07817052176723,2,4,0,0,11.785369069475001,1,2,True,False,False,12.022824369608022,True,False,1.0,-1.373083776220329,-1.0861489736070777,-0.7908151911363298,False,0.0,False,False,False,0.0,False,True,True,11.39640288460621
698,12.067973683336726,12.10010039101655,False,11.722415663465464,12.01107557809201,2,54,11.84430531876782,2,12.272285293053542,3,2,12.07817052176723,2,6,0,0,11.785369069475001,1,2,True,False,False,12.022824369608022,True,False,1.5,-0.13007026039297134,-1.0861489736070777,-0.6626765507450071,False,0.0,False,False,False,0.0,False,False,True,11.724004532183379
699,12.067973683336726,12.10010039101655,True,11.814945672101624,12.01107557809201,2,1,11.878527194048742,2,11.884777565189452,2,3,12.07817052176723,2,5,1,3,11.785369069475001,1,2,True,True,False,12.022824369608022,True,False,2.0,-0.38349379195751865,1.2431882379170607,-0.1393785518100495,False,0.0,False,False,True,6.0330862217988015,False,False,True,11.83863282480007
700,12.183695128206182,12.25239181580412,False,12.303267610871854,12.01107557809201,2,4,11.878527194048742,3,12.272285293053542,3,3,12.07817052176723,3,5,0,0,12.169436290122853,2,2,True,False,False,12.022824369608022,True,False,2.0,0.8718713959785299,1.289215278074541,-1.4254413193233317,False,0.0,False,False,True,5.056245805348308,False,False,True,12.185875040240456
701,12.067973683336726,12.10010039101655,True,12.352621312150928,12.01107557809201,3,4,12.219079222451217,3,12.272285293053542,3,3,12.07817052176723,3,7,1,3,12.169436290122853,3,2,True,False,False,12.022824369608022,True,False,3.0,1.6466913475224287,0.9426529456779301,0.8801936078704304,True,6.447305862541213,False,False,True,5.602118820879701,False,False,True,12.652362948153474
702,12.067973683336726,12.10010039101655,True,12.122775029074985,12.01107557809201,2,37,11.976594811781178,2,11.884777565189452,2,2,12.07817052176723,2,6,0,0,12.169436290122853,1,2,True,False,False,12.022824369608022,True,False,1.5,0.3550341770106951,-1.0861489736070777,0.10526630785717257,True,5.1298987149230735,False,False,False,0.0,False,False,True,11.849404844423074
703,12.340705864519109,12.10010039101655,False,12.38035169513184,12.215481164404672,3,0,12.219079222451217,3,12.272285293053542,3,3,12.07817052176723,3,10,1,3,12.401316665059703,3,2,True,False,False,12.465956889344524,True,False,2.5,0.5227957407859483,1.0636645607817066,0.6050190375255278,True,6.1463292576688975,False,False,True,5.783825182329737,False,False,True,12.799178471909892
704,11.80746747836454,11.722226169284978,True,11.70731327255742,12.215481164404672,2,14,11.84430531876782,2,11.712360342176042,3,3,12.07817052176723,3,8,1,0,11.785369069475001,1,2,True,True,False,12.022824369608022,True,False,2.0,-2.6980129910970505,-1.0861489736070777,-0.3343564778385767,False,0.0,False,False,True,5.84354441703136,False,True,True,11.849404844423074
705,12.067973683336726,12.10010039101655,True,12.164079627677117,12.01107557809201,2,5,12.219079222451217,3,12.272285293053542,3,3,12.07817052176723,3,7,0,0,12.169436290122853,2,2,True,False,False,12.022824369608022,True,False,3.0,1.0412460142361486,0.5606437570355319,-0.15073234621895343,True,4.700480365792417,True,False,False,0.0,False,False,True,12.269052139516223
708,12.183695128206182,12.10010039101655,True,12.614502598853377,12.01107557809201,3,3,11.878527194048742,3,12.272285293053542,3,3,12.07817052176723,3,6,1,3,12.169436290122853,3,2,True,False,False,12.022824369608022,True,False,3.0,0.7271579453151981,0.5991956326343106,-0.7165700280803695,True,5.176149732573829,False,False,True,5.262690188904886,False,False,True,12.445093483000798
709,12.340705864519109,12.10010039101655,False,12.15826751067062,12.215481164404672,2,0,12.219079222451217,3,12.272285293053542,3,3,12.07817052176723,3,8,1,3,12.169436290122853,3,2,True,False,False,12.465956889344524,True,False,2.5,-0.9366782695392948,0.3860217501330401,-0.014773186351341424,False,0.0,False,False,True,4.61512051684126,False,False,True,12.09815887308463
710,12.067973683336726,12.10010039101655,False,11.814945672101624,12.01107557809201,2,42,11.976594811781178,2,12.272285293053542,2,2,12.07817052176723,2,6,0,0,12.169436290122853,1,2,True,True,False,11.831203284138704,True,False,1.0,-0.4391030257836476,-1.0861489736070777,-0.4549319566347202,True,3.7376696182833684,False,False,False,0.0,False,False,False,11.60733523953139
711,11.432508350773558,12.10010039101655,False,11.722739856073467,12.01107557809201,1,5,12.219079222451217,3,11.884777565189452,2,3,12.07817052176723,2,5,0,0,11.524571661116692,0,0,True,False,False,12.022824369608022,False,False,1.0,-3.3609256255555087,-1.0861489736070777,-1.4930163889969565,False,0.0,False,False,False,0.0,False,False,True,10.859018228147887
712,11.813689225424564,11.952960155415807,True,11.498308778772056,11.808193836543019,1,60,11.878527194048742,2,12.042873266960868,2,3,12.07817052176723,2,7,0,0,11.785369069475001,2,2,True,False,False,11.831203284138704,True,False,1.0,-0.49250780777248526,-1.0861489736070777,-0.08092671566676084,False,0.0,False,False,True,4.23410650459726,False,True,True,11.54031687156214
713,12.183695128206182,12.10010039101655,False,12.38035169513184,12.01107557809201,3,19,11.976594811781178,3,12.272285293053542,3,3,12.07817052176723,3,5,1,3,12.169436290122853,3,2,True,False,False,12.022824369608022,True,False,3.0,0.50873276620166,1.1531489793728533,-1.262536248212043,False,0.0,False,False,True,5.1298987149230735,False,False,True,12.149507585033072
714,11.80746747836454,12.10010039101655,True,11.722739856073467,12.01107557809201,1,36,11.976594811781178,2,11.884777565189452,2,2,11.521165088893575,2,6,0,0,11.785369069475001,1,2,True,False,False,12.022824369608022,True,False,2.0,-0.18729408544813927,1.5902720125269192,0.15916767186002298,True,5.081404364984463,False,False,False,0.0,False,False,True,11.767575435251748
715,12.340705864519109,12.10010039101655,False,11.814945672101624,12.215481164404672,2,5,11.976594811781178,3,11.884777565189452,2,3,12.07817052176723,3,6,0,0,12.169436290122853,2,2,True,False,False,12.022824369608022,True,False,2.5,-0.9476100607159699,0.6683178641193189,0.7664535219216994,True,5.66988092298052,False,False,False,0.0,False,False,False,11.779136168550774
716,12.067973683336726,12.10010039101655,True,12.122775029074985,12.01107557809201,2,35,11.976594811781178,2,11.884777565189452,3,2,12.07817052176723,2,7,1,2,12.169436290122853,2,2,True,True,False,12.022824369608022,True,False,2.0,0.1000862740466584,-1.0861489736070777,0.2105079646369749,True,5.1647859739235145,False,False,False,0.0,False,False,True,12.013706813470414
717,11.972299710268643,11.722226169284978,True,11.70731327255742,12.215481164404672,2,9,11.84430531876782,2,11.712360342176042,2,3,12.07817052176723,2,8,0,0,11.785369069475001,1,2,True,False,False,12.022824369608022,True,False,1.5,-0.9732654879490129,0.7095732077658102,0.3320110897190179,False,0.0,False,False,False,0.0,False,True,True,11.979805470779858
718,12.067973683336726,12.10010039101655,True,12.122775029074985,12.01107557809201,2,8,11.976594811781178,2,11.884777565189452,3,3,12.07817052176723,3,5,1,2,12.169436290122853,1,2,True,True,False,12.022824369608022,True,False,2.0,0.3843825252818169,-1.0861489736070777,0.1837532324027408,False,0.0,False,False,True,5.41610040220442,False,False,True,11.964007453736912
719,12.340705864519109,12.10010039101655,True,12.65906276870971,12.215481164404672,2,14,11.84430531876782,3,12.272285293053542,3,3,12.07817052176723,3,9,1,2,12.169436290122853,2,2,True,False,False,12.022824369608022,True,False,3.5,0.6983716908908918,1.2764808597075736,0.285392359887443,True,6.480044561926653,False,False,True,5.5254529391317835,False,True,True,12.739640688812674
720,12.067973683336726,12.10010039101655,False,12.164079627677117,12.01107557809201,2,37,11.976594811781178,2,11.884777565189452,3,2,12.07817052176723,2,5,1,0,12.169436290122853,1,2,True,False,False,12.022824369608022,True,False,1.5,-0.15569887217485376,-1.0861489736070777,0.16830172276952804,False,0.0,False,False,False,0.0,False,False,True,11.763691965388299
721,12.183695128206182,12.10010039101655,False,12.38035169513184,12.01107557809201,3,21,11.976594811781178,3,12.272285293053542,3,2,12.07817052176723,3,5,1,2,12.169436290122853,2,2,True,False,False,12.022824369608022,True,False,3.0,1.546425837666519,0.45689938775473493,-0.6208926719155559,False,0.0,False,False,True,4.74493212836325,False,True,False,12.524530013005734
722,12.183695128206182,11.722226169284978,True,12.164079627677117,12.01107557809201,2,6,12.219079222451217,3,12.272285293053542,3,3,12.07817052176723,3,3,0,0,12.169436290122853,2,2,True,False,False,12.022824369608022,True,False,2.0,-0.5275369941219105,-1.0861489736070777,-1.3635291104788367,True,5.135798437050262,False,False,True,5.081404364984463,False,False,False,11.870606902224587
723,12.067973683336726,12.10010039101655,True,11.889207077291879,12.01107557809201,1,39,11.878527194048742,2,11.884777565189452,2,3,12.07817052176723,2,5,0,0,11.785369069475001,1,2,True,False,False,12.022824369608022,True,False,1.0,-0.47670939214555846,-1.0861489736070777,-0.2155470816738758,False,0.0,False,False,False,0.0,False,False,True,11.732069026983156
724,11.813689225424564,12.10010039101655,True,11.722415663465464,11.808193836543019,1,36,11.878527194048742,2,12.272285293053542,2,3,12.07817052176723,2,7,0,0,11.785369069475001,1,2,True,False,False,12.022824369608022,True,False,2.0,-0.24258836139697554,-1.0861489736070777,-0.2033482752153501,False,0.0,False,True,False,0.0,False,False,True,11.813037464800539
725,12.067973683336726,12.10010039101655,False,11.722415663465464,12.01107557809201,3,1,12.366209798533164,3,12.272285293053542,3,3,12.07817052176723,3,8,1,3,12.169436290122853,3,2,True,False,False,12.022824369608022,True,False,3.0,1.4684807267460365,0.8471168848836711,0.7329680205702298,True,5.831882477283517,False,False,True,5.793013608384144,False,False,True,12.676079399771027
726,12.067973683336726,12.10010039101655,True,11.889207077291879,12.01107557809201,1,39,11.976594811781178,2,11.884777565189452,2,2,12.07817052176723,3,5,0,0,11.785369069475001,1,2,True,False,True,12.022824369608022,True,False,1.0,-0.47670939214555846,-1.0861489736070777,-0.5093472213616292,False,0.0,False,False,True,4.574710978503383,False,False,True,11.699413330633599
727,12.067973683336726,12.10010039101655,False,12.224810430420682,12.01107557809201,2,2,11.84430531876782,3,11.884777565189452,3,3,12.07817052176723,3,5,1,3,12.169436290122853,3,2,True,False,False,12.022824369608022,True,False,3.0,-0.4266633465179516,0.6683178641193189,1.693036609370548,True,5.564520407322694,True,False,True,5.680172609017068,False,False,False,12.310437165348775
728,12.067973683336726,12.10010039101655,True,12.164079627677117,12.01107557809201,2,2,12.219079222451217,3,12.272285293053542,3,3,12.07817052176723,3,6,0,0,12.169436290122853,2,2,True,False,False,12.022824369608022,True,False,3.0,0.5181144540966001,-1.0861489736070777,-0.4149556478295331,True,4.418840607796598,False,False,True,4.890349128221754,False,False,True,12.178192583415596
729,11.862887045549764,12.10010039101655,True,11.889207077291879,12.01107557809201,2,51,12.219079222451217,2,11.884777565189452,2,2,12.07817052176723,2,9,0,0,11.785369069475001,1,2,True,False,False,11.831203284138704,True,False,3.0,1.2583679397000893,0.40472510505563375,0.4490636890561208,True,4.564348191467836,False,False,False,0.0,False,False,True,11.608244735642321
730,11.432508350773558,11.722226169284978,True,11.498308778772056,11.808193836543019,1,59,11.878527194048742,2,11.884777565189452,2,2,12.07817052176723,2,5,0,0,11.785369069475001,1,2,True,False,False,12.022824369608022,True,False,1.0,-0.752937011713302,0.36657489947093247,-0.7165700280803695,False,0.0,False,False,False,0.0,True,True,True,11.542493975902508
731,12.183695128206182,12.10010039101655,False,12.38035169513184,12.01107557809201,3,14,12.366209798533164,3,12.272285293053542,3,3,12.07817052176723,3,5,1,2,12.169436290122853,2,2,True,False,False,12.022824369608022,True,False,3.0,1.2791840927856328,1.2699930979850185,-0.993631699067075,False,0.0,False,False,True,5.472270673671475,False,False,True,12.373707715234994
732,12.027100518212453,12.10010039101655,False,12.352621312150928,12.015308249970365,2,4,12.219079222451217,3,12.272285293053542,3,3,12.07817052176723,3,6,1,3,12.169436290122853,3,2,True,False,False,12.022824369608022,True,False,3.0,-0.46412564423508357,0.34632210079751535,0.10326387373976698,True,6.093569770045136,False,False,True,5.081404364984463,False,False,True,12.141539457711714
733,12.340705864519109,12.10010039101655,False,12.164079627677117,12.215481164404672,2,9,12.219079222451217,3,12.272285293053542,3,3,12.07817052176723,3,8,1,2,12.169436290122853,3,2,True,False,False,12.022824369608022,True,False,2.5,0.32790821592910613,0.9786306483284682,0.43706940578634074,True,5.313205979041787,False,False,True,5.262690188904886,False,False,True,12.312686874960354
734,12.067973683336726,12.10010039101655,True,11.814945672101624,12.01107557809201,2,26,11.976594811781178,2,11.884777565189452,2,3,12.07817052176723,2,6,1,2,12.169436290122853,2,2,True,True,True,12.022824369608022,True,False,2.0,-0.47670939214555846,-1.0861489736070777,0.1837532324027408,False,0.0,False,False,True,5.111987788356544,False,False,True,11.786008995353765
735,12.067973683336726,12.10010039101655,False,11.814945672101624,12.01107557809201,2,39,12.03878070203725,2,12.272285293053542,2,2,12.07817052176723,2,6,0,0,12.169436290122853,1,2,True,False,False,11.977895278402745,True,False,1.0,-0.2221090014390008,-1.0861489736070777,-0.02329628274870937,False,0.0,False,False,True,4.997212273764115,False,False,False,11.58989576532275
736,12.066699991720135,11.722226169284978,True,11.70731327255742,12.033337193995534,2,36,11.84430531876782,2,11.712360342176042,3,2,11.521165088893575,2,6,2,2,11.785369069475001,1,2,True,False,False,12.022824369608022,True,False,1.5,-0.4266633465179516,1.6759535316261884,0.3320110897190179,False,0.0,False,False,False,0.0,False,False,True,12.001511614739405
738,12.340705864519109,12.10010039101655,False,12.15826751067062,12.215481164404672,3,1,12.219079222451217,3,12.272285293053542,3,3,12.07817052176723,3,8,1,3,12.169436290122853,3,2,True,False,False,12.022824369608022,True,False,2.5,-0.386558501829463,1.1364673027798442,0.270896829623754,False,0.0,False,False,False,0.0,False,False,True,12.3879816172226
739,11.862887045549764,12.10010039101655,True,11.722415663465464,12.01107557809201,2,21,12.03878070203725,2,11.884777565189452,3,2,12.07817052176723,2,5,0,0,11.524571661116692,0,0,True,False,False,12.036862527888374,False,False,6.0,0.44233506005653056,-1.0861489736070777,0.3320110897190179,False,0.0,False,False,True,4.795790545596741,False,False,True,12.095146671399466
740,12.340705864519109,12.10010039101655,False,12.164079627677117,12.215481164404672,2,5,12.219079222451217,3,12.272285293053542,3,3,12.07817052176723,3,7,0,0,12.169436290122853,2,2,True,False,False,12.022824369608022,True,False,2.5,-0.47670939214555846,0.783062251966872,0.046978457918743353,False,0.0,False,False,True,5.236441962829949,False,False,True,12.154784614286667
741,11.972299710268643,11.722226169284978,True,11.70731327255742,12.215481164404672,2,5,11.84430531876782,2,11.712360342176042,2,3,12.07817052176723,2,7,0,0,11.785369069475001,1,2,True,True,False,11.831203284138704,True,False,2.0,-3.4113962346794082,-1.0861489736070777,0.10526630785717257,False,0.0,False,False,True,5.602118820879701,False,True,True,11.790564777297387
742,12.067973683336726,12.10010039101655,False,11.814945672101624,12.01107557809201,2,12,11.976594811781178,2,11.884777565189452,2,3,12.07817052176723,3,5,0,0,11.785369069475001,1,2,True,True,False,12.022824369608022,True,False,2.5,-0.3288136669813322,-1.0861489736070777,-0.5625032384064852,False,0.0,False,False,True,5.1298987149230735,False,False,True,11.863589378812122
743,12.067973683336726,12.10010039101655,True,12.139860799469593,12.01107557809201,2,6,12.219079222451217,2,12.272285293053542,3,3,12.07817052176723,2,6,0,0,12.169436290122853,1,2,True,True,False,12.022824369608022,True,False,2.0,0.7818574930743967,0.7744464942627202,-0.1393785518100495,True,4.6913478822291435,False,False,True,4.795790545596741,False,False,True,12.095146671399466
744,12.027100518212453,12.10010039101655,False,11.814945672101624,12.015308249970365,2,10,11.976594811781178,2,11.884777565189452,3,3,12.07817052176723,2,6,1,2,12.169436290122853,2,2,True,False,False,12.022824369608022,True,False,2.5,-1.8036448894987673,-1.0861489736070777,0.673630115149697,False,0.0,False,True,True,5.713732805509369,False,False,True,12.07254696717504
745,12.183695128206182,12.10010039101655,False,12.38035169513184,12.01107557809201,3,15,11.976594811781178,3,12.272285293053542,3,3,12.07817052176723,3,5,1,2,12.169436290122853,2,2,True,False,False,12.022824369608022,True,False,3.0,0.7557085748059952,-1.0861489736070777,-0.991534021956398,False,0.0,True,False,True,4.574710978503383,False,True,True,12.100717685412471
746,12.340705864519109,12.10010039101655,False,12.122775029074985,12.215481164404672,3,12,12.219079222451217,3,11.884777565189452,2,3,12.07817052176723,3,11,2,2,12.401316665059703,3,2,True,False,False,12.022824369608022,True,False,4.0,0.30056478519066454,1.416676719283917,-0.0265019139715011,True,5.66988092298052,False,False,False,0.0,False,False,False,12.61087420020211
747,12.340705864519109,12.10010039101655,False,12.15826751067062,12.215481164404672,2,9,12.219079222451217,3,12.272285293053542,3,3,12.07817052176723,3,8,1,2,12.401316665059703,3,2,True,False,False,12.022824369608022,True,False,2.5,-0.21046325916938363,0.7656795346460883,-0.06276372422171492,False,0.0,False,False,True,5.41610040220442,False,False,False,12.371591321286905
748,11.972299710268643,11.722226169284978,False,11.70731327255742,12.215481164404672,2,6,11.984997717199022,3,12.042873266960868,2,2,11.521165088893575,3,8,1,3,11.785369069475001,1,2,True,False,False,12.022824369608022,True,False,1.5,0.5368015987226035,-1.0861489736070777,0.4866051780653754,False,0.0,False,False,True,5.204006687076795,False,True,True,12.491176396967154
749,12.067973683336726,12.10010039101655,False,12.65906276870971,12.01107557809201,2,14,12.219079222451217,3,12.272285293053542,3,3,12.07817052176723,3,7,1,2,12.169436290122853,3,2,True,False,False,12.022824369608022,True,False,3.0,1.5076619548748313,0.783062251966872,0.29469454232114295,True,5.82600010738045,False,False,True,5.484796933490655,False,True,True,12.469978029554953
751,11.813689225424564,11.722226169284978,True,11.70731327255742,11.808193836543019,1,6,11.84430531876782,2,11.712360342176042,2,3,12.07817052176723,2,7,0,0,11.524571661116692,0,0,True,False,False,12.022824369608022,False,False,1.0,-1.5451428053629854,1.2954659106980098,-0.06167486803362965,False,0.0,False,False,False,0.0,False,False,True,11.477308649967686
752,12.340705864519109,12.10010039101655,True,12.15826751067062,12.215481164404672,2,4,12.219079222451217,3,12.272285293053542,3,3,12.07817052176723,3,6,0,0,12.169436290122853,3,2,True,False,False,12.022824369608022,True,False,2.5,-1.194293798779005,0.7095732077658102,-0.30459226346027474,False,0.0,False,False,False,0.0,False,False,False,11.995357787034976
753,12.067973683336726,12.10010039101655,False,12.164079627677117,12.01107557809201,2,9,12.219079222451217,2,12.272285293053542,3,3,12.07817052176723,3,6,0,0,12.169436290122853,2,2,True,False,False,12.022824369608022,True,False,3.0,1.053326725195393,0.44011707072913253,0.031044671012639014,False,0.0,False,False,True,5.1298987149230735,False,False,True,12.28765724080691
754,12.340705864519109,12.10010039101655,True,12.614502598853377,12.215481164404672,3,1,12.219079222451217,3,12.272285293053542,3,3,12.07817052176723,3,8,1,3,12.169436290122853,2,2,True,False,False,12.022824369608022,True,False,2.5,0.008826242652204646,0.7476698005124531,0.2294006727461676,True,5.187385805840755,False,False,True,5.262690188904886,False,False,True,12.526346537332584
755,12.067973683336726,12.10010039101655,True,11.889207077291879,12.01107557809201,2,4,12.03878070203725,2,11.884777565189452,2,3,12.07817052176723,3,5,0,0,11.785369069475001,2,2,True,False,False,12.022824369608022,True,False,2.0,-0.0020753255658235055,0.7095732077658102,-0.2607712222514945,False,0.0,False,False,True,5.147494476813453,False,False,True,11.957617696467539
756,11.897576911041353,12.25239181580412,True,12.303267610871854,12.215481164404672,2,10,11.878527194048742,2,12.272285293053542,3,3,12.07817052176723,2,6,0,0,11.785369069475001,1,2,True,False,False,12.022824369608022,True,False,2.5,-0.9330427132192419,0.3860217501330401,-1.9504317059333718,True,6.796823718274855,False,False,False,0.0,False,False,True,12.058158312538197
757,12.340705864519109,12.10010039101655,False,12.164079627677117,12.215481164404672,3,2,12.219079222451217,3,12.272285293053542,3,3,12.07817052176723,3,7,0,0,12.169436290122853,2,2,True,False,False,12.022824369608022,True,False,2.5,-0.47041143903042965,1.087555471209368,0.3264668854076134,False,0.0,False,False,True,4.976733742420574,False,False,True,12.264346270624157
758,12.340705864519109,12.10010039101655,False,11.814945672101624,12.215481164404672,2,32,11.976594811781178,2,11.884777565189452,2,2,12.07817052176723,2,6,1,2,12.169436290122853,3,2,True,True,False,11.831203284138704,True,False,2.5,-1.1472668614357777,-1.0861489736070777,0.4726720180538042,True,5.796057750765372,False,False,True,5.817111159963204,False,False,False,11.97603664577121
759,11.897576911041353,12.25239181580412,True,12.303267610871854,12.215481164404672,2,9,11.878527194048742,2,12.272285293053542,3,3,12.07817052176723,2,6,0,0,11.785369069475001,1,2,True,False,False,12.022824369608022,True,False,2.5,-0.8790039118286113,-1.0861489736070777,-2.5922574092270847,True,5.8888779583328805,False,False,False,0.0,False,False,True,12.097378802727306
760,12.340705864519109,12.10010039101655,False,12.65906276870971,12.215481164404672,3,12,12.219079222451217,3,12.272285293053542,3,3,12.07817052176723,3,9,1,2,12.169436290122853,2,2,True,False,False,12.022824369608022,True,False,2.5,0.7139015185873341,1.0537840408531192,0.5766187796939906,True,6.2422232654551655,False,False,True,5.407171771460119,False,False,True,12.577639650232573
761,12.067973683336726,12.10010039101655,True,11.889207077291879,12.01107557809201,2,50,11.84430531876782,2,11.884777565189452,2,3,12.07817052176723,2,5,0,0,11.785369069475001,1,3,True,False,True,12.022824369608022,True,False,1.0,-0.47670939214555846,-1.0861489736070777,0.0025854637258920215,False,0.0,False,False,False,0.0,False,False,True,11.755879486687116
762,11.432508350773558,11.722226169284978,True,11.722739856073467,12.01107557809201,2,59,11.84430531876782,2,12.272285293053542,2,2,12.07817052176723,2,5,0,0,11.785369069475001,1,2,True,False,False,12.022824369608022,True,False,1.0,0.308043870316144,-1.0861489736070777,-0.5227770420920689,False,0.0,False,False,False,0.0,False,False,True,11.51293546492023
763,12.340705864519109,12.25239181580412,True,12.303267610871854,12.215481164404672,2,1,12.219079222451217,2,12.272285293053542,3,3,12.07817052176723,3,7,0,0,12.169436290122853,1,2,True,False,False,12.022824369608022,True,False,2.5,-0.8364252457831189,0.6789570245424512,-0.09681861483277672,False,0.0,False,False,True,5.135798437050262,False,False,True,12.279327754099118
764,12.340705864519109,12.10010039101655,True,12.65906276870971,12.215481164404672,3,10,12.219079222451217,3,12.272285293053542,3,3,12.07817052176723,3,8,1,3,12.169436290122853,2,2,True,False,False,12.022824369608022,True,False,3.5,0.5646439835593249,1.1849588391648505,0.07094733059844034,True,6.513230110912307,False,True,False,0.0,False,False,True,12.727841176689147
765,12.183695128206182,12.10010039101655,False,12.075056445481925,12.01107557809201,3,10,12.1233228118755,3,12.272285293053542,3,3,12.07817052176723,3,6,1,3,12.169436290122853,3,2,True,False,False,12.022824369608022,True,False,2.5,1.0833499781964435,0.4888362937281327,0.09503272797498843,False,0.0,False,True,False,0.0,False,False,True,12.506180941677357
766,12.067973683336726,12.10010039101655,False,12.303267610871854,12.01107557809201,3,0,12.219079222451217,3,12.272285293053542,3,3,12.07817052176723,3,6,1,3,12.169436290122853,3,2,True,False,False,12.465956889344524,True,False,2.0,1.0913135478547824,1.3372120650639847,0.9146752247262646,True,5.652489180268651,False,False,False,0.0,False,False,True,12.484208043148733
767,12.340705864519109,12.10010039101655,True,12.122775029074985,12.215481164404672,2,22,11.976594811781178,2,11.884777565189452,3,2,12.07817052176723,2,7,1,2,12.169436290122853,1,2,True,True,True,12.022824369608022,True,False,2.5,-0.13007026039297134,0.8619281625927298,0.2631471960572143,True,3.7612001156935624,False,False,True,5.43372200355424,False,True,True,12.188422799337028
768,11.813689225424564,12.10010039101655,False,11.964817397785627,11.808193836543019,2,23,12.219079222451217,2,11.884777565189452,3,3,12.07817052176723,2,7,0,0,12.169436290122853,1,2,True,False,True,12.022824369608022,True,False,3.0,-0.12157115508223221,-1.0861489736070777,0.6158955167100255,False,0.0,False,False,True,5.5053315359323625,False,True,True,11.982935344196433
769,12.067973683336726,12.10010039101655,True,12.164079627677117,12.01107557809201,2,1,12.219079222451217,3,12.272285293053542,3,3,12.07817052176723,3,8,1,3,12.169436290122853,3,2,True,False,False,12.022824369608022,True,False,2.0,1.747607130566081,0.5331626458427432,0.0025854637258920215,False,0.0,False,False,True,4.795790545596741,False,False,True,12.28690580994122
771,11.971042740656404,12.10010039101655,False,11.814945672101624,11.891694659765184,2,27,11.84430531876782,2,11.884777565189452,3,2,12.07817052176723,2,5,0,0,11.785369069475001,1,2,True,False,False,12.022824369608022,True,False,2.0,-0.4956767202218916,-1.0861489736070777,-0.4311638655862233,False,0.0,False,False,True,4.795790545596741,False,False,False,11.812296455066814
772,12.067973683336726,12.10010039101655,True,11.722415663465464,12.01107557809201,1,55,11.84430531876782,2,11.884777565189452,2,2,12.07817052176723,2,6,0,0,11.785369069475001,1,2,True,False,False,12.022824369608022,True,False,1.0,-0.566186950411897,-1.0861489736070777,-0.044981606878712416,False,0.0,False,False,False,0.0,False,False,True,11.532737896139919
773,12.027100518212453,12.10010039101655,True,11.722415663465464,12.015308249970365,2,34,12.03878070203725,2,11.884777565189452,2,2,12.07817052176723,2,6,1,2,11.785369069475001,1,2,True,True,False,11.831203284138704,True,False,2.0,0.006104176649169374,-1.0861489736070777,-0.2876790034740739,False,0.0,False,False,True,4.976733742420574,False,False,True,11.580593459194764
775,12.067973683336726,12.10010039101655,True,12.614502598853377,12.01107557809201,3,1,12.219079222451217,3,12.272285293053542,3,3,12.07817052176723,3,9,1,3,12.169436290122853,3,2,True,False,False,12.465956889344524,True,False,2.0,1.869987660099099,0.6789570245424512,0.8658781941967083,True,5.929589143389895,False,False,True,5.755742213586912,False,False,True,12.886643575525625
776,12.183695128206182,11.722226169284978,True,11.964817397785627,12.01107557809201,2,11,12.219079222451217,2,12.272285293053542,3,3,12.07817052176723,2,5,0,0,12.169436290122853,3,2,True,False,False,12.022824369608022,True,False,3.0,0.4518993234712308,1.5127421419713956,-1.3324667532889736,True,5.771441123130016,False,False,False,0.0,False,False,True,11.995357787034976
777,12.067973683336726,12.10010039101655,False,12.164079627677117,12.01107557809201,2,0,12.219079222451217,3,12.272285293053542,3,3,12.07817052176723,3,7,0,0,12.169436290122853,2,2,True,False,False,12.465956889344524,True,False,2.0,1.3148578628593612,0.8080529392343755,0.40392430794925155,True,5.484796933490655,False,False,True,4.976733742420574,False,False,True,12.308182383129823
778,12.067973683336726,12.10010039101655,False,11.814945672101624,12.01107557809201,2,32,11.976594811781178,2,11.884777565189452,2,2,12.07817052176723,2,5,1,2,12.169436290122853,1,2,True,True,False,12.022824369608022,True,False,2.0,-0.47670939214555846,-1.0861489736070777,0.7423014295983043,False,0.0,False,False,True,5.488937726156687,False,False,True,11.86710429621008
780,11.862887045549764,12.10010039101655,True,11.964817397785627,11.891694659765184,2,29,12.03878070203725,2,11.884777565189452,3,2,12.07817052176723,2,4,0,0,12.169436290122853,1,2,True,False,False,12.022824369608022,True,False,2.0,-0.14428394203074002,-1.0861489736070777,0.2831972872227566,True,4.51085950651685,False,False,False,0.0,False,False,True,11.813037464800539
781,12.067973683336726,12.10010039101655,True,12.15826751067062,12.01107557809201,2,11,11.976594811781178,2,12.272285293053542,3,3,12.07817052176723,2,6,1,2,12.169436290122853,3,2,True,False,False,12.022824369608022,True,False,2.0,0.5298057775187386,0.32519264610411086,-0.2740580650574471,True,3.6635616461296463,False,False,True,5.3981627015177525,False,False,True,12.07824495582233
782,12.340705864519109,12.10010039101655,True,12.139860799469593,12.215481164404672,2,14,12.219079222451217,3,12.272285293053542,3,3,12.07817052176723,3,7,0,0,12.169436290122853,2,2,True,False,False,12.022824369608022,True,False,2.5,-0.8188508493419258,1.1693018575422796,-0.45732462942838176,False,0.0,False,False,False,0.0,False,False,True,12.077676615757813
783,12.067973683336726,12.10010039101655,False,12.164079627677117,12.01107557809201,2,7,12.219079222451217,3,12.272285293053542,3,3,12.07817052176723,3,6,0,0,12.169436290122853,2,2,True,False,False,12.022824369608022,True,False,2.0,0.9181169379632367,0.5331626458427432,1.1295724720663474,False,0.0,False,False,False,0.0,False,False,True,12.139403856983334
784,11.971042740656404,12.10010039101655,False,11.964817397785627,11.891694659765184,2,31,12.03878070203725,2,12.272285293053542,3,3,12.07817052176723,3,4,1,2,12.169436290122853,3,2,True,False,False,12.022824369608022,True,False,2.0,0.18635731632713193,0.4888362937281327,0.0027962196432717856,True,4.653960350157523,False,False,True,5.717027701406222,False,False,False,12.016732516077072
785,12.066699991720135,11.722226169284978,True,11.70731327255742,12.033337193995534,2,7,11.84430531876782,2,11.884777565189452,2,3,12.07817052176723,2,9,1,3,11.524571661116692,0,0,True,False,False,12.022824369608022,False,False,2.0,-0.8861561302276473,1.5955162008728276,-0.6984403632738468,False,0.0,False,False,False,0.0,False,True,True,11.759793355371237
786,12.067973683336726,12.10010039101655,True,12.122775029074985,12.01107557809201,2,42,12.1233228118755,2,11.884777565189452,2,2,12.07817052176723,2,7,1,3,12.169436290122853,1,2,True,False,False,12.022824369608022,True,False,2.0,0.8314367028462774,-1.0861489736070777,0.14293414880476848,False,0.0,False,True,False,0.0,False,False,False,11.992266613576142
787,11.813689225424564,11.722226169284978,True,11.70731327255742,11.808193836543019,2,60,11.878527194048742,2,12.272285293053542,2,2,12.07817052176723,2,7,0,0,11.785369069475001,1,2,True,False,True,12.022824369608022,True,False,3.0,-1.0932817660037126,-1.0861489736070777,0.3320110897190179,False,0.0,False,False,False,0.0,False,True,True,11.842236406331555
788,12.340705864519109,12.10010039101655,False,12.139860799469593,12.215481164404672,2,6,12.219079222451217,3,12.272285293053542,3,3,12.07817052176723,3,8,0,0,12.401316665059703,2,2,True,False,False,12.022824369608022,True,False,3.5,-0.19885839164349967,0.6789570245424512,0.21088758128525464,False,0.0,False,False,False,0.0,False,False,True,12.358798024384122
789,12.067973683336726,11.722226169284978,True,11.70731327255742,12.01107557809201,1,8,11.878527194048742,2,11.884777565189452,2,3,12.07817052176723,2,4,0,0,11.785369069475001,1,2,True,False,False,12.022824369608022,True,False,1.0,-0.362120774286485,-1.0861489736070777,-0.7908151911363298,False,0.0,False,False,False,0.0,False,False,True,11.588969419043872
790,12.340705864519109,12.10010039101655,False,12.125706184060236,12.215481164404672,2,0,11.976594811781178,2,11.884777565189452,2,3,12.07817052176723,3,9,0,0,12.169436290122853,3,2,True,False,False,12.022824369608022,True,False,2.5,-0.579173437723027,1.3197343362754113,0.5683845757792335,True,5.062595033026967,False,False,True,4.897839799950911,False,False,False,12.141539457711714
792,12.027100518212453,12.10010039101655,False,11.964817397785627,12.015308249970365,2,31,11.976594811781178,2,12.272285293053542,3,2,12.07817052176723,2,5,2,2,12.169436290122853,2,2,True,False,False,12.022824369608022,True,False,2.0,0.006104176649169374,-1.0861489736070777,0.42500269124794604,False,0.0,False,False,True,4.795790545596741,False,False,False,11.896833207128452
793,12.340705864519109,12.10010039101655,False,12.65906276870971,12.215481164404672,2,10,11.878527194048742,3,12.272285293053542,3,3,12.07817052176723,2,8,1,2,12.169436290122853,1,2,True,False,False,12.022824369608022,True,False,3.5,0.23759121769652125,1.1926108229898347,0.16830172276952804,False,0.0,False,False,True,5.198497031265826,False,False,True,12.505402864156405
794,12.067973683336726,12.10010039101655,True,12.303267610871854,12.01107557809201,3,0,12.366209798533164,3,12.272285293053542,3,3,12.07817052176723,3,7,0,0,12.169436290122853,3,2,True,False,False,12.465956889344524,True,False,2.0,1.0873339911445172,1.1926108229898347,0.014772441289878837,True,4.948759890378168,False,False,True,5.1298987149230735,False,False,True,12.323860125621126
795,12.340705864519109,12.10010039101655,False,12.15826751067062,12.215481164404672,2,12,11.878527194048742,3,12.272285293053542,3,3,12.07817052176723,3,7,1,2,12.169436290122853,3,2,True,False,True,12.022824369608022,True,False,2.5,-0.9954229280909673,0.6893732164235604,0.33771802090514935,False,0.0,False,False,True,4.969813299576001,False,False,False,12.178192583415596
796,12.340705864519109,12.10010039101655,True,12.139860799469593,12.215481164404672,2,29,11.976594811781178,2,11.884777565189452,3,2,12.07817052176723,2,7,1,2,12.169436290122853,1,2,True,True,False,12.022824369608022,True,False,2.5,-1.2340324098629338,0.7289854468371297,-0.15073234621895343,True,4.875197323201151,False,True,False,0.0,False,False,True,12.049424683420915
797,12.067973683336726,12.10010039101655,True,11.814945672101624,12.01107557809201,2,30,12.03878070203725,2,11.884777565189452,2,3,12.07817052176723,2,7,1,2,12.169436290122853,2,2,True,True,False,12.022824369608022,True,False,1.5,-1.194293798779005,-1.0861489736070777,-0.197510158578641,True,5.003946305945459,False,False,True,4.9344739331306915,False,False,True,11.874097282798648
798,12.067973683336726,12.10010039101655,True,11.889207077291879,12.01107557809201,2,55,12.219079222451217,2,11.884777565189452,2,3,12.07817052176723,2,4,0,0,12.169436290122853,1,2,True,False,False,11.831203284138704,True,False,1.0,-0.7770631617967974,-1.0861489736070777,-0.3226452618764189,False,0.0,False,False,False,0.0,False,False,True,11.608244735642321
799,12.340705864519109,12.10010039101655,True,12.614502598853377,12.215481164404672,3,0,12.219079222451217,3,12.272285293053542,3,3,12.07817052176723,3,11,2,3,12.401316665059703,3,2,True,False,False,12.465956889344524,True,False,3.5,1.855513900706133,0.9426529456779301,0.7665972742875747,True,6.7580945044277305,False,False,True,4.976733742420574,False,False,True,13.091906231773164
800,11.813689225424564,12.10010039101655,True,11.894163489986184,11.808193836543019,2,57,11.84430531876782,2,11.712360342176042,3,3,12.07817052176723,3,7,2,2,11.785369069475001,1,2,True,True,False,12.022824369608022,True,False,2.5,-0.9257840985259508,-1.0861489736070777,-0.44486150961596177,True,5.53338948872752,False,False,False,0.0,False,True,True,12.07254696717504
801,12.340705864519109,12.10010039101655,False,12.125706184060236,12.215481164404672,2,11,12.219079222451217,2,12.272285293053542,3,3,12.07817052176723,3,8,0,0,12.169436290122853,2,2,True,False,True,12.022824369608022,True,False,3.5,-1.373083776220329,1.1279169653537708,0.6603369271321022,False,0.0,False,False,True,6.0014148779611505,False,True,True,12.206077645517674
802,11.432508350773558,11.722226169284978,True,11.498308778772056,12.01107557809201,1,17,11.878527194048742,2,11.884777565189452,2,3,12.07817052176723,2,5,0,0,11.785369069475001,1,2,True,False,False,12.022824369608022,True,False,2.0,0.43274407532437714,-1.0861489736070777,-1.2114008722932856,False,0.0,False,False,False,0.0,False,False,True,11.60733523953139
804,12.340705864519109,12.10010039101655,True,12.614502598853377,12.215481164404672,3,0,12.219079222451217,3,12.272285293053542,3,3,12.07817052176723,3,12,1,3,12.401316665059703,2,2,True,False,False,12.465956889344524,True,False,3.5,1.5323775529724923,1.3256264961176372,0.8195123204556904,True,6.052089168924417,False,True,True,3.970291913552122,False,False,True,13.275829251377
805,12.067973683336726,12.10010039101655,True,11.889207077291879,12.01107557809201,2,52,11.84430531876782,2,11.884777565189452,2,2,12.07817052176723,2,5,0,0,12.169436290122853,1,2,True,True,False,11.977895278402745,True,False,1.0,-0.2572946675399936,-1.0861489736070777,-0.01860404635173972,False,0.0,False,False,False,0.0,False,False,True,11.678448377988165
806,12.067973683336726,12.10010039101655,False,12.303267610871854,12.01107557809201,2,0,12.219079222451217,3,12.272285293053542,3,3,12.07817052176723,3,6,0,0,12.169436290122853,2,2,True,False,False,12.465956889344524,True,False,2.0,0.9264603776134882,0.8161132635890703,0.579303404987852,True,5.54907608489522,False,False,False,0.0,False,False,True,12.335700805443338
807,12.027100518212453,12.10010039101655,True,11.889207077291879,12.015308249970365,2,39,12.219079222451217,2,12.272285293053542,2,3,12.07817052176723,2,6,0,0,12.169436290122853,3,2,True,False,False,12.022824369608022,True,False,2.0,-0.13007026039297134,-1.0861489736070777,0.13506318115378155,False,0.0,False,False,True,4.23410650459726,False,False,True,11.816734299348461
808,11.972299710268643,12.10010039101655,True,11.722739856073467,12.215481164404672,2,5,11.84430531876782,2,11.884777565189452,2,3,12.07817052176723,3,6,1,2,12.169436290122853,2,2,True,False,False,12.022824369608022,True,False,3.5,0.7271579453151981,1.630819497629228,1.6645454886276376,False,0.0,False,False,False,0.0,False,False,True,12.317171167298682
809,12.027100518212453,12.10010039101655,True,11.889207077291879,12.015308249970365,2,40,12.219079222451217,2,11.884777565189452,2,2,12.07817052176723,2,6,1,3,12.169436290122853,2,2,True,True,False,12.022824369608022,True,False,2.0,-0.007539453586439156,-1.0861489736070777,0.749563097284201,True,6.954638864880987,False,False,False,0.0,False,False,True,11.982622797311857
811,12.067973683336726,12.10010039101655,True,12.122775029074985,12.01107557809201,2,7,11.976594811781178,2,11.884777565189452,2,2,12.07817052176723,3,5,1,2,12.169436290122853,2,2,True,True,False,12.022824369608022,True,True,2.5,0.035925955431013554,-1.0861489736070777,0.2105079646369749,True,4.605170185988092,False,False,True,5.583496308781699,False,False,True,12.10625783509458
812,12.183695128206182,11.722226169284978,True,12.164079627677117,12.01107557809201,2,4,12.219079222451217,3,12.272285293053542,3,3,12.07817052176723,3,4,1,3,12.169436290122853,3,2,True,False,False,12.022824369608022,True,False,2.0,-0.5275369941219105,-1.0861489736070777,-1.3584580166445568,True,5.135798437050262,False,False,True,4.948759890378168,False,False,False,11.881041706925902
813,12.067973683336726,11.952960155415807,True,11.498308778772056,12.01107557809201,2,58,11.84430531876782,2,11.884777565189452,2,2,11.521165088893575,2,4,0,0,11.987475505601928,1,2,True,False,True,12.036862527888374,True,False,1.0,-1.708763008762876,-1.0861489736070777,-0.08092671566676084,False,0.0,False,False,False,0.0,False,False,True,10.932999821119937
814,12.067973683336726,12.10010039101655,True,11.889207077291879,12.01107557809201,2,49,11.878527194048742,2,11.884777565189452,2,3,12.07817052176723,2,7,0,0,12.169436290122853,2,2,True,False,True,12.022824369608022,True,False,1.5,0.9781647167045657,-1.0861489736070777,0.13506318115378155,True,5.497168225293202,False,False,False,0.0,False,True,True,11.969723533345908
815,11.813689225424564,12.10010039101655,True,11.722415663465464,11.808193836543019,2,56,11.984997717199022,2,11.712360342176042,2,3,12.07817052176723,2,7,0,0,11.785369069475001,1,2,True,False,False,12.022824369608022,True,False,2.0,-1.0932817660037126,-1.0861489736070777,-0.18565360117104227,False,0.0,False,False,True,5.337538079701318,False,True,True,11.661354090741
816,12.067973683336726,12.10010039101655,False,12.164079627677117,12.01107557809201,2,12,12.219079222451217,2,12.272285293053542,3,3,12.07817052176723,3,6,0,0,12.169436290122853,2,2,True,False,False,12.022824369608022,True,False,2.0,1.379662350730027,0.5470944509655881,0.5575654309731859,True,6.093569770045136,False,False,False,0.0,False,False,True,12.323415584358154
817,12.067973683336726,12.10010039101655,False,11.889207077291879,12.01107557809201,2,52,12.1233228118755,2,11.884777565189452,2,3,12.07817052176723,2,4,1,3,12.169436290122853,2,2,True,False,False,12.022824369608022,True,False,1.0,-0.051576986188239846,-1.0861489736070777,0.4406245142788419,False,0.0,False,False,False,0.0,False,True,False,11.827743504053695
818,12.067973683336726,12.10010039101655,False,11.964817397785627,12.01107557809201,3,6,12.366209798533164,3,12.272285293053542,3,3,12.07817052176723,3,7,2,3,12.169436290122853,2,2,True,False,False,12.022824369608022,True,False,3.0,1.227872815280215,0.8080529392343755,0.7298960200843326,True,5.003946305945459,False,False,True,5.017279836814924,False,False,False,12.509877789891931
819,12.027100518212453,12.10010039101655,True,12.125706184060236,12.015308249970365,2,39,11.976594811781178,2,11.884777565189452,2,3,12.07817052176723,2,6,0,0,12.169436290122853,1,2,True,True,False,12.022824369608022,True,False,2.0,-0.04604044014401656,-1.0861489736070777,-0.05819454410015034,True,4.394449154672439,False,False,False,0.0,False,False,True,11.951186847493476
820,12.183695128206182,12.10010039101655,False,12.614502598853377,12.01107557809201,2,0,12.219079222451217,3,12.272285293053542,3,3,12.07817052176723,3,6,1,3,12.169436290122853,2,2,True,False,False,12.465956889344524,True,False,3.0,0.8013417044473079,0.5606437570355319,-0.6772013752908821,True,4.859812404361672,False,False,True,5.262690188904886,False,False,True,12.319405795112926
821,12.340705864519109,12.10010039101655,False,12.164079627677117,12.215481164404672,2,5,12.219079222451217,3,12.272285293053542,3,3,12.07817052176723,3,6,0,0,12.169436290122853,2,2,True,False,False,12.022824369608022,True,False,2.5,-0.6917199772418937,0.6789570245424512,-0.43800077302282636,False,0.0,False,False,False,0.0,False,False,True,12.117246896289503
822,12.067973683336726,11.722226169284978,True,11.70731327255742,12.01107557809201,1,56,11.878527194048742,2,11.884777565189452,2,2,11.521165088893575,2,4,0,0,11.785369069475001,1,2,True,False,False,12.022824369608022,True,False,1.0,-0.2572946675399936,0.5188258045672854,-0.7908151911363298,False,0.0,False,False,False,0.0,False,True,True,11.440365524765756
823,12.340705864519109,12.10010039101655,False,12.15826751067062,12.215481164404672,2,4,12.219079222451217,3,12.272285293053542,3,3,12.07817052176723,3,7,1,3,12.401316665059703,3,2,True,False,False,11.977895278402745,True,False,2.5,-0.5307402844064047,0.7095732077658102,0.5981520547333387,False,0.0,False,False,True,4.61512051684126,False,False,False,12.323860125621126
824,11.813689225424564,12.10010039101655,True,11.894163489986184,11.808193836543019,2,59,12.219079222451217,2,11.712360342176042,2,2,12.07817052176723,2,7,1,3,11.785369069475001,1,2,True,True,False,12.022824369608022,True,False,2.0,-0.759811652293005,-1.0861489736070777,0.16442001861291292,False,0.0,False,False,True,5.817111159963204,False,False,True,11.845827048676645
825,12.067973683336726,12.25239181580412,True,12.303267610871854,12.01107557809201,3,0,12.219079222451217,3,12.272285293053542,3,3,12.07817052176723,3,7,1,3,12.169436290122853,2,2,True,False,False,12.465956889344524,True,False,2.0,1.0733703777479204,1.2292406352566483,0.40495769906137097,False,0.0,False,False,False,0.0,False,False,True,12.357079818283598
826,12.067973683336726,12.10010039101655,True,12.614502598853377,12.01107557809201,3,0,12.366209798533164,3,12.272285293053542,3,3,12.07817052176723,3,7,1,3,12.169436290122853,3,2,True,False,False,12.465956889344524,True,False,3.0,2.092715928253965,0.6789570245424512,0.9433169014210682,True,6.705639094860003,False,False,True,5.241747015059643,False,False,True,12.861001210669146
827,11.96725095514478,11.722226169284978,True,11.722739856073467,11.954843206973223,2,58,11.878527194048742,2,11.712360342176042,2,3,12.07817052176723,3,5,0,0,11.524571661116692,0,0,True,False,False,12.022824369608022,False,False,2.0,-0.7392318558937853,-1.0861489736070777,-0.7502499365396187,False,0.0,False,False,False,0.0,False,True,True,11.603688960617083
828,12.067973683336726,12.10010039101655,False,12.139860799469593,12.01107557809201,2,8,12.219079222451217,3,12.272285293053542,3,3,12.07817052176723,3,6,1,2,12.169436290122853,2,2,True,False,False,12.022824369608022,True,False,2.0,1.002716717748352,0.6114063380930174,-0.12157129631121058,False,0.0,False,False,True,5.673323267171493,False,False,True,12.149507585033072
829,12.340705864519109,12.10010039101655,False,12.125706184060236,12.215481164404672,2,42,12.03878070203725,2,12.272285293053542,2,2,12.07817052176723,2,7,0,0,12.169436290122853,3,2,True,False,False,11.831203284138704,True,False,3.0,-0.03775279933912664,-1.0861489736070777,2.2477205723051945,False,0.0,False,True,True,6.18826412308259,False,False,False,12.128116509451258
830,11.897576911041353,12.25239181580412,True,12.303267610871854,12.215481164404672,2,1,11.878527194048742,3,12.272285293053542,3,3,12.07817052176723,3,4,0,0,11.785369069475001,2,2,True,False,False,12.022824369608022,True,False,2.5,-1.440753043155675,1.3137738524695062,-2.3911676735252465,False,0.0,False,False,False,0.0,True,False,True,11.900912042974875
831,12.067973683336726,12.10010039101655,False,11.889207077291879,12.01107557809201,2,51,11.976594811781178,2,11.884777565189452,2,2,12.07817052176723,2,6,2,3,12.169436290122853,2,2,True,False,False,12.022824369608022,True,False,2.5,0.8739867023950412,-1.0861489736070777,0.5193938509444553,True,5.961005339623274,False,True,False,0.0,False,False,True,12.019749091416921
832,11.897576911041353,12.25239181580412,True,12.303267610871854,12.215481164404672,2,1,11.878527194048742,2,12.272285293053542,3,3,12.07817052176723,3,4,0,0,11.785369069475001,2,2,True,False,False,12.022824369608022,True,False,2.5,-1.440753043155675,1.3137738524695062,-1.9793387844099302,False,0.0,False,False,False,0.0,True,False,True,11.92504173829169
833,12.340705864519109,12.10010039101655,False,12.164079627677117,12.215481164404672,2,7,12.219079222451217,3,12.272285293053542,3,3,12.07817052176723,3,7,1,2,12.169436290122853,2,2,True,False,False,12.022824369608022,True,False,3.5,-0.24258836139697554,0.6114063380930174,0.09483154166574119,True,5.4116460518550396,False,False,True,5.262690188904886,False,False,True,12.37581963951765
834,12.067973683336726,12.10010039101655,True,11.889207077291879,12.01107557809201,2,45,11.976594811781178,2,11.884777565189452,2,2,12.07817052176723,2,6,0,0,12.169436290122853,2,2,True,False,False,12.022824369608022,True,False,1.5,1.1269308158386226,-1.0861489736070777,0.184522666584451,True,5.198497031265826,False,True,False,0.0,False,False,True,12.025755079404917
835,12.067973683336726,12.10010039101655,True,11.889207077291879,12.01107557809201,2,47,12.219079222451217,2,11.884777565189452,2,3,12.07817052176723,2,6,0,0,12.169436290122853,1,2,True,True,False,12.022824369608022,True,False,2.0,0.30555266616258236,-1.0861489736070777,-0.2740580650574471,True,4.919980925828125,False,False,False,0.0,False,False,True,11.849047640327147
836,12.067973683336726,12.10010039101655,True,11.814945672101624,12.01107557809201,1,15,12.219079222451217,2,11.884777565189452,3,2,12.07817052176723,3,4,0,0,12.169436290122853,1,2,True,False,False,12.022824369608022,True,False,2.0,0.10802092405464031,-1.0861489736070777,0.10526630785717257,False,0.0,False,False,True,5.673323267171493,False,False,True,11.759793355371237
837,11.432508350773558,11.722226169284978,True,11.70731327255742,12.01107557809201,2,34,12.219079222451217,2,11.712360342176042,2,3,12.07817052176723,2,5,0,0,11.785369069475001,1,2,True,True,False,12.022824369608022,True,False,2.0,1.2106046520399736,1.1364673027798442,-0.22025905539652835,False,0.0,False,False,False,0.0,False,True,True,11.941462360646149
839,12.067973683336726,12.10010039101655,True,12.164079627677117,12.01107557809201,2,2,12.219079222451217,2,12.272285293053542,3,3,12.07817052176723,3,6,0,0,12.169436290122853,1,2,True,False,False,12.022824369608022,True,False,1.5,0.19151572315935317,-1.0861489736070777,0.0901986240050273,False,0.0,False,False,True,5.631211781821365,False,False,True,11.87757552297847
840,11.813689225424564,12.10010039101655,True,11.722415663465464,11.808193836543019,2,13,11.878527194048742,2,11.884777565189452,2,3,12.07817052176723,2,6,0,0,11.785369069475001,1,2,True,False,False,12.022824369608022,True,False,1.0,-0.7944082804472195,-1.0861489736070777,0.4976493557591211,False,0.0,False,False,False,0.0,False,False,True,11.779136168550774
841,11.972299710268643,11.982249305193077,False,11.894163489986184,12.215481164404672,2,58,11.84430531876782,2,11.712360342176042,2,2,11.521165088893575,2,7,0,0,11.785369069475001,1,2,True,False,False,12.022824369608022,True,False,2.0,-1.1472668614357777,-1.0861489736070777,0.5604350158360283,False,0.0,False,False,False,0.0,False,True,False,11.849404844423074
842,11.972299710268643,11.722226169284978,True,11.70731327255742,12.215481164404672,2,6,11.878527194048742,2,12.272285293053542,2,3,12.07817052176723,3,8,1,0,11.785369069475001,1,3,True,False,False,12.022824369608022,True,False,2.0,-1.2340324098629338,0.9426529456779301,0.26665671680057657,False,0.0,False,False,True,4.2626798770413155,False,True,True,11.967187086434018
843,12.027100518212453,12.10010039101655,True,11.889207077291879,12.015308249970365,2,42,11.976594811781178,2,11.884777565189452,2,2,12.07817052176723,2,6,0,0,12.169436290122853,2,3,True,True,False,12.022824369608022,True,False,2.5,0.2629208258108532,1.1887991664603785,-0.014347991758402399,True,5.214935757608986,False,False,False,0.0,False,False,True,12.071975378543236
844,11.862887045549764,12.10010039101655,True,11.889207077291879,12.01107557809201,2,46,12.1233228118755,2,11.884777565189452,2,3,11.521165088893575,2,10,0,0,11.524571661116692,0,0,True,False,False,12.022824369608022,False,False,2.0,1.6466913475224287,-1.0861489736070777,-0.24398898715578926,False,0.0,False,False,False,0.0,False,False,True,11.856522261533737
845,11.813689225424564,11.722226169284978,False,11.70731327255742,11.808193836543019,2,58,11.84430531876782,2,11.712360342176042,2,3,12.07817052176723,2,7,1,3,11.785369069475001,1,2,True,False,False,12.022824369608022,True,False,1.5,-0.4391030257836476,-1.0861489736070777,0.6400773848122648,False,0.0,False,False,True,6.037870919922137,False,True,True,11.944064817531656
846,11.971042740656404,12.10010039101655,False,11.814945672101624,11.891694659765184,2,26,11.976594811781178,2,11.884777565189452,3,2,12.07817052176723,2,6,2,2,11.987475505601928,3,2,True,False,False,12.022824369608022,True,False,3.0,0.8697548162142651,-1.0861489736070777,1.172572853959047,False,0.0,False,False,False,0.0,False,False,False,12.049424683420915
847,12.340705864519109,12.10010039101655,True,12.139860799469593,12.215481164404672,2,16,11.976594811781178,3,12.272285293053542,3,3,12.07817052176723,3,7,1,2,12.169436290122853,1,2,True,False,False,12.022824369608022,True,False,3.5,-0.8933244942444143,0.9039082838687957,0.04780270227990757,True,4.927253685157205,False,False,True,5.459585514144159,False,True,True,12.269052139516223
848,12.067973683336726,12.10010039101655,False,12.164079627677117,12.01107557809201,2,37,11.976594811781178,2,11.884777565189452,2,3,12.07817052176723,2,5,1,2,12.169436290122853,1,2,True,False,False,12.022824369608022,True,False,2.0,-0.47670939214555846,-1.0861489736070777,1.035953053579657,False,0.0,False,False,False,0.0,False,False,True,11.80186424743109
850,12.027100518212453,12.10010039101655,True,12.075056445481925,12.015308249970365,2,13,12.03878070203725,3,11.884777565189452,2,3,12.07817052176723,2,7,1,2,12.169436290122853,2,2,True,False,False,12.022824369608022,True,False,2.5,-1.7653320454029955,1.0636645607817066,0.10526630785717257,True,5.8888779583328805,False,False,True,4.736198448394496,False,False,True,12.138869243416009
851,12.183695128206182,11.722226169284978,True,12.164079627677117,12.01107557809201,2,4,12.219079222451217,3,12.272285293053542,3,3,12.07817052176723,3,3,0,0,12.169436290122853,3,2,True,False,False,12.022824369608022,True,False,2.0,-0.5275369941219105,-1.0861489736070777,-1.359724546045621,True,5.14166355650266,False,False,True,4.948759890378168,False,False,True,11.78676973513378
852,12.183695128206182,12.10010039101655,True,12.060862913494523,12.01107557809201,3,3,12.219079222451217,3,12.272285293053542,3,3,12.07817052176723,3,7,1,2,12.169436290122853,3,2,True,False,False,12.022824369608022,True,False,2.0,0.6128351468351847,0.30310604524104484,-1.9700409944263175,True,3.713572066704308,False,False,True,4.969813299576001,False,False,False,12.278397958261774
853,12.066699991720135,12.10010039101655,True,12.224810430420682,12.033337193995534,2,57,11.878527194048742,2,11.884777565189452,2,3,12.07817052176723,2,7,2,3,11.785369069475001,1,2,True,True,False,12.022824369608022,True,False,2.0,-0.31078760252825793,-1.0861489736070777,-0.46398624867709715,False,0.0,False,True,False,0.0,False,False,True,12.00762780434872
854,12.027100518212453,12.10010039101655,False,11.889207077291879,12.015308249970365,2,45,11.878527194048742,2,11.884777565189452,2,2,12.07817052176723,2,7,1,2,12.169436290122853,2,2,True,True,False,12.022824369608022,True,False,1.5,0.2629208258108532,-1.0861489736070777,0.550853695987932,True,4.7535901911063645,False,False,True,5.198497031265826,False,False,False,11.970356641102999
855,12.067973683336726,12.10010039101655,True,11.814945672101624,12.01107557809201,2,32,11.84430531876782,2,11.884777565189452,2,2,12.07817052176723,2,6,1,3,12.169436290122853,1,2,True,False,False,11.831203284138704,True,False,2.5,1.583047255397605,1.7797767827648148,1.3169212844062745,False,0.0,False,True,False,0.0,False,False,True,12.04355959836804
856,12.067973683336726,12.10010039101655,False,11.814945672101624,12.01107557809201,2,0,11.976594811781178,2,11.884777565189452,2,3,12.07817052176723,2,6,0,0,11.785369069475001,1,2,True,False,False,12.022824369608022,True,False,2.5,0.035925955431013554,1.0828663961434097,-0.5266310472495568,False,0.0,False,False,False,0.0,False,False,False,11.751950239425476
858,12.340705864519109,12.10010039101655,True,12.15826751067062,12.215481164404672,2,14,11.976594811781178,2,12.272285293053542,3,3,12.07817052176723,2,6,1,2,12.169436290122853,3,2,True,False,False,12.022824369608022,True,False,2.5,-1.0327015333493663,0.5738312635980962,-0.21437084183662683,False,0.0,False,False,False,0.0,False,False,True,12.066816325306588
859,12.067973683336726,12.10010039101655,True,12.122775029074985,12.01107557809201,2,33,11.976594811781178,2,11.884777565189452,3,2,12.07817052176723,2,6,1,2,12.169436290122853,2,2,True,True,False,11.977895278402745,True,False,2.0,0.1682406877416618,-1.0861489736070777,0.25926104586673027,True,5.247024072160486,False,False,False,0.0,False,False,True,11.931642378754141
860,12.340705864519109,12.10010039101655,False,12.122775029074985,12.215481164404672,2,22,11.976594811781178,2,11.884777565189452,2,2,12.07817052176723,3,9,1,3,12.169436290122853,1,2,True,False,False,12.022824369608022,True,False,3.5,0.07350150841660519,0.8545771799704772,0.3724962313021454,True,5.3981627015177525,False,True,False,0.0,False,False,False,12.429220196836383
861,11.813689225424564,12.10010039101655,True,12.224810430420682,11.808193836543019,2,9,11.84430531876782,3,11.712360342176042,2,3,12.07817052176723,3,7,1,3,11.785369069475001,1,2,True,True,False,12.022824369608022,True,False,1.5,-0.3288136669813322,1.4982673192778155,-0.33135976237205034,False,0.0,False,False,False,0.0,False,False,True,12.154521423145216
862,11.80746747836454,12.10010039101655,True,11.814945672101624,12.01107557809201,2,45,12.03878070203725,2,12.272285293053542,2,3,12.07817052176723,2,6,0,0,12.169436290122853,1,2,True,False,False,12.022824369608022,True,False,2.5,0.03322582145333755,-1.0861489736070777,0.4741695089218199,False,0.0,False,False,False,0.0,False,False,True,11.78676973513378
863,12.067973683336726,12.10010039101655,True,12.139860799469593,12.01107557809201,2,25,11.976594811781178,2,12.272285293053542,3,2,12.07817052176723,2,6,0,0,12.169436290122853,1,2,True,True,False,12.022824369608022,True,False,2.0,0.035925955431013554,-1.0861489736070777,0.11962457052935056,False,0.0,False,False,False,0.0,False,False,True,11.931642378754141
864,12.067973683336726,12.10010039101655,True,11.889207077291879,12.01107557809201,2,50,12.1233228118755,2,11.884777565189452,2,2,12.07817052176723,2,6,0,0,12.169436290122853,1,2,True,True,False,12.022824369608022,True,False,2.0,0.3155065724971362,-1.0861489736070777,-0.2605304690436481,False,0.0,False,False,False,0.0,False,False,True,11.794345471549745
865,12.067973683336726,12.25239181580412,True,12.303267610871854,12.01107557809201,2,0,12.219079222451217,3,12.272285293053542,3,3,12.07817052176723,3,6,0,0,12.169436290122853,3,2,True,False,False,12.465956889344524,True,False,2.0,0.8314367028462774,1.2292406352566483,-0.09681861483277672,False,0.0,False,False,False,0.0,False,False,True,12.43153750053306
866,12.067973683336726,12.10010039101655,False,11.889207077291879,12.01107557809201,2,39,11.878527194048742,2,11.884777565189452,2,2,12.07817052176723,2,5,0,0,11.785369069475001,1,2,True,True,False,12.022824369608022,True,False,2.0,-0.06824196316265654,-1.0861489736070777,-0.07259045466948753,True,4.343805421853684,False,False,False,0.0,False,False,False,11.908346971208951
867,12.067973683336726,12.10010039101655,False,12.352621312150928,12.01107557809201,3,0,12.219079222451217,3,12.272285293053542,3,3,12.07817052176723,3,6,1,3,12.169436290122853,2,2,True,False,False,12.465956889344524,True,False,2.0,1.3594203357745067,0.9549328321349695,0.30612586381403784,True,5.616771097666572,False,False,True,5.262690188904886,False,False,True,12.424810506025395
868,12.067973683336726,12.10010039101655,True,11.814945672101624,12.01107557809201,1,46,12.219079222451217,2,11.884777565189452,2,2,12.07817052176723,2,5,0,0,12.169436290122853,2,2,True,False,True,12.022824369608022,True,False,2.5,0.035925955431013554,-1.0861489736070777,-0.5066176778289365,False,0.0,False,False,True,5.1298987149230735,False,False,True,11.767575435251748
870,12.340705864519109,12.10010039101655,True,12.139860799469593,12.215481164404672,2,16,11.878527194048742,3,12.272285293053542,3,3,12.07817052176723,3,8,1,2,12.169436290122853,3,2,True,True,False,12.022824369608022,True,False,3.5,0.06280846840340626,1.0122146350419614,0.17178879142734146,True,5.5093883366279774,False,False,True,5.056245805348308,False,False,True,12.371591321286905
871,12.067973683336726,12.10010039101655,True,11.889207077291879,12.01107557809201,2,47,11.878527194048742,2,11.884777565189452,2,3,11.521165088893575,2,5,0,0,11.785369069475001,1,2,True,False,False,12.022824369608022,True,False,1.0,-0.38349379195751865,-1.0861489736070777,-0.6102248304177408,False,0.0,False,False,False,0.0,False,False,True,11.603688960617083
872,12.340705864519109,12.10010039101655,True,12.164079627677117,12.215481164404672,2,12,12.219079222451217,2,12.272285293053542,3,3,12.07817052176723,3,7,0,0,12.169436290122853,2,2,True,False,False,12.022824369608022,True,False,2.5,-0.671570974562526,0.9363989692329995,-0.07259045466948753,True,4.762173934797756,False,False,False,0.0,False,False,True,12.208574513247495
874,12.038767098415313,12.10010039101655,True,11.889207077291879,12.01107557809201,2,59,11.976594811781178,3,11.884777565189452,2,3,12.07817052176723,2,6,1,3,12.169436290122853,1,2,True,False,False,12.022824369608022,True,False,1.0,-0.579173437723027,0.45689938775473493,0.558681869363907,False,0.0,False,False,False,0.0,True,False,True,11.798111925972618
876,12.340705864519109,12.25239181580412,True,12.303267610871854,12.215481164404672,3,0,12.366209798533164,3,12.272285293053542,3,3,12.07817052176723,3,11,1,3,12.401316665059703,3,2,True,False,False,12.465956889344524,True,False,2.5,0.40380914211916835,1.7091725799104964,-0.01860404635173972,False,0.0,False,False,True,5.342334251964811,False,False,True,12.623064399210183
877,12.067973683336726,12.10010039101655,True,11.964817397785627,12.01107557809201,1,44,11.976594811781178,2,12.272285293053542,2,3,12.07817052176723,2,5,0,0,12.169436290122853,1,2,True,False,False,12.022824369608022,True,False,2.0,0.1000862740466584,-1.0861489736070777,1.9961096299536292,False,0.0,False,False,False,0.0,False,False,True,11.792456911128632
878,12.340705864519109,12.10010039101655,True,12.614502598853377,12.215481164404672,3,4,12.219079222451217,3,12.272285293053542,3,3,12.07817052176723,3,10,1,3,12.169436290122853,3,2,True,False,False,12.022824369608022,True,False,3.5,1.0189906486051334,-1.0861489736070777,-0.05428647310182019,True,5.37989735354046,False,False,True,5.220355825078324,False,False,True,12.765691290604371
879,11.971042740656404,12.10010039101655,False,11.814945672101624,11.891694659765184,2,15,11.976594811781178,2,11.884777565189452,2,2,12.07817052176723,3,6,0,0,11.785369069475001,1,2,True,True,True,12.022824369608022,True,False,2.0,0.2171905190532068,-1.0861489736070777,0.5001136004322712,False,0.0,False,False,True,5.262690188904886,False,False,True,11.904974309480183
880,12.067973683336726,12.10010039101655,False,12.164079627677117,12.01107557809201,2,4,12.219079222451217,3,11.884777565189452,2,3,12.07817052176723,2,6,0,0,12.169436290122853,1,2,True,True,False,12.022824369608022,True,False,2.0,-0.47670939214555846,-1.0861489736070777,-0.4984517096653956,True,4.51085950651685,False,False,False,0.0,False,False,False,11.824087219587643
881,12.067973683336726,12.10010039101655,True,11.722415663465464,12.01107557809201,2,1,12.219079222451217,2,12.272285293053542,3,3,12.07817052176723,2,5,0,0,12.169436290122853,3,2,True,False,False,12.022824369608022,True,False,2.5,0.1682406877416618,0.7193738876844055,-0.49194326410047223,False,0.0,False,False,False,0.0,False,False,True,11.964007453736912
882,11.813689225424564,12.10010039101655,False,12.352621312150928,11.808193836543019,2,16,11.976594811781178,3,11.884777565189452,3,3,12.07817052176723,3,7,1,2,12.169436290122853,2,2,True,False,False,12.022824369608022,True,False,2.5,0.33532761257154614,0.5738312635980962,0.8008038524135167,True,4.770684624465665,False,False,True,5.1298987149230735,False,False,True,12.141539457711714
883,12.340705864519109,12.10010039101655,False,12.15826751067062,12.215481164404672,2,16,12.219079222451217,2,12.272285293053542,3,3,12.07817052176723,2,7,1,2,12.401316665059703,2,2,True,True,False,12.022824369608022,True,False,2.5,-0.658208085536314,0.6233232083761491,0.11245840740568605,False,0.0,False,False,True,5.8377304471659395,False,False,False,12.08954444723597
884,12.066699991720135,12.10010039101655,True,11.894163489986184,12.06226253125337,1,56,11.84430531876782,3,12.272285293053542,2,2,11.521165088893575,2,10,0,0,11.785369069475001,1,2,True,False,False,12.022824369608022,True,False,2.0,-0.7018420494768796,1.3758235506405554,-0.7275289107320341,False,0.0,False,False,False,0.0,True,False,True,11.682676678340282
885,12.067973683336726,12.10010039101655,True,11.889207077291879,12.01107557809201,2,42,11.976594811781178,2,11.884777565189452,2,2,12.07817052176723,2,5,0,0,12.169436290122853,2,2,True,True,False,12.022824369608022,True,False,1.0,-0.3896260847151321,-1.0861489736070777,-0.4581228339697408,True,4.110873864173311,False,False,False,0.0,False,False,True,11.51293546492023
886,12.183695128206182,12.25239181580412,False,12.303267610871854,12.01107557809201,3,8,11.878527194048742,3,12.272285293053542,3,3,12.07817052176723,3,5,1,2,12.169436290122853,3,2,True,False,False,11.831203284138704,True,False,3.0,1.4684807267460365,0.8545771799704772,-1.0904437600465067,True,4.110873864173311,False,False,True,4.584967478670572,False,False,True,12.70351207261035
887,11.862887045549764,12.10010039101655,True,11.889207077291879,12.01107557809201,2,1,11.878527194048742,2,11.884777565189452,2,3,12.07817052176723,2,8,0,0,12.169436290122853,3,2,True,False,False,11.977895278402745,True,False,2.0,1.3372079311647649,0.7656795346460883,-0.1523270900175881,True,4.812184355372417,False,False,True,5.60947179518496,False,False,True,11.884495917930655
888,11.813689225424564,12.10010039101655,False,11.722415663465464,11.808193836543019,2,53,11.878527194048742,2,12.272285293053542,2,2,12.07817052176723,2,8,0,0,12.169436290122853,1,2,True,False,False,12.022824369608022,True,False,1.5,-0.6316475076850964,-1.0861489736070777,1.1511869408045856,False,0.0,False,True,True,4.804021044733257,False,False,True,11.816734299348461
889,12.067973683336726,12.10010039101655,False,11.889207077291879,12.01107557809201,3,37,11.84430531876782,3,12.272285293053542,2,3,12.07817052176723,3,8,1,2,12.169436290122853,1,2,True,False,False,12.022824369608022,True,False,3.0,2.2972353015742084,1.4239894428091184,1.0785086707500295,False,0.0,False,True,True,4.406719247264253,False,False,True,12.498745990829315
890,12.067973683336726,12.10010039101655,True,11.889207077291879,12.01107557809201,2,56,11.84430531876782,2,11.884777565189452,2,3,12.07817052176723,2,6,1,2,12.169436290122853,2,2,True,False,False,12.022824369608022,True,False,2.0,1.1052070607548978,-1.0861489736070777,0.56123139346303,True,4.51085950651685,True,False,False,0.0,False,False,True,11.915058360753719
891,11.813689225424564,12.10010039101655,True,11.889207077291879,11.808193836543019,2,1,11.878527194048742,2,11.884777565189452,2,3,12.07817052176723,2,6,1,0,11.785369069475001,1,2,True,True,True,12.022824369608022,True,False,1.0,-1.1472668614357777,-1.0861489736070777,-0.22876903008629942,False,0.0,False,False,False,0.0,False,False,True,11.719134432217524
892,12.340705864519109,12.10010039101655,True,11.814945672101624,12.215481164404672,2,31,11.976594811781178,2,11.884777565189452,2,3,12.07817052176723,2,7,1,2,12.169436290122853,2,2,True,False,False,12.022824369608022,True,False,2.5,-0.31078760252825793,-1.0861489736070777,0.3994400902332971,True,4.532599493153256,False,False,True,5.497168225293202,False,False,True,12.058158312538197
893,12.067973683336726,12.10010039101655,True,11.814945672101624,12.01107557809201,2,3,11.976594811781178,2,11.884777565189452,2,2,12.07817052176723,2,6,0,0,12.169436290122853,2,2,True,True,False,12.022824369608022,True,False,1.5,0.08682015281711289,-1.0861489736070777,-0.14754671024519192,False,0.0,False,False,True,5.262690188904886,False,False,True,11.947955847790901
894,12.067973683336726,12.10010039101655,True,11.814945672101624,12.01107557809201,2,54,11.84430531876782,2,12.272285293053542,3,2,12.07817052176723,2,6,1,3,12.169436290122853,1,2,True,True,False,12.022824369608022,True,False,2.0,0.8549029623412427,1.1364673027798442,0.7326756514747851,False,0.0,False,False,True,6.238324625039508,False,False,False,12.013706813470414
896,12.340705864519109,12.10010039101655,True,11.889207077291879,12.215481164404672,2,45,11.976594811781178,2,11.884777565189452,2,2,12.07817052176723,2,8,1,2,12.169436290122853,2,2,True,False,False,12.022824369608022,True,False,2.5,-0.752937011713302,0.7289854468371297,-0.4832987073510756,True,6.030685260261263,False,False,False,0.0,False,False,True,11.849404844423074
897,11.432508350773558,11.722226169284978,True,11.498308778772056,12.01107557809201,1,56,11.84430531876782,2,11.712360342176042,2,3,11.521165088893575,2,6,0,0,11.785369069475001,1,2,True,False,False,11.831203284138704,True,False,1.0,-0.21337085040481252,0.45689938775473493,-0.06930945875917076,False,0.0,False,False,False,0.0,False,False,True,11.575909653758895
899,12.067973683336726,12.10010039101655,False,12.614502598853377,12.01107557809201,3,0,12.219079222451217,3,12.272285293053542,3,3,12.07817052176723,3,11,2,3,12.169436290122853,3,2,True,False,False,12.465956889344524,True,False,3.5,2.4557308099409396,0.8691730305993032,0.6785924390411266,True,6.634633357861686,False,False,False,0.0,False,False,True,13.323928581764989
900,12.067973683336726,12.10010039101655,True,11.814945672101624,12.01107557809201,2,12,11.976594811781178,2,11.884777565189452,2,2,12.07817052176723,2,6,1,2,12.169436290122853,1,2,True,False,False,12.022824369608022,True,False,1.0,-0.3288136669813322,-1.0861489736070777,-0.5003540711061891,False,0.0,False,False,False,0.0,False,False,True,11.813037464800539
901,12.067973683336726,12.10010039101655,False,11.889207077291879,12.01107557809201,1,36,11.976594811781178,2,11.884777565189452,2,2,12.07817052176723,2,4,0,0,11.785369069475001,1,2,True,False,False,12.022824369608022,True,False,1.0,-0.4956767202218916,-1.0861489736070777,-0.4081981586714206,False,0.0,False,False,False,0.0,False,False,False,11.608244735642321
902,12.067973683336726,12.10010039101655,False,11.889207077291879,12.01107557809201,2,9,11.878527194048742,2,11.884777565189452,2,2,12.07817052176723,2,5,0,0,11.785369069475001,1,2,True,False,False,12.022824369608022,True,False,2.0,-0.09620342710952233,-1.0861489736070777,-0.08092671566676084,False,0.0,False,False,False,0.0,False,False,True,11.938199736300925
903,12.340705864519109,12.10010039101655,True,12.15826751067062,12.215481164404672,2,3,12.219079222451217,3,12.272285293053542,3,3,12.07817052176723,3,8,1,3,12.169436290122853,3,2,True,False,False,12.022824369608022,True,False,2.5,-0.7426526507476536,0.9236531849451074,-0.2740580650574471,False,0.0,False,False,False,0.0,False,False,True,12.100717685412471
904,12.067973683336726,12.10010039101655,False,12.15826751067062,12.01107557809201,2,0,12.219079222451217,3,12.272285293053542,3,3,12.07817052176723,3,7,1,3,12.169436290122853,2,2,True,False,False,12.465956889344524,True,False,2.0,1.4179943155354533,0.8161132635890703,0.9506765447420682,True,3.332204510175204,False,False,True,4.976733742420574,False,False,True,12.388398368982115
905,12.067973683336726,12.10010039101655,False,11.814945672101624,12.01107557809201,2,40,11.976594811781178,2,11.884777565189452,2,2,12.07817052176723,2,6,0,0,12.169436290122853,1,2,True,True,False,12.022824369608022,True,False,1.0,-0.4391030257836476,-1.0861489736070777,-0.7370151115982624,True,4.330733340286331,False,False,False,0.0,False,False,False,11.74006900564972
906,12.067973683336726,12.10010039101655,True,11.889207077291879,12.01107557809201,2,56,11.976594811781178,2,11.884777565189452,2,2,12.07817052176723,2,6,0,0,12.169436290122853,2,2,True,True,False,12.022824369608022,True,False,2.0,0.0788352981545031,-1.0861489736070777,0.16830172276952804,True,4.709530201312334,False,False,False,0.0,False,True,True,11.759793355371237
907,12.067973683336726,12.10010039101655,False,12.303267610871854,12.01107557809201,3,1,12.219079222451217,3,12.272285293053542,3,3,12.07817052176723,3,8,1,3,12.169436290122853,2,2,True,False,False,12.022824369608022,True,False,3.0,1.3316333930419264,0.8161132635890703,0.7641520843202363,True,5.342334251964811,False,False,False,0.0,False,False,True,12.449022745701502
908,11.813689225424564,12.10010039101655,False,12.224810430420682,11.808193836543019,2,19,12.1233228118755,3,11.884777565189452,3,3,12.07817052176723,3,6,1,3,12.169436290122853,3,2,True,False,False,12.022824369608022,True,False,1.5,-0.026734503699203886,-1.0861489736070777,0.4532699506367141,False,0.0,False,True,False,0.0,False,False,True,12.429220196836383
909,12.067973683336726,12.10010039101655,False,11.964817397785627,12.01107557809201,2,23,11.976594811781178,2,11.884777565189452,3,2,12.07817052176723,2,5,0,0,12.169436290122853,1,2,True,True,False,12.022824369608022,True,False,2.0,-0.47670939214555846,-1.0861489736070777,-0.04325527891464311,False,0.0,False,False,True,5.10594547390058,False,False,False,11.782960235741939
911,11.862887045549764,12.10010039101655,True,11.889207077291879,12.215481164404672,2,50,11.878527194048742,2,11.884777565189452,2,2,12.07817052176723,2,12,0,0,11.785369069475001,1,2,True,False,False,12.022824369608022,True,False,2.0,0.20694394436499694,-1.0861489736070777,0.4700070395842607,True,5.8916442118257715,False,False,False,0.0,False,False,True,11.946660519211651
912,12.067973683336726,12.10010039101655,False,12.164079627677117,12.01107557809201,2,20,11.976594811781178,2,11.884777565189452,3,2,12.07817052176723,3,5,0,0,11.785369069475001,1,2,True,False,False,12.022824369608022,True,False,1.5,0.6014217569485827,-1.0861489736070777,0.04140583778506101,False,0.0,False,False,True,5.159055299214529,False,False,False,11.874097282798648
913,11.432508350773558,11.722226169284978,True,11.722739856073467,12.01107557809201,2,56,11.878527194048742,2,11.712360342176042,2,2,11.521165088893575,2,6,0,0,11.785369069475001,1,2,True,True,True,11.831203284138704,True,False,1.0,-0.7944082804472195,-1.0861489736070777,-0.7533406669972252,False,0.0,False,True,False,0.0,False,True,True,11.385103457032141
914,11.862887045549764,11.982249305193077,True,12.224810430420682,12.215481164404672,2,57,11.878527194048742,2,11.884777565189452,2,2,11.521165088893575,2,8,0,0,12.037232888392635,1,2,True,False,False,12.022824369608022,True,False,2.0,-0.07102757390309447,-1.0861489736070777,-0.7074842259651404,False,0.0,False,False,False,0.0,False,False,True,11.884495917930655
915,11.897576911041353,12.25239181580412,True,12.303267610871854,12.215481164404672,2,0,12.219079222451217,3,12.272285293053542,3,3,12.07817052176723,3,4,0,0,11.785369069475001,2,2,True,False,False,12.465956889344524,True,False,2.5,-1.3898620278220488,1.4855305380919899,-2.0871733183907084,True,4.343805421853684,False,False,False,0.0,False,False,True,12.065280672855897
916,11.897576911041353,11.722226169284978,True,12.003139473921845,12.215481164404672,1,37,12.366209798533164,2,11.884777565189452,2,2,12.07817052176723,2,6,0,0,12.169436290122853,1,2,True,False,False,12.022824369608022,True,False,1.5,-1.6808716923095048,-1.0861489736070777,-2.830872163965614,True,4.394449154672439,False,False,False,0.0,False,False,True,11.225256725762893
917,12.067973683336726,11.952960155415807,True,11.498308778772056,12.01107557809201,1,56,11.869146895887042,2,11.884777565189452,2,2,11.521165088893575,2,4,0,0,11.785369069475001,1,2,True,False,False,11.831203284138704,True,False,1.0,-2.0029455584664095,-1.0861489736070777,-0.01860404635173972,False,0.0,False,False,False,0.0,False,False,True,10.471978128496518
918,12.067973683336726,12.10010039101655,True,11.722415663465464,12.01107557809201,1,53,12.219079222451217,2,11.884777565189452,2,3,12.07817052176723,2,6,0,0,12.169436290122853,2,2,True,False,False,12.022824369608022,True,False,1.0,0.28053986031055933,-1.0861489736070777,1.2297021089499496,False,0.0,False,False,False,0.0,False,False,False,11.813037464800539
919,12.340705864519109,12.10010039101655,False,12.139860799469593,12.215481164404672,2,16,11.976594811781178,3,12.272285293053542,3,3,12.07817052176723,3,8,1,2,12.169436290122853,2,2,True,True,False,12.022824369608022,True,False,3.5,0.2043774509072304,1.3863440697154084,0.7092950232928655,False,0.0,False,False,True,4.290459441148391,False,True,True,12.380030154325457
920,12.067973683336726,12.10010039101655,False,11.889207077291879,12.01107557809201,2,6,11.878527194048742,3,11.884777565189452,3,3,12.07817052176723,2,6,1,2,12.169436290122853,1,2,True,False,False,12.022824369608022,True,False,2.0,0.40380914211916835,0.7384151373894858,0.3724962313021454,False,0.0,False,True,False,0.0,False,False,True,12.081081821061819
921,12.340705864519109,12.10010039101655,False,12.139860799469593,12.215481164404672,2,13,11.976594811781178,3,12.272285293053542,3,3,12.07817052176723,3,7,0,0,12.169436290122853,2,2,True,False,False,12.022824369608022,True,False,3.0,-0.2809620697350837,0.995701530003915,-0.1366633088147908,True,4.663439094112067,False,False,True,5.707110264748875,False,False,True,12.211065162153215
922,11.862887045549764,12.10010039101655,True,11.722415663465464,11.808193836543019,2,5,11.878527194048742,2,11.884777565189452,2,3,12.07817052176723,2,9,0,0,11.524571661116692,0,0,True,True,False,12.022824369608022,False,False,5.0,0.6105554744297945,0.8903008892806774,-0.0666885690261542,False,0.0,False,False,False,0.0,False,False,True,11.890683588496984
924,12.183695128206182,12.10010039101655,True,12.139860799469593,12.01107557809201,2,14,12.03878070203725,3,12.272285293053542,3,3,12.07817052176723,3,5,1,2,12.169436290122853,2,2,True,False,False,12.022824369608022,True,False,3.0,1.2961262869699866,0.8833565276929803,-0.24112629778736,False,0.0,False,False,False,0.0,False,False,True,12.170450649220749
925,12.067973683336726,12.10010039101655,True,12.122775029074985,12.01107557809201,2,26,12.03878070203725,2,11.884777565189452,3,2,12.07817052176723,2,7,1,2,12.169436290122853,1,2,True,False,False,12.022824369608022,True,False,3.0,1.4469296857076193,1.1963942392272369,0.2294006727461676,True,5.062595033026967,False,False,True,5.953243334287785,False,False,True,12.242891437918386
926,12.067973683336726,12.10010039101655,False,12.122775029074985,12.01107557809201,2,31,12.219079222451217,2,12.272285293053542,3,2,12.07817052176723,3,6,0,0,12.169436290122853,2,2,True,False,False,11.831203284138704,True,False,2.5,0.26039634896263475,-1.0861489736070777,1.04698902743117,False,0.0,False,False,True,5.198497031265826,False,False,False,12.07254696717504
927,12.340705864519109,12.10010039101655,True,12.614502598853377,12.215481164404672,3,3,12.219079222451217,3,12.272285293053542,3,3,12.07817052176723,3,10,1,3,12.401316665059703,3,2,True,False,False,12.022824369608022,True,False,2.5,0.3965370722990644,1.0636645607817066,0.5354275621391306,True,5.831882477283517,False,False,True,4.653960350157523,False,False,True,12.560247968016562
928,12.340705864519109,12.10010039101655,True,12.122775029074985,12.215481164404672,2,40,11.878527194048742,2,11.884777565189452,2,3,12.07817052176723,2,9,1,3,12.169436290122853,2,2,True,True,False,12.022824369608022,True,False,2.5,-0.579173437723027,0.6574458451516734,0.16442001861291292,True,5.8377304471659395,False,False,False,0.0,False,False,False,12.07824495582233
929,12.067973683336726,12.10010039101655,True,12.164079627677117,12.01107557809201,3,8,12.219079222451217,3,12.272285293053542,3,3,12.07817052176723,3,7,1,2,12.169436290122853,2,2,True,False,False,12.022824369608022,True,False,2.0,1.5656542973328782,1.2667181712060096,0.5092867187510574,False,0.0,False,False,True,5.313205979041787,False,False,False,12.373707715234994
930,12.340705864519109,12.10010039101655,False,12.15826751067062,12.215481164404672,2,9,11.976594811781178,2,12.272285293053542,3,3,12.07817052176723,3,8,1,2,12.401316665059703,3,2,True,False,False,12.022824369608022,True,False,2.5,-0.1757700308655173,-1.0861489736070777,0.6916164052728362,True,5.655991810819852,False,False,False,0.0,False,False,False,12.310437165348775
931,12.067973683336726,12.10010039101655,False,12.352621312150928,12.01107557809201,3,2,12.219079222451217,3,12.272285293053542,3,3,12.07817052176723,3,7,0,0,12.169436290122853,3,2,True,False,False,12.022824369608022,True,False,2.0,1.0270996766487128,0.255678667894481,-0.034646122522366776,False,0.0,False,False,True,4.61512051684126,False,False,True,12.211065162153215
932,12.067973683336726,12.10010039101655,True,11.889207077291879,12.01107557809201,2,44,12.219079222451217,2,11.884777565189452,2,3,12.07817052176723,2,5,0,0,11.785369069475001,1,2,True,True,False,12.022824369608022,True,False,1.5,-0.28988137554841203,-1.0861489736070777,0.0025854637258920215,False,0.0,False,False,False,0.0,False,False,True,11.674202123168433
933,12.067973683336726,12.10010039101655,False,12.303267610871854,12.01107557809201,3,1,12.219079222451217,3,12.272285293053542,3,3,12.07817052176723,3,8,1,3,12.169436290122853,3,2,True,False,False,12.022824369608022,True,False,2.0,1.8215202981809757,1.3837339931754005,0.48164018675553794,True,5.713732805509369,False,False,False,0.0,False,False,True,12.676079399771027
934,12.067973683336726,12.10010039101655,True,12.164079627677117,12.01107557809201,2,5,12.219079222451217,3,12.272285293053542,3,3,12.07817052176723,3,6,0,0,12.169436290122853,2,2,True,False,False,12.022824369608022,True,False,2.0,1.0952886592473199,0.5738312635980962,-0.13101849127844448,True,5.351858133476067,False,False,True,5.262690188904886,False,False,True,12.154784614286667
935,12.067973683336726,12.10010039101655,False,11.889207077291879,12.01107557809201,2,1,11.84430531876782,2,11.884777565189452,3,3,12.07817052176723,3,9,1,3,12.169436290122853,2,2,True,False,False,12.022824369608022,True,False,3.0,-1.5055777474560026,-1.0861489736070777,2.173661578074448,False,0.0,False,False,False,0.0,False,False,True,12.396697137361691
938,12.340705864519109,12.10010039101655,True,12.303267610871854,12.215481164404672,2,4,12.219079222451217,3,12.272285293053542,3,3,12.07817052176723,3,8,1,3,12.169436290122853,2,2,True,False,False,12.022824369608022,True,False,2.5,0.22740620900095518,0.7095732077658102,0.12022058600470559,False,0.0,False,False,False,0.0,False,False,True,12.441148720271016
939,12.340705864519109,12.10010039101655,True,12.164079627677117,12.215481164404672,2,0,12.219079222451217,3,12.272285293053542,3,3,12.07817052176723,3,7,0,0,12.169436290122853,2,2,True,False,False,12.465956889344524,True,False,2.5,0.8718713959785299,1.0122146350419614,-0.07040252036420264,False,0.0,False,False,False,0.0,False,False,True,12.387560521575551
940,11.972299710268643,12.10010039101655,True,12.125706184060236,12.215481164404672,2,60,11.878527194048742,2,11.884777565189452,2,3,12.07817052176723,2,10,2,2,12.169436290122853,1,2,True,False,False,12.022824369608022,True,False,2.0,0.014263746247711954,-1.0861489736070777,1.9000690436099423,False,0.0,False,False,True,4.04305126783455,False,True,False,12.406565597924235
942,12.340705864519109,12.10010039101655,False,12.15826751067062,12.215481164404672,2,10,12.219079222451217,3,12.272285293053542,3,3,12.07817052176723,3,8,1,2,12.401316665059703,2,2,True,True,False,12.022824369608022,True,False,3.5,-0.09620342710952233,-1.0861489736070777,-0.0714961854416225,True,5.700443573390687,True,False,False,0.0,False,False,False,12.273735966890268
943,11.862887045549764,12.10010039101655,False,11.722415663465464,12.01107557809201,1,30,11.878527194048742,2,12.272285293053542,3,2,12.07817052176723,2,8,0,0,11.524571661116692,0,0,True,False,False,11.831203284138704,False,False,4.0,0.9740561007433364,-1.0861489736070777,-0.314216457004218,False,0.0,False,False,True,5.7745515455444085,False,False,True,11.918397239722838
944,11.862887045549764,12.10010039101655,True,11.964817397785627,12.01107557809201,2,40,11.976594811781178,2,11.884777565189452,2,2,12.07817052176723,2,8,0,0,12.169436290122853,1,2,True,False,False,12.022824369608022,True,False,2.0,1.3483312251173214,-1.0861489736070777,1.973549413073171,False,0.0,False,False,False,0.0,False,False,True,11.870606902224587
945,12.067973683336726,12.10010039101655,False,12.352621312150928,12.015308249970365,2,51,11.976594811781178,2,11.884777565189452,2,3,12.07817052176723,3,7,1,3,11.987475505601928,2,2,True,False,False,11.831203284138704,True,False,1.5,-0.6217434400369435,1.1448764248808474,0.8861623130383651,True,6.295266001439646,False,True,False,0.0,False,False,False,11.83138646878959
946,11.813689225424564,11.722226169284978,True,11.70731327255742,11.808193836543019,2,13,12.219079222451217,2,11.712360342176042,2,2,12.07817052176723,2,7,0,0,11.785369069475001,1,2,True,True,False,12.022824369608022,True,False,1.0,0.16304662562752317,-1.0861489736070777,-0.05732541749817868,False,0.0,False,False,True,3.8918202981106265,True,True,True,11.735276702486741
947,12.027100518212453,12.10010039101655,True,11.889207077291879,12.015308249970365,2,47,11.976594811781178,2,11.884777565189452,2,2,12.07817052176723,2,6,1,2,12.169436290122853,2,2,True,False,False,12.022824369608022,True,False,2.0,0.30555266616258236,-1.0861489736070777,-0.20545422588123385,True,4.859812404361672,False,False,True,4.465908118654584,False,False,True,11.870606902224587
948,12.067973683336726,12.10010039101655,True,12.352621312150928,12.01107557809201,3,4,12.219079222451217,3,12.272285293053542,3,3,12.07817052176723,3,9,1,3,12.169436290122853,3,2,True,False,False,12.022824369608022,True,False,3.0,1.3185925137547772,1.5228396372783075,0.9078527692619393,True,5.4680601411351315,False,False,False,0.0,False,False,True,12.506180941677357
950,12.067973683336726,12.10010039101655,True,12.122775029074985,12.01107557809201,2,4,12.03878070203725,2,11.884777565189452,2,2,12.07817052176723,3,5,1,2,12.169436290122853,2,2,True,False,False,12.022824369608022,True,False,2.5,0.34765753840862407,-1.0861489736070777,0.05664178118177369,False,0.0,False,False,False,0.0,False,False,True,12.193498926601634
951,12.067973683336726,12.10010039101655,True,11.889207077291879,12.01107557809201,2,5,12.219079222451217,2,11.884777565189452,2,3,12.07817052176723,3,5,0,0,11.785369069475001,2,2,True,False,False,12.022824369608022,True,False,2.0,-0.47670939214555846,-1.0861489736070777,-0.44486150961596177,False,0.0,False,False,True,5.272999558563747,False,False,True,11.767575435251748
952,12.067973683336726,11.982249305193077,True,12.139860799469593,12.01107557809201,2,41,12.219079222451217,2,11.884777565189452,2,3,12.07817052176723,2,6,0,0,11.785369069475001,1,2,True,True,False,11.831203284138704,True,False,2.0,-0.5922122688123003,-1.0861489736070777,-0.2923218336514193,False,0.0,False,False,True,6.045005314036012,False,False,True,11.694421681264394
953,11.971042740656404,12.10010039101655,True,12.164079627677117,11.891694659765184,2,6,11.937149528022868,2,11.884777565189452,3,3,12.07817052176723,2,5,0,0,11.785369069475001,3,2,True,True,False,12.022824369608022,True,False,1.5,-0.7944082804472195,-1.0861489736070777,-0.44486150961596177,False,0.0,False,False,True,5.262690188904886,False,False,True,11.804855999911272
954,12.340705864519109,12.10010039101655,False,11.964817397785627,12.215481164404672,2,39,11.976594811781178,2,11.884777565189452,2,3,12.07817052176723,2,7,1,0,12.169436290122853,2,2,True,True,True,12.022824369608022,True,False,3.0,-0.7392318558937853,1.3784738722972505,0.38053048828781655,True,5.4510384535657,False,False,True,5.723585101952381,False,False,False,12.055255569732177
955,11.862887045549764,12.10010039101655,False,11.722415663465464,11.891694659765184,2,31,11.937149528022868,2,11.884777565189452,3,2,12.07817052176723,2,4,0,0,11.524571661116692,0,0,True,False,False,12.031260150455237,False,False,3.0,-0.23087032284557815,-1.0861489736070777,0.06482899740403293,True,5.5254529391317835,False,False,False,0.0,False,False,True,11.755879486687116
956,11.862887045549764,11.982249305193077,False,12.224810430420682,12.215481164404672,2,57,11.878527194048742,2,11.884777565189452,3,2,11.521165088893575,2,8,0,0,12.169436290122853,1,2,True,False,False,12.022824369608022,True,False,2.0,-0.13290813398194895,-1.0861489736070777,-0.46185207572084075,True,6.049733455231958,False,False,False,0.0,False,False,True,11.884495917930655
958,12.067973683336726,12.10010039101655,True,11.814945672101624,12.01107557809201,2,45,11.878527194048742,2,11.884777565189452,2,2,12.07817052176723,2,6,0,0,11.785369069475001,3,2,True,False,False,12.022824369608022,True,False,1.0,0.08149902336783159,-1.0861489736070777,-0.38755012045264015,False,0.0,False,False,False,0.0,False,False,True,11.790564777297387
959,12.067973683336726,12.10010039101655,True,12.164079627677117,12.01107557809201,2,4,12.219079222451217,3,12.272285293053542,3,3,12.07817052176723,3,6,0,0,12.169436290122853,2,2,True,False,False,12.022824369608022,True,False,3.0,0.7557085748059952,0.6114063380930174,-0.1393785518100495,False,0.0,False,False,False,0.0,False,False,True,12.128116509451258
960,11.897576911041353,12.25239181580412,True,12.303267610871854,12.215481164404672,2,11,11.878527194048742,3,12.272285293053542,3,3,12.07817052176723,3,6,0,0,11.785369069475001,1,2,True,False,False,12.022824369608022,True,False,3.5,-1.0552824499636353,0.6683178641193189,-2.3710368451349804,False,0.0,False,False,False,0.0,False,False,True,11.951186847493476
961,12.067973683336726,12.10010039101655,False,11.722739856073467,12.01107557809201,2,2,11.84430531876782,2,11.884777565189452,2,3,12.07817052176723,2,4,0,0,11.524571661116692,0,0,True,False,False,12.022824369608022,False,False,2.0,-0.4956767202218916,-1.0861489736070777,-0.4430120344956415,False,0.0,False,False,True,4.770684624465665,False,False,True,11.665655135642039
962,12.340705864519109,12.10010039101655,False,12.122775029074985,12.215481164404672,2,13,11.976594811781178,2,11.884777565189452,3,2,12.07817052176723,2,11,1,2,12.169436290122853,3,2,True,False,False,12.022824369608022,True,False,3.5,0.740364181401972,1.5796226196651209,0.5718724098583263,True,6.052089168924417,False,False,True,6.311734809152915,False,False,False,12.513561021741964
963,11.897576911041353,12.10010039101655,True,12.03258387136611,12.215481164404672,2,31,12.03878070203725,2,11.884777565189452,3,2,12.07817052176723,3,7,1,2,11.785369069475001,1,2,True,False,False,12.022824369608022,True,False,3.5,-0.671570974562526,-1.0861489736070777,-2.5698910638431385,False,0.0,False,False,True,3.8918202981106265,False,False,True,11.951186847493476
964,12.067973683336726,12.10010039101655,False,12.164079627677117,12.01107557809201,3,2,12.219079222451217,3,12.272285293053542,3,3,12.07817052176723,3,7,0,0,12.169436290122853,3,2,True,False,False,12.022824369608022,True,False,2.0,1.6466913475224287,1.2149021219766263,0.5231303264216008,False,0.0,False,False,True,5.666426688112432,False,False,True,12.384223015005313
965,12.340705864519109,12.10010039101655,True,12.352621312150928,12.215481164404672,2,7,12.219079222451217,3,12.272285293053542,3,3,12.07817052176723,3,8,1,3,12.401316665059703,3,2,True,False,False,12.022824369608022,True,False,3.5,-0.628342771786737,0.6233232083761491,0.4221026315067391,True,3.8066624897703196,False,False,False,0.0,False,False,True,12.277932735946903
966,12.340705864519109,12.10010039101655,True,12.15826751067062,12.215481164404672,2,0,12.219079222451217,3,12.272285293053542,3,3,12.07817052176723,3,8,1,3,12.169436290122853,3,2,True,False,False,12.465956889344524,True,False,2.5,-0.7426526507476536,0.9039082838687957,0.22883649230848613,False,0.0,False,False,False,0.0,False,False,True,12.094587859196112
967,11.813689225424564,12.10010039101655,False,12.224810430420682,11.808193836543019,2,59,11.878527194048742,3,11.712360342176042,2,3,12.07817052176723,2,7,2,2,11.785369069475001,1,2,True,False,False,12.022824369608022,True,False,2.5,-0.9366782695392948,0.8903008892806774,0.10526630785717257,False,0.0,False,False,False,0.0,False,False,True,11.982935344196433
968,12.067973683336726,12.10010039101655,False,11.889207077291879,12.01107557809201,2,53,11.84430531876782,2,11.884777565189452,2,2,12.07817052176723,2,6,0,0,12.169436290122853,1,2,True,False,False,12.022824369608022,True,False,2.0,0.18893750271311974,-1.0861489736070777,-0.39526779353819375,True,5.0238805208462765,False,False,False,0.0,False,False,False,11.813037464800539
969,11.813689225424564,11.722226169284978,True,11.70731327255742,11.808193836543019,1,59,12.219079222451217,2,11.712360342176042,2,2,11.521165088893575,2,6,0,0,11.524571661116692,0,0,True,True,False,11.831203284138704,False,False,1.0,-1.440753043155675,-1.0861489736070777,-0.8146065648529707,False,0.0,False,False,False,0.0,False,False,True,10.542732775946709
970,11.80746747836454,12.10010039101655,True,11.889207077291879,12.015308249970365,2,48,11.976594811781178,2,11.884777565189452,2,2,12.07817052176723,2,6,0,0,12.169436290122853,2,2,True,False,False,12.022824369608022,True,False,2.0,-1.492502495556824,-1.0861489736070777,0.2559240156181103,True,4.663439094112067,False,False,False,0.0,False,False,True,11.849404844423074
971,11.813689225424564,12.10010039101655,True,11.889207077291879,11.808193836543019,1,56,11.869146895887042,2,11.884777565189452,2,2,11.521165088893575,2,6,0,0,11.524571661116692,0,0,True,False,False,11.831203284138704,False,False,1.5,-0.9659140918313551,-1.0861489736070777,0.3320110897190179,False,0.0,False,False,False,0.0,False,False,True,11.813037464800539
972,11.897576911041353,12.10010039101655,True,12.614502598853377,12.215481164404672,2,5,12.219079222451217,3,12.272285293053542,3,3,12.07817052176723,3,6,0,0,12.401316665059703,2,2,True,False,False,12.022824369608022,True,False,2.0,-0.8083525269448628,0.44011707072913253,-2.6019243786613413,True,4.672828834461906,False,False,False,0.0,False,False,True,12.06105265381003
975,11.972299710268643,12.10010039101655,False,11.722739856073467,12.215481164404672,2,16,11.976594811781178,2,11.712360342176042,3,2,11.521165088893575,3,8,0,0,11.785369069475001,1,2,True,True,False,12.022824369608022,True,False,1.0,-0.9366782695392948,1.2112537784720276,0.43876310343496716,False,0.0,False,False,True,6.234410725718371,False,False,True,12.02874460037869
976,11.897576911041353,12.25239181580412,True,12.303267610871854,12.215481164404672,2,6,11.878527194048742,3,12.272285293053542,3,3,12.07817052176723,3,6,0,0,11.785369069475001,1,2,True,False,False,12.022824369608022,True,False,3.5,-1.1433797378464627,0.7289854468371297,-2.3153609010021188,False,0.0,False,False,True,5.0369526024136295,False,False,False,12.013706813470414
977,11.432508350773558,12.10010039101655,False,11.722739856073467,12.01107557809201,1,48,11.84430531876782,2,12.272285293053542,3,2,12.07817052176723,2,4,0,0,11.524571661116692,0,0,True,False,False,12.022824369608022,False,False,1.0,-2.2166493930734434,-1.0861489736070777,-0.8226017733936674,False,0.0,False,False,False,0.0,False,False,True,11.356283350762888
979,12.067973683336726,12.10010039101655,True,11.722415663465464,12.01107557809201,1,53,11.878527194048742,2,11.884777565189452,2,3,12.07817052176723,2,5,0,0,11.785369069475001,1,2,True,False,False,11.831203284138704,True,False,1.0,-0.38349379195751865,-1.0861489736070777,0.07501577134395639,False,0.0,False,False,False,0.0,False,False,True,11.608244735642321
980,12.067973683336726,12.10010039101655,True,11.814945672101624,12.01107557809201,2,46,12.219079222451217,2,12.272285293053542,2,2,12.07817052176723,2,5,0,0,11.785369069475001,1,2,True,True,False,12.022824369608022,True,False,2.0,0.24774574656530035,0.9549328321349695,-0.05819454410015034,False,0.0,False,False,False,0.0,False,False,True,11.842236406331555
981,11.971042740656404,12.10010039101655,False,11.889207077291879,11.891694659765184,2,1,12.366209798533164,3,11.884777565189452,2,3,12.07817052176723,3,6,0,0,12.169436290122853,2,2,True,False,False,12.022824369608022,True,False,2.0,-0.23379593562087814,0.9300663917002016,0.5551709647343025,True,5.351858133476067,False,False,True,4.976733742420574,False,False,False,12.091789104493502
982,12.340705864519109,12.10010039101655,False,12.65906276870971,12.215481164404672,3,10,12.219079222451217,3,12.272285293053542,3,3,12.07817052176723,3,8,1,2,12.169436290122853,3,2,True,False,False,12.022824369608022,True,False,3.5,0.50167969998163,-1.0861489736070777,0.5680671985425401,True,6.883462586413092,False,False,True,5.5254529391317835,False,False,True,12.724869415131389
984,12.340705864519109,12.10010039101655,True,12.164079627677117,12.215481164404672,3,6,12.366209798533164,3,12.272285293053542,3,3,12.07817052176723,3,9,1,3,12.169436290122853,1,2,True,False,False,12.022824369608022,True,False,2.5,0.2654434285996389,-1.0861489736070777,0.4108035034329658,False,0.0,False,False,False,0.0,False,False,False,12.45254592991672
986,11.80746747836454,12.10010039101655,True,11.722415663465464,12.01107557809201,2,58,11.878527194048742,2,11.884777565189452,2,2,11.521165088893575,2,5,0,0,11.785369069475001,1,2,True,False,False,12.022824369608022,True,False,2.0,0.3550341770106951,0.7095732077658102,0.34624792167523116,False,0.0,False,False,False,0.0,False,False,True,11.736077016252437
987,11.813689225424564,11.722226169284978,True,11.70731327255742,11.808193836543019,2,3,12.219079222451217,2,11.884777565189452,2,3,12.07817052176723,3,5,0,0,12.169436290122853,1,2,True,False,False,12.022824369608022,True,False,1.0,-1.97729014573095,-1.0861489736070777,-1.021463735737956,False,0.0,False,False,True,5.978885764901122,False,False,True,11.669937760751914
988,12.067973683336726,12.10010039101655,False,12.614502598853377,12.01107557809201,3,0,12.219079222451217,3,12.272285293053542,3,3,12.07817052176723,3,8,1,3,12.169436290122853,3,2,True,False,False,12.465956889344524,True,False,3.5,1.8619536584848768,1.0385925131798817,0.21411140311277396,True,6.111467339502679,False,False,True,5.1298987149230735,False,False,True,12.887129532148373
989,12.340705864519109,12.10010039101655,False,12.122775029074985,12.215481164404672,2,31,12.03878070203725,2,11.884777565189452,2,2,12.07817052176723,3,8,1,2,12.169436290122853,3,2,True,False,False,12.022824369608022,True,False,2.5,-0.5275369941219105,1.463581389933586,0.542994793922175,True,5.700443573390687,False,False,False,0.0,False,False,False,12.180759965737863
990,12.340705864519109,12.25239181580412,True,12.303267610871854,12.215481164404672,2,0,12.219079222451217,3,12.272285293053542,3,3,12.07817052176723,3,6,0,0,12.169436290122853,2,2,True,False,False,12.465956889344524,True,False,2.5,-0.7874589285717853,0.7289854468371297,-0.21437084183662683,False,0.0,False,False,False,0.0,False,False,True,12.190964083849375
991,12.340705864519109,12.10010039101655,True,12.65906276870971,12.215481164404672,3,8,12.219079222451217,3,12.272285293053542,3,3,12.07817052176723,3,7,1,2,12.169436290122853,3,2,True,False,False,12.022824369608022,True,False,3.5,0.8824352281190491,0.8903008892806774,0.07542215736359822,True,6.049733455231958,False,False,False,0.0,False,False,True,12.759960632315702
992,11.972299710268643,11.722226169284978,True,11.70731327255742,12.215481164404672,3,23,11.84430531876782,3,11.712360342176042,2,3,12.07817052176723,3,8,1,3,12.169436290122853,1,2,True,False,False,12.022824369608022,True,False,1.5,-0.31678530803409655,1.3226888573618873,1.2894839395622795,False,0.0,False,False,False,0.0,False,False,True,12.031725210748633
993,12.340705864519109,12.10010039101655,True,11.889207077291879,12.215481164404672,2,14,11.84430531876782,2,11.884777565189452,2,3,12.07817052176723,3,7,1,2,12.169436290122853,2,2,True,True,False,12.022824369608022,True,False,2.5,-0.6118696791332726,0.6463304015240848,0.137033846470293,True,5.831882477283517,False,False,True,5.480638923341991,False,False,True,12.138869243416009
994,12.340705864519109,12.10010039101655,True,12.164079627677117,12.215481164404672,2,0,12.219079222451217,2,12.272285293053542,3,3,12.07817052176723,3,6,0,0,12.169436290122853,2,2,True,False,False,12.465956889344524,True,False,2.5,-0.8576433377174497,0.5606437570355319,-0.05168536804789679,False,0.0,False,False,False,0.0,False,False,True,12.066241450757124
995,12.067973683336726,12.10010039101655,True,12.614502598853377,12.01107557809201,3,2,12.366209798533164,3,12.272285293053542,3,3,12.07817052176723,3,7,1,3,12.169436290122853,3,2,True,False,False,12.022824369608022,True,False,3.0,1.4720601622099245,0.7095732077658102,0.6078214892740721,True,5.442417710521793,False,False,True,5.37989735354046,False,False,True,12.729323752253295
997,12.067973683336726,12.10010039101655,False,11.889207077291879,12.01107557809201,2,45,11.84430531876782,2,11.884777565189452,2,2,12.07817052176723,2,6,0,0,12.169436290122853,1,2,True,False,False,12.022824369608022,True,False,2.0,0.06280846840340626,1.6420759731241152,0.30666858092483046,False,0.0,False,False,False,0.0,False,False,False,11.824087219587643
998,12.067973683336726,12.10010039101655,False,12.122775029074985,12.01107557809201,2,39,11.976594811781178,2,11.884777565189452,2,2,12.07817052176723,2,6,1,2,12.169436290122853,2,2,True,False,False,12.022824369608022,True,False,2.0,0.9781647167045657,-1.0861489736070777,0.4894132112138334,True,6.349138991379798,False,False,True,5.918893854273146,False,False,False,12.128116509451258
999,11.432508350773558,11.722226169284978,True,11.498308778772056,12.01107557809201,1,56,11.84430531876782,2,11.712360342176042,2,2,11.521165088893575,2,6,1,3,11.785369069475001,1,2,True,False,False,12.022824369608022,True,False,1.0,-0.054348707377713135,1.0636645607817066,0.14214845282788335,False,0.0,False,False,False,0.0,False,True,True,11.418625774449596
1000,12.067973683336726,12.10010039101655,True,12.164079627677117,12.01107557809201,2,4,12.219079222451217,3,12.272285293053542,3,3,12.07817052176723,3,6,0,0,12.169436290122853,2,2,True,False,False,12.022824369608022,True,False,3.0,0.4110658061692287,0.8240458786726707,-0.5641877601461365,True,3.2188758248682006,False,False,True,4.663439094112067,False,False,True,12.235636302128867
1002,11.432508350773558,12.10010039101655,True,11.70731327255742,12.01107557809201,2,57,11.84430531876782,2,11.712360342176042,2,3,12.07817052176723,3,4,0,0,11.785369069475001,1,2,True,False,False,11.831203284138704,True,False,1.0,-1.0742246082315599,0.30310604524104484,-0.9897876801373406,False,0.0,False,False,False,0.0,False,True,True,11.362114203075018
1003,12.067973683336726,12.10010039101655,False,12.303267610871854,12.01107557809201,3,2,12.219079222451217,3,12.272285293053542,3,3,12.07817052176723,3,7,1,3,12.169436290122853,2,2,True,False,False,12.022824369608022,True,False,2.0,1.2393388833117285,1.0828663961434097,0.5286410637991938,True,3.9889840465642745,False,False,True,4.976733742420574,False,False,True,12.354496960983985
1004,11.862887045549764,12.10010039101655,False,12.122775029074985,12.01107557809201,2,31,12.219079222451217,2,11.884777565189452,2,2,12.07817052176723,2,8,0,0,11.785369069475001,1,2,True,False,False,12.022824369608022,True,False,2.0,1.436105970622458,-1.0861489736070777,0.4532699506367141,True,5.10594547390058,False,False,False,0.0,False,False,False,11.827049837927534
1006,12.027100518212453,12.10010039101655,True,12.164079627677117,12.015308249970365,2,31,11.976594811781178,3,11.884777565189452,3,2,12.07817052176723,2,6,0,0,12.169436290122853,1,2,True,False,False,12.022824369608022,True,False,2.0,-0.1159171359414577,-1.0861489736070777,-0.15415123001296152,True,5.3981627015177525,False,False,True,5.351858133476067,False,False,True,11.917730355182513
1007,12.067973683336726,12.10010039101655,False,11.889207077291879,12.01107557809201,2,37,12.03878070203725,2,11.884777565189452,3,3,12.07817052176723,2,7,1,2,12.169436290122853,1,2,True,False,False,12.022824369608022,True,False,2.5,1.3943129323256525,-1.0861489736070777,0.5604350158360283,False,0.0,False,True,False,0.0,False,False,False,12.004574385508691
1008,11.897576911041353,11.722226169284978,True,12.003139473921845,12.215481164404672,1,39,12.366209798533164,2,11.884777565189452,2,2,12.07817052176723,2,6,0,0,12.169436290122853,2,2,True,False,False,12.022824369608022,True,False,1.5,-1.6808716923095048,-1.0861489736070777,-2.6435683639829217,False,0.0,False,False,True,5.476463551931511,False,False,True,11.385103457032141
1009,12.067973683336726,12.10010039101655,False,11.964817397785627,12.01107557809201,2,4,12.219079222451217,3,12.272285293053542,3,3,12.07817052176723,3,7,1,3,12.169436290122853,3,2,True,False,False,12.022824369608022,True,False,2.0,1.4899046344804128,0.7095732077658102,0.5545319564890266,True,4.6913478822291435,False,True,True,4.61512051684126,False,False,True,12.388398368982115
1010,11.813689225424564,12.10010039101655,True,11.894163489986184,11.808193836543019,2,56,11.84430531876782,2,11.712360342176042,2,3,12.07817052176723,2,7,0,0,11.524571661116692,0,0,True,False,False,12.022824369608022,False,False,2.0,-0.051576986188239846,-1.0861489736070777,-0.7908151911363298,False,0.0,False,False,False,0.0,True,True,True,11.532737896139919
1011,11.813689225424564,12.10010039101655,True,11.814945672101624,11.808193836543019,2,58,11.84430531876782,2,11.884777565189452,2,2,12.07817052176723,2,7,1,3,12.169436290122853,1,2,True,False,False,12.022824369608022,True,False,2.0,-0.9659140918313551,-1.0861489736070777,1.6554845060060803,False,0.0,False,False,False,0.0,False,True,True,11.813037464800539
1014,11.432508350773558,11.722226169284978,True,11.70731327255742,12.01107557809201,2,3,11.878527194048742,2,11.712360342176042,2,2,11.521165088893575,2,4,0,0,11.785369069475001,1,2,True,False,False,12.022824369608022,True,False,2.0,-0.013012520106233548,0.4888362937281327,-0.44486150961596177,False,0.0,False,False,False,0.0,False,True,True,11.350418300109132
1015,12.067973683336726,12.10010039101655,True,11.889207077291879,12.01107557809201,2,57,11.878527194048742,2,11.884777565189452,2,2,12.07817052176723,2,5,1,3,11.785369069475001,1,2,True,False,False,12.022824369608022,True,False,1.0,0.1474163490282797,1.1926108229898347,0.4806457075316383,True,5.332718793265369,False,False,False,0.0,False,False,True,11.688566422839942
1016,12.340705864519109,12.10010039101655,True,12.122775029074985,12.215481164404672,3,8,12.219079222451217,3,12.272285293053542,3,3,12.07817052176723,3,6,0,0,12.169436290122853,3,2,True,False,False,12.022824369608022,True,False,3.5,-0.6515473846552752,0.6789570245424512,-0.15073234621895343,False,0.0,False,False,False,0.0,False,False,True,12.33270970174018
1017,12.067973683336726,12.10010039101655,True,12.164079627677117,12.01107557809201,2,13,12.219079222451217,3,12.272285293053542,3,3,12.07817052176723,3,6,1,2,12.169436290122853,3,2,True,False,False,12.022824369608022,True,False,3.0,1.1032255895534462,0.8619281625927298,0.5166276169333577,True,5.2832037287379885,False,False,True,4.7535901911063645,False,False,True,12.220966184120165
1018,12.183695128206182,12.10010039101655,False,12.38035169513184,12.01107557809201,3,25,11.976594811781178,3,11.884777565189452,3,3,12.07817052176723,3,4,1,3,12.169436290122853,2,2,True,False,False,11.831203284138704,True,False,2.0,0.48989239677434687,-1.0861489736070777,-0.8503576910699965,False,0.0,False,False,True,4.1588830833596715,False,False,False,12.141539457711714
1019,12.027100518212453,12.10010039101655,False,12.15826751067062,12.015308249970365,2,15,11.976594811781178,3,12.272285293053542,3,3,12.07817052176723,3,7,1,2,12.169436290122853,2,2,True,False,False,12.022824369608022,True,False,2.5,-2.5449290204607475,-1.0861489736070777,0.32915148937094013,True,4.343805421853684,False,False,True,5.10594547390058,False,False,False,11.982935344196433
1020,12.183695128206182,12.10010039101655,True,12.060862913494523,12.01107557809201,2,1,12.219079222451217,3,12.272285293053542,3,3,12.07817052176723,3,6,1,3,12.169436290122853,3,2,True,False,False,12.022824369608022,True,False,2.0,0.8099666760692052,0.30310604524104484,-2.0791783861747817,True,4.983606621708336,False,False,True,4.962844630259907,False,False,True,12.271349956195543
1021,12.067973683336726,12.10010039101655,True,11.722415663465464,12.01107557809201,1,3,12.219079222451217,2,12.272285293053542,3,3,12.07817052176723,3,5,0,0,12.169436290122853,3,2,True,False,False,12.022824369608022,True,False,2.5,0.27551516003172616,0.8471168848836711,-0.49194326410047223,False,0.0,False,False,True,5.53338948872752,False,False,True,12.07824495582233
1022,12.067973683336726,12.10010039101655,True,12.164079627677117,12.01107557809201,2,0,12.219079222451217,3,12.272285293053542,3,3,12.07817052176723,3,6,0,0,12.169436290122853,2,2,True,False,False,12.465956889344524,True,False,3.0,0.4399398253893993,0.7656795346460883,-0.39114793906092166,True,4.442651256490317,False,False,True,4.663439094112067,False,False,True,12.175618592671356
1023,11.813689225424564,11.722226169284978,True,11.70731327255742,11.808193836543019,2,57,11.84430531876782,2,11.884777565189452,2,3,12.07817052176723,2,6,0,0,11.785369069475001,1,2,True,False,False,12.022824369608022,True,False,1.0,-0.3288136669813322,-1.0861489736070777,0.07277916048798613,False,0.0,False,False,False,0.0,False,True,True,11.373674891823535
1025,12.067973683336726,12.10010039101655,False,12.352621312150928,12.01107557809201,3,32,12.05655788918448,3,11.884777565189452,3,2,12.07817052176723,3,10,1,3,12.169436290122853,3,2,True,False,False,11.831203284138704,True,False,3.0,1.2221260014310136,0.9039082838687957,1.032806797391661,False,0.0,False,False,False,0.0,False,True,False,12.567240979056246
1026,12.067973683336726,12.10010039101655,True,12.164079627677117,12.01107557809201,2,35,12.219079222451217,2,11.884777565189452,2,2,12.07817052176723,2,5,0,0,11.785369069475001,1,2,True,True,False,12.022824369608022,True,False,2.0,-0.4204612400317373,-1.0861489736070777,-0.31693948394230215,False,0.0,False,False,True,4.574710978503383,False,False,True,11.630717389475995
1027,12.067973683336726,12.10010039101655,True,11.889207077291879,12.01107557809201,2,50,11.878527194048742,2,11.884777565189452,2,2,12.07817052176723,2,6,2,3,12.169436290122853,1,2,True,False,False,12.022824369608022,True,False,2.0,0.6014217569485827,-1.0861489736070777,0.044297297475710096,True,5.783825182329737,False,True,False,0.0,False,False,True,12.02874460037869
1028,12.067973683336726,12.10010039101655,False,12.352621312150928,12.01107557809201,3,0,12.219079222451217,3,12.272285293053542,3,3,12.07817052176723,3,7,1,3,12.169436290122853,2,2,True,False,False,12.465956889344524,True,False,3.0,1.3594203357745067,0.6683178641193189,0.08919003659551829,True,5.82600010738045,False,False,True,5.262690188904886,False,False,True,12.588194064175278
1029,11.813689225424564,12.10010039101655,True,11.889207077291879,11.808193836543019,2,57,11.937149528022868,2,11.884777565189452,2,2,12.07817052176723,2,6,1,3,12.169436290122853,1,2,True,False,False,12.022824369608022,True,False,2.0,-0.7944082804472195,-1.0861489736070777,0.08353246338299773,False,0.0,False,False,False,0.0,False,False,True,11.561725152903833
1031,11.80746747836454,11.982249305193077,True,11.894163489986184,12.215481164404672,2,11,12.219079222451217,2,12.272285293053542,2,3,12.07817052176723,2,10,0,0,11.524571661116692,0,0,True,False,False,12.022824369608022,False,False,2.0,-1.0932817660037126,-1.0861489736070777,-0.47630287340237054,False,0.0,False,False,False,0.0,False,True,False,11.982935344196433
1032,12.066699991720135,12.10010039101655,True,11.894163489986184,12.06226253125337,2,39,11.84430531876782,2,11.712360342176042,2,3,12.07817052176723,2,12,2,2,11.987475505601928,3,2,True,False,False,12.022824369608022,True,False,3.5,-0.6053039087554111,0.8395439320447123,1.0782623961867075,False,0.0,False,False,True,4.919980925828125,True,False,True,12.190964083849375
1033,12.340705864519109,12.10010039101655,False,12.65906276870971,12.215481164404672,3,13,11.878527194048742,3,12.272285293053542,3,3,12.07817052176723,3,10,1,2,12.169436290122853,2,2,True,False,False,11.831203284138704,True,False,3.5,0.7578951383808128,0.7744464942627202,0.9085226600553798,False,0.0,False,False,True,5.3471075307174685,False,False,False,12.644330802262578
1034,12.067973683336726,12.10010039101655,True,12.164079627677117,12.01107557809201,2,4,12.219079222451217,3,12.272285293053542,3,3,12.07817052176723,3,6,0,0,12.169436290122853,1,2,True,False,False,12.022824369608022,True,False,3.0,1.3888259178724383,1.2149021219766263,-0.21437084183662683,True,5.69035945432406,False,False,False,0.0,False,False,False,12.345838935721968
1035,11.432508350773558,12.10010039101655,True,12.224810430420682,12.01107557809201,2,57,11.878527194048742,2,12.272285293053542,2,3,12.07817052176723,2,5,1,3,11.987475505601928,1,2,True,True,False,12.022824369608022,True,False,1.0,-0.3048008211443209,-1.0861489736070777,-0.6969371026711637,False,0.0,False,False,False,0.0,False,False,True,11.693169865968983
1037,12.067973683336726,12.10010039101655,False,12.352621312150928,12.01107557809201,3,1,12.219079222451217,3,12.272285293053542,3,3,12.07817052176723,3,6,1,3,12.169436290122853,3,2,True,False,False,12.022824369608022,True,False,3.0,1.3260502218984918,-1.0861489736070777,0.6754360169631713,True,4.2626798770413155,False,False,True,5.43372200355424,False,False,True,12.66191713053049
1038,12.340705864519109,12.10010039101655,True,12.164079627677117,12.215481164404672,3,6,12.219079222451217,3,12.272285293053542,3,3,12.07817052176723,3,7,1,2,12.401316665059703,3,2,True,False,False,12.022824369608022,True,False,2.5,0.07616946106296868,0.6789570245424512,0.03187555798673746,True,5.983936280687191,False,True,False,0.0,False,False,False,12.567240979056246
1041,12.067973683336726,12.10010039101655,True,11.814945672101624,12.01107557809201,2,6,11.84430531876782,2,11.884777565189452,2,3,12.07817052176723,2,8,1,2,12.169436290122853,2,2,True,True,False,12.022824369608022,True,False,3.0,0.28053986031055933,-1.0861489736070777,0.7092950232928655,True,4.219507705176107,False,False,False,0.0,False,False,True,11.951186847493476
1042,12.340705864519109,12.10010039101655,True,12.122775029074985,12.215481164404672,2,8,11.976594811781178,2,11.884777565189452,2,3,12.07817052176723,3,7,0,0,12.169436290122853,1,2,True,False,False,12.022824369608022,True,False,2.0,-0.68498960185098,0.6233232083761491,0.008898420249483731,True,5.53338948872752,False,False,False,0.0,False,False,False,12.06105265381003
1043,12.183695128206182,12.10010039101655,False,12.614502598853377,12.01107557809201,2,4,12.219079222451217,3,12.272285293053542,3,3,12.07817052176723,3,5,1,3,12.169436290122853,2,2,True,False,False,12.022824369608022,True,False,3.0,0.6872364062669635,0.8395439320447123,-0.9964321175091171,True,4.912654885736052,False,False,True,5.14166355650266,False,False,True,12.185875040240456
1044,12.340705864519109,12.10010039101655,True,12.139860799469593,12.215481164404672,2,18,11.976594811781178,2,12.272285293053542,3,3,12.07817052176723,3,10,1,3,12.169436290122853,1,2,True,False,False,12.022824369608022,True,False,3.5,1.0452774875447557,1.15723543378913,0.5094501427850076,True,4.605170185988092,False,False,True,5.262690188904886,False,False,True,12.47717172708952
1045,12.067973683336726,12.10010039101655,True,12.122775029074985,12.01107557809201,3,28,12.1233228118755,3,12.272285293053542,3,2,12.07817052176723,3,9,1,3,12.169436290122853,3,2,True,True,False,12.022824369608022,True,False,3.5,2.7134165028651,1.1531489793728533,0.10526630785717257,False,0.0,False,False,True,6.163314804034641,False,False,True,12.535379989788607
1047,12.340705864519109,12.10010039101655,False,12.38035169513184,12.215481164404672,3,0,12.366209798533164,3,12.272285293053542,3,3,12.07817052176723,3,11,1,3,12.401316665059703,3,2,True,False,False,12.465956889344524,True,False,3.5,1.9603678824472046,1.1013684419671705,1.101890627262536,True,5.342334251964811,False,False,True,5.3706380281276624,False,False,True,13.229569788348705
1048,12.067973683336726,12.10010039101655,False,12.164079627677117,12.01107557809201,2,13,12.219079222451217,2,12.272285293053542,3,3,12.07817052176723,2,5,0,0,11.785369069475001,1,2,True,False,False,12.022824369608022,True,False,1.5,-0.10182400554165401,-1.0861489736070777,0.03291367771391945,False,0.0,False,False,False,0.0,False,False,True,11.884495917930655
1051,12.067973683336726,12.10010039101655,False,12.15826751067062,12.01107557809201,2,0,12.219079222451217,3,12.272285293053542,3,3,12.07817052176723,3,6,0,0,12.169436290122853,3,2,True,False,False,12.465956889344524,True,False,2.0,0.6783024566110486,0.34632210079751535,-0.02009582643722238,False,0.0,False,False,False,0.0,False,False,True,12.080996832096167
1052,12.067973683336726,12.10010039101655,False,12.164079627677117,12.01107557809201,2,0,12.219079222451217,3,12.272285293053542,3,3,12.07817052176723,3,6,1,3,12.169436290122853,3,2,True,False,False,12.465956889344524,True,False,2.0,0.7094714837021298,0.30310604524104484,0.397885511986141,False,0.0,False,False,False,0.0,False,False,True,12.206782393599413
1053,12.340705864519109,12.10010039101655,True,11.889207077291879,12.215481164404672,2,29,12.219079222451217,2,11.884777565189452,2,2,12.07817052176723,2,9,1,2,12.169436290122853,2,2,True,True,False,12.022824369608022,True,False,2.0,-0.6316475076850964,0.7476698005124531,0.0851505579071939,True,5.60947179518496,False,False,False,0.0,False,False,True,12.013706813470414
1054,12.067973683336726,12.10010039101655,True,11.722415663465464,12.01107557809201,2,8,11.976594811781178,2,11.884777565189452,2,3,12.07817052176723,2,7,1,3,11.987475505601928,1,2,True,False,False,12.022824369608022,True,False,1.0,0.48043340599701,0.9426529456779301,-0.11418000637579753,True,4.983606621708336,False,False,True,4.762173934797756,False,False,True,11.881041706925902
1055,12.340705864519109,12.10010039101655,True,12.164079627677117,12.215481164404672,3,4,12.219079222451217,3,12.272285293053542,3,3,12.07817052176723,3,7,1,3,12.169436290122853,3,2,True,False,False,12.022824369608022,True,False,3.5,0.10273323541736322,0.8161132635890703,0.4307902119252391,True,5.351858133476067,False,False,True,5.298317366548036,False,False,True,12.449022745701502
1056,12.067973683336726,12.10010039101655,True,12.122775029074985,12.01107557809201,2,32,12.03878070203725,2,11.884777565189452,3,2,12.07817052176723,2,7,1,2,12.169436290122853,3,2,True,True,False,11.831203284138704,True,False,2.5,0.42553320211727985,-1.0861489736070777,0.42977010222079226,True,5.081404364984463,False,True,False,0.0,False,False,True,12.100717685412471
1057,12.183695128206182,12.10010039101655,False,12.614502598853377,12.01107557809201,2,1,12.219079222451217,3,12.272285293053542,3,3,12.07817052176723,3,6,1,3,12.169436290122853,2,2,True,False,False,12.022824369608022,True,False,3.0,0.8142712132504559,0.5738312635980962,-0.4843772013700473,True,5.484796933490655,False,False,True,5.262690188904886,False,False,True,12.13270055639427
1058,12.340705864519109,12.10010039101655,False,12.65906276870971,12.215481164404672,2,15,11.976594811781178,3,12.272285293053542,3,3,12.07817052176723,3,7,1,3,12.401316665059703,3,2,True,False,False,12.022824369608022,True,False,2.5,-0.14998649839851,1.0537840408531192,2.333440242340532,False,0.0,False,False,True,5.1298987149230735,False,False,False,12.421188057397055
1059,12.340705864519109,12.10010039101655,False,12.614502598853377,12.215481164404672,3,1,12.219079222451217,3,12.272285293053542,3,3,12.07817052176723,3,10,1,3,12.169436290122853,3,2,True,False,False,12.022824369608022,True,False,3.5,0.2043774509072304,1.073356289246454,0.4207364393939496,True,5.043425116919247,False,False,False,0.0,False,False,True,12.721888795877375
1061,12.183695128206182,12.10010039101655,True,12.38035169513184,12.01107557809201,3,9,12.366209798533164,3,12.272285293053542,3,3,12.07817052176723,3,6,0,0,12.169436290122853,3,2,True,False,False,12.022824369608022,True,False,3.0,0.7578951383808128,-1.0861489736070777,-1.1650123067963432,False,0.0,False,False,False,0.0,False,True,True,12.271396795480596
1062,11.432508350773558,11.952960155415807,True,11.498308778772056,12.01107557809201,1,58,11.878527194048742,2,11.884777565189452,2,2,12.07817052176723,2,6,0,0,11.785369069475001,2,2,True,False,True,12.022824369608022,True,False,1.0,-0.38349379195751865,0.30310604524104484,1.3256582810910043,False,0.0,False,False,False,0.0,False,False,True,11.302216779257382
1063,11.80746747836454,11.722226169284978,True,11.70731327255742,12.215481164404672,2,57,11.84430531876782,2,11.712360342176042,2,2,11.521165088893575,2,10,0,0,11.785369069475001,1,2,True,False,False,12.022824369608022,True,False,2.0,-1.1864065758380178,0.7915320006029912,0.778350111169816,False,0.0,False,False,False,0.0,False,False,True,11.407576060361786
1064,11.432508350773558,11.722226169284978,True,11.70731327255742,12.01107557809201,2,26,11.878527194048742,2,11.712360342176042,2,3,12.07817052176723,3,5,1,3,11.785369069475001,1,2,True,True,False,12.022824369608022,True,False,1.0,0.20180901108201413,1.1531489793728533,-0.7908151911363298,False,0.0,False,False,True,5.117993812416755,False,False,True,11.612779849672751
1065,12.067973683336726,12.10010039101655,False,11.889207077291879,12.01107557809201,2,43,12.03878070203725,2,11.884777565189452,2,3,12.07817052176723,2,6,1,0,12.169436290122853,2,2,True,True,False,12.022824369608022,True,False,1.5,0.330383141533851,0.7998606689235249,0.3674144854557292,True,5.303304908059076,False,False,False,0.0,False,False,False,11.944714374881176
1066,12.340705864519109,12.10010039101655,True,12.125706184060236,12.215481164404672,2,13,11.84430531876782,3,12.272285293053542,3,3,12.07817052176723,3,7,0,0,12.169436290122853,2,2,True,False,False,12.022824369608022,True,False,3.5,0.6872364062669635,0.6683178641193189,0.8347161180227762,False,0.0,False,False,True,5.6937321388027,False,False,True,12.700771936142122
1067,12.340705864519109,12.10010039101655,False,12.15826751067062,12.215481164404672,2,15,12.219079222451217,3,12.272285293053542,3,3,12.07817052176723,2,7,1,2,12.169436290122853,2,2,True,False,False,12.022824369608022,True,False,2.5,-0.6883530276853321,0.6233232083761491,-0.28329058518676176,False,0.0,False,False,False,0.0,False,False,True,12.08954444723597
1068,12.340705864519109,12.10010039101655,True,11.889207077291879,12.215481164404672,2,44,11.976594811781178,2,11.884777565189452,2,2,12.07817052176723,2,7,0,0,12.169436290122853,2,2,True,False,False,12.022824369608022,True,False,2.5,-0.752937011713302,1.1849588391648505,0.137033846470293,True,5.8888779583328805,False,True,True,5.796057750765372,False,False,True,12.031129798974042
1070,11.96725095514478,12.10010039101655,True,11.889207077291879,11.954843206973223,2,4,11.878527194048742,2,11.884777565189452,2,2,12.07817052176723,3,4,0,0,11.785369069475001,1,2,True,False,False,12.022824369608022,True,False,1.5,-0.537156369551098,-1.0861489736070777,0.10526630785717257,False,0.0,False,False,False,0.0,False,False,True,11.813037464800539
1071,12.067973683336726,12.10010039101655,True,11.889207077291879,12.01107557809201,2,51,11.878527194048742,2,11.884777565189452,2,2,12.07817052176723,2,6,0,0,12.169436290122853,1,2,True,False,False,12.022824369608022,True,False,2.0,0.057449158745074044,0.30310604524104484,0.21278457932432782,True,4.795790545596741,False,True,False,0.0,False,False,True,11.813037464800539
1072,12.340705864519109,12.10010039101655,True,12.122775029074985,12.215481164404672,2,41,11.878527194048742,2,11.884777565189452,2,3,12.07817052176723,2,8,0,0,12.169436290122853,1,2,True,False,False,12.022824369608022,True,False,1.5,-0.9403180058501516,-1.0861489736070777,0.4866051780653754,False,0.0,False,False,False,0.0,False,False,True,11.944714374881176
1073,11.813689225424564,12.10010039101655,True,11.722415663465464,11.808193836543019,2,56,11.878527194048742,2,11.884777565189452,2,2,12.07817052176723,2,7,1,2,11.785369069475001,1,2,True,False,False,12.022824369608022,True,False,2.5,-0.6515473846552752,-1.0861489736070777,-0.3456348972152434,False,0.0,False,False,False,0.0,False,False,True,11.424105180165641
1074,12.340705864519109,12.10010039101655,False,11.722415663465464,12.215481164404672,2,32,11.976594811781178,2,11.884777565189452,2,2,12.07817052176723,2,6,0,0,12.169436290122853,3,2,True,True,False,12.022824369608022,True,False,1.5,-1.0780267909120549,-1.0861489736070777,-0.255961726713351,True,4.948759890378168,False,False,True,5.53338948872752,False,False,True,11.979805470779858
1075,12.067973683336726,12.10010039101655,True,12.164079627677117,12.01107557809201,2,1,12.219079222451217,3,12.272285293053542,3,3,12.07817052176723,3,5,0,0,12.169436290122853,2,2,True,False,False,12.022824369608022,True,False,2.0,0.5368015987226035,1.02820570111818,-0.11552182596852792,False,0.0,False,False,True,4.948759890378168,False,False,True,12.175618592671356
1076,11.972299710268643,12.10010039101655,True,12.224810430420682,12.215481164404672,2,23,11.84430531876782,2,11.884777565189452,2,2,12.07817052176723,2,6,2,3,12.169436290122853,1,2,True,False,False,12.022824369608022,True,False,1.5,-0.68498960185098,-1.0861489736070777,0.7092950232928655,False,0.0,False,False,False,0.0,False,False,True,12.299112067295642
1077,11.813689225424564,12.10010039101655,True,11.70731327255742,11.808193836543019,2,17,11.84430531876782,2,11.884777565189452,2,3,12.07817052176723,3,7,1,2,12.169436290122853,1,2,True,False,True,12.022824369608022,True,False,2.5,-0.6984644799855649,0.32519264610411086,0.3320110897190179,False,0.0,False,False,True,6.07993319509559,False,False,True,12.04355959836804
1078,12.067973683336726,12.10010039101655,False,11.889207077291879,12.01107557809201,2,37,12.219079222451217,2,11.884777565189452,2,3,12.07817052176723,2,6,0,0,12.169436290122853,3,2,True,False,False,11.831203284138704,True,False,2.0,0.18377516070979757,0.5188258045672854,1.07912422583062,False,0.0,False,False,True,5.484796933490655,False,False,False,11.840796531639839
1079,12.183695128206182,11.722226169284978,True,12.164079627677117,12.01107557809201,2,2,12.219079222451217,3,12.272285293053542,3,3,12.07817052176723,3,3,1,3,12.169436290122853,2,2,True,False,False,12.022824369608022,True,False,2.0,-0.5275369941219105,-1.0861489736070777,-1.359724546045621,True,5.135798437050262,False,False,True,4.948759890378168,False,False,True,11.956976469393481
1080,12.067973683336726,12.10010039101655,True,12.164079627677117,12.01107557809201,2,13,12.219079222451217,2,12.272285293053542,3,3,12.07817052176723,2,5,0,0,12.169436290122853,1,2,True,False,False,12.022824369608022,True,False,1.0,-0.10182400554165401,0.8471168848836711,-0.06712514325974321,False,0.0,False,False,False,0.0,False,False,True,11.744045122410057
1081,12.067973683336726,12.10010039101655,True,12.122775029074985,12.01107557809201,2,4,12.219079222451217,3,11.884777565189452,2,3,12.07817052176723,3,5,0,0,12.169436290122853,2,2,True,False,False,11.831203284138704,True,False,2.5,0.5784815027864016,-1.0861489736070777,0.3744204105789066,True,4.976733742420574,True,False,True,4.02535169073515,False,False,True,11.884495917930655
1082,12.067973683336726,12.10010039101655,True,11.814945672101624,12.01107557809201,2,47,11.976594811781178,2,11.884777565189452,2,2,12.07817052176723,2,5,0,0,12.169436290122853,3,2,True,True,False,12.022824369608022,True,False,2.5,0.035925955431013554,-1.0861489736070777,-0.3671162397748761,False,0.0,False,False,False,0.0,False,True,True,11.798111925972618
1083,12.067973683336726,12.10010039101655,True,12.164079627677117,12.01107557809201,2,5,12.219079222451217,3,12.272285293053542,3,3,12.07817052176723,3,6,1,3,12.169436290122853,2,2,True,False,False,12.022824369608022,True,False,2.0,1.0128966805989328,0.6114063380930174,-0.07280938107286251,True,4.61512051684126,False,False,True,5.262690188904886,False,False,True,12.165255859329688
1084,12.067973683336726,12.10010039101655,True,11.889207077291879,12.01107557809201,2,42,11.976594811781178,2,11.884777565189452,2,2,12.07817052176723,2,6,2,3,12.169436290122853,2,2,True,True,True,12.022824369608022,True,False,2.0,0.5623323362870348,1.1364673027798442,-0.06167486803362965,True,6.054439346269371,False,False,False,0.0,False,False,True,11.982935344196433
1085,12.340705864519109,12.10010039101655,False,12.15826751067062,12.215481164404672,2,10,11.976594811781178,2,12.272285293053542,3,3,12.07817052176723,2,6,1,2,12.169436290122853,3,2,True,False,False,12.022824369608022,True,False,2.5,-1.0742246082315599,0.6683178641193189,0.6953433429332131,False,0.0,False,False,True,5.755742213586912,False,False,False,12.141539457711714
1086,11.971042740656404,12.10010039101655,True,12.139860799469593,11.891694659765184,2,18,11.976594811781178,2,12.272285293053542,3,3,12.07817052176723,3,5,0,0,12.169436290122853,1,2,True,False,False,12.022824369608022,True,False,2.0,-0.2572946675399936,-1.0861489736070777,-0.003959102707858782,False,0.0,False,False,True,4.795790545596741,False,False,True,11.898194668458823
1087,11.897576911041353,11.722226169284978,True,12.003139473921845,12.215481164404672,1,37,12.366209798533164,2,11.884777565189452,2,2,12.07817052176723,2,6,0,0,12.169436290122853,2,2,True,False,False,12.022824369608022,True,False,1.5,-1.6808716923095048,1.0437071244260603,-2.8556470425173046,False,0.0,False,False,True,4.795790545596741,False,False,False,11.332613886815139
1088,12.340705864519109,12.25239181580412,True,12.303267610871854,12.215481164404672,3,3,12.219079222451217,3,12.272285293053542,3,3,12.07817052176723,3,9,1,3,12.169436290122853,2,2,True,False,False,12.022824369608022,True,False,2.5,0.1474163490282797,0.7289854468371297,0.2912340953465085,False,0.0,False,False,True,5.081404364984463,False,False,True,12.437188334739655
1089,11.897576911041353,11.722226169284978,True,11.722415663465464,12.215481164404672,2,2,12.219079222451217,3,12.272285293053542,3,3,12.07817052176723,3,7,0,0,11.785369069475001,1,2,True,False,False,12.022824369608022,True,False,2.0,-0.15855875219343615,0.6233232083761491,-2.407135588772479,True,3.9318256327243257,False,False,False,0.0,False,False,True,11.83138646878959
1090,12.183695128206182,12.25239181580412,False,12.303267610871854,12.01107557809201,3,1,11.878527194048742,3,12.272285293053542,3,3,12.07817052176723,3,4,1,3,12.169436290122853,3,2,True,False,False,12.022824369608022,True,False,2.5,0.5530702524941745,0.9786306483284682,-1.9017088590185145,False,0.0,False,False,False,0.0,False,False,True,12.190964083849375
1092,11.897576911041353,12.25239181580412,True,12.303267610871854,12.215481164404672,2,8,11.878527194048742,3,12.272285293053542,3,3,12.07817052176723,3,4,0,0,11.785369069475001,1,2,True,False,False,12.022824369608022,True,False,3.5,-1.440753043155675,0.7095732077658102,-2.691221955047212,True,5.3612921657094255,False,False,False,0.0,False,False,True,11.982935344196433
1093,11.813689225424564,12.10010039101655,True,11.894163489986184,11.808193836543019,2,58,11.878527194048742,2,12.272285293053542,2,2,12.07817052176723,2,7,1,3,11.785369069475001,1,2,True,False,False,12.022824369608022,True,False,2.0,0.3965370722990644,-1.0861489736070777,-0.15073234621895343,False,0.0,False,False,True,5.8377304471659395,False,True,True,11.824087219587643
1094,12.067973683336726,12.10010039101655,True,11.889207077291879,12.01107557809201,2,8,11.878527194048742,2,11.884777565189452,2,3,12.07817052176723,3,6,0,0,11.785369069475001,1,2,True,True,False,12.022824369608022,True,False,2.5,-0.47670939214555846,0.8471168848836711,0.029797687869749383,True,5.117993812416755,False,False,False,0.0,False,False,True,11.891368749982085
1095,12.067973683336726,12.10010039101655,True,11.889207077291879,12.01107557809201,2,10,11.878527194048742,2,11.884777565189452,2,3,12.07817052176723,2,4,0,0,12.169436290122853,3,2,True,False,False,12.022824369608022,True,False,2.0,-0.2572946675399936,-1.0861489736070777,-0.8328835768489045,False,0.0,False,True,False,0.0,False,True,True,11.767575435251748
1096,12.067973683336726,12.10010039101655,False,12.164079627677117,12.01107557809201,2,1,12.219079222451217,3,12.272285293053542,3,3,12.07817052176723,3,6,1,3,12.169436290122853,2,2,True,False,False,12.022824369608022,True,False,2.0,0.7050358097128754,0.34632210079751535,0.04780270227990757,False,0.0,False,False,False,0.0,False,False,True,12.080696479888447
1097,11.972299710268643,11.722226169284978,True,11.498308778772056,12.215481164404672,2,1,11.84430531876782,2,12.272285293053542,2,2,12.07817052176723,3,7,0,0,11.524571661116692,0,0,True,False,False,12.022824369608022,False,False,1.5,-1.1009371734917006,-1.0861489736070777,-0.5307687420816314,False,0.0,False,False,True,4.919980925828125,False,True,True,11.751950239425476
1098,12.183695128206182,12.10010039101655,True,12.38035169513184,12.01107557809201,3,21,11.976594811781178,3,11.884777565189452,3,3,12.07817052176723,3,5,0,0,12.169436290122853,2,2,True,False,False,12.022824369608022,True,False,1.5,0.1264627500656768,0.9171572409480562,-1.7000935053467165,False,0.0,False,False,False,0.0,False,True,False,12.04355959836804
1099,11.813689225424564,11.722226169284978,True,11.722739856073467,11.808193836543019,1,59,11.878527194048742,2,11.712360342176042,2,2,12.07817052176723,2,6,0,0,11.785369069475001,1,2,True,False,False,12.022824369608022,True,False,1.0,-1.1472668614357777,-1.0861489736070777,-0.7908151911363298,False,0.0,False,False,False,0.0,False,False,True,11.759793355371237
1100,12.067973683336726,12.10010039101655,False,12.122775029074985,12.01107557809201,2,31,12.03878070203725,2,11.884777565189452,3,2,12.07817052176723,2,7,1,2,12.169436290122853,2,2,True,False,False,11.831203284138704,True,False,2.0,0.6082743014095464,-1.0861489736070777,0.516139060761946,True,5.332718793265369,False,False,False,0.0,False,False,True,11.964007453736912
1101,11.432508350773558,12.10010039101655,True,11.894163489986184,12.01107557809201,1,59,11.84430531876782,2,11.884777565189452,2,2,11.521165088893575,2,3,0,0,11.785369069475001,1,2,True,False,False,12.022824369608022,True,False,1.0,-3.199187651029469,-1.0861489736070777,-0.15073234621895343,False,0.0,False,False,False,0.0,False,False,True,11.002116507732017
1102,12.067973683336726,12.10010039101655,False,11.889207077291879,12.01107557809201,2,36,11.976594811781178,2,11.884777565189452,2,2,12.07817052176723,2,5,0,0,11.785369069475001,1,2,True,False,False,12.022824369608022,True,False,1.0,-0.21628100122692084,-1.0861489736070777,0.13663986965700578,False,0.0,False,False,False,0.0,False,False,True,11.691080018519527
1103,12.067973683336726,12.10010039101655,True,11.889207077291879,12.01107557809201,2,5,11.84430531876782,2,11.884777565189452,2,3,12.07817052176723,2,6,0,0,12.169436290122853,2,2,True,True,False,11.977895278402745,True,False,1.0,-0.04604044014401656,0.20311490312014263,-0.4984517096653956,True,3.828641396489095,False,False,False,0.0,False,False,True,11.813037464800539
1104,12.067973683336726,12.10010039101655,True,11.889207077291879,12.01107557809201,2,47,12.1233228118755,2,11.884777565189452,2,3,12.07817052176723,2,6,1,2,12.401316665059703,3,2,True,False,False,12.022824369608022,True,False,1.5,-1.2140996727325637,-1.0861489736070777,-0.03787017554256964,False,0.0,False,False,False,0.0,False,True,True,11.979805470779858
1105,11.897576911041353,11.722226169284978,True,12.035203175123115,12.215481164404672,2,37,11.976594811781178,2,11.884777565189452,2,2,12.07817052176723,2,6,0,0,11.785369069475001,1,2,True,False,False,12.022824369608022,True,False,2.5,-1.315068519072286,-1.0861489736070777,-2.8172476117968466,True,5.720311776607412,False,False,False,0.0,False,False,True,11.571203807011969
1106,12.340705864519109,12.10010039101655,False,12.65906276870971,12.215481164404672,3,15,11.976594811781178,3,12.272285293053542,3,3,12.07817052176723,3,9,2,2,12.169436290122853,2,2,True,False,False,12.022824369608022,True,False,3.5,1.0210196451241853,0.5188258045672854,0.5764607484466173,True,5.8944028342648505,False,False,True,5.231108616854587,False,False,True,12.691583538230217
1107,12.067973683336726,12.10010039101655,False,12.139860799469593,12.01107557809201,2,16,11.976594811781178,3,12.272285293053542,3,3,12.07817052176723,3,6,1,2,12.169436290122853,3,2,True,False,False,12.022824369608022,True,False,3.0,-0.334844408890133,1.5065880153720164,0.2512799579433918,False,0.0,False,False,False,0.0,False,False,True,12.100161978566867
1108,12.340705864519109,12.10010039101655,False,12.15826751067062,12.215481164404672,2,0,12.219079222451217,3,12.272285293053542,3,3,12.07817052176723,3,9,1,3,12.401316665059703,2,2,True,False,False,12.465956889344524,True,False,2.5,-0.46412564423508357,1.0636645607817066,1.830413800729929,False,0.0,False,False,False,0.0,False,False,True,12.52352951631214
1109,12.340705864519109,12.10010039101655,True,12.15826751067062,12.215481164404672,2,7,12.219079222451217,2,12.272285293053542,3,3,12.07817052176723,2,7,1,2,12.169436290122853,2,2,True,False,False,11.831203284138704,True,False,2.5,-0.292859856791174,0.7095732077658102,-0.22900594232107888,False,0.0,False,False,True,4.61512051684126,False,False,False,12.10625783509458
1110,12.067973683336726,12.10010039101655,False,12.614502598853377,12.01107557809201,3,4,11.878527194048742,3,12.272285293053542,3,3,12.07817052176723,3,7,1,3,12.169436290122853,3,2,True,False,False,12.022824369608022,True,False,3.0,1.7075725861939888,1.3677898305818674,0.42994015667855867,True,3.7612001156935624,False,False,True,4.836281906951478,False,False,True,12.54254845357358
1111,12.340705864519109,12.10010039101655,True,12.15826751067062,12.215481164404672,2,12,11.976594811781178,2,12.272285293053542,3,3,12.07817052176723,2,8,1,2,12.169436290122853,3,2,True,False,False,12.022824369608022,True,False,3.5,-0.7770631617967974,0.9786306483284682,-0.24398898715578926,False,0.0,False,False,True,5.41610040220442,False,False,False,12.144202560946876
1112,12.340705864519109,12.10010039101655,True,12.122775029074985,12.215481164404672,2,32,12.03878070203725,2,11.884777565189452,2,2,12.07817052176723,2,8,1,3,12.169436290122853,2,2,True,False,False,12.022824369608022,True,False,2.5,-0.6749203860234537,0.8833565276929803,0.274025036980687,True,6.493753839851686,False,False,False,0.0,False,False,True,12.230770136157428
1113,12.067973683336726,12.10010039101655,False,11.889207077291879,12.01107557809201,2,49,11.937149528022868,2,11.884777565189452,2,2,12.07817052176723,2,5,0,0,11.785369069475001,1,2,True,False,False,12.022824369608022,True,False,2.0,-0.6316475076850964,-1.0861489736070777,-0.4714741373166509,False,0.0,False,False,False,0.0,False,False,True,11.774527900858468
1114,12.067973683336726,12.10010039101655,True,11.889207077291879,12.01107557809201,2,1,11.84430531876782,2,11.884777565189452,2,3,12.07817052176723,3,6,0,0,12.169436290122853,1,2,True,False,False,12.022824369608022,True,False,2.0,-0.051576986188239846,0.255678667894481,-0.03507569338335582,False,0.0,False,False,False,0.0,False,False,True,11.80932691294063
1115,12.067973683336726,12.10010039101655,True,11.70731327255742,12.01107557809201,2,6,11.878527194048742,2,11.884777565189452,2,3,12.07817052176723,3,4,0,0,11.785369069475001,1,2,True,True,False,12.022824369608022,True,False,1.0,-0.5759219266938657,-1.0861489736070777,-0.9897876801373406,False,0.0,False,False,False,0.0,False,False,True,11.669937760751914
1116,12.067973683336726,12.10010039101655,True,12.614502598853377,12.01107557809201,3,0,12.219079222451217,3,12.272285293053542,3,3,12.07817052176723,3,7,1,3,12.169436290122853,2,2,True,False,False,12.465956889344524,True,False,3.0,1.5323775529724923,-1.0861489736070777,0.5492523420764546,True,5.796057750765372,False,False,False,0.0,False,False,True,12.669809806411457
1117,12.027100518212453,12.10010039101655,True,12.15826751067062,12.015308249970365,3,7,12.219079222451217,3,12.272285293053542,3,3,12.07817052176723,3,7,1,2,12.401316665059703,3,2,True,False,False,12.022824369608022,True,False,3.5,-2.39964087048813,-1.0861489736070777,-0.30459226346027474,False,0.0,False,False,True,4.795790545596741,False,False,False,12.123239799036943
1118,12.067973683336726,12.10010039101655,False,11.814945672101624,12.01107557809201,2,5,12.219079222451217,2,11.884777565189452,2,3,12.07817052176723,3,5,0,0,12.169436290122853,2,2,True,False,False,12.022824369608022,True,False,2.0,-0.38349379195751865,-1.0861489736070777,0.13782156594220477,False,0.0,False,False,False,0.0,False,False,True,11.775297421715827
1119,12.027100518212453,12.10010039101655,True,11.814945672101624,12.015308249970365,2,21,11.878527194048742,2,11.884777565189452,2,2,12.07817052176723,2,6,0,0,12.401316665059703,2,2,True,False,False,12.022824369608022,True,False,1.5,-1.741632291769846,0.5470944509655881,0.8102501741886154,False,0.0,False,False,True,5.638354669333745,False,False,True,11.849404844423074
1120,12.067973683336726,12.10010039101655,True,11.889207077291879,12.01107557809201,2,47,12.1233228118755,2,11.884777565189452,2,2,12.07817052176723,2,6,0,0,12.169436290122853,2,2,True,True,False,12.022824369608022,True,False,1.0,0.035925955431013554,-1.0861489736070777,-0.35192867585136495,False,0.0,False,False,True,4.948759890378168,False,True,True,11.803361242493628
1121,11.432508350773558,11.722226169284978,True,11.498308778772056,12.01107557809201,2,57,12.1233228118755,2,11.712360342176042,2,2,12.07817052176723,2,6,1,3,11.785369069475001,1,2,True,True,False,12.022824369608022,True,False,1.0,-0.04051306138200669,0.34632210079751535,-0.18217986848568912,False,0.0,False,False,False,0.0,False,True,True,11.681832447342321
1122,12.067973683336726,12.10010039101655,True,12.164079627677117,12.01107557809201,2,0,12.219079222451217,3,12.272285293053542,3,3,12.07817052176723,3,7,0,0,12.169436290122853,2,2,True,False,False,12.465956889344524,True,False,2.0,1.1971160673977363,0.30310604524104484,0.19984919601289114,True,5.2832037287379885,False,False,True,4.976733742420574,False,False,True,12.268582547911404
1123,12.067973683336726,12.10010039101655,False,11.722415663465464,12.01107557809201,1,53,11.869146895887042,2,11.884777565189452,2,3,12.07817052176723,2,5,0,0,11.987475505601928,1,2,True,True,False,11.831203284138704,True,False,1.0,-1.1472668614357777,-1.0861489736070777,-0.03443137199791195,False,0.0,False,True,True,4.174387269895637,False,False,False,11.626263078808801
1124,12.067973683336726,12.10010039101655,True,11.722415663465464,12.01107557809201,2,1,12.219079222451217,2,11.884777565189452,2,3,12.07817052176723,2,4,0,0,11.524571661116692,0,0,True,False,False,12.022824369608022,False,False,1.5,-1.047737446909212,1.406762550557486,0.06585002970395852,False,0.0,False,False,False,0.0,False,False,True,11.678448377988165
1125,12.027100518212453,12.10010039101655,False,12.15826751067062,12.015308249970365,2,15,11.976594811781178,2,12.272285293053542,3,3,12.07817052176723,3,7,1,2,12.169436290122853,3,2,True,False,False,12.022824369608022,True,False,2.5,-2.5449290204607475,0.40472510505563375,0.007847655114499426,True,5.14166355650266,False,False,True,4.61512051684126,False,False,False,12.007017865994577
1126,12.067973683336726,12.10010039101655,True,11.889207077291879,12.01107557809201,1,54,12.03878070203725,2,11.884777565189452,2,2,12.07817052176723,2,5,1,2,11.785369069475001,1,2,True,False,False,12.022824369608022,True,False,1.0,-0.05989906706744321,-1.0861489736070777,0.26554911481021626,False,0.0,False,False,False,0.0,False,False,True,11.652696102959753
1127,12.183695128206182,12.10010039101655,True,12.060862913494523,12.01107557809201,2,2,12.219079222451217,3,12.272285293053542,3,3,12.07817052176723,3,7,1,2,12.169436290122853,3,2,True,False,False,12.022824369608022,True,False,2.0,0.8335764939893106,0.30310604524104484,-1.7061474583131677,True,4.875197323201151,False,False,True,4.969813299576001,False,False,True,12.066816325306588
1128,12.067973683336726,12.10010039101655,False,12.15826751067062,12.01107557809201,2,3,12.219079222451217,3,12.272285293053542,3,3,12.07817052176723,3,7,1,3,12.169436290122853,3,2,True,False,False,11.977895278402745,True,False,3.0,1.1543891931712214,0.5738312635980962,0.9126710177400323,False,0.0,False,False,True,4.976733742420574,False,False,True,12.464587201678082
1129,12.340705864519109,12.10010039101655,False,12.15826751067062,12.215481164404672,2,2,12.219079222451217,3,12.272285293053542,3,3,12.07817052176723,3,8,1,3,12.401316665059703,3,2,True,False,False,12.022824369608022,True,False,2.5,-0.5307402844064047,0.7095732077658102,0.5024108264410209,False,0.0,False,False,True,4.61512051684126,False,False,True,12.278397958261774
1130,11.862887045549764,11.722226169284978,True,11.70731327255742,11.891694659765184,2,27,11.878527194048742,2,11.884777565189452,3,2,12.07817052176723,2,4,0,0,11.785369069475001,1,2,True,False,False,12.022824369608022,True,False,2.0,-0.2572946675399936,-1.0861489736070777,-0.44486150961596177,True,5.198497031265826,False,False,True,3.912023005428146,False,False,True,11.849404844423074
1131,11.813689225424564,12.10010039101655,True,11.894163489986184,11.808193836543019,1,59,11.937149528022868,2,11.712360342176042,2,2,12.07817052176723,3,7,2,2,11.785369069475001,1,2,True,True,False,12.022824369608022,True,False,3.0,0.25027963971996336,0.6683178641193189,-0.29134348758760265,False,0.0,False,False,True,6.068425588244111,False,False,True,11.813037464800539
1132,12.067973683336726,12.10010039101655,True,11.964817397785627,12.01107557809201,2,15,11.976594811781178,2,12.272285293053542,3,2,12.07817052176723,2,5,0,0,11.524571661116692,0,0,True,True,False,11.831203284138704,False,False,1.0,-0.14713399535223665,0.45689938775473493,0.31623230517761125,False,0.0,False,False,False,0.0,False,False,True,11.445727410406752
1133,11.972299710268643,11.722226169284978,True,11.70731327255742,12.215481164404672,2,57,11.84430531876782,2,11.712360342176042,2,2,12.07817052176723,2,8,0,0,11.785369069475001,1,2,True,False,False,12.022824369608022,True,False,2.0,-0.051576986188239846,0.7095732077658102,0.16442001861291292,False,0.0,False,False,False,0.0,False,False,True,11.674202123168433
1134,12.340705864519109,12.10010039101655,False,12.139860799469593,12.215481164404672,3,14,12.219079222451217,3,12.272285293053542,3,3,12.07817052176723,3,8,1,2,12.169436290122853,2,2,True,False,False,12.022824369608022,True,False,2.5,0.2654434285996389,1.2796942208140756,0.15038281608042084,False,0.0,False,False,False,0.0,False,False,True,12.386312871189734
1135,12.340705864519109,12.10010039101655,False,12.15826751067062,12.215481164404672,2,10,12.219079222451217,2,12.272285293053542,3,3,12.07817052176723,2,7,1,2,12.169436290122853,3,2,True,False,False,12.022824369608022,True,False,2.5,-0.31678530803409655,0.5991956326343106,-0.06756181372452463,False,0.0,False,False,True,4.61512051684126,False,False,True,12.037659911047468
1136,11.432508350773558,11.722226169284978,True,11.722739856073467,12.01107557809201,2,57,11.84430531876782,2,11.712360342176042,2,2,11.521165088893575,2,5,1,3,11.785369069475001,1,2,True,False,False,12.022824369608022,True,False,1.0,-0.18729408544813927,1.1849588391648505,-0.7348690462729537,False,0.0,False,False,False,0.0,False,False,True,11.532737896139919
1137,11.813689225424564,12.10010039101655,True,11.889207077291879,11.808193836543019,2,58,12.219079222451217,2,11.884777565189452,2,2,12.07817052176723,2,6,0,0,12.169436290122853,1,2,True,False,False,11.831203284138704,True,False,1.0,0.014263746247711954,-1.0861489736070777,0.10526630785717257,False,0.0,False,False,False,0.0,False,True,True,11.686887175419702
1138,11.813689225424564,12.10010039101655,True,11.814945672101624,11.808193836543019,2,14,12.219079222451217,2,11.884777565189452,2,3,11.521165088893575,2,6,0,0,11.524571661116692,0,0,True,False,False,12.022824369608022,False,False,1.0,-0.752937011713302,-1.0861489736070777,-0.6858486686238966,False,0.0,False,False,False,0.0,False,True,True,11.451060699493427
1139,12.067973683336726,12.10010039101655,False,11.964817397785627,12.01107557809201,2,32,12.03878070203725,2,12.272285293053542,2,2,12.07817052176723,3,5,2,2,12.169436290122853,2,2,True,False,False,12.022824369608022,True,False,3.0,1.2259582341825248,0.5188258045672854,0.14862117817259954,False,0.0,False,False,True,5.579729825986222,False,False,False,12.185875040240456
1140,11.432508350773558,12.10010039101655,False,11.722739856073467,12.01107557809201,2,57,11.984997717199022,2,11.712360342176042,2,2,12.07817052176723,2,6,1,3,11.785369069475001,1,2,True,False,False,12.022824369608022,True,False,1.0,-0.31978827101726703,-1.0861489736070777,-0.0767541995776057,False,0.0,False,True,False,0.0,False,True,True,11.87757552297847
1141,12.067973683336726,12.10010039101655,True,11.889207077291879,12.01107557809201,2,57,11.976594811781178,2,11.884777565189452,2,2,12.07817052176723,2,4,0,0,11.785369069475001,1,2,True,False,False,11.831203284138704,True,False,2.0,-0.21046325916938363,-1.0861489736070777,-0.40560528583371286,False,0.0,False,False,False,0.0,False,False,True,11.842236406331555
1142,12.340705864519109,12.10010039101655,False,12.122775029074985,12.215481164404672,2,33,12.03878070203725,2,11.884777565189452,2,3,12.07817052176723,3,9,1,2,12.169436290122853,1,2,True,False,False,12.022824369608022,True,False,3.5,-0.752937011713302,1.0437071244260603,0.24139859909567643,True,3.8066624897703196,False,False,True,6.1070228877422545,False,False,False,12.193498926601634
1143,12.340705864519109,12.10010039101655,True,12.164079627677117,12.215481164404672,3,0,12.219079222451217,3,12.272285293053542,3,3,12.07817052176723,3,11,1,2,12.401316665059703,2,2,True,False,False,12.465956889344524,True,False,4.0,1.0270996766487128,1.2431882379170607,0.17700795955583035,True,5.831882477283517,False,False,True,4.836281906951478,False,False,True,12.959540872420414
1144,12.067973683336726,12.10010039101655,True,11.814945672101624,12.01107557809201,2,49,11.84430531876782,2,11.884777565189452,2,2,12.07817052176723,2,5,0,0,11.524571661116692,0,0,True,False,False,12.022824369608022,False,False,1.0,-0.057122732935107605,0.3860217501330401,-0.01860404635173972,False,0.0,False,False,False,0.0,False,False,False,11.289794413577894
1145,11.80746747836454,12.10010039101655,True,11.722415663465464,11.808193836543019,1,60,11.878527194048742,2,11.712360342176042,3,2,11.521165088893575,2,5,0,0,11.785369069475001,1,2,True,True,False,12.022824369608022,True,False,2.0,-1.1472668614357777,-1.0861489736070777,0.5644137405352212,False,0.0,False,False,False,0.0,False,False,True,11.289794413577894
1146,11.813689225424564,11.722226169284978,True,11.722739856073467,11.808193836543019,2,56,11.878527194048742,2,11.712360342176042,2,3,12.07817052176723,2,8,1,3,11.785369069475001,1,2,True,False,False,11.977895278402745,True,False,1.0,0.0413197114797399,-1.0861489736070777,-0.7165700280803695,False,0.0,False,False,False,0.0,False,False,True,11.91170829631447
1147,12.067973683336726,12.10010039101655,True,12.139860799469593,12.01107557809201,2,21,11.84430531876782,3,11.884777565189452,3,2,12.07817052176723,3,5,1,2,12.169436290122853,1,2,True,False,False,12.022824369608022,True,False,3.0,0.6693455030900323,0.42274040029361315,0.40220080024318156,True,4.454347296253507,False,False,True,5.111987788356544,False,False,False,12.100717685412471
1148,11.972299710268643,12.10010039101655,True,12.224810430420682,12.215481164404672,2,59,11.878527194048742,2,11.884777565189452,2,3,12.07817052176723,2,7,1,3,12.169436290122853,1,2,True,False,False,12.022824369608022,True,False,1.5,-1.0252104344285131,-1.0861489736070777,0.5355888652971965,False,0.0,False,False,False,0.0,False,False,True,12.069685751267224
1149,11.813689225424564,11.722226169284978,True,11.70731327255742,11.808193836543019,2,58,11.84430531876782,2,12.272285293053542,2,2,12.07817052176723,2,5,1,3,11.785369069475001,1,2,True,False,False,12.022824369608022,True,False,1.0,-1.562893422208672,-1.0861489736070777,-0.8877687362864214,False,0.0,False,False,False,0.0,False,True,False,11.669082701743504
1150,11.972299710268643,11.722226169284978,True,11.70731327255742,12.215481164404672,2,21,12.219079222451217,2,12.272285293053542,2,3,12.07817052176723,2,7,0,0,11.785369069475001,1,2,True,False,False,12.022824369608022,True,False,1.5,-1.2340324098629338,-1.0861489736070777,-0.01860404635173972,False,0.0,False,False,False,0.0,False,False,True,11.870606902224587
1151,12.067973683336726,12.10010039101655,False,11.889207077291879,12.01107557809201,2,57,12.1233228118755,2,11.884777565189452,2,3,12.07817052176723,3,4,1,3,12.169436290122853,1,2,True,True,False,12.022824369608022,True,False,1.0,-0.26910711894715467,-1.0861489736070777,-0.17825033538982574,False,0.0,False,False,False,0.0,False,True,True,11.728044909070785
1152,12.067973683336726,12.10010039101655,True,11.722415663465464,12.01107557809201,2,47,11.976594811781178,2,11.884777565189452,2,2,12.07817052176723,2,6,2,3,12.169436290122853,3,2,True,False,False,12.022824369608022,True,False,1.5,1.0270996766487128,1.2292406352566483,1.298781470804502,True,4.890349128221754,False,True,False,0.0,False,False,True,11.917730355182513
1153,12.067973683336726,12.10010039101655,False,12.224810430420682,12.01107557809201,2,2,12.05655788918448,2,12.272285293053542,2,3,12.07817052176723,3,6,1,3,12.169436290122853,3,2,True,False,False,11.831203284138704,True,False,1.0,0.12383437367366788,-1.0861489736070777,0.8506332242311699,False,0.0,False,False,False,0.0,False,True,True,12.345838935721968
1154,11.432508350773558,11.722226169284978,True,11.498308778772056,12.01107557809201,2,1,11.84430531876782,3,11.712360342176042,2,3,12.07817052176723,2,5,0,0,11.785369069475001,1,2,True,False,False,12.022824369608022,True,False,1.0,-0.6316475076850964,-1.0861489736070777,-0.8258090326391626,False,0.0,False,False,False,0.0,False,True,False,11.699413330633599
1155,12.340705864519109,12.10010039101655,False,11.889207077291879,12.215481164404672,2,20,12.219079222451217,2,11.884777565189452,2,2,12.07817052176723,3,8,2,3,12.169436290122853,1,2,True,True,False,12.022824369608022,True,False,2.0,-0.47670939214555846,0.9786306483284682,0.7925904460148875,True,5.666426688112432,False,True,True,4.110873864173311,False,False,False,12.215037342290755
1156,12.067973683336726,12.10010039101655,False,12.075056445481925,12.01107557809201,2,3,12.03878070203725,3,11.884777565189452,3,2,12.07817052176723,3,6,1,2,12.169436290122853,2,2,True,False,False,12.022824369608022,True,False,3.0,0.9678842111343247,0.32519264610411086,0.32628778326298996,False,0.0,False,True,False,0.0,False,False,True,12.292254928916668
1157,12.027100518212453,12.10010039101655,True,11.889207077291879,12.015308249970365,2,9,12.1233228118755,2,12.272285293053542,2,3,12.07817052176723,3,6,1,3,12.169436290122853,2,2,True,True,False,12.022824369608022,True,False,2.5,0.48753008541299653,1.022931286288308,0.05458969077631075,False,0.0,True,False,False,0.0,False,False,True,12.100161978566867
1158,12.183695128206182,12.10010039101655,False,12.614502598853377,12.01107557809201,2,1,12.219079222451217,3,12.272285293053542,3,3,12.07817052176723,3,6,1,3,12.169436290122853,2,2,True,False,False,12.022824369608022,True,False,3.0,0.7050358097128754,0.8318548195007133,-1.1343144660709632,True,5.117993812416755,False,False,True,5.153291594497779,False,False,True,12.345838935721968
1159,12.067973683336726,12.10010039101655,True,12.303267610871854,12.01107557809201,3,0,12.219079222451217,3,12.272285293053542,3,3,12.07817052176723,3,7,0,0,12.169436290122853,2,2,True,False,False,12.465956889344524,True,False,2.0,1.2507684191153141,0.3860217501330401,0.5245905284625713,True,5.231108616854587,False,False,False,0.0,False,False,True,12.367889578686164
1160,12.340705864519109,12.10010039101655,True,12.122775029074985,12.215481164404672,2,34,11.976594811781178,3,11.884777565189452,2,2,12.07817052176723,3,8,1,2,12.169436290122853,2,3,True,False,False,12.022824369608022,True,False,2.5,-0.362120774286485,0.8833565276929803,0.0067963330671862365,True,5.602118820879701,False,False,False,0.0,False,False,True,12.128116509451258
1162,12.067973683336726,12.10010039101655,False,12.224810430420682,12.01107557809201,2,2,11.976594811781178,3,11.884777565189452,2,3,12.07817052176723,3,7,1,3,11.785369069475001,1,2,True,False,False,12.022824369608022,True,False,2.0,0.6648583591927053,-1.0861489736070777,0.9400226495576899,True,4.290459441148391,True,False,True,4.6913478822291435,False,False,False,12.319405795112926
1163,12.067973683336726,12.10010039101655,True,11.814945672101624,12.01107557809201,2,39,12.219079222451217,2,11.884777565189452,3,3,12.07817052176723,2,5,1,0,12.169436290122853,3,2,True,False,False,12.022824369608022,True,False,1.0,-0.38349379195751865,-1.0861489736070777,-0.07829041988393273,False,0.0,False,False,False,0.0,False,False,True,11.767575435251748
1164,11.862887045549764,12.10010039101655,True,11.814945672101624,11.891694659765184,1,39,12.03878070203725,2,11.884777565189452,3,2,12.07817052176723,2,6,0,0,12.024279666315543,1,2,True,False,False,12.036862527888374,True,False,3.0,0.43754291808902074,-1.0861489736070777,0.6757368426242979,False,0.0,False,False,True,4.795790545596741,False,False,True,11.59873612138334
1165,12.027100518212453,12.10010039101655,False,12.075056445481925,12.015308249970365,2,29,12.03878070203725,2,12.272285293053542,3,3,12.07817052176723,3,5,1,2,12.169436290122853,1,2,True,False,False,12.022824369608022,True,False,2.5,0.8056568445701872,1.354115512913003,1.114146405577842,False,0.0,False,False,True,5.1298987149230735,False,False,False,12.175618592671356
1166,12.067973683336726,12.10010039101655,False,12.614502598853377,12.01107557809201,2,0,12.219079222451217,3,12.272285293053542,3,3,12.07817052176723,3,7,0,0,12.169436290122853,2,2,True,False,False,12.465956889344524,True,False,2.0,1.0992593362009553,1.1279169653537708,0.09342266671137765,True,5.594711379601839,False,False,False,0.0,False,False,True,12.359527368950229
1167,12.067973683336726,12.10010039101655,False,12.164079627677117,12.01107557809201,3,2,12.219079222451217,3,12.272285293053542,3,3,12.07817052176723,3,7,0,0,12.169436290122853,2,2,True,False,False,12.022824369608022,True,False,2.0,1.4613112539474118,0.5331626458427432,0.2731054856749238,True,4.290459441148391,False,False,True,5.081404364984463,False,False,True,12.41044511731981
1168,12.340705864519109,12.10010039101655,False,12.15826751067062,12.215481164404672,2,6,12.219079222451217,2,12.272285293053542,3,3,12.07817052176723,2,7,1,2,12.169436290122853,3,2,True,False,False,12.022824369608022,True,False,3.5,-0.19018137637253263,0.5991956326343106,0.3412765795837012,False,0.0,False,False,False,0.0,False,False,True,12.06105265381003
1169,11.972299710268643,12.10010039101655,True,11.722415663465464,12.215481164404672,2,22,11.984997717199022,2,11.884777565189452,2,3,12.07817052176723,3,7,2,2,11.987475505601928,1,2,True,False,False,12.022824369608022,True,False,2.0,0.2629208258108532,-1.0861489736070777,0.7965597283506171,False,0.0,False,True,False,0.0,False,False,True,12.367345048436391
1170,12.340705864519109,12.10010039101655,False,12.65906276870971,12.215481164404672,3,10,11.976594811781178,3,12.272285293053542,3,3,12.07817052176723,3,10,1,2,12.169436290122853,3,2,True,False,False,12.022824369608022,True,False,4.5,1.8619536584848768,0.9300663917002016,2.6875478495622254,True,7.229113877793302,False,False,True,5.8916442118257715,False,False,True,13.345508528717259
1171,12.027100518212453,12.10010039101655,True,11.964817397785627,12.015308249970365,2,31,12.03878070203725,2,11.884777565189452,2,2,12.07817052176723,2,6,1,0,12.169436290122853,3,2,True,True,False,12.022824369608022,True,True,2.0,0.18377516070979757,-1.0861489736070777,0.16053072388207848,False,0.0,False,False,True,5.318119993844216,False,False,True,12.049424683420915
1172,12.067973683336726,12.10010039101655,True,11.889207077291879,12.01107557809201,2,50,11.878527194048742,2,11.884777565189452,2,3,12.07817052176723,2,6,1,2,12.169436290122853,2,2,True,False,True,12.022824369608022,True,False,2.0,0.5853795578698037,-1.0861489736070777,0.0067963330671862365,False,0.0,False,True,False,0.0,False,False,True,12.001511614739405
1173,11.897576911041353,12.25239181580412,False,12.303267610871854,12.215481164404672,2,1,11.878527194048742,3,12.272285293053542,3,3,12.07817052176723,3,5,0,0,11.785369069475001,3,2,True,False,False,12.022824369608022,True,False,2.5,-1.3356633278640913,0.7656795346460883,-1.5448300157320503,False,0.0,False,False,False,0.0,False,False,True,12.05467400868968
1174,11.813689225424564,12.10010039101655,False,12.125706184060236,11.808193836543019,2,13,11.878527194048742,2,11.884777565189452,2,2,12.07817052176723,3,12,1,3,11.524571661116692,0,0,True,True,False,12.022824369608022,False,False,3.0,1.2848403633519905,-1.0861489736070777,1.3289249766504487,False,0.0,False,False,True,4.812184355372417,True,False,True,12.208574513247495
1175,11.972299710268643,12.10010039101655,False,12.224810430420682,12.215481164404672,2,56,11.84430531876782,2,11.712360342176042,3,2,12.07817052176723,2,9,1,3,11.785369069475001,1,2,True,False,False,12.022824369608022,True,False,2.5,-0.21046325916938363,-1.0861489736070777,1.1623216527930158,False,0.0,False,False,False,0.0,False,False,True,12.384223015005313
1176,11.813689225424564,12.10010039101655,True,12.65906276870971,11.808193836543019,3,7,11.976594811781178,3,12.272285293053542,3,3,12.07817052176723,3,9,1,2,12.169436290122853,3,2,True,False,False,12.022824369608022,True,False,2.5,1.4415218662737956,0.5331626458427432,0.3101023629431605,True,5.823045895483019,False,False,False,0.0,False,False,True,12.560247968016562
1177,12.067973683336726,12.10010039101655,False,11.964817397785627,12.01107557809201,2,23,11.976594811781178,2,11.884777565189452,2,2,12.07817052176723,2,5,0,0,12.169436290122853,1,2,True,True,False,12.022824369608022,True,False,2.0,-0.4391030257836476,-1.0861489736070777,-0.5118070548488246,False,0.0,False,False,True,5.8944028342648505,False,False,True,11.691080018519527
1178,11.813689225424564,11.722226169284978,True,11.70731327255742,11.808193836543019,2,5,11.878527194048742,2,11.884777565189452,2,2,12.07817052176723,2,5,0,0,11.785369069475001,1,2,True,False,False,12.022824369608022,True,False,1.0,-0.625041418432665,-1.0861489736070777,-1.57622100926427,False,0.0,False,False,False,0.0,False,True,False,11.652696102959753
1179,11.813689225424564,12.10010039101655,False,12.224810430420682,11.808193836543019,2,59,11.84430531876782,2,11.712360342176042,2,3,12.07817052176723,2,7,1,3,11.785369069475001,1,2,True,False,False,12.022824369608022,True,False,1.5,-0.9257840985259508,-1.0861489736070777,-0.3216517662815263,False,0.0,False,False,True,5.262690188904886,False,True,True,11.950541482162043
1181,12.340705864519109,12.10010039101655,False,12.352621312150928,12.215481164404672,2,15,11.878527194048742,2,12.050224720611013,3,3,12.07817052176723,2,8,0,0,12.169436290122853,3,2,True,True,False,12.022824369608022,True,False,2.5,0.48043340599701,-1.0861489736070777,0.39702133417093116,False,0.0,False,False,False,0.0,False,False,False,12.429220196836383
1182,12.183695128206182,11.722226169284978,False,12.224810430420682,12.01107557809201,3,0,12.366209798533164,3,12.272285293053542,3,3,12.07817052176723,3,5,1,3,12.169436290122853,3,2,True,False,False,12.465956889344524,True,False,3.5,1.2886062736816135,0.7567558969247036,-0.925572545276455,True,5.231108616854587,True,False,True,5.093750200806762,False,False,True,12.880294363972055
1183,12.340705864519109,12.10010039101655,False,12.65906276870971,12.215481164404672,3,11,11.84430531876782,3,12.272285293053542,3,3,12.07817052176723,3,10,2,2,12.169436290122853,3,2,True,True,False,11.831203284138704,True,True,4.5,2.54534864752831,0.9426529456779301,1.0484892695772492,False,0.0,False,False,True,5.147494476813453,False,False,True,13.521140839642674
1184,11.432508350773558,12.10010039101655,True,11.70731327255742,12.01107557809201,2,56,11.984997717199022,2,11.712360342176042,2,3,12.07817052176723,2,5,1,3,11.785369069475001,1,2,True,False,False,12.022824369608022,True,False,2.0,0.24520996089317926,-1.0861489736070777,0.3320110897190179,False,0.0,False,False,True,5.438079308923196,False,False,True,11.695255355062795
1185,12.067973683336726,12.10010039101655,True,12.352621312150928,12.01107557809201,2,44,11.878527194048742,2,11.884777565189452,2,3,12.07817052176723,2,5,2,2,12.037232888392635,2,2,True,False,False,12.022824369608022,True,False,2.5,1.2355209324121217,1.544386564973129,2.6520660847036712,True,5.424950017481403,False,True,False,0.0,False,False,True,12.137263685701864
1186,11.813689225424564,12.10010039101655,True,11.722415663465464,11.808193836543019,2,56,11.869146895887042,2,11.712360342176042,2,3,12.07817052176723,2,7,0,0,12.169436290122853,1,2,True,False,False,12.022824369608022,True,False,2.0,-0.7392318558937853,-1.0861489736070777,0.13269580117875107,False,0.0,False,False,False,0.0,False,True,True,11.560772327227417
1187,11.80746747836454,12.10010039101655,False,11.70731327255742,12.215481164404672,1,39,11.976594811781178,2,11.884777565189452,2,2,12.07817052176723,2,7,0,0,12.024279666315543,1,2,True,False,False,11.831203284138704,True,False,3.0,-0.13574843437626696,0.9171572409480562,0.2986938850887027,False,0.0,False,False,False,0.0,False,False,True,11.461642696843066
1188,12.067973683336726,12.10010039101655,True,12.65906276870971,12.01107557809201,3,11,12.055048223915641,3,12.272285293053542,3,3,12.07817052176723,3,5,1,2,12.169436290122853,2,2,True,True,False,12.022824369608022,True,False,3.0,1.3334925301940983,1.1279169653537708,0.6085992530842177,False,0.0,False,False,False,0.0,False,True,True,12.476103599529843
1189,12.340705864519109,12.10010039101655,False,12.164079627677117,12.215481164404672,2,7,12.219079222451217,3,12.272285293053542,3,3,12.07817052176723,3,7,0,0,12.169436290122853,2,2,True,False,False,12.022824369608022,True,False,2.5,-0.582428220207592,0.876314842956725,-0.032499663536680407,True,4.564348191467836,False,False,True,4.976733742420574,False,False,True,12.180759965737863
1190,12.340705864519109,12.10010039101655,True,12.15826751067062,12.215481164404672,2,11,12.219079222451217,2,12.272285293053542,2,3,12.07817052176723,3,7,1,2,12.169436290122853,3,2,True,False,False,12.022824369608022,True,False,2.5,-0.09059232365294673,0.8161132635890703,-0.3671162397748761,False,0.0,False,False,True,4.948759890378168,False,False,True,12.149507585033072
1191,11.80746747836454,12.10010039101655,True,11.964817397785627,12.01107557809201,1,32,11.878527194048742,2,11.884777565189452,2,3,12.07817052176723,2,7,1,2,12.037232888392635,3,2,True,False,False,12.022824369608022,True,False,2.0,0.5577043978861982,-1.0861489736070777,2.493775638133993,True,5.0106352940962555,False,False,True,6.0867747269123065,False,False,False,12.031725210748633
1192,11.897576911041353,12.25239181580412,True,12.303267610871854,12.215481164404672,3,7,11.878527194048742,3,12.272285293053542,3,3,12.07817052176723,3,5,0,0,11.785369069475001,1,2,True,False,False,12.022824369608022,True,False,2.5,-0.7667010939234663,-1.0861489736070777,-2.3195327920674855,True,6.124683390894205,False,False,True,5.332718793265369,False,False,True,12.066816325306588
1193,11.813689225424564,11.722226169284978,True,11.70731327255742,11.808193836543019,2,13,12.219079222451217,2,12.272285293053542,2,3,12.07817052176723,3,6,0,0,11.785369069475001,1,2,True,True,False,12.022824369608022,True,False,1.0,-1.0327015333493663,-1.0861489736070777,0.10526630785717257,False,0.0,False,False,False,0.0,False,True,True,11.736077016252437
1194,12.183695128206182,11.722226169284978,True,11.964817397785627,12.01107557809201,2,10,12.219079222451217,2,12.272285293053542,3,3,12.07817052176723,2,5,0,0,12.169436290122853,3,2,True,False,False,12.022824369608022,True,False,3.0,0.4993254650629477,1.6176506770781447,-1.3324667532889736,True,6.054439346269371,False,False,False,0.0,False,False,False,12.013706813470414
1195,12.340705864519109,12.10010039101655,True,11.814945672101624,12.215481164404672,2,41,11.976594811781178,2,11.884777565189452,2,2,12.07817052176723,2,7,0,0,12.169436290122853,3,2,True,True,False,12.022824369608022,True,False,1.5,-1.1824704358547589,0.5738312635980962,0.05746202378064775,True,4.969813299576001,False,False,True,5.940171252720432,False,False,True,11.970356641102999
1196,12.340705864519109,12.10010039101655,False,12.15826751067062,12.215481164404672,2,3,12.219079222451217,2,12.272285293053542,3,3,12.07817052176723,3,8,0,0,12.169436290122853,3,2,True,False,False,12.022824369608022,True,False,2.5,-0.9366782695392948,0.3860217501330401,-0.2370779104214033,False,0.0,False,False,True,4.61512051684126,False,False,True,12.07824495582233
1197,12.340705864519109,12.10010039101655,False,12.15826751067062,12.215481164404672,2,0,12.219079222451217,3,12.272285293053542,3,3,12.07817052176723,3,9,1,3,12.401316665059703,3,2,True,False,False,12.465956889344524,True,False,2.5,-0.42976882379077463,0.23010835072819805,0.8422059219195938,False,0.0,False,False,True,4.61512051684126,False,False,True,12.29779001527865
1198,12.066699991720135,11.722226169284978,False,11.70731327255742,12.033337193995534,2,56,11.878527194048742,2,11.712360342176042,2,3,12.07817052176723,2,7,1,3,11.785369069475001,1,2,True,False,False,12.022824369608022,True,False,1.0,-0.6349556337400456,-1.0861489736070777,-0.050819091223091174,False,0.0,False,False,False,0.0,False,True,True,11.87757552297847
1199,12.067973683336726,12.10010039101655,True,12.164079627677117,12.01107557809201,2,8,12.219079222451217,3,12.272285293053542,3,3,12.07817052176723,3,6,0,0,12.169436290122853,2,2,True,False,False,12.022824369608022,True,False,2.0,0.4709483359412767,-1.0861489736070777,0.0025854637258920215,False,0.0,False,False,True,5.877735781779639,False,False,True,12.08954444723597
1200,12.067973683336726,12.10010039101655,True,11.814945672101624,12.01107557809201,1,27,11.976594811781178,2,11.884777565189452,2,3,12.07817052176723,2,6,1,0,12.169436290122853,1,2,True,False,False,12.022824369608022,True,False,1.5,0.06548492023371304,0.9669208241988406,0.4082265810694645,True,3.9512437185814275,False,False,False,0.0,False,False,True,11.904974309480183
1201,12.067973683336726,12.10010039101655,True,11.889207077291879,12.01107557809201,1,36,11.878527194048742,2,11.884777565189452,2,3,12.07817052176723,2,5,0,0,12.169436290122853,1,2,True,False,False,11.831203284138704,True,False,1.0,-0.47670939214555846,-1.0861489736070777,0.0552055406558001,False,0.0,False,False,False,0.0,False,False,True,11.6617850286409
1202,12.340705864519109,12.10010039101655,True,12.164079627677117,12.215481164404672,2,11,12.219079222451217,2,12.272285293053542,3,3,12.07817052176723,3,6,0,0,12.169436290122853,2,2,True,False,False,12.022824369608022,True,False,2.5,-0.47041143903042965,0.5738312635980962,0.25926104586673027,False,0.0,False,False,True,5.293304824724492,False,False,True,12.19552218463499
1203,11.813689225424564,11.722226169284978,True,11.722739856073467,11.808193836543019,2,12,11.84430531876782,2,11.712360342176042,2,3,12.07817052176723,2,5,1,2,11.785369069475001,1,2,True,False,False,12.022824369608022,True,False,2.0,-0.4142708900802842,-1.0861489736070777,-0.7908151911363298,False,0.0,False,False,False,0.0,False,True,True,11.669937760751914
1204,12.067973683336726,12.10010039101655,True,12.164079627677117,12.01107557809201,2,8,12.219079222451217,3,12.272285293053542,3,3,12.07817052176723,3,6,1,2,12.169436290122853,1,2,True,False,False,12.022824369608022,True,False,2.0,1.3446272700182502,1.4855305380919899,0.13506318115378155,True,5.147494476813453,False,False,True,4.31748811353631,False,False,True,12.269052139516223
1205,12.067973683336726,12.10010039101655,True,12.122775029074985,12.01107557809201,2,31,11.976594811781178,2,11.884777565189452,3,3,12.07817052176723,2,6,0,0,12.169436290122853,2,2,True,True,False,12.022824369608022,True,False,2.5,0.0788352981545031,1.0012660350588067,0.2105079646369749,False,0.0,False,False,False,0.0,False,False,True,11.941462360646149
1206,12.067973683336726,12.10010039101655,False,12.139860799469593,12.01107557809201,2,18,11.976594811781178,3,11.884777565189452,3,3,12.07817052176723,3,7,1,2,12.169436290122853,2,2,True,False,False,12.022824369608022,True,False,2.0,2.2117750070075175,0.8903008892806774,0.92758784726732,True,5.459585514144159,False,False,True,4.442651256490317,False,False,True,12.513193308436527
1207,12.067973683336726,11.982249305193077,True,12.139860799469593,12.01107557809201,1,40,11.976594811781178,2,11.884777565189452,2,2,12.07817052176723,2,5,0,0,11.785369069475001,1,2,True,True,False,12.022824369608022,True,False,2.0,0.0788352981545031,0.6463304015240848,-0.04002246141421376,False,0.0,False,False,False,0.0,False,False,False,11.580593459194764
1208,12.067973683336726,12.10010039101655,True,12.164079627677117,12.01107557809201,2,3,12.219079222451217,3,12.272285293053542,3,3,12.07817052176723,3,7,0,0,12.169436290122853,2,2,True,False,False,12.022824369608022,True,False,3.0,1.439717466387073,0.36657489947093247,0.009948629071854165,True,4.795790545596741,False,False,True,5.262690188904886,False,False,True,12.206077645517674
1209,12.067973683336726,12.10010039101655,True,11.889207077291879,12.01107557809201,2,28,11.878527194048742,2,11.884777565189452,2,2,12.07817052176723,2,6,0,0,11.785369069475001,1,2,True,False,False,12.022824369608022,True,False,2.0,-0.27206685923766494,-1.0861489736070777,-0.3013946037692492,False,0.0,False,False,False,0.0,False,False,True,11.849404844423074
1210,12.067973683336726,12.10010039101655,False,12.303267610871854,12.01107557809201,3,0,12.219079222451217,3,12.272285293053542,3,3,12.07817052176723,3,8,1,3,12.169436290122853,2,2,True,False,False,12.465956889344524,True,False,3.0,1.3997916362949328,0.7289854468371297,0.21846475079482525,True,6.042632833682381,False,False,True,5.777652323222656,False,False,True,12.577639650232573
1211,12.340705864519109,12.10010039101655,True,12.139860799469593,12.215481164404672,2,18,11.84430531876782,3,12.272285293053542,3,3,12.07817052176723,3,8,1,2,12.169436290122853,2,2,True,True,True,12.022824369608022,True,False,2.5,0.07616946106296868,1.0828663961434097,0.40530204397195896,False,0.0,False,False,True,6.455198563340122,False,False,True,12.149507585033072
1212,11.813689225424564,12.10010039101655,False,12.15826751067062,11.808193836543019,3,5,11.84430531876782,3,12.050224720611013,3,3,12.07817052176723,2,8,0,0,11.987475505601928,2,2,True,False,False,12.022824369608022,True,False,2.0,-1.621308941249909,0.07695653915070999,0.5570867667500494,False,0.0,False,False,True,5.786897381366708,False,False,True,12.00762780434872
1213,11.432508350773558,12.10010039101655,True,11.722415663465464,12.01107557809201,1,59,11.878527194048742,2,11.884777565189452,2,2,12.07817052176723,2,4,0,0,12.169436290122853,1,2,True,False,False,12.022824369608022,True,False,2.0,-1.1472668614357777,1.1235873226396393,0.05253547693227935,False,0.0,False,False,False,0.0,False,False,True,11.635151947212842
1214,12.027100518212453,12.10010039101655,False,11.814945672101624,12.015308249970365,1,5,12.219079222451217,2,11.884777565189452,2,3,12.07817052176723,2,3,0,0,12.169436290122853,1,2,True,False,False,12.022824369608022,True,False,1.5,-1.2420414274804363,-1.0861489736070777,0.2305285542747468,False,0.0,False,False,True,4.48863636973214,False,False,False,11.884495917930655
1215,11.971042740656404,12.10010039101655,False,11.889207077291879,11.891694659765184,2,44,11.878527194048742,2,11.884777565189452,2,2,12.07817052176723,2,6,0,0,12.169436290122853,1,2,True,False,False,12.022824369608022,True,False,2.0,-0.28988137554841203,0.9039082838687957,0.22280859946804196,False,0.0,False,False,True,5.017279836814924,False,False,True,11.80932691294063
1216,12.067973683336726,12.10010039101655,False,11.814945672101624,12.01107557809201,2,41,12.219079222451217,2,11.884777565189452,2,2,12.07817052176723,2,5,0,0,11.785369069475001,2,2,True,True,False,12.022824369608022,True,False,1.0,-0.38349379195751865,-1.0861489736070777,-0.47308239942064856,False,0.0,False,False,False,0.0,False,False,True,11.736077016252437
1218,12.067973683336726,12.25239181580412,True,12.303267610871854,12.01107557809201,3,0,12.366209798533164,3,12.272285293053542,3,3,12.07817052176723,3,6,0,0,12.169436290122853,2,2,True,False,False,12.465956889344524,True,False,3.0,0.6738268634534129,1.1192205224063876,-0.09681861483277672,True,4.290459441148391,False,False,True,4.912654885736052,False,False,True,12.343470927093518
1221,12.067973683336726,12.10010039101655,False,11.889207077291879,12.01107557809201,2,42,11.84430531876782,2,11.884777565189452,2,2,12.07817052176723,2,5,0,0,12.169436290122853,1,2,True,False,False,11.831203284138704,True,False,1.0,-0.3288136669813322,-1.0861489736070777,-0.2923218336514193,False,0.0,False,False,False,0.0,False,False,True,11.652696102959753
1222,12.067973683336726,12.10010039101655,True,11.814945672101624,12.01107557809201,2,40,11.976594811781178,2,11.884777565189452,2,3,12.07817052176723,2,5,1,2,12.169436290122853,1,2,True,False,False,12.022824369608022,True,False,1.0,-0.21046325916938363,0.8395439320447123,-0.18519008402088913,False,0.0,False,False,False,0.0,False,False,True,11.80560254159177
1223,11.813689225424564,12.10010039101655,True,11.889207077291879,11.808193836543019,2,57,11.84430531876782,2,11.884777565189452,2,3,12.07817052176723,2,7,1,3,12.169436290122853,1,2,True,True,False,12.022824369608022,True,False,2.0,0.035925955431013554,-1.0861489736070777,0.27696475282929345,True,5.771441123130016,False,False,False,0.0,False,False,True,11.870606902224587
1224,12.067973683336726,12.10010039101655,True,11.889207077291879,12.01107557809201,2,55,11.84430531876782,2,11.884777565189452,2,2,11.521165088893575,2,7,0,0,11.785369069475001,1,2,True,True,False,12.022824369608022,True,False,2.0,2.1794071994782307,0.4888362937281327,0.3104634699149571,True,3.8066624897703196,False,False,False,0.0,False,False,True,11.834291315386718
1225,12.340705864519109,12.10010039101655,False,12.15826751067062,12.215481164404672,2,3,12.219079222451217,3,12.272285293053542,3,3,12.07817052176723,3,8,1,3,12.169436290122853,3,2,True,False,False,12.022824369608022,True,False,3.5,-0.7255850758485333,0.9236531849451074,1.0183973667650181,False,0.0,False,False,True,4.61512051684126,False,False,True,12.122696471358964
1226,12.027100518212453,12.10010039101655,True,11.889207077291879,12.015308249970365,2,49,12.219079222451217,2,11.884777565189452,2,3,12.07817052176723,2,6,0,0,12.169436290122853,2,2,True,True,False,12.022824369608022,True,False,1.5,-1.492502495556824,-1.0861489736070777,0.27439273871865655,True,4.1588830833596715,False,False,True,5.41610040220442,False,False,True,11.884495917930655
1227,12.340705864519109,12.10010039101655,False,12.303267610871854,12.215481164404672,2,1,12.219079222451217,3,12.272285293053542,3,3,12.07817052176723,3,9,1,3,12.401316665059703,3,2,True,False,False,12.022824369608022,True,False,2.5,-0.38349379195751865,0.255678667894481,0.9161437102343609,True,4.31748811353631,False,False,True,4.61512051684126,False,False,True,12.273735966890268
1228,12.067973683336726,12.10010039101655,True,11.889207077291879,12.01107557809201,2,0,12.219079222451217,2,11.884777565189452,2,3,12.07817052176723,3,5,0,0,11.785369069475001,1,2,True,False,False,12.022824369608022,True,False,2.0,-0.3288136669813322,1.4982673192778155,-0.04606132599310687,True,5.707110264748875,False,False,False,0.0,False,False,True,11.898194668458823
1229,12.183695128206182,12.10010039101655,True,12.614502598853377,12.01107557809201,3,0,11.878527194048742,3,12.272285293053542,3,3,12.07817052176723,3,7,1,3,12.169436290122853,3,2,True,False,False,12.465956889344524,True,False,2.5,1.475636073894191,0.9039082838687957,-0.068435443520338,True,6.642486801367256,False,True,False,0.0,False,False,True,12.813920618864572
1230,12.027100518212453,12.10010039101655,True,11.889207077291879,12.015308249970365,2,48,12.1233228118755,2,11.884777565189452,2,3,12.07817052176723,2,7,0,0,11.987475505601928,1,2,True,True,False,12.022824369608022,True,False,2.0,0.1290890791070825,-1.0861489736070777,-0.2655924615854101,False,0.0,False,False,False,0.0,False,False,True,11.751950239425476
1232,11.862887045549764,12.10010039101655,True,11.889207077291879,12.015308249970365,2,44,11.84430531876782,2,11.884777565189452,2,2,12.07817052176723,2,6,0,0,12.169436290122853,1,2,True,True,False,12.022824369608022,True,False,2.0,0.20950849468810057,0.255678667894481,-0.310015522115819,True,4.795790545596741,False,False,False,0.0,False,False,True,11.794345471549745
1234,12.067973683336726,12.10010039101655,False,11.889207077291879,12.01107557809201,2,51,12.03878070203725,2,11.884777565189452,2,2,12.07817052176723,2,6,0,0,12.169436290122853,2,2,True,True,False,11.831203284138704,True,False,2.0,0.4134812830398715,-1.0861489736070777,0.56123139346303,True,5.198497031265826,False,False,False,0.0,False,False,False,11.863589378812122
1235,11.972299710268643,11.982249305193077,True,11.894163489986184,12.215481164404672,2,58,11.878527194048742,2,12.272285293053542,2,2,11.521165088893575,2,7,0,0,11.524571661116692,0,0,True,False,False,11.831203284138704,False,False,1.5,-0.24552438269996468,1.3863440697154084,-0.12246908873879075,False,0.0,False,False,False,0.0,False,False,True,11.775297421715827
1236,11.972299710268643,12.10010039101655,True,12.224810430420682,12.215481164404672,2,56,11.84430531876782,2,11.712360342176042,3,3,12.07817052176723,2,9,0,0,11.785369069475001,1,2,True,False,False,12.022824369608022,True,False,1.5,-0.8683056833837869,0.6233232083761491,0.7103301090478243,False,0.0,False,False,True,5.318119993844216,False,False,True,11.841423131921784
1237,11.897576911041353,12.10010039101655,True,12.614502598853377,12.215481164404672,2,7,12.219079222451217,3,12.272285293053542,3,3,12.07817052176723,3,6,0,0,12.401316665059703,2,2,True,False,False,12.022824369608022,True,False,2.5,-0.8083525269448628,0.44011707072913253,-2.3314030247416335,True,4.672828834461906,False,False,False,0.0,False,False,True,12.075400019877522
1238,12.340705864519109,12.10010039101655,False,12.164079627677117,12.215481164404672,2,1,12.219079222451217,3,12.272285293053542,3,3,12.07817052176723,3,8,1,3,12.401316665059703,3,2,True,False,False,12.022824369608022,True,False,2.5,-0.5307402844064047,0.7095732077658102,0.5979957131108758,False,0.0,False,False,True,4.61512051684126,False,False,True,12.180759965737863
1239,12.067973683336726,12.10010039101655,True,12.139860799469593,12.01107557809201,2,1,12.219079222451217,3,12.272285293053542,3,3,12.07817052176723,2,6,0,0,11.785369069475001,1,2,True,False,False,11.831203284138704,True,False,1.5,0.29806810250526883,-1.0861489736070777,0.7014405781698289,False,0.0,False,False,False,0.0,False,False,True,11.86710429621008
1240,12.067973683336726,12.10010039101655,False,12.352621312150928,12.01107557809201,3,1,12.219079222451217,3,12.272285293053542,3,3,12.07817052176723,3,6,1,3,12.169436290122853,2,2,True,False,False,12.022824369608022,True,False,2.0,1.047291508446003,0.5331626458427432,-0.010737514200600774,True,3.4965075614664802,False,False,True,4.795790545596741,False,False,True,12.490879338036375
1241,12.340705864519109,12.10010039101655,True,12.164079627677117,12.215481164404672,2,5,12.219079222451217,3,12.272285293053542,3,3,12.07817052176723,3,8,0,0,12.169436290122853,2,2,True,False,False,12.022824369608022,True,False,3.5,-0.4142708900802842,0.8395439320447123,-0.20662516884779078,True,5.53338948872752,False,False,False,0.0,False,False,True,12.323415584358154
1242,12.067973683336726,12.10010039101655,True,12.303267610871854,12.01107557809201,2,0,12.219079222451217,3,12.272285293053542,3,3,12.07817052176723,3,7,0,0,12.169436290122853,2,2,True,False,False,12.465956889344524,True,False,2.0,1.4523294552971355,0.783062251966872,0.1544872453715148,False,0.0,False,False,False,0.0,False,False,True,12.42250975887691
1243,11.971042740656404,12.10010039101655,True,12.122775029074985,11.891694659765184,2,36,12.03878070203725,2,11.884777565189452,3,2,12.07817052176723,3,6,2,2,12.169436290122853,2,2,True,True,False,11.977895278402745,True,False,3.0,0.07083143652890163,1.1531489793728533,0.30050911912530237,True,4.406719247264253,False,False,False,0.0,False,False,True,12.04355959836804
1245,11.972299710268643,12.10010039101655,False,12.224810430420682,12.215481164404672,3,56,12.1233228118755,2,12.272285293053542,3,2,12.07817052176723,3,7,2,3,11.785369069475001,1,2,True,False,False,12.022824369608022,True,False,1.0,-0.7119961288657569,-1.0861489736070777,0.44231520266074814,False,0.0,False,False,False,0.0,False,False,False,12.345838935721968
1246,12.027100518212453,12.10010039101655,True,12.122775029074985,12.015308249970365,2,4,12.219079222451217,2,11.884777565189452,3,3,12.07817052176723,2,7,1,2,12.401316665059703,3,2,True,False,False,11.831203284138704,True,False,3.5,-1.5055777474560026,1.1192205224063876,0.5500531791396935,True,4.31748811353631,False,True,True,5.594711379601839,False,False,True,12.08954444723597
1247,12.340705864519109,12.25239181580412,True,12.303267610871854,12.215481164404672,2,0,12.219079222451217,3,12.272285293053542,3,3,12.07817052176723,3,6,0,0,12.169436290122853,2,2,True,False,False,12.465956889344524,True,False,2.5,-0.8364252457831189,0.6789570245424512,-0.21437084183662683,False,0.0,False,False,False,0.0,False,False,True,12.136191879981927
1248,12.027100518212453,12.10010039101655,False,11.964817397785627,12.015308249970365,2,34,11.976594811781178,2,11.884777565189452,2,2,12.07817052176723,2,6,0,0,12.169436290122853,1,2,True,False,False,12.022824369608022,True,False,2.0,-0.04051306138200669,-1.0861489736070777,0.5878072498929691,True,5.817111159963204,False,False,False,0.0,False,False,False,12.042971193457888
1249,12.066699991720135,11.722226169284978,True,11.70731327255742,12.033337193995534,2,58,11.869146895887042,2,11.712360342176042,3,2,11.521165088893575,2,8,1,3,11.785369069475001,1,2,True,False,False,12.022824369608022,True,False,1.5,-0.9113165690203807,-1.0861489736070777,0.10526630785717257,False,0.0,False,False,False,0.0,False,True,True,11.771443882099637
1250,12.067973683336726,12.10010039101655,True,11.889207077291879,12.01107557809201,2,57,11.878527194048742,2,11.884777565189452,2,2,12.07817052176723,2,6,0,0,12.169436290122853,1,2,True,False,False,12.022824369608022,True,False,1.0,-0.4391030257836476,0.9549328321349695,-0.44486150961596177,False,0.0,False,False,False,0.0,False,False,True,11.686887175419702
1251,12.067973683336726,12.10010039101655,True,11.889207077291879,12.01107557809201,2,42,12.1233228118755,3,11.884777565189452,2,3,12.07817052176723,3,8,2,2,12.169436290122853,3,2,True,False,False,12.022824369608022,True,False,3.5,2.140792476652859,-1.0861489736070777,0.39529185574566605,False,0.0,False,False,False,0.0,False,False,True,12.404927602627597
1252,12.183695128206182,12.10010039101655,False,12.614502598853377,12.01107557809201,2,3,12.219079222451217,3,12.272285293053542,3,3,12.07817052176723,3,6,1,3,12.169436290122853,2,2,True,False,False,12.022824369608022,True,False,2.0,0.9013705706245686,0.5738312635980962,-2.0051428494403742,True,5.099866427824199,False,False,True,5.003946305945459,False,False,False,12.053801032483948
1254,12.340705864519109,12.10010039101655,False,12.075056445481925,12.215481164404672,2,4,11.84430531876782,3,11.884777565189452,2,2,12.07817052176723,3,9,2,3,12.169436290122853,2,2,True,True,False,12.022824369608022,True,False,3.5,0.4231262049492299,0.6995757102468758,1.2751220377095012,False,0.0,False,False,True,5.3981627015177525,False,False,False,12.591338447675579
1255,12.340705864519109,12.10010039101655,True,11.722415663465464,12.215481164404672,2,4,12.219079222451217,3,12.272285293053542,3,3,12.07817052176723,3,7,1,3,12.401316665059703,3,2,True,False,False,12.022824369608022,True,False,2.5,-0.8718677594839719,1.1849588391648505,-0.5172843961221285,True,4.532599493153256,False,False,True,5.187385805840755,False,False,True,12.016128107502665
1256,11.813689225424564,11.722226169284978,True,11.722739856073467,11.808193836543019,2,57,11.84430531876782,2,11.712360342176042,2,2,12.07817052176723,2,6,1,3,11.785369069475001,1,2,True,False,False,12.022824369608022,True,False,1.0,-0.4142708900802842,-1.0861489736070777,-0.7165700280803695,False,0.0,False,True,False,0.0,False,False,True,11.755879486687116
1257,12.067973683336726,12.10010039101655,False,12.65906276870971,12.01107557809201,3,14,11.976594811781178,3,12.272285293053542,3,3,12.07817052176723,3,7,1,2,12.169436290122853,3,2,True,False,False,12.022824369608022,True,False,3.0,1.950956906280315,0.5738312635980962,0.8763861070459484,True,6.318968113746434,False,False,True,5.572154032177765,False,False,True,12.616528611893463
1258,11.432508350773558,12.10010039101655,True,11.722415663465464,12.01107557809201,2,59,11.84430531876782,2,12.272285293053542,2,3,12.07817052176723,2,4,0,0,11.524571661116692,0,0,True,False,False,12.022824369608022,False,False,1.0,-0.47670939214555846,1.0437071244260603,-1.5249491674605653,False,0.0,False,False,False,0.0,False,False,True,11.511934974596555
1259,12.027100518212453,12.10010039101655,False,12.15826751067062,12.015308249970365,2,3,12.219079222451217,3,12.272285293053542,3,3,12.07817052176723,3,5,0,0,12.169436290122853,3,2,True,False,False,12.022824369608022,True,False,3.0,-0.5020238271425855,-1.0861489736070777,0.10266274975809125,True,5.209486152841421,False,False,True,5.3612921657094255,False,False,True,12.154784614286667
1260,12.067973683336726,12.10010039101655,True,11.889207077291879,12.01107557809201,2,39,11.976594811781178,2,11.884777565189452,3,3,12.07817052176723,2,6,0,0,12.169436290122853,1,2,True,False,False,12.022824369608022,True,False,2.5,0.07350150841660519,-1.0861489736070777,0.13506318115378155,False,0.0,False,True,True,5.198497031265826,False,False,True,11.92504173829169
1261,12.340705864519109,12.10010039101655,False,12.15826751067062,12.215481164404672,2,10,12.219079222451217,2,12.272285293053542,3,3,12.07817052176723,2,7,1,2,12.401316665059703,3,2,True,False,False,12.022824369608022,True,False,2.5,-0.5500267513764817,1.0781336133560508,1.948170047452833,False,0.0,False,False,False,0.0,False,False,False,12.10625783509458
1262,12.067973683336726,12.10010039101655,True,11.889207077291879,12.01107557809201,2,53,11.878527194048742,2,11.884777565189452,2,3,12.07817052176723,2,5,0,0,12.169436290122853,1,2,True,False,False,12.022824369608022,True,False,1.0,0.06280846840340626,-1.0861489736070777,0.10526630785717257,False,0.0,False,False,False,0.0,False,False,True,11.766799946849087
1263,11.813689225424564,12.10010039101655,True,12.125706184060236,11.808193836543019,1,20,11.84430531876782,2,11.884777565189452,2,3,12.07817052176723,2,8,2,2,12.169436290122853,1,2,True,False,False,12.022824369608022,True,False,2.0,0.2043774509072304,-1.0861489736070777,0.4108035034329658,False,0.0,False,False,True,4.795790545596741,False,False,False,11.992266613576142
1264,11.972299710268643,12.10010039101655,True,11.722739856073467,12.215481164404672,2,57,11.84430531876782,2,12.272285293053542,2,3,12.07817052176723,2,8,1,3,11.785369069475001,1,2,True,True,False,12.022824369608022,True,False,1.0,-0.8083525269448628,-1.0861489736070777,0.7661659863341459,False,0.0,False,False,False,0.0,False,True,True,12.103491596905931
1265,12.183695128206182,11.982249305193077,True,11.889207077291879,12.01107557809201,2,9,11.878527194048742,3,12.272285293053542,3,3,12.07817052176723,3,5,0,0,12.169436290122853,3,2,True,False,False,11.831203284138704,True,False,3.0,0.9013705706245686,0.876314842956725,-1.5249491674605653,False,0.0,False,False,True,4.976733742420574,False,False,True,12.10625783509458
1266,11.897576911041353,12.25239181580412,True,12.303267610871854,12.215481164404672,2,7,11.878527194048742,3,12.272285293053542,3,3,12.07817052176723,3,6,0,0,11.785369069475001,1,2,True,False,False,12.022824369608022,True,False,3.5,-1.0742246082315599,0.5470944509655881,-1.680548577193748,True,5.389071729816501,False,False,False,0.0,False,False,True,12.12215284831553
1267,11.80746747836454,11.722226169284978,False,11.70731327255742,12.033337193995534,2,57,11.84430531876782,2,11.884777565189452,2,2,11.521165088893575,2,9,1,3,11.785369069475001,1,2,True,True,False,12.022824369608022,True,False,1.5,-0.28988137554841203,-1.0861489736070777,0.20670781083477727,False,0.0,False,False,False,0.0,False,True,True,11.711784520403112
1268,12.067973683336726,12.10010039101655,False,12.352621312150928,12.01107557809201,3,1,11.984997717199022,3,12.272285293053542,3,3,12.07817052176723,3,10,1,3,12.169436290122853,3,2,True,False,False,12.022824369608022,True,False,2.0,1.9760002325916328,0.9300663917002016,0.7224158233956433,False,0.0,False,False,True,4.976733742420574,False,False,True,12.843973993864076
1269,11.813689225424564,12.10010039101655,False,12.224810430420682,11.808193836543019,3,11,11.984997717199022,2,11.884777565189452,2,3,12.07817052176723,3,11,2,3,12.401316665059703,1,2,True,True,False,12.022824369608022,True,False,3.5,-0.9366782695392948,0.07695653915070999,0.8485642069392386,True,6.450470422144176,False,False,True,5.752572638825633,False,False,False,12.850557278777309
1270,11.813689225424564,12.10010039101655,True,11.889207077291879,11.808193836543019,2,49,11.878527194048742,2,11.884777565189452,2,2,12.07817052176723,2,7,0,0,12.169436290122853,1,2,True,True,False,12.022824369608022,True,False,1.5,-0.4453406977035969,-1.0861489736070777,0.4268769596670152,True,5.198497031265826,False,False,False,0.0,False,False,True,11.87757552297847
1271,12.038767098415313,12.10010039101655,True,12.125706184060236,12.01107557809201,2,31,12.03878070203725,3,12.272285293053542,3,2,12.07817052176723,3,4,1,2,12.169436290122853,3,2,True,False,False,12.022824369608022,True,False,2.5,0.7447551785034545,-1.0861489736070777,1.8589636671941088,False,0.0,False,False,True,5.594711379601839,False,False,False,12.468440756144114
1272,12.067973683336726,12.10010039101655,False,12.122775029074985,12.01107557809201,2,41,12.1233228118755,2,11.884777565189452,2,3,12.07817052176723,3,7,1,3,12.169436290122853,2,2,True,False,False,12.022824369608022,True,False,2.0,1.0733703777479204,-1.0861489736070777,0.014353444687265422,False,0.0,False,False,False,0.0,False,False,False,12.132162346145595
1273,12.067973683336726,12.10010039101655,False,11.814945672101624,12.01107557809201,2,41,11.976594811781178,2,11.884777565189452,2,2,12.07817052176723,2,5,0,0,12.169436290122853,1,2,True,True,False,12.022824369608022,True,False,2.0,-0.2602438143445748,-1.0861489736070777,0.7677469231422958,True,4.74493212836325,False,False,True,5.198497031265826,False,False,False,11.827743504053695
1274,12.027100518212453,12.10010039101655,False,11.722415663465464,12.015308249970365,2,2,12.03878070203725,2,11.884777565189452,2,3,12.07817052176723,3,5,1,3,11.987475505601928,2,2,True,True,False,12.022824369608022,True,False,2.0,-0.021238949927141575,-1.0861489736070777,0.45528581629556797,True,4.442651256490317,False,True,False,0.0,False,False,True,12.083910661257521
1275,11.813689225424564,12.10010039101655,True,12.224810430420682,11.808193836543019,2,4,11.84430531876782,2,12.272285293053542,2,3,12.07817052176723,2,8,1,3,11.785369069475001,1,2,True,False,False,12.022824369608022,True,False,2.0,-1.1903476922050942,-1.0861489736070777,-1.003099279028213,False,0.0,False,False,True,5.493061443340548,False,True,True,11.842236406331555
1276,11.862887045549764,12.10010039101655,True,11.889207077291879,12.215481164404672,2,57,11.869146895887042,2,11.884777565189452,2,3,12.07817052176723,2,10,0,0,11.785369069475001,1,2,True,False,False,12.022824369608022,True,False,2.0,-0.2809620697350837,-1.0861489736070777,0.4270472605466015,True,6.342121418721152,False,False,False,0.0,False,False,True,11.827743504053695
1277,12.340705864519109,12.10010039101655,False,12.122775029074985,12.215481164404672,2,37,11.976594811781178,2,11.884777565189452,2,2,12.07817052176723,2,6,1,2,12.169436290122853,1,2,True,False,False,12.022824369608022,True,False,2.0,-0.9549189627737357,1.1364673027798442,0.681144005920089,False,0.0,False,False,True,5.68697535633982,False,False,False,11.995357787034976
1278,12.027100518212453,12.10010039101655,False,12.122775029074985,12.015308249970365,2,33,11.976594811781178,2,11.884777565189452,3,2,12.07817052176723,2,7,1,3,12.169436290122853,2,2,True,False,False,12.022824369608022,True,False,2.5,1.436105970622458,-1.0861489736070777,1.3115512278218684,True,5.886104031450156,False,False,False,0.0,False,False,False,12.19552218463499
1281,12.067973683336726,12.10010039101655,False,12.164079627677117,12.01107557809201,2,7,12.219079222451217,3,12.272285293053542,3,3,12.07817052176723,3,6,0,0,12.169436290122853,2,2,True,False,False,12.022824369608022,True,False,3.0,1.2374304158434155,0.9039082838687957,0.14646594348138156,True,4.709530201312334,False,False,False,0.0,False,False,True,12.33270970174018
1282,12.067973683336726,12.10010039101655,False,12.352621312150928,12.01107557809201,2,16,11.976594811781178,2,11.884777565189452,3,2,12.07817052176723,2,6,1,2,12.169436290122853,3,3,True,False,False,12.022824369608022,True,False,3.0,0.6939218499934543,0.7998606689235249,-0.23232570028521868,True,4.007333185232471,False,True,False,0.0,False,False,True,12.100717685412471
1283,12.067973683336726,12.10010039101655,False,12.164079627677117,12.01107557809201,2,1,11.976594811781178,2,11.884777565189452,3,2,12.07817052176723,3,5,0,0,11.785369069475001,1,2,True,False,False,12.022824369608022,True,False,2.0,0.035925955431013554,-1.0861489736070777,-0.06167486803362965,False,0.0,False,True,False,0.0,False,False,True,11.921725007667265
1284,11.862887045549764,12.10010039101655,True,11.964817397785627,12.215481164404672,2,39,11.878527194048742,2,11.884777565189452,2,2,12.07817052176723,2,8,0,0,11.524571661116692,0,0,True,False,False,12.022824369608022,False,False,3.0,-0.3288136669813322,-1.0861489736070777,0.06482899740403293,False,0.0,False,False,True,4.859812404361672,False,False,True,11.842236406331555
1285,11.813689225424564,12.10010039101655,True,11.894163489986184,11.808193836543019,2,20,11.84430531876782,2,12.272285293053542,2,3,12.07817052176723,3,10,1,3,11.785369069475001,1,2,True,False,False,12.022824369608022,True,False,2.0,-0.671570974562526,-1.0861489736070777,0.11285720625111453,False,0.0,False,True,True,5.60947179518496,False,True,True,12.037659911047468
1286,11.813689225424564,11.722226169284978,True,11.722739856073467,11.808193836543019,2,59,11.878527194048742,2,11.884777565189452,2,3,12.07817052176723,2,6,1,3,11.785369069475001,1,2,True,False,False,12.022824369608022,True,False,1.0,-0.752937011713302,-1.0861489736070777,-0.7908151911363298,False,0.0,False,False,True,3.828641396489095,False,False,True,11.794345471549745
1287,12.067973683336726,12.10010039101655,True,12.122775029074985,12.01107557809201,2,47,11.976594811781178,2,11.884777565189452,2,2,12.07817052176723,2,6,2,3,12.169436290122853,1,2,True,False,False,12.022824369608022,True,False,2.5,0.7359676537174159,0.42274040029361315,0.14293414880476848,True,6.113682179832232,False,False,False,0.0,False,False,False,11.870606902224587
1288,12.067973683336726,12.10010039101655,False,12.125706184060236,12.01107557809201,2,42,11.84430531876782,2,11.884777565189452,2,2,12.07817052176723,2,7,0,0,12.169436290122853,1,2,True,False,False,12.022824369608022,True,False,2.5,1.3334925301940983,1.4017331607768102,2.7286582286360748,True,6.432940092739179,False,False,True,5.1298987149230735,False,False,False,12.154784614286667
1289,12.183695128206182,12.10010039101655,False,12.38035169513184,12.01107557809201,3,9,12.366209798533164,3,12.272285293053542,3,3,12.07817052176723,3,5,1,3,12.169436290122853,3,2,True,False,False,12.022824369608022,True,False,3.0,1.0972745513506805,0.8080529392343755,-0.8997331691028667,False,0.0,False,False,True,5.3612921657094255,False,False,True,12.535379989788607
1290,12.340705864519109,12.10010039101655,False,12.614502598853377,12.215481164404672,3,0,12.219079222451217,3,12.272285293053542,3,3,12.07817052176723,3,8,1,3,12.401316665059703,3,2,True,False,False,12.465956889344524,True,False,2.5,0.15524052966992236,0.9171572409480562,0.3787866593504342,True,6.670766320845874,False,False,True,5.181783550292085,False,False,True,12.546113507028412
1291,12.027100518212453,12.10010039101655,False,11.889207077291879,12.015308249970365,2,46,11.84430531876782,2,12.272285293053542,2,2,12.07817052176723,2,6,1,3,12.169436290122853,2,2,True,False,False,12.022824369608022,True,False,2.0,0.32543149312484854,-1.0861489736070777,0.850219590929962,True,4.465908118654584,False,False,True,5.429345628954441,False,False,False,12.103491596905931
1293,11.972299710268643,11.722226169284978,True,11.70731327255742,12.215481164404672,2,44,11.84430531876782,2,12.042873266960868,2,2,11.521165088893575,2,11,0,0,12.169436290122853,2,2,True,False,False,12.022824369608022,True,False,2.0,-0.09059232365294673,1.5885121588872495,-0.6102248304177408,False,0.0,False,False,False,0.0,False,False,True,11.58525542883217
1294,12.340705864519109,12.10010039101655,True,12.122775029074985,12.215481164404672,2,30,11.976594811781178,2,12.272285293053542,3,2,12.07817052176723,2,8,1,2,12.169436290122853,2,2,True,True,False,12.022824369608022,True,False,2.5,-0.579173437723027,0.45689938775473493,0.2105079646369749,False,0.0,False,True,False,0.0,False,False,True,12.000897933306716
1295,12.067973683336726,12.10010039101655,True,11.722415663465464,12.01107557809201,2,16,11.937149528022868,2,11.884777565189452,2,2,12.07817052176723,2,5,0,0,11.785369069475001,1,2,True,False,False,12.022824369608022,True,False,2.0,-0.47670939214555846,-1.0861489736070777,-0.2033482752153501,False,0.0,False,False,False,0.0,False,False,True,11.652696102959753
1296,12.067973683336726,12.10010039101655,True,11.889207077291879,12.01107557809201,2,38,11.976594811781178,2,11.884777565189452,2,3,12.07817052176723,2,5,0,0,12.169436290122853,2,2,True,True,False,12.022824369608022,True,False,2.5,0.06815924170340744,-1.0861489736070777,-0.15073234621895343,True,5.1298987149230735,False,False,True,5.877735781779639,False,False,True,11.83863282480007
1297,12.067973683336726,12.10010039101655,True,11.889207077291879,12.01107557809201,2,45,11.878527194048742,2,11.884777565189452,2,3,12.07817052176723,2,6,0,0,12.169436290122853,2,2,True,True,False,12.022824369608022,True,False,3.0,0.24520996089317926,0.30310604524104484,-0.08356652522239963,True,5.003946305945459,False,False,True,5.262690188904886,False,True,True,11.951186847493476
1298,12.040267718167508,11.722226169284978,True,11.722415663465464,11.891694659765184,2,0,12.219079222451217,2,12.272285293053542,3,3,12.07817052176723,2,5,0,0,11.987475505601928,3,2,True,False,False,12.465956889344524,True,False,3.0,-1.6762480809853473,0.6683178641193189,-1.7107004481475585,True,4.418840607796598,False,False,False,0.0,False,False,True,11.849404844423074
1300,12.067973683336726,12.10010039101655,True,11.889207077291879,12.01107557809201,2,16,12.1233228118755,2,11.884777565189452,2,3,12.07817052176723,3,6,0,0,12.169436290122853,2,2,True,True,False,12.022824369608022,True,False,2.5,0.5507508464634772,-1.0861489736070777,-0.3671162397748761,False,0.0,False,False,True,5.389071729816501,False,False,True,11.944714374881176
1301,12.340705864519109,12.10010039101655,False,12.15826751067062,12.215481164404672,2,10,12.219079222451217,3,12.272285293053542,3,3,12.07817052176723,3,9,1,2,12.169436290122853,3,2,True,False,False,12.022824369608022,True,False,2.5,-0.13574843437626696,-1.0861489736070777,0.32521283250708255,True,5.84354441703136,False,False,False,0.0,False,False,False,12.323860125621126
1302,11.972299710268643,12.10010039101655,False,12.224810430420682,12.215481164404672,2,59,11.84430531876782,2,11.884777565189452,2,2,12.07817052176723,3,7,2,3,12.169436290122853,1,2,True,False,False,12.022824369608022,True,False,1.0,-0.7839899138137311,-1.0861489736070777,-0.3671162397748761,False,0.0,False,True,False,0.0,False,False,False,12.086731521684555
1303,12.340705864519109,12.10010039101655,True,12.65906276870971,12.215481164404672,3,12,12.219079222451217,3,12.272285293053542,3,3,12.07817052176723,3,8,1,2,12.169436290122853,2,2,True,False,False,12.022824369608022,True,False,3.5,0.35748952054599165,0.9426529456779301,0.20670781083477727,True,5.971261839790462,False,False,True,5.736572297479192,False,False,True,12.577639650232573
1304,12.067973683336726,12.10010039101655,True,12.303267610871854,12.01107557809201,2,1,12.219079222451217,3,12.272285293053542,3,3,12.07817052176723,3,7,0,0,12.169436290122853,2,2,True,False,False,12.022824369608022,True,False,2.0,1.3185925137547772,0.8080529392343755,-0.08620985808989456,True,5.43372200355424,False,False,True,5.342334251964811,False,False,True,12.354496960983985
1305,11.897576911041353,11.722226169284978,True,11.722415663465464,12.215481164404672,2,2,12.219079222451217,3,12.272285293053542,3,3,12.07817052176723,3,7,0,0,11.785369069475001,1,2,True,False,False,12.022824369608022,True,False,2.0,-0.14143633382346682,0.6233232083761491,-1.8755950916359099,True,4.770684624465665,False,False,False,0.0,False,False,True,11.775297421715827
1306,12.067973683336726,12.10010039101655,False,12.614502598853377,12.01107557809201,3,2,12.219079222451217,3,12.272285293053542,3,3,12.07817052176723,3,6,2,3,12.169436290122853,3,2,True,False,False,12.022824369608022,True,False,3.0,1.3851632776260405,1.073356289246454,0.716382060239303,True,5.707110264748875,False,False,True,6.003887067106539,False,False,True,12.691583538230217
1307,12.183695128206182,12.10010039101655,False,12.614502598853377,12.01107557809201,2,0,12.219079222451217,3,12.272285293053542,3,3,12.07817052176723,3,6,1,3,12.169436290122853,2,2,True,False,False,12.465956889344524,True,False,2.0,0.8228644615871902,0.5606437570355319,-0.5107134155335572,True,4.553876891600541,False,False,True,4.890349128221754,False,False,True,12.218500103788143
1308,12.067973683336726,12.10010039101655,True,12.164079627677117,12.01107557809201,2,14,12.219079222451217,2,12.272285293053542,3,3,12.07817052176723,2,5,0,0,11.785369069475001,1,2,True,False,False,12.022824369608022,True,False,2.0,-0.10182400554165401,0.8471168848836711,-0.22687475429788578,False,0.0,False,False,False,0.0,False,False,True,11.835016210489899
1309,12.067973683336726,11.722226169284978,True,11.70731327255742,12.01107557809201,2,3,11.878527194048742,2,11.884777565189452,2,3,12.07817052176723,3,6,0,0,12.169436290122853,1,2,True,True,False,12.022824369608022,True,False,2.0,-0.292859856791174,0.5738312635980962,0.5355888652971965,False,0.0,False,False,False,0.0,False,False,True,11.898194668458823
1310,12.067973683336726,12.10010039101655,True,12.139860799469593,12.01107557809201,2,17,11.976594811781178,2,11.884777565189452,3,3,12.07817052176723,3,6,0,0,12.169436290122853,2,2,True,True,False,12.022824369608022,True,False,3.0,0.6242110752062568,0.7384151373894858,-0.45732462942838176,True,4.48863636973214,False,False,True,4.727387818712341,False,False,False,12.09626335986454
1311,12.067973683336726,12.10010039101655,True,12.224810430420682,12.01107557809201,2,8,12.1233228118755,3,12.272285293053542,3,2,12.07817052176723,3,7,2,2,12.169436290122853,3,2,True,False,False,12.022824369608022,True,False,3.0,1.8166384871930892,1.4239894428091184,1.2704240229308434,False,0.0,False,False,False,0.0,False,True,True,12.721888795877375
1312,12.067973683336726,12.10010039101655,True,12.164079627677117,12.01107557809201,2,0,12.219079222451217,3,12.272285293053542,3,3,12.07817052176723,3,6,0,0,12.169436290122853,2,2,True,False,False,12.465956889344524,True,False,3.0,0.6151133207895916,1.0537840408531192,-0.05862925040925124,True,4.394449154672439,False,False,True,5.579729825986222,False,False,True,12.220966184120165
1313,12.340705864519109,12.10010039101655,False,12.65906276870971,12.215481164404672,3,17,11.84430531876782,3,12.272285293053542,3,3,12.07817052176723,3,9,1,3,12.169436290122853,2,3,True,False,False,12.022824369608022,True,False,2.5,1.000677209486329,-1.0861489736070777,0.09965439868756272,True,5.820082930352362,False,False,True,6.2166061010848646,False,False,False,12.618185607609803
1314,12.340705864519109,12.10010039101655,False,12.65906276870971,12.215481164404672,3,11,12.219079222451217,3,12.272285293053542,3,3,12.07817052176723,3,10,1,2,12.401316665059703,3,2,True,False,False,12.022824369608022,True,False,2.5,0.8761007371431369,0.4888362937281327,0.9394950691939624,True,5.111987788356544,False,False,True,6.505784060128229,False,False,True,12.716405147731708
1315,12.067973683336726,12.10010039101655,True,11.722415663465464,12.01107557809201,1,53,11.84430531876782,2,11.884777565189452,2,3,12.07817052176723,2,5,1,2,11.785369069475001,1,2,True,False,False,12.022824369608022,True,False,2.0,-0.2221090014390008,0.5738312635980962,-0.19914309378208533,False,0.0,False,False,False,0.0,False,False,True,11.686887175419702
1316,12.340705864519109,12.10010039101655,True,11.889207077291879,12.215481164404672,2,39,11.976594811781178,2,11.884777565189452,2,2,12.07817052176723,2,9,2,3,12.169436290122853,1,2,True,False,False,12.022824369608022,True,False,2.5,-0.21046325916938363,-1.0861489736070777,0.38053048828781655,False,0.0,False,False,True,5.638354669333745,False,False,True,12.239995696974733
1317,12.067973683336726,12.10010039101655,False,12.164079627677117,12.01107557809201,3,1,12.219079222451217,3,12.272285293053542,3,3,12.07817052176723,3,8,1,3,12.169436290122853,2,2,True,False,False,12.022824369608022,True,False,3.0,1.3297732966665157,0.6463304015240848,0.22676646192539937,True,5.602118820879701,False,False,True,5.153291594497779,False,False,True,12.596403811053621
1318,12.183695128206182,12.25239181580412,True,12.303267610871854,12.01107557809201,2,0,12.219079222451217,3,12.272285293053542,3,3,12.07817052176723,3,5,1,3,12.169436290122853,2,2,True,False,False,12.465956889344524,True,False,2.0,0.7883642883757465,1.5003600363179042,-1.4482943639034838,False,0.0,False,False,False,0.0,False,False,True,12.249615734512616
1319,12.067973683336726,12.10010039101655,False,12.164079627677117,12.01107557809201,3,4,12.219079222451217,3,12.272285293053542,3,3,12.07817052176723,3,7,1,2,12.169436290122853,2,2,True,False,False,12.022824369608022,True,False,2.0,1.5656542973328782,1.2634221877717535,0.9404182442130375,True,5.187385805840755,False,False,True,5.293304824724492,False,False,False,12.524530013005734
1320,12.067973683336726,12.10010039101655,True,11.722415663465464,12.01107557809201,1,53,11.84430531876782,2,12.272285293053542,2,3,12.07817052176723,2,5,0,0,12.169436290122853,1,2,True,False,False,12.022824369608022,True,False,1.0,-0.47670939214555846,-1.0861489736070777,0.22469427715532436,True,4.890349128221754,False,False,False,0.0,False,False,True,11.6172944892629
1321,12.067973683336726,12.10010039101655,True,11.889207077291879,12.01107557809201,2,52,12.1233228118755,2,11.884777565189452,2,3,12.07817052176723,2,6,2,3,12.169436290122853,2,2,True,False,False,12.022824369608022,True,False,2.5,1.0513161258532442,-1.0861489736070777,-0.15073234621895343,False,0.0,False,True,True,4.74493212836325,False,False,True,11.960817678718287
1323,12.340705864519109,12.10010039101655,False,12.65906276870971,12.215481164404672,2,18,11.976594811781178,3,12.272285293053542,3,3,12.07817052176723,3,8,1,2,12.169436290122853,2,2,True,False,False,12.022824369608022,True,False,3.5,-0.8576433377174497,0.6114063380930174,0.21922088390048175,False,0.0,False,False,True,5.484796933490655,False,False,True,12.154784614286667
1324,11.432508350773558,12.10010039101655,True,11.722739856073467,12.01107557809201,1,59,12.219079222451217,2,11.884777565189452,2,3,12.07817052176723,2,5,0,0,11.524571661116692,0,0,True,False,False,12.022824369608022,False,False,1.0,-2.329658314894941,-1.0861489736070777,-1.014379989187043,False,0.0,False,False,True,5.10594547390058,False,False,True,11.320565693461432
1325,12.067973683336726,12.10010039101655,True,12.303267610871854,12.01107557809201,3,0,12.219079222451217,3,12.272285293053542,3,3,12.07817052176723,3,7,1,3,12.169436290122853,2,2,True,False,False,12.465956889344524,True,False,2.0,1.6381551667773138,0.7193738876844055,0.18105786700389265,True,6.061456918928017,False,False,False,0.0,False,False,True,11.898194668458823
1326,11.432508350773558,11.722226169284978,True,11.498308778772056,12.01107557809201,1,58,11.869146895887042,2,11.712360342176042,2,2,11.521165088893575,2,5,0,0,11.524571661116692,0,0,True,True,False,12.022824369608022,False,False,1.0,-0.6984644799855649,-1.0861489736070777,-1.7305554663142462,False,0.0,False,False,False,0.0,False,True,True,10.915106645867503
1327,11.432508350773558,11.982249305193077,True,11.722415663465464,12.01107557809201,1,1,11.878527194048742,2,11.712360342176042,2,3,12.07817052176723,3,6,0,0,11.524571661116692,0,0,True,False,False,12.022824369608022,False,False,1.0,-1.6901401972183605,-1.0861489736070777,-1.430691188138388,False,0.0,False,False,False,0.0,False,True,True,11.277215789596893
1328,12.067973683336726,12.10010039101655,True,11.964817397785627,12.01107557809201,2,0,12.219079222451217,3,11.884777565189452,2,3,12.07817052176723,3,5,1,3,12.169436290122853,1,2,True,True,False,12.022824369608022,True,False,1.5,-0.6316475076850964,-1.0861489736070777,-0.6102248304177408,False,0.0,False,False,False,0.0,False,False,True,11.779136168550774
1330,12.340705864519109,12.10010039101655,False,12.15826751067062,12.215481164404672,2,8,12.219079222451217,2,12.272285293053542,3,3,12.07817052176723,2,8,1,2,12.169436290122853,3,2,True,False,False,12.022824369608022,True,False,2.5,-0.2602438143445748,0.45689938775473493,-0.0007896802433456231,False,0.0,False,False,False,0.0,False,False,True,12.081081821061819
1331,12.067973683336726,12.10010039101655,True,12.303267610871854,12.01107557809201,3,1,12.219079222451217,3,12.272285293053542,3,3,12.07817052176723,3,7,1,3,12.169436290122853,2,2,True,False,False,12.022824369608022,True,False,2.0,1.2659514115487827,0.6789570245424512,0.1837532324027408,True,6.018593214496234,False,False,True,4.976733742420574,False,False,True,12.33270970174018
1332,12.027100518212453,12.10010039101655,False,12.164079627677117,12.015308249970365,2,30,11.878527194048742,2,11.884777565189452,2,3,12.07817052176723,2,6,0,0,11.785369069475001,1,2,True,False,False,12.022824369608022,True,False,1.0,-0.331827653100052,-1.0861489736070777,0.3284359482271108,False,0.0,False,False,False,0.0,False,False,True,11.794345471549745
1333,12.067973683336726,12.10010039101655,True,11.722415663465464,12.01107557809201,1,51,11.878527194048742,2,11.884777565189452,2,3,12.07817052176723,2,3,1,3,11.785369069475001,1,2,True,False,False,12.022824369608022,True,False,2.0,-0.6316475076850964,-1.0861489736070777,-0.044981606878712416,False,0.0,False,False,False,0.0,False,False,True,11.51293546492023
1334,11.813689225424564,11.722226169284978,True,11.498308778772056,11.808193836543019,2,11,11.84430531876782,2,11.884777565189452,2,3,12.07817052176723,3,6,0,0,11.785369069475001,1,2,True,True,False,12.022824369608022,True,False,1.5,-0.6749203860234537,0.8545771799704772,-0.44486150961596177,False,0.0,False,False,False,0.0,False,True,True,11.74006900564972
1335,11.897576911041353,11.722226169284978,True,12.035203175123115,12.215481164404672,2,39,11.976594811781178,2,11.884777565189452,2,2,12.07817052176723,2,7,0,0,12.169436290122853,1,2,True,False,False,12.022824369608022,True,False,1.5,-0.8048607497346344,0.5738312635980962,-2.52283349425183,True,5.746203190540153,False,False,False,0.0,False,False,True,11.736077016252437
1336,12.067973683336726,12.10010039101655,True,12.122775029074985,12.01107557809201,2,32,12.03878070203725,2,11.884777565189452,3,2,12.07817052176723,2,6,1,2,12.169436290122853,2,2,True,False,False,12.022824369608022,True,False,2.5,0.7840277694957021,0.20311490312014263,0.11524832009859176,True,5.8888779583328805,False,False,False,0.0,False,False,True,12.031129798974042
1337,11.862887045549764,12.10010039101655,False,12.122775029074985,12.01107557809201,2,35,12.03878070203725,2,11.884777565189452,2,2,12.07817052176723,2,8,0,0,11.785369069475001,1,2,True,False,False,12.022824369608022,True,False,2.0,1.3924848522602182,1.4335815159325382,0.0331212365068715,True,6.336825731146441,False,False,False,0.0,False,False,True,11.813037464800539
1338,11.432508350773558,11.722226169284978,False,11.70731327255742,12.01107557809201,1,56,11.84430531876782,2,11.884777565189452,2,2,11.521165088893575,2,4,0,0,11.524571661116692,0,0,True,False,False,12.022824369608022,False,False,1.0,-1.0666340303199748,0.30310604524104484,-1.4984532335532545,False,0.0,False,False,False,0.0,False,False,True,10.868587496017359
1339,12.340705864519109,12.10010039101655,False,12.164079627677117,12.215481164404672,2,4,12.219079222451217,3,12.272285293053542,3,3,12.07817052176723,3,8,0,0,12.401316665059703,2,2,True,False,False,12.022824369608022,True,False,3.5,-0.31678530803409655,1.0176013303298872,0.7567986094177421,False,0.0,False,False,True,4.990432586778736,False,False,True,12.206077645517674
1340,12.067973683336726,12.10010039101655,False,12.164079627677117,12.01107557809201,2,34,11.878527194048742,2,11.884777565189452,2,3,12.07817052176723,2,5,0,0,12.169436290122853,2,2,True,False,False,12.022824369608022,True,False,1.0,-0.47670939214555846,-1.0861489736070777,0.09724443369773986,False,0.0,False,False,False,0.0,False,False,True,11.763691965388299
1341,12.067973683336726,12.10010039101655,True,11.889207077291879,12.01107557809201,1,36,11.878527194048742,2,11.884777565189452,2,2,12.07817052176723,2,5,0,0,11.785369069475001,1,2,True,True,False,12.022824369608022,True,False,1.0,-0.4956767202218916,-1.0861489736070777,-0.17502010284227743,False,0.0,False,False,False,0.0,False,False,True,11.719947764402807
1342,12.067973683336726,12.10010039101655,True,12.139860799469593,12.01107557809201,2,4,12.219079222451217,2,12.272285293053542,3,3,12.07817052176723,3,6,0,0,11.785369069475001,1,2,True,False,False,12.022824369608022,True,False,2.0,0.22995532963902346,0.9426529456779301,0.7918808201617175,False,0.0,False,False,False,0.0,False,False,True,11.951186847493476
1343,12.340705864519109,12.10010039101655,True,12.164079627677117,12.215481164404672,3,5,12.219079222451217,3,12.272285293053542,3,3,12.07817052176723,3,7,1,3,12.169436290122853,2,2,True,False,False,12.022824369608022,True,False,2.5,0.6378131181541896,0.995701530003915,0.05971594509476881,True,5.0106352940962555,False,False,True,5.262690188904886,False,False,False,12.339295865674435
1344,11.813689225424564,12.10010039101655,True,12.224810430420682,11.808193836543019,2,59,12.1233228118755,2,11.712360342176042,2,3,12.07817052176723,2,9,1,2,11.785369069475001,1,2,True,False,False,12.022824369608022,True,False,1.5,-0.3773729676880695,-1.0861489736070777,-0.35243304722469604,False,0.0,False,False,False,0.0,False,False,True,12.083910661257521
1345,12.340705864519109,12.10010039101655,False,12.164079627677117,12.215481164404672,2,1,12.219079222451217,3,12.272285293053542,3,3,12.07817052176723,3,8,1,2,12.169436290122853,3,2,True,False,False,12.465956889344524,True,False,2.5,-0.9366782695392948,-1.0861489736070777,0.3854051210089578,False,0.0,False,False,False,0.0,False,False,True,11.95655945119582
1346,11.432508350773558,11.722226169284978,True,11.70731327255742,12.01107557809201,1,57,11.878527194048742,2,12.272285293053542,2,3,12.07817052176723,2,5,0,0,11.785369069475001,1,2,True,False,False,12.022824369608022,True,False,1.0,-0.18729408544813927,-1.0861489736070777,-0.7908151911363298,False,0.0,False,False,False,0.0,False,True,True,11.59451466851004
1347,12.067973683336726,12.10010039101655,False,12.122775029074985,12.01107557809201,2,3,12.1233228118755,2,11.884777565189452,2,2,12.07817052176723,2,9,1,3,12.169436290122853,2,3,True,False,False,12.022824369608022,True,False,2.0,1.227872815280215,0.9549328321349695,1.6081435254186351,False,0.0,True,False,False,0.0,False,False,False,12.47801017053037
1348,12.067973683336726,12.10010039101655,False,12.352621312150928,12.01107557809201,3,0,12.219079222451217,3,12.272285293053542,3,3,12.07817052176723,3,7,1,3,12.169436290122853,3,2,True,False,False,12.465956889344524,True,False,3.0,1.5288570049286652,-1.0861489736070777,1.008478664237689,True,4.61512051684126,False,False,False,0.0,False,False,True,12.554840409959793
1349,12.067973683336726,12.10010039101655,False,12.139860799469593,12.01107557809201,2,9,12.219079222451217,3,12.272285293053542,3,3,12.07817052176723,3,5,1,2,12.169436290122853,2,2,True,False,False,12.022824369608022,True,False,3.0,1.0593517027358805,0.40472510505563375,1.118859017156571,False,0.0,False,False,True,5.998936561946683,False,False,False,12.278397958261774
1351,11.862887045549764,12.10010039101655,True,11.889207077291879,12.215481164404672,2,40,11.878527194048742,2,11.884777565189452,2,2,12.07817052176723,2,12,0,0,11.785369069475001,1,2,True,False,False,12.022824369608022,True,False,4.5,0.5553881022053833,-1.0861489736070777,0.47716113025436446,True,5.910796644040527,False,False,False,0.0,False,False,True,12.206077645517674
1352,12.340705864519109,12.10010039101655,False,11.889207077291879,12.215481164404672,2,46,11.976594811781178,2,11.884777565189452,2,3,12.07817052176723,2,8,1,3,12.169436290122853,3,2,True,False,False,12.022824369608022,True,False,1.5,-0.4956767202218916,0.9786306483284682,0.033328773593110185,True,5.765191102784844,False,True,False,0.0,False,False,True,12.049424683420915
1353,11.813689225424564,11.722226169284978,True,11.722739856073467,11.808193836543019,2,9,11.878527194048742,3,11.712360342176042,2,2,12.07817052176723,2,4,0,0,11.785369069475001,1,2,True,False,False,12.022824369608022,True,False,1.0,-1.047737446909212,-1.0861489736070777,-0.7908151911363298,False,0.0,False,False,True,5.351858133476067,False,False,True,11.812296455066814
1354,11.813689225424564,12.10010039101655,False,12.65906276870971,11.808193836543019,3,14,12.219079222451217,3,12.272285293053542,3,3,12.07817052176723,3,9,1,3,12.169436290122853,3,2,True,False,False,12.022824369608022,True,False,3.5,2.0240485456204667,0.9900750811023833,0.9323591826534844,True,6.363028103540465,False,False,True,5.648974238161206,False,False,True,12.923914877701906
1355,12.340705864519109,12.10010039101655,False,12.164079627677117,12.215481164404672,2,8,12.219079222451217,3,12.272285293053542,3,3,12.07817052176723,3,7,1,2,12.169436290122853,2,2,True,False,False,12.022824369608022,True,False,3.5,-0.09620342710952233,1.3650838505024157,0.24364018512986313,False,0.0,False,False,False,0.0,False,False,False,12.367345048436391
1356,12.027100518212453,12.10010039101655,False,12.122775029074985,12.015308249970365,2,14,11.878527194048742,2,11.884777565189452,2,3,12.07817052176723,3,8,1,2,12.169436290122853,2,2,True,True,False,12.022824369608022,True,False,3.0,-1.571807686771047,1.0537840408531192,0.22035454534937807,True,4.969813299576001,False,False,False,0.0,False,False,True,12.04355959836804
1357,12.067973683336726,12.10010039101655,True,11.889207077291879,12.01107557809201,2,42,11.976594811781178,2,11.884777565189452,2,2,12.07817052176723,2,5,0,0,12.169436290122853,2,2,True,True,False,12.022824369608022,True,False,1.0,-0.47670939214555846,-1.0861489736070777,0.08049497849938932,True,4.189654742026425,False,False,False,0.0,False,False,False,11.608244735642321
1358,12.067973683336726,12.10010039101655,False,11.889207077291879,12.01107557809201,2,2,12.219079222451217,2,11.884777565189452,2,3,12.07817052176723,2,6,1,2,12.169436290122853,3,2,True,False,False,12.022824369608022,True,False,2.5,0.1369558170345475,-1.0861489736070777,0.6203842518315302,False,0.0,False,False,False,0.0,False,False,False,11.917730355182513
1359,11.897576911041353,12.25239181580412,True,12.303267610871854,12.215481164404672,2,10,11.878527194048742,3,12.272285293053542,3,3,12.07817052176723,3,5,0,0,11.785369069475001,1,2,True,False,False,12.022824369608022,True,False,2.5,-0.8364252457831189,0.5188258045672854,-2.7279825478624717,True,5.37989735354046,False,False,False,0.0,False,False,False,12.086731521684555
1360,12.067973683336726,12.10010039101655,True,12.614502598853377,12.01107557809201,3,1,12.219079222451217,3,12.272285293053542,3,3,12.07817052176723,3,8,1,3,12.169436290122853,3,2,True,False,False,12.022824369608022,True,False,3.0,1.9415220948133556,0.6789570245424512,1.1831231684048316,True,4.204692619390966,False,False,True,5.272999558563747,False,False,True,12.660331092405906
1361,11.972299710268643,12.10010039101655,True,11.894163489986184,12.215481164404672,2,10,11.878527194048742,2,11.712360342176042,2,3,12.07817052176723,2,8,0,0,12.401316665059703,2,2,True,False,False,12.022824369608022,True,False,3.5,-1.3898620278220488,-1.0861489736070777,0.15312004336605245,False,0.0,False,False,True,5.214935757608986,False,True,True,12.149507585033072
1363,11.813689225424564,12.10010039101655,False,11.889207077291879,11.808193836543019,1,2,12.219079222451217,2,11.712360342176042,2,3,12.07817052176723,2,7,1,3,12.169436290122853,1,2,True,False,False,12.022824369608022,True,False,2.0,-0.9843247655507187,-1.0861489736070777,0.6166701540954622,False,0.0,False,False,True,4.02535169073515,False,False,False,11.560772327227417
1364,12.340705864519109,12.10010039101655,False,12.15826751067062,12.215481164404672,2,0,12.219079222451217,2,12.272285293053542,3,3,12.07817052176723,3,6,1,3,12.401316665059703,3,2,True,False,False,12.465956889344524,True,False,2.5,-1.373083776220329,0.5738312635980962,-0.12831468775602536,False,0.0,False,False,False,0.0,False,False,True,11.963574241653713
1365,11.897576911041353,12.25239181580412,True,12.303267610871854,12.215481164404672,2,1,11.878527194048742,3,12.272285293053542,3,3,12.07817052176723,3,4,0,0,11.785369069475001,2,2,True,False,False,11.831203284138704,True,False,2.5,-1.440753043155675,1.3137738524695062,-1.9793387844099302,False,0.0,False,False,False,0.0,True,False,True,11.878630514504515
1366,12.340705864519109,12.25239181580412,True,12.303267610871854,12.215481164404672,2,10,12.219079222451217,3,12.272285293053542,3,3,12.07817052176723,3,7,0,0,12.169436290122853,2,2,True,False,False,12.022824369608022,True,False,3.5,-0.6382671575903739,1.0437071244260603,-0.3671162397748761,False,0.0,False,False,False,0.0,False,False,False,12.283038316285214
1367,12.340705864519109,12.10010039101655,False,12.164079627677117,12.215481164404672,2,9,12.219079222451217,3,12.272285293053542,3,3,12.07817052176723,3,7,0,0,12.169436290122853,2,2,True,False,False,11.831203284138704,True,False,3.5,-0.4484640135805431,1.0012660350588067,0.01916657116136881,True,5.0689042022202315,False,False,False,0.0,False,False,True,12.170450649220749
1368,11.897576911041353,11.722226169284978,True,12.003139473921845,12.215481164404672,2,29,12.366209798533164,2,12.272285293053542,2,3,12.07817052176723,2,6,1,2,12.169436290122853,2,2,True,False,False,12.022824369608022,True,False,2.0,-0.8329026036387527,0.42274040029361315,-2.3056618786134475,False,0.0,False,False,True,4.653960350157523,False,False,True,11.751950239425476
1369,12.183695128206182,11.722226169284978,True,12.164079627677117,12.01107557809201,2,5,12.219079222451217,3,12.272285293053542,3,3,12.07817052176723,3,4,0,0,12.169436290122853,3,2,True,False,False,12.022824369608022,True,False,2.0,-0.5275369941219105,-1.0861489736070777,-1.359724546045621,True,5.14166355650266,False,False,True,4.948759890378168,False,False,False,11.87757552297847
1370,12.067973683336726,12.10010039101655,False,12.164079627677117,12.01107557809201,3,7,12.219079222451217,3,12.272285293053542,3,3,12.07817052176723,3,8,1,2,12.169436290122853,3,2,True,False,False,12.022824369608022,True,False,3.0,1.3943129323256525,1.542464248065596,0.3023227018016229,True,5.147494476813453,False,False,False,0.0,False,False,True,12.354496960983985
1371,11.813689225424564,12.10010039101655,True,11.70731327255742,11.808193836543019,1,59,12.035040461386858,2,12.272285293053542,2,3,12.07817052176723,2,6,0,0,11.785369069475001,3,2,True,False,False,12.022824369608022,True,False,1.0,-0.5532523480976744,-1.0861489736070777,-0.9897876801373406,False,0.0,False,False,False,0.0,False,True,True,11.561725152903833
1372,12.027100518212453,12.10010039101655,True,11.889207077291879,12.015308249970365,2,12,11.869146895887042,2,11.884777565189452,2,3,12.07817052176723,3,8,1,2,12.401316665059703,2,2,True,True,False,12.022824369608022,True,False,2.0,-0.09620342710952233,0.45689938775473493,0.10526630785717257,False,0.0,False,True,False,0.0,False,False,True,12.016732516077072
1373,12.340705864519109,12.10010039101655,True,12.164079627677117,12.215481164404672,2,8,12.219079222451217,2,12.272285293053542,3,3,12.07817052176723,3,8,1,2,11.785369069475001,2,2,True,False,False,12.022824369608022,True,False,3.5,0.21463177882006784,1.3256264961176372,0.13506318115378155,False,0.0,False,False,True,5.537334267018537,False,False,True,12.521981322562505
1374,12.067973683336726,12.10010039101655,True,12.65906276870971,12.01107557809201,3,5,12.219079222451217,3,12.272285293053542,3,3,12.07817052176723,3,8,2,3,12.169436290122853,2,2,True,False,False,12.022824369608022,True,False,3.5,2.8510001090874777,1.2292406352566483,0.4363915245570241,True,6.559615237493242,False,False,True,5.752572638825633,False,False,False,13.05301544288996
1375,12.340705864519109,12.25239181580412,True,12.303267610871854,12.215481164404672,2,3,12.366209798533164,3,12.272285293053542,3,3,12.07817052176723,3,9,1,3,12.169436290122853,3,2,True,False,False,12.022824369608022,True,False,2.5,-0.0020753255658235055,1.4312001320511767,0.30050911912530237,False,0.0,False,False,True,5.043425116919247,False,False,True,12.429220196836383
1376,12.067973683336726,12.10010039101655,False,12.352621312150928,12.01107557809201,3,0,12.219079222451217,3,12.272285293053542,3,3,12.07817052176723,3,7,1,3,12.169436290122853,3,2,True,False,False,12.465956889344524,True,False,2.0,1.2336104318306031,0.5738312635980962,0.3658347574574714,True,4.394449154672439,False,False,True,4.61512051684126,False,False,True,12.384223015005313
1377,11.432508350773558,12.10010039101655,True,11.894163489986184,12.01107557809201,2,58,11.84430531876782,2,11.712360342176042,3,2,11.521165088893575,2,4,0,0,11.785369069475001,1,2,True,False,False,12.022824369608022,True,False,1.0,-0.7944082804472195,1.2327633330172243,-0.7008479814865493,False,0.0,False,False,False,0.0,False,False,True,11.418625774449596
1378,11.813689225424564,12.10010039101655,True,11.722415663465464,11.808193836543019,2,49,11.84430531876782,2,11.884777565189452,2,3,12.07817052176723,2,6,0,0,11.785369069475001,1,2,True,False,False,12.022824369608022,True,False,2.0,-0.11874294340416901,0.876314842956725,0.36706354283209436,False,0.0,False,False,False,0.0,False,False,True,11.669937760751914
1381,11.432508350773558,12.10010039101655,True,11.722415663465464,12.01107557809201,1,60,11.984997717199022,2,11.712360342176042,2,2,11.521165088893575,2,5,0,0,11.785369069475001,1,2,True,False,False,12.022824369608022,True,False,2.0,-0.47670939214555846,-1.0861489736070777,-0.19401554764739537,False,0.0,False,False,False,0.0,False,True,True,10.97679912709094
1382,12.067973683336726,12.10010039101655,False,11.889207077291879,12.01107557809201,2,38,12.1233228118755,2,11.884777565189452,2,3,12.07817052176723,2,7,2,3,12.169436290122853,3,2,True,False,False,12.022824369608022,True,False,2.5,0.4542862332284967,0.6463304015240848,0.6794933626146216,False,0.0,False,False,False,0.0,False,False,False,12.377927112974284
1384,11.432508350773558,12.10010039101655,True,11.814945672101624,12.01107557809201,2,0,11.84430531876782,2,11.712360342176042,2,3,12.07817052176723,3,7,0,0,12.169436290122853,1,2,True,False,False,12.022824369608022,True,False,2.0,-0.6316475076850964,-1.0861489736070777,2.0002632516308427,False,0.0,False,False,False,0.0,False,True,False,11.626263078808801
1385,11.813689225424564,12.10010039101655,True,11.722415663465464,11.808193836543019,2,59,11.937149528022868,2,11.712360342176042,2,2,12.07817052176723,2,6,0,0,11.785369069475001,1,2,True,True,False,12.022824369608022,True,False,1.0,-1.6167753326460645,-1.0861489736070777,-0.005863190300902228,False,0.0,False,False,False,0.0,False,False,True,11.561725152903833
1386,11.813689225424564,11.722226169284978,True,11.498308778772056,11.808193836543019,1,3,12.219079222451217,2,11.712360342176042,2,3,12.07817052176723,3,7,0,0,11.785369069475001,1,2,True,True,False,12.022824369608022,True,False,2.0,-0.6984644799855649,1.0437071244260603,-0.9772599805384582,False,0.0,False,False,False,0.0,False,False,True,11.74006900564972
1388,11.813689225424564,11.722226169284978,True,11.70731327255742,11.808193836543019,2,57,11.984997717199022,2,11.712360342176042,2,2,11.521165088893575,3,10,1,3,11.785369069475001,1,2,True,True,False,11.977895278402745,True,False,2.0,-0.9880198177151992,0.17452803537718964,-0.12359190228253258,False,0.0,False,False,True,4.48863636973214,False,False,True,11.820417517632333
1389,12.067973683336726,12.10010039101655,False,12.15826751067062,12.01107557809201,3,2,12.219079222451217,3,12.272285293053542,3,3,12.07817052176723,3,7,2,3,12.169436290122853,3,2,True,False,False,12.022824369608022,True,False,3.0,1.5534297355607887,0.6114063380930174,0.9550009272149051,True,5.081404364984463,False,False,True,5.308267697401205,False,False,True,12.84132849667433
1390,11.813689225424564,11.722226169284978,True,11.722739856073467,11.808193836543019,2,57,11.84430531876782,2,11.712360342176042,2,3,12.07817052176723,2,6,1,3,11.785369069475001,1,2,True,False,False,12.022824369608022,True,False,1.5,-0.9113165690203807,-1.0861489736070777,-0.7908151911363298,False,0.0,False,False,False,0.0,False,False,True,11.782960235741939
1391,12.067973683336726,12.10010039101655,True,12.164079627677117,12.01107557809201,2,6,12.219079222451217,3,12.272285293053542,3,3,12.07817052176723,3,6,0,0,12.169436290122853,2,2,True,False,False,12.022824369608022,True,False,3.0,1.1446068668632736,0.5738312635980962,0.0025854637258920215,True,5.501258210544727,False,False,True,5.393627546352362,False,False,True,12.367345048436391
1392,11.862887045549764,12.10010039101655,True,11.889207077291879,12.01107557809201,2,42,12.03878070203725,2,11.884777565189452,2,2,12.07817052176723,2,8,0,0,11.785369069475001,1,2,True,False,False,12.022824369608022,True,False,2.0,1.2583679397000893,1.2699930979850185,-0.030569835717289988,False,0.0,False,False,False,0.0,False,False,True,11.728044909070785
1393,11.971042740656404,12.10010039101655,True,11.889207077291879,11.891694659765184,2,39,11.976594811781178,2,11.884777565189452,2,2,12.07817052176723,2,6,1,0,12.169436290122853,2,2,True,True,False,12.022824369608022,True,False,2.0,-0.47670939214555846,1.2431882379170607,-0.2830470700390448,False,0.0,False,False,True,5.170483995038151,False,False,True,11.719947764402807
1394,11.80746747836454,11.722226169284978,True,11.70731327255742,11.808193836543019,2,8,11.84430531876782,2,11.712360342176042,2,3,11.521165088893575,2,7,1,2,11.785369069475001,1,3,True,False,False,12.022824369608022,True,False,2.0,-1.9926567067683219,0.40472510505563375,0.3320110897190179,False,0.0,False,False,False,0.0,False,True,True,12.001511614739405
1395,12.183695128206182,12.10010039101655,True,12.060862913494523,12.01107557809201,2,0,12.219079222451217,3,12.272285293053542,3,3,12.07817052176723,3,6,1,3,12.169436290122853,3,2,True,False,False,12.465956889344524,True,False,3.0,0.7970212413346872,0.30310604524104484,-1.5318611262009987,True,3.828641396489095,False,False,True,5.087596335232384,False,False,True,12.415437707935368
1396,12.340705864519109,12.10010039101655,False,12.352621312150928,12.215481164404672,3,1,12.219079222451217,3,12.272285293053542,3,3,12.07817052176723,3,9,1,3,12.401316665059703,3,2,True,False,False,12.022824369608022,True,False,2.5,0.17860492857213614,0.6114063380930174,0.6400773848122648,True,5.5053315359323625,False,False,True,4.976733742420574,False,False,True,12.546871224308068
1399,11.813689225424564,12.10010039101655,True,11.889207077291879,11.808193836543019,2,27,12.219079222451217,2,11.884777565189452,2,3,12.07817052176723,2,7,0,0,12.169436290122853,1,2,True,True,False,12.022824369608022,True,False,2.5,0.4614370283482681,-1.0861489736070777,-0.44486150961596177,False,0.0,False,False,False,0.0,False,True,True,11.835016210489899
1400,11.813689225424564,12.10010039101655,True,11.894163489986184,11.808193836543019,2,19,11.937149528022868,2,11.712360342176042,2,3,12.07817052176723,3,7,1,3,11.785369069475001,1,2,True,True,False,12.022824369608022,True,False,2.5,-0.14143633382346682,0.20311490312014263,-0.7376287053397728,False,0.0,False,False,True,4.997212273764115,False,False,True,11.831022768939789
1401,11.813689225424564,11.722226169284978,True,11.722739856073467,11.808193836543019,2,58,11.937149528022868,2,11.712360342176042,2,2,12.07817052176723,2,5,1,3,12.401316665059703,2,2,True,False,False,12.022824369608022,True,False,1.0,-0.48301955529118784,-1.0861489736070777,-0.7908151911363298,False,0.0,False,False,False,0.0,False,True,True,11.695255355062795
1402,12.340705864519109,12.10010039101655,False,12.15826751067062,12.215481164404672,2,4,12.219079222451217,2,12.272285293053542,2,3,12.07817052176723,2,8,1,2,12.169436290122853,3,2,True,False,False,12.022824369608022,True,False,3.5,-0.5564811593139638,0.9236531849451074,-0.388834301549008,False,0.0,False,False,True,4.61512051684126,False,False,True,12.170450649220749
1403,12.067973683336726,12.10010039101655,True,12.164079627677117,12.01107557809201,2,0,12.219079222451217,3,12.272285293053542,3,3,12.07817052176723,3,6,1,3,12.169436290122853,2,2,True,False,False,12.465956889344524,True,False,2.0,0.6423353101811149,0.7744464942627202,-0.5641877601461365,False,0.0,False,False,True,5.1298987149230735,False,False,True,12.174994689959313
1404,12.067973683336726,12.10010039101655,False,12.303267610871854,12.01107557809201,3,0,12.219079222451217,3,12.272285293053542,3,3,12.07817052176723,3,6,0,0,12.169436290122853,1,2,True,False,False,12.022824369608022,True,False,3.0,1.065366479099612,1.2954659106980098,1.0020947792782826,True,4.442651256490317,False,False,True,5.1298987149230735,False,False,True,12.552930054797935
1405,11.813689225424564,12.10010039101655,True,11.70731327255742,11.808193836543019,1,56,11.84430531876782,2,12.272285293053542,2,2,12.07817052176723,2,6,0,0,11.785369069475001,1,2,True,True,False,11.977895278402745,True,False,1.0,-1.1472668614357777,-1.0861489736070777,0.2611125390295349,False,0.0,False,False,True,5.37989735354046,False,True,True,11.561725152903833
1406,12.183695128206182,11.722226169284978,False,12.224810430420682,12.01107557809201,3,3,12.366209798533164,3,12.272285293053542,3,3,12.07817052176723,3,5,1,3,12.169436290122853,3,2,True,False,False,12.022824369608022,True,False,3.5,1.277296690030413,0.7567558969247036,-1.627921776745996,True,5.1647859739235145,False,True,True,4.859812404361672,False,False,True,12.524530013005734
1407,11.971042740656404,12.10010039101655,True,12.164079627677117,11.891694659765184,2,2,11.976594811781178,2,11.884777565189452,3,2,12.07817052176723,2,5,0,0,11.785369069475001,1,2,True,True,False,12.022824369608022,True,False,2.0,-0.7944082804472195,-1.0861489736070777,-0.14051100370300332,False,0.0,False,False,True,4.07753744390572,False,False,True,11.798111925972618
1408,12.067973683336726,12.10010039101655,False,11.964817397785627,12.01107557809201,2,24,11.976594811781178,2,11.884777565189452,2,3,12.07817052176723,2,5,0,0,11.524571661116692,0,0,True,True,False,12.022824369608022,False,False,2.0,-0.5759219266938657,-1.0861489736070777,-0.06603388801493912,False,0.0,False,False,False,0.0,False,False,False,11.626263078808801
1409,11.972299710268643,11.722226169284978,True,11.70731327255742,12.215481164404672,1,60,12.219079222451217,2,11.884777565189452,2,3,12.07817052176723,2,6,0,0,11.785369069475001,1,2,True,False,False,12.022824369608022,True,False,1.0,-1.3480864475220429,-1.0861489736070777,-0.30705553309112776,False,0.0,False,True,False,0.0,False,False,True,11.74006900564972
1410,12.340705864519109,12.10010039101655,False,12.122775029074985,12.215481164404672,2,17,12.03878070203725,2,11.884777565189452,3,3,12.07817052176723,2,7,1,2,12.169436290122853,3,2,True,True,False,12.022824369608022,True,False,2.5,-0.7153879731485266,0.8395439320447123,1.5855412044348296,True,4.820281565605037,False,False,True,5.8998973535824915,False,False,True,12.278397958261774
1411,12.340705864519109,12.10010039101655,True,12.164079627677117,12.215481164404672,2,8,12.219079222451217,3,12.272285293053542,3,3,12.07817052176723,3,6,0,0,12.169436290122853,2,2,True,False,False,12.022824369608022,True,False,3.5,-0.23379593562087814,0.6789570245424512,0.60221266108229,False,0.0,False,False,False,0.0,False,False,True,12.345838935721968
1412,11.813689225424564,12.10010039101655,True,11.889207077291879,11.808193836543019,2,4,12.219079222451217,2,11.884777565189452,2,3,12.07817052176723,2,6,0,0,12.169436290122853,1,2,True,True,False,12.022824369608022,True,False,1.5,-0.5020238271425855,-1.0861489736070777,0.10526630785717257,False,0.0,False,False,False,0.0,False,False,True,11.849404844423074
1414,12.067973683336726,12.10010039101655,False,12.139860799469593,12.01107557809201,3,3,12.219079222451217,3,12.272285293053542,3,3,12.07817052176723,3,7,1,3,12.169436290122853,3,2,True,False,False,11.831203284138704,True,False,3.0,1.7209658658523184,0.6683178641193189,0.36636147240199507,True,5.905361848054571,False,False,True,5.111987788356544,False,False,True,12.456835254920371
1415,11.813689225424564,12.10010039101655,True,11.722739856073467,11.808193836543019,2,8,11.84430531876782,2,11.712360342176042,2,3,12.07817052176723,3,8,1,3,11.785369069475001,1,2,True,False,False,12.022824369608022,True,False,1.5,-0.5759219266938657,-1.0861489736070777,0.6986173328774566,False,0.0,False,True,False,0.0,False,False,True,12.240478903153711
1416,12.183695128206182,12.10010039101655,True,12.060862913494523,12.01107557809201,2,2,12.219079222451217,3,12.272285293053542,3,3,12.07817052176723,3,7,1,2,12.169436290122853,2,2,True,False,False,12.022824369608022,True,False,2.5,0.8612757299728674,0.30310604524104484,-1.7310672723625518,True,4.875197323201151,False,False,True,4.969813299576001,False,False,True,12.077676615757813
1417,11.80746747836454,11.722226169284978,True,11.70731327255742,12.215481164404672,1,60,12.219079222451217,2,12.272285293053542,2,3,12.07817052176723,2,11,0,0,11.785369069475001,1,2,True,False,False,12.022824369608022,True,False,2.0,-0.7632545186083837,-1.0861489736070777,0.4261956109432789,False,0.0,False,False,False,0.0,False,True,True,11.715874472198905
1418,12.340705864519109,12.10010039101655,False,12.65906276870971,12.215481164404672,3,11,12.219079222451217,3,12.272285293053542,3,3,12.07817052176723,3,7,1,2,12.169436290122853,3,2,True,False,False,12.022824369608022,True,False,3.5,0.6378131181541896,1.1771904002557634,1.1605489420484738,True,6.595780513961311,False,False,False,0.0,False,False,False,12.73670383776449
1419,12.067973683336726,12.10010039101655,True,11.889207077291879,12.01107557809201,2,45,11.976594811781178,2,11.884777565189452,2,2,12.07817052176723,2,6,0,0,11.785369069475001,1,2,True,False,False,12.022824369608022,True,False,2.5,0.30555266616258236,1.0012660350588067,0.024385020541601025,False,0.0,False,False,False,0.0,False,False,True,11.728044909070785
1420,12.067973683336726,12.10010039101655,False,12.224810430420682,12.01107557809201,2,37,12.03878070203725,3,11.884777565189452,2,3,12.07817052176723,3,7,1,2,12.169436290122853,2,2,True,False,False,12.022824369608022,True,False,3.0,1.7209658658523184,0.9105763675431313,1.1410652662641954,True,5.746203190540153,False,False,False,0.0,False,True,False,12.314931534737134
1421,12.340705864519109,12.10010039101655,True,12.122775029074985,12.215481164404672,2,38,11.976594811781178,2,11.884777565189452,2,3,12.07817052176723,2,7,1,2,12.169436290122853,2,2,True,False,False,12.022824369608022,True,False,2.5,-1.0102814869370722,1.3226888573618873,0.4866051780653754,True,6.042632833682381,False,True,False,0.0,False,False,True,12.100161978566867
1422,12.183695128206182,12.10010039101655,True,12.03258387136611,12.01107557809201,2,33,12.03878070203725,2,11.884777565189452,3,2,12.07817052176723,2,4,1,2,12.169436290122853,2,2,True,False,False,12.022824369608022,True,False,2.0,0.11330032436981499,0.7744464942627202,-1.5327845925601662,False,0.0,False,True,False,0.0,False,False,True,11.755879486687116
1423,12.183695128206182,11.722226169284978,True,12.164079627677117,12.01107557809201,2,5,12.219079222451217,3,12.272285293053542,3,3,12.07817052176723,3,3,0,0,12.169436290122853,3,2,True,False,False,12.022824369608022,True,False,2.0,-0.5275369941219105,-1.0861489736070777,-1.359724546045621,True,5.14166355650266,False,False,True,4.948759890378168,False,False,True,11.824087219587643
1424,12.027100518212453,12.10010039101655,False,11.722415663465464,12.015308249970365,2,40,12.03878070203725,3,11.884777565189452,3,2,12.07817052176723,3,8,1,3,12.169436290122853,1,3,True,True,False,12.036862527888374,True,True,2.0,-1.0515076846971645,1.4898109848311718,1.5019506846034134,False,0.0,False,False,True,6.375024819828097,False,False,False,12.524420916542532
1425,12.067973683336726,12.10010039101655,True,11.889207077291879,12.01107557809201,2,24,11.976594811781178,2,11.884777565189452,2,2,12.07817052176723,2,6,1,2,11.785369069475001,1,2,True,True,False,12.022824369608022,True,False,2.0,-0.007539453586439156,0.45689938775473493,0.0857570036673884,False,0.0,False,False,True,5.75890177387728,False,False,False,11.87757552297847
1426,12.067973683336726,12.10010039101655,False,11.889207077291879,12.01107557809201,2,49,11.976594811781178,3,11.884777565189452,2,3,12.07817052176723,3,7,0,0,11.785369069475001,1,2,True,False,False,12.022824369608022,True,False,1.0,0.5646439835593249,0.6114063380930174,0.3178517875859983,True,5.497168225293202,False,False,False,0.0,False,False,True,11.863589378812122
1427,12.340705864519109,12.10010039101655,False,12.65906276870971,12.215481164404672,2,14,12.219079222451217,3,12.272285293053542,3,3,12.07817052176723,3,5,2,2,12.169436290122853,2,2,True,False,False,12.022824369608022,True,False,3.5,0.4969696197044029,1.2001498359828129,0.3575646891533505,True,6.1070228877422545,False,False,True,5.147494476813453,False,False,True,12.509877789891931
1428,11.813689225424564,12.10010039101655,True,11.889207077291879,11.808193836543019,2,58,11.878527194048742,2,11.884777565189452,2,2,12.07817052176723,2,6,1,2,12.169436290122853,1,2,True,False,False,12.022824369608022,True,False,2.5,-0.3258024449617267,-1.0861489736070777,0.3550946249244337,False,0.0,False,False,False,0.0,False,False,True,11.849404844423074
1429,11.432508350773558,11.722226169284978,True,11.70731327255742,12.01107557809201,2,18,11.878527194048742,2,11.884777565189452,2,2,12.07817052176723,3,4,2,3,12.169436290122853,1,2,True,True,False,11.831203284138704,True,False,2.0,-0.7255850758485333,-1.0861489736070777,-0.44486150961596177,True,5.68697535633982,False,False,False,0.0,False,True,True,11.686887175419702
1430,12.067973683336726,12.10010039101655,False,12.122775029074985,12.01107557809201,2,26,11.878527194048742,3,11.884777565189452,3,3,12.07817052176723,3,7,1,2,12.169436290122853,3,2,True,False,False,12.022824369608022,True,False,2.0,0.9740561007433364,-1.0861489736070777,0.621775266107378,True,5.739792912179234,False,False,False,0.0,False,True,False,12.116700301832573
1431,12.340705864519109,12.10010039101655,False,12.15826751067062,12.215481164404672,2,1,12.219079222451217,3,12.272285293053542,3,3,12.07817052176723,2,7,1,3,12.401316665059703,3,2,True,False,False,12.022824369608022,True,False,2.5,-0.9221610192417034,0.6233232083761491,1.7143044862544914,False,0.0,False,False,True,4.61512051684126,False,False,True,12.165984756488543
1432,12.183695128206182,12.10010039101655,False,12.03258387136611,12.01107557809201,2,33,12.03878070203725,2,11.884777565189452,3,2,12.07817052176723,2,5,0,0,12.169436290122853,2,2,True,False,False,12.022824369608022,True,False,2.0,-0.1930711878227821,0.8161132635890703,-1.1619587569976788,False,0.0,False,False,False,0.0,False,False,False,11.87583791515714
1433,11.432508350773558,12.10010039101655,True,11.70731327255742,12.01107557809201,1,0,11.84430531876782,2,11.712360342176042,2,2,12.07817052176723,2,5,0,0,11.785369069475001,1,2,True,False,False,12.022824369608022,True,False,2.0,-1.2101284056888262,-1.0861489736070777,0.3320110897190179,False,0.0,False,False,False,0.0,False,False,True,11.07443600653965
1434,12.340705864519109,12.10010039101655,False,12.15826751067062,12.215481164404672,2,8,12.219079222451217,2,12.272285293053542,3,3,12.07817052176723,2,8,1,2,12.169436290122853,3,2,True,False,False,12.022824369608022,True,False,3.5,-0.2572946675399936,-1.0861489736070777,0.2333454661968168,True,5.765191102784844,False,False,False,0.0,False,False,True,12.136191879981927
1435,12.067973683336726,12.10010039101655,True,11.964817397785627,12.01107557809201,2,29,12.1233228118755,2,11.884777565189452,2,2,12.07817052176723,2,5,1,3,12.169436290122853,2,2,True,False,False,12.022824369608022,True,False,3.0,0.26039634896263475,0.6349602277899431,1.2591942394155655,False,0.0,False,False,True,5.69035945432406,False,False,True,11.982935344196433
1436,12.067973683336726,12.10010039101655,True,11.889207077291879,12.01107557809201,2,3,11.84430531876782,3,11.884777565189452,2,2,12.07817052176723,3,7,1,3,12.169436290122853,2,2,True,True,False,11.831203284138704,True,False,2.5,0.7161144262758506,0.5738312635980962,-0.15073234621895343,True,5.472270673671475,False,False,False,0.0,False,False,True,12.066816325306588
1437,12.067973683336726,12.10010039101655,True,11.889207077291879,12.01107557809201,1,36,11.976594811781178,2,12.272285293053542,2,2,12.07817052176723,2,5,0,0,11.785369069475001,1,2,True,True,False,12.022824369608022,True,False,1.0,-0.47670939214555846,-1.0861489736070777,-0.01860404635173972,False,0.0,False,False,False,0.0,False,False,True,11.699413330633599
1438,12.067973683336726,12.10010039101655,True,12.614502598853377,12.01107557809201,3,0,12.219079222451217,3,12.272285293053542,3,3,12.07817052176723,3,7,1,3,12.169436290122853,3,2,True,False,False,12.465956889344524,True,False,3.0,1.865169347898342,0.8619281625927298,0.6059536236340701,True,6.056784013228625,True,False,False,0.0,False,False,True,12.885673487343764
1439,12.067973683336726,11.722226169284978,True,11.70731327255742,12.01107557809201,2,14,11.878527194048742,2,11.884777565189452,2,2,12.07817052176723,2,6,0,0,12.169436290122853,1,2,True,True,False,12.022824369608022,True,False,2.0,-0.3288136669813322,1.289215278074541,-0.39089073400609786,False,0.0,False,False,False,0.0,False,True,True,11.916395250412128
1440,12.340705864519109,12.10010039101655,True,12.122775029074985,12.015308249970365,2,28,11.976594811781178,2,11.884777565189452,2,2,12.07817052176723,2,6,1,2,12.169436290122853,2,2,True,False,False,12.022824369608022,True,False,2.5,-1.713436728620972,1.0012660350588067,0.4673385041080456,True,4.574710978503383,False,False,False,0.0,False,True,True,12.190964083849375
1441,11.972299710268643,12.10010039101655,False,12.224810430420682,12.06226253125337,2,14,11.878527194048742,2,11.712360342176042,3,2,12.07817052176723,2,11,1,3,11.785369069475001,3,2,True,False,False,12.022824369608022,True,False,2.0,-1.492502495556824,-1.0861489736070777,0.4576350928850511,False,0.0,False,False,True,6.068425588244111,True,False,True,12.160033942617156
1442,12.183695128206182,11.722226169284978,True,12.164079627677117,12.01107557809201,2,4,12.219079222451217,3,12.272285293053542,3,3,12.07817052176723,3,3,1,2,12.169436290122853,2,2,True,False,False,12.022824369608022,True,False,2.0,-0.5275369941219105,-1.0861489736070777,-1.3635291104788367,True,4.997212273764115,False,False,True,5.0106352940962555,False,False,False,11.913719681428494
1443,12.340705864519109,12.25239181580412,True,12.303267610871854,12.215481164404672,3,1,12.219079222451217,3,12.272285293053542,3,3,12.07817052176723,3,10,1,3,12.169436290122853,3,2,True,False,False,12.022824369608022,True,False,3.5,-0.026734503699203886,0.7476698005124531,0.3679407837140018,True,5.081404364984463,False,False,True,5.1298987149230735,False,False,True,12.644330802262578
1445,12.067973683336726,12.10010039101655,True,12.164079627677117,12.01107557809201,2,3,12.219079222451217,3,12.272285293053542,3,3,12.07817052176723,3,7,0,0,12.169436290122853,2,2,True,False,False,12.022824369608022,True,False,2.0,0.9368619966543321,0.8161132635890703,-0.1280895374579699,True,4.672828834461906,False,False,True,5.262690188904886,False,False,True,12.098493002763465
1446,11.971042740656404,12.10010039101655,True,11.814945672101624,11.891694659765184,2,41,12.219079222451217,2,11.884777565189452,2,3,12.07817052176723,2,6,0,0,11.785369069475001,1,2,True,False,False,12.022824369608022,True,False,2.0,-0.6382671575903739,-1.0861489736070777,-0.15073234621895343,False,0.0,False,False,False,0.0,False,True,True,11.767575435251748
1447,12.067973683336726,12.10010039101655,False,11.964817397785627,12.01107557809201,2,48,11.976594811781178,2,11.884777565189452,2,2,12.07817052176723,2,6,0,0,12.169436290122853,1,2,True,False,False,12.022824369608022,True,False,1.0,0.4134812830398715,0.6114063380930174,2.0621870795657333,True,5.247024072160486,False,False,True,5.568344503761097,False,False,False,11.969723533345908
1448,12.340705864519109,12.10010039101655,True,12.164079627677117,12.215481164404672,3,11,12.219079222451217,3,12.272285293053542,3,3,12.07817052176723,3,8,1,2,12.169436290122853,2,2,True,False,False,12.022824369608022,True,False,3.5,0.48989239677434687,0.8545771799704772,0.1837532324027408,True,6.0844994130751715,False,False,False,0.0,False,False,True,12.388398368982115
1449,11.813689225424564,12.10010039101655,True,11.722415663465464,12.215481164404672,1,7,11.878527194048742,2,11.884777565189452,2,3,11.521165088893575,2,6,0,0,11.785369069475001,1,2,True,True,False,12.022824369608022,True,False,1.5,-1.6167753326460645,0.3860217501330401,0.4976493557591211,False,0.0,False,False,True,5.1298987149230735,False,False,True,11.626263078808801
1452,12.067973683336726,12.10010039101655,True,12.303267610871854,12.01107557809201,3,0,12.366209798533164,3,12.272285293053542,3,3,12.07817052176723,3,7,1,3,12.169436290122853,3,2,True,False,False,12.465956889344524,True,False,2.0,1.2374304158434155,0.5738312635980962,0.03643922821676319,True,5.272999558563747,False,False,False,0.0,False,False,True,12.567554517655415
1453,12.040267718167508,11.722226169284978,True,11.722415663465464,12.015308249970365,2,1,12.219079222451217,2,12.272285293053542,3,3,12.07817052176723,2,5,0,0,11.987475505601928,3,2,True,False,False,12.022824369608022,True,False,2.0,-1.6762480809853473,0.45689938775473493,-1.7107004481475585,True,4.394449154672439,False,False,False,0.0,False,False,True,11.884495917930655
1455,12.067973683336726,12.25239181580412,True,12.303267610871854,12.01107557809201,2,4,12.219079222451217,3,12.272285293053542,3,3,12.07817052176723,3,6,0,0,12.169436290122853,2,2,True,False,False,12.022824369608022,True,False,3.0,0.4922530879872421,1.1235873226396393,-0.3671162397748761,False,0.0,False,False,False,0.0,False,False,True,12.128116509451258
1456,12.340705864519109,12.10010039101655,True,12.15826751067062,12.215481164404672,2,7,12.219079222451217,2,12.272285293053542,3,3,12.07817052176723,2,7,1,2,12.169436290122853,2,2,True,False,False,12.022824369608022,True,False,2.5,-0.20755822258710485,0.6233232083761491,-0.2639036883127003,False,0.0,False,False,False,0.0,False,False,True,12.07254696717504
1457,12.067973683336726,12.10010039101655,True,12.122775029074985,12.01107557809201,2,22,12.03878070203725,2,11.884777565189452,3,2,12.07817052176723,2,7,2,2,12.169436290122853,1,2,True,True,False,12.022824369608022,True,False,3.0,1.1777580398441077,-1.0861489736070777,0.7166768112174253,True,4.787491742782046,False,False,True,5.857933154483459,False,False,True,12.25486757159303
1458,11.972299710268643,12.10010039101655,True,12.224810430420682,12.215481164404672,2,4,12.366209798533164,3,12.042873266960868,2,3,12.07817052176723,3,9,2,3,12.169436290122853,2,2,True,True,True,12.022824369608022,True,False,2.0,0.32543149312484854,0.8161132635890703,-0.009676858909381756,False,0.0,False,False,False,0.0,False,False,True,12.493133274926212
1459,12.067973683336726,12.10010039101655,True,11.889207077291879,12.01107557809201,2,14,11.878527194048742,2,11.884777565189452,2,3,12.07817052176723,3,5,0,0,12.169436290122853,1,2,True,False,False,12.022824369608022,True,False,2.0,0.1369558170345475,-1.0861489736070777,0.12854608989033256,False,0.0,False,False,True,5.905361848054571,False,True,True,11.864469267087891
